path,bytes,decision,reason,gitignore_pattern,sha256
.gitattributes,157,INCLUDE,compact_code_document_or_reviewed_evidence,,16619a15e352d289cee9cd07beb37a771421fbac127071061dbe2a34f8197760
.gitignore,440,INCLUDE,compact_code_document_or_reviewed_evidence,,0264f37ccd88478f7c82262e20775074130532ed43abb6713063b839ba8e580e
AGENTS.md,9097,EXCLUDE,internal_tracker_or_checkpoint,,14e27df275c52a8a3d851f4a82aa867468e06a8e78d1756a5f87e43261ebd9e2
data/drip_morpho_eligibility_bridge.csv,133541,INCLUDE,compact_code_document_or_reviewed_evidence,,cbab02426bcd1ac1ad0679156f837e155c5b04e86b63001a9149b0cbae27d305
data/drip_morpho_epoch_campaigns.csv,11576,INCLUDE,compact_code_document_or_reviewed_evidence,,6474919d49b87ed38df72de55f470f24535a506899a4ccdcfb05c2085a27045b
data/drip_morpho_markets.csv,9662,INCLUDE,compact_code_document_or_reviewed_evidence,,a88fceaa19fe383bb956ef698a819facb2d345a29bd173db730e85bbd5213a6a
data/drip_morpho_scope_comparison.json,653,INCLUDE,compact_code_document_or_reviewed_evidence,,b200c7f1d667a681958b50ecf9668111c5b4b3f0648baddf67f7bdcc6a611030
data/drip_morpho_scope_reproducibility_manifest.json,2289,EXCLUDE,absolute_local_path_pending_sanitization,,08098fbb4b288bf8741bf5aa2fb16da7973cb521fc9b758460d5057a45e505d3
data/market_day_prototype_sample.csv,6676,INCLUDE,compact_code_document_or_reviewed_evidence,,7bb1417d33228965ade08ba5504f36fb0d65b31eed1c6656d8e1b813fdbc7053
data/morpho_event_sample_10.csv,11436,INCLUDE,compact_code_document_or_reviewed_evidence,,4327322582bddcd2c1e1d586f39f61c9ed037daca562919ed61ed11ca9a288ab
data/morpho_full_window_daily_event_counts.csv,42813,INCLUDE,compact_code_document_or_reviewed_evidence,,e8f0faa3826e9c85d5dfa3aad08d957ecf07d70dafe96745f0ccfa324e5482bd
data/morpho_full_window_day_boundaries.csv,13019,INCLUDE,compact_code_document_or_reviewed_evidence,,1f72f279c3de167f8bcd14b161ff2b1bf2def99c627d08f04147c58d38a9121e
data/morpho_full_window_event_family_counts.csv,351,INCLUDE,compact_code_document_or_reviewed_evidence,,2112325ed330838390cb557ce5f40e710786bf9d4e5d1cf36f30add22f4a2935
data/morpho_full_window_qa_summary.json,1563,INCLUDE,compact_code_document_or_reviewed_evidence,,d05d1cafdab8861ac5a7cb2cf2c39c84d270008ad6db58bbbcc9bd6aba9e6f93
data/morpho_market_day_full_build_checkpoint.json,845,EXCLUDE,absolute_local_path_pending_sanitization,,14ad72a97066a108e0154ec9e1df7ac8d67020ccc76e7f6a6541fdb2590e29c1
data/morpho_market_day_full_coverage.csv,5485,INCLUDE,compact_code_document_or_reviewed_evidence,,cdd9bbd4ccc22491b984aa44bb5e5b75cb4c97885070c272b34aafad8b2720e2
data/morpho_market_day_full_qa.json,29992,EXCLUDE,absolute_local_path_pending_sanitization,,2f9c345f107ca0b6081c57ca36ff7da6534a252ef4c66558e56e0635a37199e6
data/morpho_market_day_full_sample.csv,81497,INCLUDE,compact_code_document_or_reviewed_evidence,,1bcb87fa44a0d4fce930a6445c0bf95be3ee394b19c0ed3d1adab1ea15b7ef47
data/morpho_market_day_prototype_qa.json,35289,EXCLUDE,absolute_local_path_pending_sanitization,,53993f3b9ef429d88b14a54ecca3c9937cacea79a3f868c9800ca166ff53b0d3
data/morpho_one_position_checkpoint_plan.json,915,INCLUDE,compact_code_document_or_reviewed_evidence,,2b889e527860756ecb31ca6153fe7d8e0fd8aa3c68725bf96db27d0962b47f37
data/morpho_one_position_market_events.csv,1650041,INCLUDE,compact_code_document_or_reviewed_evidence,,0be26ae496f13d0bd411a9e8cc46e6e166e95eea474a0ce888dd1c6c8e088b12
data/morpho_one_position_reconstruction_qa.json,12200,EXCLUDE,absolute_local_path_pending_sanitization,,b352598bc04e04e6353ef7626047bbb3155198a077c3ecd93e7e506455921155
data/morpho_one_position_sample.csv,8856,INCLUDE,compact_code_document_or_reviewed_evidence,,30442e7fbc4b839ea632accc0ec4643af0669690eca828b63c07fedc978d16b4
data/morpho_one_position_selection.json,21474,EXCLUDE,absolute_local_path_pending_sanitization,,3cc780edbac84232a0160f876705bb6fdb7a0392f4056e4c3f26a22f3aee345c
data/morpho_phase3_bounded_candidates.json,15574,EXCLUDE,selection_population_not_needed_in_public_case,,fec157cab7e542bab9e2a8ae1c948309b56d3ac03b063ec8a2433c6edde71f3c
data/morpho_phase3_rpc_cache_cache_only.json,2704,EXCLUDE,selection_population_not_needed_in_public_case,,448a5ea3ce2552a2ee639ba550660d9cb6c292729275518164990660a5b0d766
data/morpho_phase3_rpc_cache_resume.json,2729,EXCLUDE,selection_population_not_needed_in_public_case,,ef702b71622c4ccbbff9ca1c5b897b24b0dce9821b717e2496383fe8b83867ac
data/morpho_phase3_rpc_cache_stop.json,1166,EXCLUDE,absolute_local_path_pending_sanitization,,8a34c772a1837da55e0bbfdb933c8892d185e47d036c7cbfbf356f1418a3a4c4
data/morpho_phase3_rpc_cache_test_summary.json,2976,EXCLUDE,selection_population_not_needed_in_public_case,,617d4ed5bbb2afc8f338863bbfb2e0f465cc26a4657ed03042a1ae2577f6aa77
data/morpho_phase3_structural_candidates.json,5784124,EXCLUDE,large_file_not_compact_release_evidence,,
data/morpho_phase4_market_archetypes.csv,1755,INCLUDE,compact_code_document_or_reviewed_evidence,,6e95d02e69e4d8a6f2033063870d8069c61da064a37c0e526f00638e98ac080c
data/morpho_phase4_rpc_checkpoint_evidence.json,8049,EXCLUDE,absolute_local_path_pending_sanitization,,d8523f351651ae0273bfdf03eb12e31413e5dabc59ea560653e22d030f0f7ed4
data/morpho_phase4_rpc_checkpoint_plan.json,3779,INCLUDE,compact_code_document_or_reviewed_evidence,,17eeec9fd829a9649a87a0681150a4c23854429d90764eeb94b1c7f554983804
data/morpho_phase6_rpc_checkpoint_evidence.json,34413,EXCLUDE,absolute_local_path_pending_sanitization,,723174732ec25489e81df3c410f0e61f03aec94e0c67cb1badc6737093bd097b
data/morpho_phase6_rpc_checkpoint_plan.json,18853,INCLUDE,compact_code_document_or_reviewed_evidence,,6a720063f1ba8ba2f626c869798ea4bc622201c7b2256e00cc1df5ec0d884025
data/morpho_phase7_analysis_manifest.json,3958,INCLUDE,compact_code_document_or_reviewed_evidence,,666233f3bf9b5b3d64f1bb042003d68989d86e5be088626f8cd516aa94f9eb52
data/morpho_phase7_analysis_qa.json,8528,INCLUDE,compact_code_document_or_reviewed_evidence,,734562077bdba860b6b5a5e993d560e3de228f6e8399ce1210a0955ccfb0a62b
data/morpho_phase7_boundary_checkpoint.json,357,INCLUDE,compact_code_document_or_reviewed_evidence,,eeb2f93598b6664259e12d4fdd7ed1599be23a7d9ba4c857c90bf96ec8d5af35
data/morpho_phase7_boundary_manifest.json,2459,INCLUDE,compact_code_document_or_reviewed_evidence,,8a80d2f6f6f656f469301a6a41b7ed1a73fc1df0936c47c3503bb7ee0d7c0646
data/morpho_phase7_boundary_map.csv,66463,INCLUDE,compact_code_document_or_reviewed_evidence,,329ca8510fdd73d4623fa9de17b621ef752c383db5fb131ba77a5ffe507aeac9
data/morpho_phase7_boundary_map.json,239778,INCLUDE,compact_code_document_or_reviewed_evidence,,00b888f453a72cf991dd3cd8dc9b52a95e86b8f6956b26fe681b4467b97a11cb
data/morpho_phase7_boundary_qa.json,3669,INCLUDE,compact_code_document_or_reviewed_evidence,,49a91c9507f03bd4c36d4e82d48dbaaf333eb0543d7b2ec8dde5b256bf5eabcf
data/morpho_phase7_checkpoint_series.csv,491812,INCLUDE,compact_code_document_or_reviewed_evidence,,4aecd60b2f3f85c34057a2d62a4552d1b9229811307d4cef656b896eb1040537
data/morpho_phase7_market_concentration.csv,26621,INCLUDE,compact_code_document_or_reviewed_evidence,,b5bcf48e839acaf103475d6cf7487ccc1be57564b293ecf9d6ac131047b52bd4
data/morpho_phase7_market_retained_uplift.csv,305276,INCLUDE,compact_code_document_or_reviewed_evidence,,528eb56d05bcef02fc6a2a96545b20e4d08fb5a04da91917a9257ae28ee66ca5
data/morpho_phase7_period_flows.csv,58100,INCLUDE,compact_code_document_or_reviewed_evidence,,44003813bf720a360a61e03e2c2c71194906cf70bbe58fac3e7e23105c2ab917
data/morpho_phase7_portfolio_retained_uplift.csv,56260,INCLUDE,compact_code_document_or_reviewed_evidence,,870559401fe31e00fe44dbc2727b836b07892a95540fc0c9e6fb5800aec0d47e
data/morpho_rpc_append_only_resume_qa.json,981,INCLUDE,compact_code_document_or_reviewed_evidence,,1f75ff0523828d8c6da0e9803c68e9c86448a18b6e8a785c26e35eb08a3d346b
data/morpho_rpc_feasibility_2025-07-09_errors.csv,492,INCLUDE,compact_code_document_or_reviewed_evidence,,06596b7950dec96c9bb38d8d191bf743168e2ad643c0ab95c1afb0f7e8f519aa
data/morpho_rpc_feasibility_2025-07-09_mismatches.csv,66,INCLUDE,compact_code_document_or_reviewed_evidence,,84a9ba8e12062113517255f538700910996bff5038f214a5df7cd501f09cefeb
data/morpho_rpc_feasibility_2025-07-09_ranges.csv,501,INCLUDE,compact_code_document_or_reviewed_evidence,,803337f25814d29101ae0c80b0e3e390857e326a5690dca521066fee6e5f642f
data/morpho_rpc_feasibility_2025-07-09_resume_test.json,391,INCLUDE,compact_code_document_or_reviewed_evidence,,0beaab7dbe0c2327ecc1c4a2fc1abb3276c8a650d46d62be8fc3dbe0317428ec
data/morpho_rpc_feasibility_2025-07-09_summary.csv,1547,INCLUDE,compact_code_document_or_reviewed_evidence,,b0a8d477f5af90cff458a5e5a3db340a5fa2e8d80ae5f5fc4558b2ae8de0519c
data/morpho_rpc_feasibility_2025-07-09_summary.json,1698,INCLUDE,compact_code_document_or_reviewed_evidence,,110a3b7409ffd7abc3ec09e22e60255bde2d7b67e7d033c8acf11727f23e86c4
data/morpho_rpc_feasibility_2026-02-18_errors.csv,48,INCLUDE,compact_code_document_or_reviewed_evidence,,0b7c501a69a6e4948eebc6907bdca2c164d3997150ddc572a8f201e23b1571bc
data/morpho_rpc_feasibility_2026-02-18_mismatches.csv,66,INCLUDE,compact_code_document_or_reviewed_evidence,,84a9ba8e12062113517255f538700910996bff5038f214a5df7cd501f09cefeb
data/morpho_rpc_feasibility_2026-02-18_ranges.csv,817,INCLUDE,compact_code_document_or_reviewed_evidence,,35da048af2bf1cd41990b8059be4d6a2234ba86d639036af6d57934432fb2edc
data/morpho_rpc_feasibility_2026-02-18_resume_errors.csv,643,INCLUDE,compact_code_document_or_reviewed_evidence,,2056e1174d6f59110ab8d3f3f66b39fa7482a158070cec970253af10f3fb3553
data/morpho_rpc_feasibility_2026-02-18_resume_mismatches.csv,66,INCLUDE,compact_code_document_or_reviewed_evidence,,84a9ba8e12062113517255f538700910996bff5038f214a5df7cd501f09cefeb
data/morpho_rpc_feasibility_2026-02-18_resume_ranges.csv,817,INCLUDE,compact_code_document_or_reviewed_evidence,,f05a4d1858b0982320171dd42331ef6108aadae25ed3e714ae53a0881b8ddf92
data/morpho_rpc_feasibility_2026-02-18_resume_resume_test.json,432,INCLUDE,compact_code_document_or_reviewed_evidence,,f5fb008131ab8c0dbe707ec8d9f51869b79418b7b843b158e2104e70096f9930
data/morpho_rpc_feasibility_2026-02-18_resume_summary.csv,1615,INCLUDE,compact_code_document_or_reviewed_evidence,,a3336934337a9e8f5c7cced670952508d2fecc8e26dd4fd4c93731c495b95a80
data/morpho_rpc_feasibility_2026-02-18_resume_summary.json,1771,INCLUDE,compact_code_document_or_reviewed_evidence,,48509797414a8fdaacf6c7341175544682e46da00d6108b0ba1db1080ef71ae1
data/morpho_rpc_feasibility_2026-02-18_shard_resume_errors.csv,48,INCLUDE,compact_code_document_or_reviewed_evidence,,0b7c501a69a6e4948eebc6907bdca2c164d3997150ddc572a8f201e23b1571bc
data/morpho_rpc_feasibility_2026-02-18_shard_resume_mismatches.csv,66,INCLUDE,compact_code_document_or_reviewed_evidence,,84a9ba8e12062113517255f538700910996bff5038f214a5df7cd501f09cefeb
data/morpho_rpc_feasibility_2026-02-18_shard_resume_ranges.csv,2786,INCLUDE,compact_code_document_or_reviewed_evidence,,f68c8289a8f0e2ef65a3fd57e89d1a927392f0e92a9322a75dba39ce4838273c
data/morpho_rpc_feasibility_2026-02-18_shard_resume_resume_test.json,1570,INCLUDE,compact_code_document_or_reviewed_evidence,,bca13cbea33df83259c02e9e94c5369ae0fa59d7f088f01d875ab035a2126407
data/morpho_rpc_feasibility_2026-02-18_shard_resume_summary.csv,1844,INCLUDE,compact_code_document_or_reviewed_evidence,,2c7469f7a171e8eaf291d453a989509d2ce18811328b4c65a968755d3f01af42
data/morpho_rpc_feasibility_2026-02-18_shard_resume_summary.json,2021,INCLUDE,compact_code_document_or_reviewed_evidence,,78bd032b25c4a86f02591d8ebf9edc9be3cf3d9315b1f08ce6b9ae6bb8fa8d07
data/morpho_rpc_feasibility_2026-02-18_summary.csv,1582,INCLUDE,compact_code_document_or_reviewed_evidence,,76cfcd13215868adda6f15cd5d3f9948298caac5b5fd69fb39a305e04e7de7c6
data/morpho_rpc_feasibility_2026-02-18_summary.json,1731,INCLUDE,compact_code_document_or_reviewed_evidence,,3cfd946f237b309dffcec6e7241883c10566528fecee2063b604318f4a7f1a94
data/morpho_rpc_feasibility_2026-08-17_errors.csv,501,INCLUDE,compact_code_document_or_reviewed_evidence,,67be492d1e927b8e981eab26c756d703896699eeac5c645e6fe76b92f2be6ff7
data/morpho_rpc_feasibility_2026-08-17_mismatches.csv,66,INCLUDE,compact_code_document_or_reviewed_evidence,,84a9ba8e12062113517255f538700910996bff5038f214a5df7cd501f09cefeb
data/morpho_rpc_feasibility_2026-08-17_ranges.csv,811,INCLUDE,compact_code_document_or_reviewed_evidence,,59064f0ee8bc958331e75ccfc9a483279ef6aadbcfb7c565dc10cef50c1326e0
data/morpho_rpc_feasibility_2026-08-17_summary.csv,1430,INCLUDE,compact_code_document_or_reviewed_evidence,,66194c978c03db607ea1e21249e0a92e57072217814946b7e8255abef01a0b7b
data/morpho_rpc_feasibility_2026-08-17_summary.json,1569,INCLUDE,compact_code_document_or_reviewed_evidence,,caa4ed02d6cab21ede1fd36af19805cd59705ad97c41de2bd386b19a50a42f81
data/morpho_rpc_full_window_estimate.csv,761,INCLUDE,compact_code_document_or_reviewed_evidence,,78fd5fda3ed487058340581e104d55ee46c11484b8635f34debc2f3515338d2e
data/morpho_rpc_stratified_pilot_summary.csv,1253,INCLUDE,compact_code_document_or_reviewed_evidence,,6edc542d55e76173cac3d8ac0d8d6afd330c032bbfd69339e7d15a3a3fcb843e
data/phase6_preflight_qa.json,6539,EXCLUDE,absolute_local_path_pending_sanitization,,ecc98e278e871d3bb712e51bfa0d22e44bfc09558da36d323797dcd1c2f95dbd
data/raw/drip_morpho_scope/merkl_opportunities_20260902T115959247853Z.json,1236207,EXCLUDE,gitignored_raw_cache_binary_or_local,data/raw/,
data/raw/morpho_full_window/day_boundaries.json,37214,EXCLUDE,gitignored_raw_cache_binary_or_local,data/raw/,
data/raw/morpho_full_window/manifest.json,2728844,EXCLUDE,gitignored_raw_cache_binary_or_local,data/raw/,
data/raw/morpho_full_window/quarantine/range_000038_358807376_358887376.validation_bug_orphan.jsonl,15867,EXCLUDE,gitignored_raw_cache_binary_or_local,data/raw/,
data/raw/morpho_full_window/rpc_errors.csv,5588,EXCLUDE,gitignored_raw_cache_binary_or_local,data/raw/,
data/raw/morpho_full_window/shards/range_000001_355887376_355927376.jsonl,0,EXCLUDE,gitignored_raw_cache_binary_or_local,data/raw/,
data/raw/morpho_full_window/shards/range_000002_355927376_356007376.jsonl,0,EXCLUDE,gitignored_raw_cache_binary_or_local,data/raw/,
data/raw/morpho_full_window/shards/range_000003_356007376_356087376.jsonl,0,EXCLUDE,gitignored_raw_cache_binary_or_local,data/raw/,
data/raw/morpho_full_window/shards/range_000004_356087376_356167376.jsonl,0,EXCLUDE,gitignored_raw_cache_binary_or_local,data/raw/,
data/raw/morpho_full_window/shards/range_000005_356167376_356247376.jsonl,0,EXCLUDE,gitignored_raw_cache_binary_or_local,data/raw/,
data/raw/morpho_full_window/shards/range_000006_356247376_356327376.jsonl,0,EXCLUDE,gitignored_raw_cache_binary_or_local,data/raw/,
data/raw/morpho_full_window/shards/range_000007_356327376_356407376.jsonl,0,EXCLUDE,gitignored_raw_cache_binary_or_local,data/raw/,
data/raw/morpho_full_window/shards/range_000008_356407376_356487376.jsonl,0,EXCLUDE,gitignored_raw_cache_binary_or_local,data/raw/,
data/raw/morpho_full_window/shards/range_000009_356487376_356567376.jsonl,0,EXCLUDE,gitignored_raw_cache_binary_or_local,data/raw/,
data/raw/morpho_full_window/shards/range_000010_356567376_356647376.jsonl,0,EXCLUDE,gitignored_raw_cache_binary_or_local,data/raw/,
data/raw/morpho_full_window/shards/range_000011_356647376_356727376.jsonl,0,EXCLUDE,gitignored_raw_cache_binary_or_local,data/raw/,
data/raw/morpho_full_window/shards/range_000012_356727376_356807376.jsonl,0,EXCLUDE,gitignored_raw_cache_binary_or_local,data/raw/,
data/raw/morpho_full_window/shards/range_000013_356807376_356887376.jsonl,0,EXCLUDE,gitignored_raw_cache_binary_or_local,data/raw/,
data/raw/morpho_full_window/shards/range_000014_356887376_356967376.jsonl,0,EXCLUDE,gitignored_raw_cache_binary_or_local,data/raw/,
data/raw/morpho_full_window/shards/range_000015_356967376_357047376.jsonl,0,EXCLUDE,gitignored_raw_cache_binary_or_local,data/raw/,
data/raw/morpho_full_window/shards/range_000016_357047376_357127376.jsonl,0,EXCLUDE,gitignored_raw_cache_binary_or_local,data/raw/,
data/raw/morpho_full_window/shards/range_000017_357127376_357207376.jsonl,0,EXCLUDE,gitignored_raw_cache_binary_or_local,data/raw/,
data/raw/morpho_full_window/shards/range_000018_357207376_357287376.jsonl,0,EXCLUDE,gitignored_raw_cache_binary_or_local,data/raw/,
data/raw/morpho_full_window/shards/range_000019_357287376_357367376.jsonl,0,EXCLUDE,gitignored_raw_cache_binary_or_local,data/raw/,
data/raw/morpho_full_window/shards/range_000020_357367376_357447376.jsonl,0,EXCLUDE,gitignored_raw_cache_binary_or_local,data/raw/,
data/raw/morpho_full_window/shards/range_000021_357447376_357527376.jsonl,0,EXCLUDE,gitignored_raw_cache_binary_or_local,data/raw/,
data/raw/morpho_full_window/shards/range_000022_357527376_357607376.jsonl,0,EXCLUDE,gitignored_raw_cache_binary_or_local,data/raw/,
data/raw/morpho_full_window/shards/range_000023_357607376_357687376.jsonl,0,EXCLUDE,gitignored_raw_cache_binary_or_local,data/raw/,
data/raw/morpho_full_window/shards/range_000024_357687376_357767376.jsonl,0,EXCLUDE,gitignored_raw_cache_binary_or_local,data/raw/,
data/raw/morpho_full_window/shards/range_000025_357767376_357847376.jsonl,0,EXCLUDE,gitignored_raw_cache_binary_or_local,data/raw/,
data/raw/morpho_full_window/shards/range_000026_357847376_357927376.jsonl,0,EXCLUDE,gitignored_raw_cache_binary_or_local,data/raw/,
data/raw/morpho_full_window/shards/range_000027_357927376_358007376.jsonl,0,EXCLUDE,gitignored_raw_cache_binary_or_local,data/raw/,
data/raw/morpho_full_window/shards/range_000028_358007376_358087376.jsonl,0,EXCLUDE,gitignored_raw_cache_binary_or_local,data/raw/,
data/raw/morpho_full_window/shards/range_000029_358087376_358167376.jsonl,0,EXCLUDE,gitignored_raw_cache_binary_or_local,data/raw/,
data/raw/morpho_full_window/shards/range_000030_358167376_358247376.jsonl,0,EXCLUDE,gitignored_raw_cache_binary_or_local,data/raw/,
data/raw/morpho_full_window/shards/range_000031_358247376_358327376.jsonl,0,EXCLUDE,gitignored_raw_cache_binary_or_local,data/raw/,
data/raw/morpho_full_window/shards/range_000032_358327376_358407376.jsonl,0,EXCLUDE,gitignored_raw_cache_binary_or_local,data/raw/,
data/raw/morpho_full_window/shards/range_000033_358407376_358487376.jsonl,0,EXCLUDE,gitignored_raw_cache_binary_or_local,data/raw/,
data/raw/morpho_full_window/shards/range_000034_358487376_358567376.jsonl,0,EXCLUDE,gitignored_raw_cache_binary_or_local,data/raw/,
data/raw/morpho_full_window/shards/range_000035_358567376_358647376.jsonl,0,EXCLUDE,gitignored_raw_cache_binary_or_local,data/raw/,
data/raw/morpho_full_window/shards/range_000036_358647376_358727376.jsonl,0,EXCLUDE,gitignored_raw_cache_binary_or_local,data/raw/,
data/raw/morpho_full_window/shards/range_000037_358727376_358807376.jsonl,0,EXCLUDE,gitignored_raw_cache_binary_or_local,data/raw/,
data/raw/morpho_full_window/shards/range_000038_358807376_358887376.jsonl,15867,EXCLUDE,gitignored_raw_cache_binary_or_local,data/raw/,
data/raw/morpho_full_window/shards/range_000039_358887376_358967376.jsonl,3173,EXCLUDE,gitignored_raw_cache_binary_or_local,data/raw/,
data/raw/morpho_full_window/shards/range_000040_358967376_359047376.jsonl,0,EXCLUDE,gitignored_raw_cache_binary_or_local,data/raw/,
data/raw/morpho_full_window/shards/range_000041_359047376_359127376.jsonl,0,EXCLUDE,gitignored_raw_cache_binary_or_local,data/raw/,
data/raw/morpho_full_window/shards/range_000042_359127376_359207376.jsonl,0,EXCLUDE,gitignored_raw_cache_binary_or_local,data/raw/,
data/raw/morpho_full_window/shards/range_000043_359207376_359287376.jsonl,0,EXCLUDE,gitignored_raw_cache_binary_or_local,data/raw/,
data/raw/morpho_full_window/shards/range_000044_359287376_359367376.jsonl,0,EXCLUDE,gitignored_raw_cache_binary_or_local,data/raw/,
data/raw/morpho_full_window/shards/range_000045_359367376_359447376.jsonl,0,EXCLUDE,gitignored_raw_cache_binary_or_local,data/raw/,
data/raw/morpho_full_window/shards/range_000046_359447376_359527376.jsonl,0,EXCLUDE,gitignored_raw_cache_binary_or_local,data/raw/,
data/raw/morpho_full_window/shards/range_000047_359527376_359607376.jsonl,0,EXCLUDE,gitignored_raw_cache_binary_or_local,data/raw/,
data/raw/morpho_full_window/shards/range_000048_359607376_359687376.jsonl,0,EXCLUDE,gitignored_raw_cache_binary_or_local,data/raw/,
data/raw/morpho_full_window/shards/range_000049_359687376_359767376.jsonl,0,EXCLUDE,gitignored_raw_cache_binary_or_local,data/raw/,
data/raw/morpho_full_window/shards/range_000050_359767376_359847376.jsonl,0,EXCLUDE,gitignored_raw_cache_binary_or_local,data/raw/,
data/raw/morpho_full_window/shards/range_000051_359847376_359927376.jsonl,0,EXCLUDE,gitignored_raw_cache_binary_or_local,data/raw/,
data/raw/morpho_full_window/shards/range_000052_359927376_360007376.jsonl,1254,EXCLUDE,gitignored_raw_cache_binary_or_local,data/raw/,
data/raw/morpho_full_window/shards/range_000053_360007376_360087376.jsonl,7612,EXCLUDE,gitignored_raw_cache_binary_or_local,data/raw/,
data/raw/morpho_full_window/shards/range_000054_360087376_360167376.jsonl,0,EXCLUDE,gitignored_raw_cache_binary_or_local,data/raw/,
data/raw/morpho_full_window/shards/range_000055_360167376_360247376.jsonl,0,EXCLUDE,gitignored_raw_cache_binary_or_local,data/raw/,
data/raw/morpho_full_window/shards/range_000056_360247376_360327376.jsonl,0,EXCLUDE,gitignored_raw_cache_binary_or_local,data/raw/,
data/raw/morpho_full_window/shards/range_000057_360327376_360407376.jsonl,1254,EXCLUDE,gitignored_raw_cache_binary_or_local,data/raw/,
data/raw/morpho_full_window/shards/range_000058_360407376_360487376.jsonl,1254,EXCLUDE,gitignored_raw_cache_binary_or_local,data/raw/,
data/raw/morpho_full_window/shards/range_000059_360487376_360567376.jsonl,1320,EXCLUDE,gitignored_raw_cache_binary_or_local,data/raw/,
data/raw/morpho_full_window/shards/range_000060_360567376_360647376.jsonl,9678,EXCLUDE,gitignored_raw_cache_binary_or_local,data/raw/,
data/raw/morpho_full_window/shards/range_000061_360647376_360727376.jsonl,7075,EXCLUDE,gitignored_raw_cache_binary_or_local,data/raw/,
data/raw/morpho_full_window/shards/range_000062_360727376_360807376.jsonl,7060,EXCLUDE,gitignored_raw_cache_binary_or_local,data/raw/,
data/raw/morpho_full_window/shards/range_000063_360807376_360887376.jsonl,2568,EXCLUDE,gitignored_raw_cache_binary_or_local,data/raw/,
data/raw/morpho_full_window/shards/range_000064_360887376_360967376.jsonl,1254,EXCLUDE,gitignored_raw_cache_binary_or_local,data/raw/,
data/raw/morpho_full_window/shards/range_000065_360967376_361047376.jsonl,0,EXCLUDE,gitignored_raw_cache_binary_or_local,data/raw/,
data/raw/morpho_full_window/shards/range_000066_361047376_361127376.jsonl,2634,EXCLUDE,gitignored_raw_cache_binary_or_local,data/raw/,
data/raw/morpho_full_window/shards/range_000067_361127376_361207376.jsonl,5171,EXCLUDE,gitignored_raw_cache_binary_or_local,data/raw/,
data/raw/morpho_full_window/shards/range_000068_361207376_361287376.jsonl,8261,EXCLUDE,gitignored_raw_cache_binary_or_local,data/raw/,
data/raw/morpho_full_window/shards/range_000069_361287376_361367376.jsonl,3174,EXCLUDE,gitignored_raw_cache_binary_or_local,data/raw/,
data/raw/morpho_full_window/shards/range_000070_361367376_361447376.jsonl,1316,EXCLUDE,gitignored_raw_cache_binary_or_local,data/raw/,
data/raw/morpho_full_window/shards/range_000071_361447376_361527376.jsonl,1918,EXCLUDE,gitignored_raw_cache_binary_or_local,data/raw/,
data/raw/morpho_full_window/shards/range_000072_361527376_361607376.jsonl,6336,EXCLUDE,gitignored_raw_cache_binary_or_local,data/raw/,
data/raw/morpho_full_window/shards/range_000073_361607376_361687376.jsonl,1919,EXCLUDE,gitignored_raw_cache_binary_or_local,data/raw/,
data/raw/morpho_full_window/shards/range_000074_361687376_361767376.jsonl,0,EXCLUDE,gitignored_raw_cache_binary_or_local,data/raw/,
data/raw/morpho_full_window/shards/range_000075_361767376_361847376.jsonl,0,EXCLUDE,gitignored_raw_cache_binary_or_local,data/raw/,
data/raw/morpho_full_window/shards/range_000076_361847376_361927376.jsonl,0,EXCLUDE,gitignored_raw_cache_binary_or_local,data/raw/,
data/raw/morpho_full_window/shards/range_000077_361927376_362007376.jsonl,0,EXCLUDE,gitignored_raw_cache_binary_or_local,data/raw/,
data/raw/morpho_full_window/shards/range_000078_362007376_362087376.jsonl,0,EXCLUDE,gitignored_raw_cache_binary_or_local,data/raw/,
data/raw/morpho_full_window/shards/range_000079_362087376_362167376.jsonl,0,EXCLUDE,gitignored_raw_cache_binary_or_local,data/raw/,
data/raw/morpho_full_window/shards/range_000080_362167376_362247376.jsonl,1918,EXCLUDE,gitignored_raw_cache_binary_or_local,data/raw/,
data/raw/morpho_full_window/shards/range_000081_362247376_362327376.jsonl,0,EXCLUDE,gitignored_raw_cache_binary_or_local,data/raw/,
data/raw/morpho_full_window/shards/range_000082_362327376_362407376.jsonl,0,EXCLUDE,gitignored_raw_cache_binary_or_local,data/raw/,
data/raw/morpho_full_window/shards/range_000083_362407376_362487376.jsonl,0,EXCLUDE,gitignored_raw_cache_binary_or_local,data/raw/,
data/raw/morpho_full_window/shards/range_000084_362487376_362567376.jsonl,0,EXCLUDE,gitignored_raw_cache_binary_or_local,data/raw/,
data/raw/morpho_full_window/shards/range_000085_362567376_362647376.jsonl,3840,EXCLUDE,gitignored_raw_cache_binary_or_local,data/raw/,
data/raw/morpho_full_window/shards/range_000086_362647376_362727376.jsonl,0,EXCLUDE,gitignored_raw_cache_binary_or_local,data/raw/,
data/raw/morpho_full_window/shards/range_000087_362727376_362807376.jsonl,1917,EXCLUDE,gitignored_raw_cache_binary_or_local,data/raw/,
data/raw/morpho_full_window/shards/range_000088_362807376_362887376.jsonl,3178,EXCLUDE,gitignored_raw_cache_binary_or_local,data/raw/,
data/raw/morpho_full_window/shards/range_000089_362887376_362967376.jsonl,3233,EXCLUDE,gitignored_raw_cache_binary_or_local,data/raw/,
data/raw/morpho_full_window/shards/range_000090_362967376_363047376.jsonl,0,EXCLUDE,gitignored_raw_cache_binary_or_local,data/raw/,
data/raw/morpho_full_window/shards/range_000091_363047376_363127376.jsonl,0,EXCLUDE,gitignored_raw_cache_binary_or_local,data/raw/,
data/raw/morpho_full_window/shards/range_000092_363127376_363207376.jsonl,0,EXCLUDE,gitignored_raw_cache_binary_or_local,data/raw/,
data/raw/morpho_full_window/shards/range_000093_363207376_363287376.jsonl,0,EXCLUDE,gitignored_raw_cache_binary_or_local,data/raw/,
data/raw/morpho_full_window/shards/range_000094_363287376_363367376.jsonl,0,EXCLUDE,gitignored_raw_cache_binary_or_local,data/raw/,
data/raw/morpho_full_window/shards/range_000095_363367376_363447376.jsonl,0,EXCLUDE,gitignored_raw_cache_binary_or_local,data/raw/,
data/raw/morpho_full_window/shards/range_000096_363447376_363527376.jsonl,1918,EXCLUDE,gitignored_raw_cache_binary_or_local,data/raw/,
data/raw/morpho_full_window/shards/range_000097_363527376_363607376.jsonl,0,EXCLUDE,gitignored_raw_cache_binary_or_local,data/raw/,
data/raw/morpho_full_window/shards/range_000098_363607376_363687376.jsonl,0,EXCLUDE,gitignored_raw_cache_binary_or_local,data/raw/,
data/raw/morpho_full_window/shards/range_000099_363687376_363767376.jsonl,3826,EXCLUDE,gitignored_raw_cache_binary_or_local,data/raw/,
data/raw/morpho_full_window/shards/range_000100_363767376_363847376.jsonl,4491,EXCLUDE,gitignored_raw_cache_binary_or_local,data/raw/,
data/raw/morpho_full_window/shards/range_000101_363847376_363927376.jsonl,2508,EXCLUDE,gitignored_raw_cache_binary_or_local,data/raw/,
data/raw/morpho_full_window/shards/range_000102_363927376_364007376.jsonl,0,EXCLUDE,gitignored_raw_cache_binary_or_local,data/raw/,
data/raw/morpho_full_window/shards/range_000103_364007376_364087376.jsonl,0,EXCLUDE,gitignored_raw_cache_binary_or_local,data/raw/,
data/raw/morpho_full_window/shards/range_000104_364087376_364167376.jsonl,1253,EXCLUDE,gitignored_raw_cache_binary_or_local,data/raw/,
data/raw/morpho_full_window/shards/range_000105_364167376_364247376.jsonl,0,EXCLUDE,gitignored_raw_cache_binary_or_local,data/raw/,
data/raw/morpho_full_window/shards/range_000106_364247376_364327376.jsonl,0,EXCLUDE,gitignored_raw_cache_binary_or_local,data/raw/,
data/raw/morpho_full_window/shards/range_000107_364327376_364407376.jsonl,0,EXCLUDE,gitignored_raw_cache_binary_or_local,data/raw/,
data/raw/morpho_full_window/shards/range_000108_364407376_364487376.jsonl,0,EXCLUDE,gitignored_raw_cache_binary_or_local,data/raw/,
data/raw/morpho_full_window/shards/range_000109_364487376_364567376.jsonl,6397,EXCLUDE,gitignored_raw_cache_binary_or_local,data/raw/,
data/raw/morpho_full_window/shards/range_000110_364567376_364647376.jsonl,1841,EXCLUDE,gitignored_raw_cache_binary_or_local,data/raw/,
data/raw/morpho_full_window/shards/range_000111_364647376_364727376.jsonl,0,EXCLUDE,gitignored_raw_cache_binary_or_local,data/raw/,
data/raw/morpho_full_window/shards/range_000112_364727376_364807376.jsonl,0,EXCLUDE,gitignored_raw_cache_binary_or_local,data/raw/,
data/raw/morpho_full_window/shards/range_000113_364807376_364887376.jsonl,0,EXCLUDE,gitignored_raw_cache_binary_or_local,data/raw/,
data/raw/morpho_full_window/shards/range_000114_364887376_364967376.jsonl,6335,EXCLUDE,gitignored_raw_cache_binary_or_local,data/raw/,
data/raw/morpho_full_window/shards/range_000115_364967376_365047376.jsonl,588,EXCLUDE,gitignored_raw_cache_binary_or_local,data/raw/,
data/raw/morpho_full_window/shards/range_000116_365047376_365127376.jsonl,5759,EXCLUDE,gitignored_raw_cache_binary_or_local,data/raw/,
data/raw/morpho_full_window/shards/range_000117_365127376_365207376.jsonl,10765,EXCLUDE,gitignored_raw_cache_binary_or_local,data/raw/,
data/raw/morpho_full_window/shards/range_000118_365207376_365287376.jsonl,2632,EXCLUDE,gitignored_raw_cache_binary_or_local,data/raw/,
data/raw/morpho_full_window/shards/range_000119_365287376_365367376.jsonl,2506,EXCLUDE,gitignored_raw_cache_binary_or_local,data/raw/,
data/raw/morpho_full_window/shards/range_000120_365367376_365447376.jsonl,2505,EXCLUDE,gitignored_raw_cache_binary_or_local,data/raw/,
data/raw/morpho_full_window/shards/range_000121_365447376_365527376.jsonl,0,EXCLUDE,gitignored_raw_cache_binary_or_local,data/raw/,
data/raw/morpho_full_window/shards/range_000122_365527376_365607376.jsonl,588,EXCLUDE,gitignored_raw_cache_binary_or_local,data/raw/,
data/raw/morpho_full_window/shards/range_000123_365607376_365687376.jsonl,7079,EXCLUDE,gitignored_raw_cache_binary_or_local,data/raw/,
data/raw/morpho_full_window/shards/range_000124_365687376_365767376.jsonl,1176,EXCLUDE,gitignored_raw_cache_binary_or_local,data/raw/,
data/raw/morpho_full_window/shards/range_000125_365767376_365847376.jsonl,601,EXCLUDE,gitignored_raw_cache_binary_or_local,data/raw/,
data/raw/morpho_full_window/shards/range_000126_365847376_365927376.jsonl,2636,EXCLUDE,gitignored_raw_cache_binary_or_local,data/raw/,
data/raw/morpho_full_window/shards/range_000127_365927376_366007376.jsonl,0,EXCLUDE,gitignored_raw_cache_binary_or_local,data/raw/,
data/raw/morpho_full_window/shards/range_000128_366007376_366087376.jsonl,587,EXCLUDE,gitignored_raw_cache_binary_or_local,data/raw/,
data/raw/morpho_full_window/shards/range_000129_366087376_366167376.jsonl,588,EXCLUDE,gitignored_raw_cache_binary_or_local,data/raw/,
data/raw/morpho_full_window/shards/range_000130_366167376_366247376.jsonl,1317,EXCLUDE,gitignored_raw_cache_binary_or_local,data/raw/,
data/raw/morpho_full_window/shards/range_000131_366247376_366327376.jsonl,587,EXCLUDE,gitignored_raw_cache_binary_or_local,data/raw/,
data/raw/morpho_full_window/shards/range_000132_366327376_366407376.jsonl,1917,EXCLUDE,gitignored_raw_cache_binary_or_local,data/raw/,
data/raw/morpho_full_window/shards/range_000133_366407376_366487376.jsonl,2506,EXCLUDE,gitignored_raw_cache_binary_or_local,data/raw/,
data/raw/morpho_full_window/shards/range_000134_366487376_366567376.jsonl,4440,EXCLUDE,gitignored_raw_cache_binary_or_local,data/raw/,
data/raw/morpho_full_window/shards/range_000135_366567376_366647376.jsonl,5074,EXCLUDE,gitignored_raw_cache_binary_or_local,data/raw/,
data/raw/morpho_full_window/shards/range_000136_366647376_366727376.jsonl,3844,EXCLUDE,gitignored_raw_cache_binary_or_local,data/raw/,
data/raw/morpho_full_window/shards/range_000137_366727376_366807376.jsonl,3239,EXCLUDE,gitignored_raw_cache_binary_or_local,data/raw/,
data/raw/morpho_full_window/shards/range_000138_366807376_366887376.jsonl,2522,EXCLUDE,gitignored_raw_cache_binary_or_local,data/raw/,
data/raw/morpho_full_window/shards/range_000139_366887376_366967376.jsonl,5759,EXCLUDE,gitignored_raw_cache_binary_or_local,data/raw/,
data/raw/morpho_full_window/shards/range_000140_366967376_367047376.jsonl,0,EXCLUDE,gitignored_raw_cache_binary_or_local,data/raw/,
data/raw/morpho_full_window/shards/range_000141_367047376_367127376.jsonl,1917,EXCLUDE,gitignored_raw_cache_binary_or_local,data/raw/,
data/raw/morpho_full_window/shards/range_000142_367127376_367207376.jsonl,5219,EXCLUDE,gitignored_raw_cache_binary_or_local,data/raw/,
data/raw/morpho_full_window/shards/range_000143_367207376_367287376.jsonl,3965,EXCLUDE,gitignored_raw_cache_binary_or_local,data/raw/,
data/raw/morpho_full_window/shards/range_000144_367287376_367367376.jsonl,5753,EXCLUDE,gitignored_raw_cache_binary_or_local,data/raw/,
data/raw/morpho_full_window/shards/range_000145_367367376_367447376.jsonl,2632,EXCLUDE,gitignored_raw_cache_binary_or_local,data/raw/,
data/raw/morpho_full_window/shards/range_000146_367447376_367527376.jsonl,601,EXCLUDE,gitignored_raw_cache_binary_or_local,data/raw/,
data/raw/morpho_full_window/shards/range_000147_367527376_367607376.jsonl,0,EXCLUDE,gitignored_raw_cache_binary_or_local,data/raw/,
data/raw/morpho_full_window/shards/range_000148_367607376_367687376.jsonl,10821,EXCLUDE,gitignored_raw_cache_binary_or_local,data/raw/,
data/raw/morpho_full_window/shards/range_000149_367687376_367767376.jsonl,23006,EXCLUDE,gitignored_raw_cache_binary_or_local,data/raw/,
data/raw/morpho_full_window/shards/range_000150_367767376_367847376.jsonl,26654,EXCLUDE,gitignored_raw_cache_binary_or_local,data/raw/,
data/raw/morpho_full_window/shards/range_000151_367847376_367927376.jsonl,11509,EXCLUDE,gitignored_raw_cache_binary_or_local,data/raw/,
data/raw/morpho_full_window/shards/range_000152_367927376_368007376.jsonl,22966,EXCLUDE,gitignored_raw_cache_binary_or_local,data/raw/,
data/raw/morpho_full_window/shards/range_000153_368007376_368087376.jsonl,1252,EXCLUDE,gitignored_raw_cache_binary_or_local,data/raw/,
data/raw/morpho_full_window/shards/range_000154_368087376_368167376.jsonl,14785,EXCLUDE,gitignored_raw_cache_binary_or_local,data/raw/,
data/raw/morpho_full_window/shards/range_000155_368167376_368247376.jsonl,1775,EXCLUDE,gitignored_raw_cache_binary_or_local,data/raw/,
data/raw/morpho_full_window/shards/range_000156_368247376_368327376.jsonl,1920,EXCLUDE,gitignored_raw_cache_binary_or_local,data/raw/,
data/raw/morpho_full_window/shards/range_000157_368327376_368407376.jsonl,20942,EXCLUDE,gitignored_raw_cache_binary_or_local,data/raw/,
data/raw/morpho_full_window/shards/range_000158_368407376_368487376.jsonl,20958,EXCLUDE,gitignored_raw_cache_binary_or_local,data/raw/,
data/raw/morpho_full_window/shards/range_000159_368487376_368567376.jsonl,19087,EXCLUDE,gitignored_raw_cache_binary_or_local,data/raw/,
data/raw/morpho_full_window/shards/range_000160_368567376_368647376.jsonl,15277,EXCLUDE,gitignored_raw_cache_binary_or_local,data/raw/,
data/raw/morpho_full_window/shards/range_000161_368647376_368727376.jsonl,32560,EXCLUDE,gitignored_raw_cache_binary_or_local,data/raw/,
data/raw/morpho_full_window/shards/range_000162_368727376_368807376.jsonl,16101,EXCLUDE,gitignored_raw_cache_binary_or_local,data/raw/,
data/raw/morpho_full_window/shards/range_000163_368807376_368887376.jsonl,28191,EXCLUDE,gitignored_raw_cache_binary_or_local,data/raw/,
data/raw/morpho_full_window/shards/range_000164_368887376_368967376.jsonl,15797,EXCLUDE,gitignored_raw_cache_binary_or_local,data/raw/,
data/raw/morpho_full_window/shards/range_000165_368967376_369047376.jsonl,2632,EXCLUDE,gitignored_raw_cache_binary_or_local,data/raw/,
data/raw/morpho_full_window/shards/range_000166_369047376_369127376.jsonl,7712,EXCLUDE,gitignored_raw_cache_binary_or_local,data/raw/,
data/raw/morpho_full_window/shards/range_000167_369127376_369207376.jsonl,1918,EXCLUDE,gitignored_raw_cache_binary_or_local,data/raw/,
data/raw/morpho_full_window/shards/range_000168_369207376_369287376.jsonl,8373,EXCLUDE,gitignored_raw_cache_binary_or_local,data/raw/,
data/raw/morpho_full_window/shards/range_000169_369287376_369367376.jsonl,15348,EXCLUDE,gitignored_raw_cache_binary_or_local,data/raw/,
data/raw/morpho_full_window/shards/range_000170_369367376_369447376.jsonl,11415,EXCLUDE,gitignored_raw_cache_binary_or_local,data/raw/,
data/raw/morpho_full_window/shards/range_000171_369447376_369527376.jsonl,13957,EXCLUDE,gitignored_raw_cache_binary_or_local,data/raw/,
data/raw/morpho_full_window/shards/range_000172_369527376_369607376.jsonl,32330,EXCLUDE,gitignored_raw_cache_binary_or_local,data/raw/,
data/raw/morpho_full_window/shards/range_000173_369607376_369687376.jsonl,17832,EXCLUDE,gitignored_raw_cache_binary_or_local,data/raw/,
data/raw/morpho_full_window/shards/range_000174_369687376_369767376.jsonl,29243,EXCLUDE,gitignored_raw_cache_binary_or_local,data/raw/,
data/raw/morpho_full_window/shards/range_000175_369767376_369847376.jsonl,14719,EXCLUDE,gitignored_raw_cache_binary_or_local,data/raw/,
data/raw/morpho_full_window/shards/range_000176_369847376_369927376.jsonl,8904,EXCLUDE,gitignored_raw_cache_binary_or_local,data/raw/,
data/raw/morpho_full_window/shards/range_000177_369927376_370007376.jsonl,4550,EXCLUDE,gitignored_raw_cache_binary_or_local,data/raw/,
data/raw/morpho_full_window/shards/range_000178_370007376_370087376.jsonl,9758,EXCLUDE,gitignored_raw_cache_binary_or_local,data/raw/,
data/raw/morpho_full_window/shards/range_000179_370087376_370167376.jsonl,138759,EXCLUDE,gitignored_raw_cache_binary_or_local,data/raw/,
data/raw/morpho_full_window/shards/range_000180_370167376_370247376.jsonl,38732,EXCLUDE,gitignored_raw_cache_binary_or_local,data/raw/,
data/raw/morpho_full_window/shards/range_000181_370247376_370327376.jsonl,25582,EXCLUDE,gitignored_raw_cache_binary_or_local,data/raw/,
data/raw/morpho_full_window/shards/range_000182_370327376_370407376.jsonl,41338,EXCLUDE,gitignored_raw_cache_binary_or_local,data/raw/,
data/raw/morpho_full_window/shards/range_000183_370407376_370487376.jsonl,7057,EXCLUDE,gitignored_raw_cache_binary_or_local,data/raw/,
data/raw/morpho_full_window/shards/range_000184_370487376_370567376.jsonl,9038,EXCLUDE,gitignored_raw_cache_binary_or_local,data/raw/,
data/raw/morpho_full_window/shards/range_000185_370567376_370647376.jsonl,8382,EXCLUDE,gitignored_raw_cache_binary_or_local,data/raw/,
data/raw/morpho_full_window/shards/range_000186_370647376_370727376.jsonl,20666,EXCLUDE,gitignored_raw_cache_binary_or_local,data/raw/,
data/raw/morpho_full_window/shards/range_000187_370727376_370807376.jsonl,20574,EXCLUDE,gitignored_raw_cache_binary_or_local,data/raw/,
data/raw/morpho_full_window/shards/range_000188_370807376_370887376.jsonl,16027,EXCLUDE,gitignored_raw_cache_binary_or_local,data/raw/,
data/raw/morpho_full_window/shards/range_000189_370887376_370967376.jsonl,9043,EXCLUDE,gitignored_raw_cache_binary_or_local,data/raw/,
data/raw/morpho_full_window/shards/range_000190_370967376_371047376.jsonl,8986,EXCLUDE,gitignored_raw_cache_binary_or_local,data/raw/,
data/raw/morpho_full_window/shards/range_000191_371047376_371127376.jsonl,14818,EXCLUDE,gitignored_raw_cache_binary_or_local,data/raw/,
data/raw/morpho_full_window/shards/range_000192_371127376_371207376.jsonl,42853,EXCLUDE,gitignored_raw_cache_binary_or_local,data/raw/,
data/raw/morpho_full_window/shards/range_000193_371207376_371287376.jsonl,23948,EXCLUDE,gitignored_raw_cache_binary_or_local,data/raw/,
data/raw/morpho_full_window/shards/range_000194_371287376_371367376.jsonl,5086,EXCLUDE,gitignored_raw_cache_binary_or_local,data/raw/,
data/raw/morpho_full_window/shards/range_000195_371367376_371447376.jsonl,3948,EXCLUDE,gitignored_raw_cache_binary_or_local,data/raw/,
data/raw/morpho_full_window/shards/range_000196_371447376_371527376.jsonl,1920,EXCLUDE,gitignored_raw_cache_binary_or_local,data/raw/,
data/raw/morpho_full_window/shards/range_000197_371527376_371607376.jsonl,6410,EXCLUDE,gitignored_raw_cache_binary_or_local,data/raw/,
data/raw/morpho_full_window/shards/range_000198_371607376_371687376.jsonl,7132,EXCLUDE,gitignored_raw_cache_binary_or_local,data/raw/,
data/raw/morpho_full_window/shards/range_000199_371687376_371767376.jsonl,8978,EXCLUDE,gitignored_raw_cache_binary_or_local,data/raw/,
data/raw/morpho_full_window/shards/range_000200_371767376_371847376.jsonl,9052,EXCLUDE,gitignored_raw_cache_binary_or_local,data/raw/,
data/raw/morpho_full_window/shards/range_000201_371847376_371927376.jsonl,19833,EXCLUDE,gitignored_raw_cache_binary_or_local,data/raw/,
data/raw/morpho_full_window/shards/range_000202_371927376_372007376.jsonl,5153,EXCLUDE,gitignored_raw_cache_binary_or_local,data/raw/,
data/raw/morpho_full_window/shards/range_000203_372007376_372087376.jsonl,17661,EXCLUDE,gitignored_raw_cache_binary_or_local,data/raw/,
data/raw/morpho_full_window/shards/range_000204_372087376_372167376.jsonl,31685,EXCLUDE,gitignored_raw_cache_binary_or_local,data/raw/,
data/raw/morpho_full_window/shards/range_000205_372167376_372247376.jsonl,44323,EXCLUDE,gitignored_raw_cache_binary_or_local,data/raw/,
data/raw/morpho_full_window/shards/range_000206_372247376_372327376.jsonl,43713,EXCLUDE,gitignored_raw_cache_binary_or_local,data/raw/,
data/raw/morpho_full_window/shards/range_000207_372327376_372407376.jsonl,13991,EXCLUDE,gitignored_raw_cache_binary_or_local,data/raw/,
data/raw/morpho_full_window/shards/range_000208_372407376_372487376.jsonl,45016,EXCLUDE,gitignored_raw_cache_binary_or_local,data/raw/,
data/raw/morpho_full_window/shards/range_000209_372487376_372567376.jsonl,17296,EXCLUDE,gitignored_raw_cache_binary_or_local,data/raw/,
data/raw/morpho_full_window/shards/range_000210_372567376_372647376.jsonl,9040,EXCLUDE,gitignored_raw_cache_binary_or_local,data/raw/,
data/raw/morpho_full_window/shards/range_000211_372647376_372727376.jsonl,8965,EXCLUDE,gitignored_raw_cache_binary_or_local,data/raw/,
data/raw/morpho_full_window/shards/range_000212_372727376_372807376.jsonl,19127,EXCLUDE,gitignored_raw_cache_binary_or_local,data/raw/,
data/raw/morpho_full_window/shards/range_000213_372807376_372887376.jsonl,41753,EXCLUDE,gitignored_raw_cache_binary_or_local,data/raw/,
data/raw/morpho_full_window/shards/range_000214_372887376_372967376.jsonl,14179,EXCLUDE,gitignored_raw_cache_binary_or_local,data/raw/,
data/raw/morpho_full_window/shards/range_000215_372967376_373047376.jsonl,20028,EXCLUDE,gitignored_raw_cache_binary_or_local,data/raw/,
data/raw/morpho_full_window/shards/range_000216_373047376_373127376.jsonl,25736,EXCLUDE,gitignored_raw_cache_binary_or_local,data/raw/,
data/raw/morpho_full_window/shards/range_000217_373127376_373207376.jsonl,23285,EXCLUDE,gitignored_raw_cache_binary_or_local,data/raw/,
data/raw/morpho_full_window/shards/range_000218_373207376_373287376.jsonl,11738,EXCLUDE,gitignored_raw_cache_binary_or_local,data/raw/,
data/raw/morpho_full_window/shards/range_000219_373287376_373367376.jsonl,9627,EXCLUDE,gitignored_raw_cache_binary_or_local,data/raw/,
data/raw/morpho_full_window/shards/range_000220_373367376_373447376.jsonl,5203,EXCLUDE,gitignored_raw_cache_binary_or_local,data/raw/,
data/raw/morpho_full_window/shards/range_000221_373447376_373527376.jsonl,28357,EXCLUDE,gitignored_raw_cache_binary_or_local,data/raw/,
data/raw/morpho_full_window/shards/range_000222_373527376_373607376.jsonl,32737,EXCLUDE,gitignored_raw_cache_binary_or_local,data/raw/,
data/raw/morpho_full_window/shards/range_000223_373607376_373687376.jsonl,95152,EXCLUDE,gitignored_raw_cache_binary_or_local,data/raw/,
data/raw/morpho_full_window/shards/range_000224_373687376_373767376.jsonl,105346,EXCLUDE,gitignored_raw_cache_binary_or_local,data/raw/,
data/raw/morpho_full_window/shards/range_000225_373767376_373847376.jsonl,110597,EXCLUDE,gitignored_raw_cache_binary_or_local,data/raw/,
data/raw/morpho_full_window/shards/range_000226_373847376_373927376.jsonl,48692,EXCLUDE,gitignored_raw_cache_binary_or_local,data/raw/,
data/raw/morpho_full_window/shards/range_000227_373927376_374007376.jsonl,19993,EXCLUDE,gitignored_raw_cache_binary_or_local,data/raw/,
data/raw/morpho_full_window/shards/range_000228_374007376_374087376.jsonl,0,EXCLUDE,gitignored_raw_cache_binary_or_local,data/raw/,
data/raw/morpho_full_window/shards/range_000229_374087376_374167376.jsonl,3834,EXCLUDE,gitignored_raw_cache_binary_or_local,data/raw/,
data/raw/morpho_full_window/shards/range_000230_374167376_374247376.jsonl,0,EXCLUDE,gitignored_raw_cache_binary_or_local,data/raw/,
data/raw/morpho_full_window/shards/range_000231_374247376_374327376.jsonl,18020,EXCLUDE,gitignored_raw_cache_binary_or_local,data/raw/,
data/raw/morpho_full_window/shards/range_000232_374327376_374407376.jsonl,22436,EXCLUDE,gitignored_raw_cache_binary_or_local,data/raw/,
data/raw/morpho_full_window/shards/range_000233_374407376_374487376.jsonl,3954,EXCLUDE,gitignored_raw_cache_binary_or_local,data/raw/,
data/raw/morpho_full_window/shards/range_000234_374487376_374567376.jsonl,32590,EXCLUDE,gitignored_raw_cache_binary_or_local,data/raw/,
data/raw/morpho_full_window/shards/range_000235_374567376_374647376.jsonl,30036,EXCLUDE,gitignored_raw_cache_binary_or_local,data/raw/,
data/raw/morpho_full_window/shards/range_000236_374647376_374727376.jsonl,26056,EXCLUDE,gitignored_raw_cache_binary_or_local,data/raw/,
data/raw/morpho_full_window/shards/range_000237_374727376_374807376.jsonl,7840,EXCLUDE,gitignored_raw_cache_binary_or_local,data/raw/,
data/raw/morpho_full_window/shards/range_000238_374807376_374887376.jsonl,42260,EXCLUDE,gitignored_raw_cache_binary_or_local,data/raw/,
data/raw/morpho_full_window/shards/range_000239_374887376_374967376.jsonl,24485,EXCLUDE,gitignored_raw_cache_binary_or_local,data/raw/,
data/raw/morpho_full_window/shards/range_000240_374967376_375047376.jsonl,39782,EXCLUDE,gitignored_raw_cache_binary_or_local,data/raw/,
data/raw/morpho_full_window/shards/range_000241_375047376_375127376.jsonl,24520,EXCLUDE,gitignored_raw_cache_binary_or_local,data/raw/,
data/raw/morpho_full_window/shards/range_000242_375127376_375207376.jsonl,3837,EXCLUDE,gitignored_raw_cache_binary_or_local,data/raw/,
data/raw/morpho_full_window/shards/range_000243_375207376_375287376.jsonl,187999,EXCLUDE,gitignored_raw_cache_binary_or_local,data/raw/,
data/raw/morpho_full_window/shards/range_000244_375287376_375367376.jsonl,645713,EXCLUDE,gitignored_raw_cache_binary_or_local,data/raw/,
data/raw/morpho_full_window/shards/range_000245_375367376_375407376.jsonl,161781,EXCLUDE,gitignored_raw_cache_binary_or_local,data/raw/,
data/raw/morpho_full_window/shards/range_000246_375407376_375447376.jsonl,118294,EXCLUDE,gitignored_raw_cache_binary_or_local,data/raw/,
data/raw/morpho_full_window/shards/range_000247_375447376_375487376.jsonl,94063,EXCLUDE,gitignored_raw_cache_binary_or_local,data/raw/,
data/raw/morpho_full_window/shards/range_000248_375487376_375567376.jsonl,279525,EXCLUDE,gitignored_raw_cache_binary_or_local,data/raw/,
data/raw/morpho_full_window/shards/range_000249_375567376_375647376.jsonl,249283,EXCLUDE,gitignored_raw_cache_binary_or_local,data/raw/,
data/raw/morpho_full_window/shards/range_000250_375647376_375727376.jsonl,297653,EXCLUDE,gitignored_raw_cache_binary_or_local,data/raw/,
data/raw/morpho_full_window/shards/range_000251_375727376_375807376.jsonl,222398,EXCLUDE,gitignored_raw_cache_binary_or_local,data/raw/,
data/raw/morpho_full_window/shards/range_000252_375807376_375887376.jsonl,253500,EXCLUDE,gitignored_raw_cache_binary_or_local,data/raw/,
data/raw/morpho_full_window/shards/range_000253_375887376_375967376.jsonl,153631,EXCLUDE,gitignored_raw_cache_binary_or_local,data/raw/,
data/raw/morpho_full_window/shards/range_000254_375967376_376047376.jsonl,348932,EXCLUDE,gitignored_raw_cache_binary_or_local,data/raw/,
data/raw/morpho_full_window/shards/range_000255_376047376_376127376.jsonl,116431,EXCLUDE,gitignored_raw_cache_binary_or_local,data/raw/,
data/raw/morpho_full_window/shards/range_000256_376127376_376207376.jsonl,84676,EXCLUDE,gitignored_raw_cache_binary_or_local,data/raw/,
data/raw/morpho_full_window/shards/range_000257_376207376_376287376.jsonl,113963,EXCLUDE,gitignored_raw_cache_binary_or_local,data/raw/,
data/raw/morpho_full_window/shards/range_000258_376287376_376367376.jsonl,112133,EXCLUDE,gitignored_raw_cache_binary_or_local,data/raw/,
data/raw/morpho_full_window/shards/range_000259_376367376_376447376.jsonl,50548,EXCLUDE,gitignored_raw_cache_binary_or_local,data/raw/,
data/raw/morpho_full_window/shards/range_000260_376447376_376527376.jsonl,52588,EXCLUDE,gitignored_raw_cache_binary_or_local,data/raw/,
data/raw/morpho_full_window/shards/range_000261_376527376_376607376.jsonl,68704,EXCLUDE,gitignored_raw_cache_binary_or_local,data/raw/,
data/raw/morpho_full_window/shards/range_000262_376607376_376687376.jsonl,74191,EXCLUDE,gitignored_raw_cache_binary_or_local,data/raw/,
data/raw/morpho_full_window/shards/range_000263_376687376_376767376.jsonl,74411,EXCLUDE,gitignored_raw_cache_binary_or_local,data/raw/,
data/raw/morpho_full_window/shards/range_000264_376767376_376847376.jsonl,42032,EXCLUDE,gitignored_raw_cache_binary_or_local,data/raw/,
data/raw/morpho_full_window/shards/range_000265_376847376_376927376.jsonl,164843,EXCLUDE,gitignored_raw_cache_binary_or_local,data/raw/,
data/raw/morpho_full_window/shards/range_000266_376927376_377007376.jsonl,227396,EXCLUDE,gitignored_raw_cache_binary_or_local,data/raw/,
data/raw/morpho_full_window/shards/range_000267_377007376_377087376.jsonl,160186,EXCLUDE,gitignored_raw_cache_binary_or_local,data/raw/,
data/raw/morpho_full_window/shards/range_000268_377087376_377167376.jsonl,90289,EXCLUDE,gitignored_raw_cache_binary_or_local,data/raw/,
data/raw/morpho_full_window/shards/range_000269_377167376_377247376.jsonl,66958,EXCLUDE,gitignored_raw_cache_binary_or_local,data/raw/,
data/raw/morpho_full_window/shards/range_000270_377247376_377327376.jsonl,269290,EXCLUDE,gitignored_raw_cache_binary_or_local,data/raw/,
data/raw/morpho_full_window/shards/range_000271_377327376_377407376.jsonl,258166,EXCLUDE,gitignored_raw_cache_binary_or_local,data/raw/,
data/raw/morpho_full_window/shards/range_000272_377407376_377487376.jsonl,82440,EXCLUDE,gitignored_raw_cache_binary_or_local,data/raw/,
data/raw/morpho_full_window/shards/range_000273_377487376_377567376.jsonl,364143,EXCLUDE,gitignored_raw_cache_binary_or_local,data/raw/,
data/raw/morpho_full_window/shards/range_000274_377567376_377647376.jsonl,301053,EXCLUDE,gitignored_raw_cache_binary_or_local,data/raw/,
data/raw/morpho_full_window/shards/range_000275_377647376_377727376.jsonl,245956,EXCLUDE,gitignored_raw_cache_binary_or_local,data/raw/,
data/raw/morpho_full_window/shards/range_000276_377727376_377807376.jsonl,212342,EXCLUDE,gitignored_raw_cache_binary_or_local,data/raw/,
data/raw/morpho_full_window/shards/range_000277_377807376_377887376.jsonl,137826,EXCLUDE,gitignored_raw_cache_binary_or_local,data/raw/,
data/raw/morpho_full_window/shards/range_000278_377887376_377967376.jsonl,146264,EXCLUDE,gitignored_raw_cache_binary_or_local,data/raw/,
data/raw/morpho_full_window/shards/range_000279_377967376_378047376.jsonl,199863,EXCLUDE,gitignored_raw_cache_binary_or_local,data/raw/,
data/raw/morpho_full_window/shards/range_000280_378047376_378127376.jsonl,353277,EXCLUDE,gitignored_raw_cache_binary_or_local,data/raw/,
data/raw/morpho_full_window/shards/range_000281_378127376_378207376.jsonl,148919,EXCLUDE,gitignored_raw_cache_binary_or_local,data/raw/,
data/raw/morpho_full_window/shards/range_000282_378207376_378287376.jsonl,92912,EXCLUDE,gitignored_raw_cache_binary_or_local,data/raw/,
data/raw/morpho_full_window/shards/range_000283_378287376_378367376.jsonl,175963,EXCLUDE,gitignored_raw_cache_binary_or_local,data/raw/,
data/raw/morpho_full_window/shards/range_000284_378367376_378447376.jsonl,152419,EXCLUDE,gitignored_raw_cache_binary_or_local,data/raw/,
data/raw/morpho_full_window/shards/range_000285_378447376_378527376.jsonl,114992,EXCLUDE,gitignored_raw_cache_binary_or_local,data/raw/,
data/raw/morpho_full_window/shards/range_000286_378527376_378607376.jsonl,130117,EXCLUDE,gitignored_raw_cache_binary_or_local,data/raw/,
data/raw/morpho_full_window/shards/range_000287_378607376_378687376.jsonl,111211,EXCLUDE,gitignored_raw_cache_binary_or_local,data/raw/,
data/raw/morpho_full_window/shards/range_000288_378687376_378767376.jsonl,158690,EXCLUDE,gitignored_raw_cache_binary_or_local,data/raw/,
data/raw/morpho_full_window/shards/range_000289_378767376_378847376.jsonl,97693,EXCLUDE,gitignored_raw_cache_binary_or_local,data/raw/,
data/raw/morpho_full_window/shards/range_000290_378847376_378927376.jsonl,37046,EXCLUDE,gitignored_raw_cache_binary_or_local,data/raw/,
data/raw/morpho_full_window/shards/range_000291_378927376_379007376.jsonl,142678,EXCLUDE,gitignored_raw_cache_binary_or_local,data/raw/,
data/raw/morpho_full_window/shards/range_000292_379007376_379087376.jsonl,230640,EXCLUDE,gitignored_raw_cache_binary_or_local,data/raw/,
data/raw/morpho_full_window/shards/range_000293_379087376_379167376.jsonl,215744,EXCLUDE,gitignored_raw_cache_binary_or_local,data/raw/,
data/raw/morpho_full_window/shards/range_000294_379167376_379247376.jsonl,398921,EXCLUDE,gitignored_raw_cache_binary_or_local,data/raw/,
data/raw/morpho_full_window/shards/range_000295_379247376_379327376.jsonl,353543,EXCLUDE,gitignored_raw_cache_binary_or_local,data/raw/,
data/raw/morpho_full_window/shards/range_000296_379327376_379407376.jsonl,178470,EXCLUDE,gitignored_raw_cache_binary_or_local,data/raw/,
data/raw/morpho_full_window/shards/range_000297_379407376_379487376.jsonl,433056,EXCLUDE,gitignored_raw_cache_binary_or_local,data/raw/,
data/raw/morpho_full_window/shards/range_000298_379487376_379567376.jsonl,298927,EXCLUDE,gitignored_raw_cache_binary_or_local,data/raw/,
data/raw/morpho_full_window/shards/range_000299_379567376_379647376.jsonl,240604,EXCLUDE,gitignored_raw_cache_binary_or_local,data/raw/,
data/raw/morpho_full_window/shards/range_000300_379647376_379727376.jsonl,365991,EXCLUDE,gitignored_raw_cache_binary_or_local,data/raw/,
data/raw/morpho_full_window/shards/range_000301_379727376_379807376.jsonl,493513,EXCLUDE,gitignored_raw_cache_binary_or_local,data/raw/,
data/raw/morpho_full_window/shards/range_000302_379807376_379887376.jsonl,280522,EXCLUDE,gitignored_raw_cache_binary_or_local,data/raw/,
data/raw/morpho_full_window/shards/range_000303_379887376_379967376.jsonl,301528,EXCLUDE,gitignored_raw_cache_binary_or_local,data/raw/,
data/raw/morpho_full_window/shards/range_000304_379967376_380047376.jsonl,531715,EXCLUDE,gitignored_raw_cache_binary_or_local,data/raw/,
data/raw/morpho_full_window/shards/range_000305_380047376_380127376.jsonl,439739,EXCLUDE,gitignored_raw_cache_binary_or_local,data/raw/,
data/raw/morpho_full_window/shards/range_000306_380127376_380207376.jsonl,625958,EXCLUDE,gitignored_raw_cache_binary_or_local,data/raw/,
data/raw/morpho_full_window/shards/range_000307_380207376_380287376.jsonl,276557,EXCLUDE,gitignored_raw_cache_binary_or_local,data/raw/,
data/raw/morpho_full_window/shards/range_000308_380287376_380367376.jsonl,368777,EXCLUDE,gitignored_raw_cache_binary_or_local,data/raw/,
data/raw/morpho_full_window/shards/range_000309_380367376_380447376.jsonl,376816,EXCLUDE,gitignored_raw_cache_binary_or_local,data/raw/,
data/raw/morpho_full_window/shards/range_000310_380447376_380527376.jsonl,584426,EXCLUDE,gitignored_raw_cache_binary_or_local,data/raw/,
data/raw/morpho_full_window/shards/range_000311_380527376_380607376.jsonl,435345,EXCLUDE,gitignored_raw_cache_binary_or_local,data/raw/,
data/raw/morpho_full_window/shards/range_000312_380607376_380687376.jsonl,517937,EXCLUDE,gitignored_raw_cache_binary_or_local,data/raw/,
data/raw/morpho_full_window/shards/range_000313_380687376_380767376.jsonl,512748,EXCLUDE,gitignored_raw_cache_binary_or_local,data/raw/,
data/raw/morpho_full_window/shards/range_000314_380767376_380847376.jsonl,1377087,EXCLUDE,gitignored_raw_cache_binary_or_local,data/raw/,
data/raw/morpho_full_window/shards/range_000315_380847376_380887376.jsonl,870446,EXCLUDE,gitignored_raw_cache_binary_or_local,data/raw/,
data/raw/morpho_full_window/shards/range_000316_380887376_380907376.jsonl,276987,EXCLUDE,gitignored_raw_cache_binary_or_local,data/raw/,
data/raw/morpho_full_window/shards/range_000317_380907376_380927376.jsonl,195991,EXCLUDE,gitignored_raw_cache_binary_or_local,data/raw/,
data/raw/morpho_full_window/shards/range_000318_380927376_380947376.jsonl,93285,EXCLUDE,gitignored_raw_cache_binary_or_local,data/raw/,
data/raw/morpho_full_window/shards/range_000319_380947376_380967376.jsonl,149911,EXCLUDE,gitignored_raw_cache_binary_or_local,data/raw/,
data/raw/morpho_full_window/shards/range_000320_380967376_380987376.jsonl,264095,EXCLUDE,gitignored_raw_cache_binary_or_local,data/raw/,
data/raw/morpho_full_window/shards/range_000321_380987376_381007376.jsonl,124258,EXCLUDE,gitignored_raw_cache_binary_or_local,data/raw/,
data/raw/morpho_full_window/shards/range_000322_381007376_381027376.jsonl,103294,EXCLUDE,gitignored_raw_cache_binary_or_local,data/raw/,
data/raw/morpho_full_window/shards/range_000323_381027376_381047376.jsonl,122124,EXCLUDE,gitignored_raw_cache_binary_or_local,data/raw/,
data/raw/morpho_full_window/shards/range_000324_381047376_381067376.jsonl,273634,EXCLUDE,gitignored_raw_cache_binary_or_local,data/raw/,
data/raw/morpho_full_window/shards/range_000325_381067376_381087376.jsonl,349934,EXCLUDE,gitignored_raw_cache_binary_or_local,data/raw/,
data/raw/morpho_full_window/shards/range_000326_381087376_381107376.jsonl,274949,EXCLUDE,gitignored_raw_cache_binary_or_local,data/raw/,
data/raw/morpho_full_window/shards/range_000327_381107376_381127376.jsonl,327411,EXCLUDE,gitignored_raw_cache_binary_or_local,data/raw/,
data/raw/morpho_full_window/shards/range_000328_381127376_381147376.jsonl,341206,EXCLUDE,gitignored_raw_cache_binary_or_local,data/raw/,
data/raw/morpho_full_window/shards/range_000329_381147376_381167376.jsonl,206987,EXCLUDE,gitignored_raw_cache_binary_or_local,data/raw/,
data/raw/morpho_full_window/shards/range_000330_381167376_381187376.jsonl,247586,EXCLUDE,gitignored_raw_cache_binary_or_local,data/raw/,
data/raw/morpho_full_window/shards/range_000331_381187376_381207376.jsonl,91999,EXCLUDE,gitignored_raw_cache_binary_or_local,data/raw/,
data/raw/morpho_full_window/shards/range_000332_381207376_381247376.jsonl,305124,EXCLUDE,gitignored_raw_cache_binary_or_local,data/raw/,
data/raw/morpho_full_window/shards/range_000333_381247376_381287376.jsonl,110183,EXCLUDE,gitignored_raw_cache_binary_or_local,data/raw/,
data/raw/morpho_full_window/shards/range_000334_381287376_381327376.jsonl,189054,EXCLUDE,gitignored_raw_cache_binary_or_local,data/raw/,
data/raw/morpho_full_window/shards/range_000335_381327376_381367376.jsonl,245433,EXCLUDE,gitignored_raw_cache_binary_or_local,data/raw/,
data/raw/morpho_full_window/shards/range_000336_381367376_381407376.jsonl,156303,EXCLUDE,gitignored_raw_cache_binary_or_local,data/raw/,
data/raw/morpho_full_window/shards/range_000337_381407376_381447376.jsonl,275872,EXCLUDE,gitignored_raw_cache_binary_or_local,data/raw/,
data/raw/morpho_full_window/shards/range_000338_381447376_381487376.jsonl,290798,EXCLUDE,gitignored_raw_cache_binary_or_local,data/raw/,
data/raw/morpho_full_window/shards/range_000339_381487376_381527376.jsonl,322952,EXCLUDE,gitignored_raw_cache_binary_or_local,data/raw/,
data/raw/morpho_full_window/shards/range_000340_381527376_381567376.jsonl,535134,EXCLUDE,gitignored_raw_cache_binary_or_local,data/raw/,
data/raw/morpho_full_window/shards/range_000341_381567376_381607376.jsonl,188340,EXCLUDE,gitignored_raw_cache_binary_or_local,data/raw/,
data/raw/morpho_full_window/shards/range_000342_381607376_381647376.jsonl,77301,EXCLUDE,gitignored_raw_cache_binary_or_local,data/raw/,
data/raw/morpho_full_window/shards/range_000343_381647376_381727376.jsonl,506670,EXCLUDE,gitignored_raw_cache_binary_or_local,data/raw/,
data/raw/morpho_full_window/shards/range_000344_381727376_381807376.jsonl,1182995,EXCLUDE,gitignored_raw_cache_binary_or_local,data/raw/,
data/raw/morpho_full_window/shards/range_000345_381807376_381847376.jsonl,424248,EXCLUDE,gitignored_raw_cache_binary_or_local,data/raw/,
data/raw/morpho_full_window/shards/range_000346_381847376_381887376.jsonl,304164,EXCLUDE,gitignored_raw_cache_binary_or_local,data/raw/,
data/raw/morpho_full_window/shards/range_000347_381887376_381927376.jsonl,404839,EXCLUDE,gitignored_raw_cache_binary_or_local,data/raw/,
data/raw/morpho_full_window/shards/range_000348_381927376_381967376.jsonl,426428,EXCLUDE,gitignored_raw_cache_binary_or_local,data/raw/,
data/raw/morpho_full_window/shards/range_000349_381967376_382007376.jsonl,139101,EXCLUDE,gitignored_raw_cache_binary_or_local,data/raw/,
data/raw/morpho_full_window/shards/range_000350_382007376_382047376.jsonl,489959,EXCLUDE,gitignored_raw_cache_binary_or_local,data/raw/,
data/raw/morpho_full_window/shards/range_000351_382047376_382087376.jsonl,363500,EXCLUDE,gitignored_raw_cache_binary_or_local,data/raw/,
data/raw/morpho_full_window/shards/range_000352_382087376_382127376.jsonl,334813,EXCLUDE,gitignored_raw_cache_binary_or_local,data/raw/,
data/raw/morpho_full_window/shards/range_000353_382127376_382167376.jsonl,537746,EXCLUDE,gitignored_raw_cache_binary_or_local,data/raw/,
data/raw/morpho_full_window/shards/range_000354_382167376_382207376.jsonl,679231,EXCLUDE,gitignored_raw_cache_binary_or_local,data/raw/,
data/raw/morpho_full_window/shards/range_000355_382207376_382227376.jsonl,396580,EXCLUDE,gitignored_raw_cache_binary_or_local,data/raw/,
data/raw/morpho_full_window/shards/range_000356_382227376_382247376.jsonl,390383,EXCLUDE,gitignored_raw_cache_binary_or_local,data/raw/,
data/raw/morpho_full_window/shards/range_000357_382247376_382267376.jsonl,293864,EXCLUDE,gitignored_raw_cache_binary_or_local,data/raw/,
data/raw/morpho_full_window/shards/range_000358_382267376_382287376.jsonl,241299,EXCLUDE,gitignored_raw_cache_binary_or_local,data/raw/,
data/raw/morpho_full_window/shards/range_000359_382287376_382307376.jsonl,102273,EXCLUDE,gitignored_raw_cache_binary_or_local,data/raw/,
data/raw/morpho_full_window/shards/range_000360_382307376_382327376.jsonl,80039,EXCLUDE,gitignored_raw_cache_binary_or_local,data/raw/,
data/raw/morpho_full_window/shards/range_000361_382327376_382367376.jsonl,358574,EXCLUDE,gitignored_raw_cache_binary_or_local,data/raw/,
data/raw/morpho_full_window/shards/range_000362_382367376_382407376.jsonl,359058,EXCLUDE,gitignored_raw_cache_binary_or_local,data/raw/,
data/raw/morpho_full_window/shards/range_000363_382407376_382447376.jsonl,481422,EXCLUDE,gitignored_raw_cache_binary_or_local,data/raw/,
data/raw/morpho_full_window/shards/range_000364_382447376_382487376.jsonl,534090,EXCLUDE,gitignored_raw_cache_binary_or_local,data/raw/,
data/raw/morpho_full_window/shards/range_000365_382487376_382527376.jsonl,208626,EXCLUDE,gitignored_raw_cache_binary_or_local,data/raw/,
data/raw/morpho_full_window/shards/range_000366_382527376_382567376.jsonl,475031,EXCLUDE,gitignored_raw_cache_binary_or_local,data/raw/,
data/raw/morpho_full_window/shards/range_000367_382567376_382607376.jsonl,469735,EXCLUDE,gitignored_raw_cache_binary_or_local,data/raw/,
data/raw/morpho_full_window/shards/range_000368_382607376_382647376.jsonl,491272,EXCLUDE,gitignored_raw_cache_binary_or_local,data/raw/,
data/raw/morpho_full_window/shards/range_000369_382647376_382687376.jsonl,241694,EXCLUDE,gitignored_raw_cache_binary_or_local,data/raw/,
data/raw/morpho_full_window/shards/range_000370_382687376_382727376.jsonl,472980,EXCLUDE,gitignored_raw_cache_binary_or_local,data/raw/,
data/raw/morpho_full_window/shards/range_000371_382727376_382767376.jsonl,529443,EXCLUDE,gitignored_raw_cache_binary_or_local,data/raw/,
data/raw/morpho_full_window/shards/range_000372_382767376_382807376.jsonl,376432,EXCLUDE,gitignored_raw_cache_binary_or_local,data/raw/,
data/raw/morpho_full_window/shards/range_000373_382807376_382847376.jsonl,456291,EXCLUDE,gitignored_raw_cache_binary_or_local,data/raw/,
data/raw/morpho_full_window/shards/range_000374_382847376_382887376.jsonl,735288,EXCLUDE,gitignored_raw_cache_binary_or_local,data/raw/,
data/raw/morpho_full_window/shards/range_000375_382887376_382907376.jsonl,419506,EXCLUDE,gitignored_raw_cache_binary_or_local,data/raw/,
data/raw/morpho_full_window/shards/range_000376_382907376_382927376.jsonl,576758,EXCLUDE,gitignored_raw_cache_binary_or_local,data/raw/,
data/raw/morpho_full_window/shards/range_000377_382927376_382947376.jsonl,218586,EXCLUDE,gitignored_raw_cache_binary_or_local,data/raw/,
data/raw/morpho_full_window/shards/range_000378_382947376_382967376.jsonl,282375,EXCLUDE,gitignored_raw_cache_binary_or_local,data/raw/,
data/raw/morpho_full_window/shards/range_000379_382967376_382987376.jsonl,220338,EXCLUDE,gitignored_raw_cache_binary_or_local,data/raw/,
data/raw/morpho_full_window/shards/range_000380_382987376_383007376.jsonl,119075,EXCLUDE,gitignored_raw_cache_binary_or_local,data/raw/,
data/raw/morpho_full_window/shards/range_000381_383007376_383027376.jsonl,164753,EXCLUDE,gitignored_raw_cache_binary_or_local,data/raw/,
data/raw/morpho_full_window/shards/range_000382_383027376_383047376.jsonl,139190,EXCLUDE,gitignored_raw_cache_binary_or_local,data/raw/,
data/raw/morpho_full_window/shards/range_000383_383047376_383067376.jsonl,129470,EXCLUDE,gitignored_raw_cache_binary_or_local,data/raw/,
data/raw/morpho_full_window/shards/range_000384_383067376_383087376.jsonl,585097,EXCLUDE,gitignored_raw_cache_binary_or_local,data/raw/,
data/raw/morpho_full_window/shards/range_000385_383087376_383107376.jsonl,357672,EXCLUDE,gitignored_raw_cache_binary_or_local,data/raw/,
data/raw/morpho_full_window/shards/range_000386_383107376_383127376.jsonl,133361,EXCLUDE,gitignored_raw_cache_binary_or_local,data/raw/,
data/raw/morpho_full_window/shards/range_000387_383127376_383147376.jsonl,142331,EXCLUDE,gitignored_raw_cache_binary_or_local,data/raw/,
data/raw/morpho_full_window/shards/range_000388_383147376_383167376.jsonl,194004,EXCLUDE,gitignored_raw_cache_binary_or_local,data/raw/,
data/raw/morpho_full_window/shards/range_000389_383167376_383187376.jsonl,116694,EXCLUDE,gitignored_raw_cache_binary_or_local,data/raw/,
data/raw/morpho_full_window/shards/range_000390_383187376_383207376.jsonl,251854,EXCLUDE,gitignored_raw_cache_binary_or_local,data/raw/,
data/raw/morpho_full_window/shards/range_000391_383207376_383227376.jsonl,240688,EXCLUDE,gitignored_raw_cache_binary_or_local,data/raw/,
data/raw/morpho_full_window/shards/range_000392_383227376_383247376.jsonl,197869,EXCLUDE,gitignored_raw_cache_binary_or_local,data/raw/,
data/raw/morpho_full_window/shards/range_000393_383247376_383267376.jsonl,98117,EXCLUDE,gitignored_raw_cache_binary_or_local,data/raw/,
data/raw/morpho_full_window/shards/range_000394_383267376_383287376.jsonl,162679,EXCLUDE,gitignored_raw_cache_binary_or_local,data/raw/,
data/raw/morpho_full_window/shards/range_000395_383287376_383307376.jsonl,74749,EXCLUDE,gitignored_raw_cache_binary_or_local,data/raw/,
data/raw/morpho_full_window/shards/range_000396_383307376_383347376.jsonl,295027,EXCLUDE,gitignored_raw_cache_binary_or_local,data/raw/,
data/raw/morpho_full_window/shards/range_000397_383347376_383387376.jsonl,133628,EXCLUDE,gitignored_raw_cache_binary_or_local,data/raw/,
data/raw/morpho_full_window/shards/range_000398_383387376_383427376.jsonl,250358,EXCLUDE,gitignored_raw_cache_binary_or_local,data/raw/,
data/raw/morpho_full_window/shards/range_000399_383427376_383467376.jsonl,208508,EXCLUDE,gitignored_raw_cache_binary_or_local,data/raw/,
data/raw/morpho_full_window/shards/range_000400_383467376_383507376.jsonl,205931,EXCLUDE,gitignored_raw_cache_binary_or_local,data/raw/,
data/raw/morpho_full_window/shards/range_000401_383507376_383547376.jsonl,216131,EXCLUDE,gitignored_raw_cache_binary_or_local,data/raw/,
data/raw/morpho_full_window/shards/range_000402_383547376_383587376.jsonl,240265,EXCLUDE,gitignored_raw_cache_binary_or_local,data/raw/,
data/raw/morpho_full_window/shards/range_000403_383587376_383627376.jsonl,328749,EXCLUDE,gitignored_raw_cache_binary_or_local,data/raw/,
data/raw/morpho_full_window/shards/range_000404_383627376_383667376.jsonl,357246,EXCLUDE,gitignored_raw_cache_binary_or_local,data/raw/,
data/raw/morpho_full_window/shards/range_000405_383667376_383707376.jsonl,180459,EXCLUDE,gitignored_raw_cache_binary_or_local,data/raw/,
data/raw/morpho_full_window/shards/range_000406_383707376_383747376.jsonl,218386,EXCLUDE,gitignored_raw_cache_binary_or_local,data/raw/,
data/raw/morpho_full_window/shards/range_000407_383747376_383787376.jsonl,628881,EXCLUDE,gitignored_raw_cache_binary_or_local,data/raw/,
data/raw/morpho_full_window/shards/range_000408_383787376_383827376.jsonl,267041,EXCLUDE,gitignored_raw_cache_binary_or_local,data/raw/,
data/raw/morpho_full_window/shards/range_000409_383827376_383867376.jsonl,291101,EXCLUDE,gitignored_raw_cache_binary_or_local,data/raw/,
data/raw/morpho_full_window/shards/range_000410_383867376_383907376.jsonl,223347,EXCLUDE,gitignored_raw_cache_binary_or_local,data/raw/,
data/raw/morpho_full_window/shards/range_000411_383907376_383947376.jsonl,517558,EXCLUDE,gitignored_raw_cache_binary_or_local,data/raw/,
data/raw/morpho_full_window/shards/range_000412_383947376_383987376.jsonl,244754,EXCLUDE,gitignored_raw_cache_binary_or_local,data/raw/,
data/raw/morpho_full_window/shards/range_000413_383987376_384027376.jsonl,268053,EXCLUDE,gitignored_raw_cache_binary_or_local,data/raw/,
data/raw/morpho_full_window/shards/range_000414_384027376_384067376.jsonl,124088,EXCLUDE,gitignored_raw_cache_binary_or_local,data/raw/,
data/raw/morpho_full_window/shards/range_000415_384067376_384107376.jsonl,181303,EXCLUDE,gitignored_raw_cache_binary_or_local,data/raw/,
data/raw/morpho_full_window/shards/range_000416_384107376_384147376.jsonl,565667,EXCLUDE,gitignored_raw_cache_binary_or_local,data/raw/,
data/raw/morpho_full_window/shards/range_000417_384147376_384187376.jsonl,439637,EXCLUDE,gitignored_raw_cache_binary_or_local,data/raw/,
data/raw/morpho_full_window/shards/range_000418_384187376_384227376.jsonl,356123,EXCLUDE,gitignored_raw_cache_binary_or_local,data/raw/,
data/raw/morpho_full_window/shards/range_000419_384227376_384267376.jsonl,316573,EXCLUDE,gitignored_raw_cache_binary_or_local,data/raw/,
data/raw/morpho_full_window/shards/range_000420_384267376_384307376.jsonl,118321,EXCLUDE,gitignored_raw_cache_binary_or_local,data/raw/,
data/raw/morpho_full_window/shards/range_000421_384307376_384347376.jsonl,226586,EXCLUDE,gitignored_raw_cache_binary_or_local,data/raw/,
data/raw/morpho_full_window/shards/range_000422_384347376_384387376.jsonl,220522,EXCLUDE,gitignored_raw_cache_binary_or_local,data/raw/,
data/raw/morpho_full_window/shards/range_000423_384387376_384427376.jsonl,224459,EXCLUDE,gitignored_raw_cache_binary_or_local,data/raw/,
data/raw/morpho_full_window/shards/range_000424_384427376_384467376.jsonl,430689,EXCLUDE,gitignored_raw_cache_binary_or_local,data/raw/,
data/raw/morpho_full_window/shards/range_000425_384467376_384507376.jsonl,311472,EXCLUDE,gitignored_raw_cache_binary_or_local,data/raw/,
data/raw/morpho_full_window/shards/range_000426_384507376_384547376.jsonl,351489,EXCLUDE,gitignored_raw_cache_binary_or_local,data/raw/,
data/raw/morpho_full_window/shards/range_000427_384547376_384587376.jsonl,198220,EXCLUDE,gitignored_raw_cache_binary_or_local,data/raw/,
data/raw/morpho_full_window/shards/range_000428_384587376_384627376.jsonl,278258,EXCLUDE,gitignored_raw_cache_binary_or_local,data/raw/,
data/raw/morpho_full_window/shards/range_000429_384627376_384667376.jsonl,195948,EXCLUDE,gitignored_raw_cache_binary_or_local,data/raw/,
data/raw/morpho_full_window/shards/range_000430_384667376_384707376.jsonl,221364,EXCLUDE,gitignored_raw_cache_binary_or_local,data/raw/,
data/raw/morpho_full_window/shards/range_000431_384707376_384747376.jsonl,130278,EXCLUDE,gitignored_raw_cache_binary_or_local,data/raw/,
data/raw/morpho_full_window/shards/range_000432_384747376_384787376.jsonl,145012,EXCLUDE,gitignored_raw_cache_binary_or_local,data/raw/,
data/raw/morpho_full_window/shards/range_000433_384787376_384827376.jsonl,301756,EXCLUDE,gitignored_raw_cache_binary_or_local,data/raw/,
data/raw/morpho_full_window/shards/range_000434_384827376_384867376.jsonl,597359,EXCLUDE,gitignored_raw_cache_binary_or_local,data/raw/,
data/raw/morpho_full_window/shards/range_000435_384867376_384907376.jsonl,599109,EXCLUDE,gitignored_raw_cache_binary_or_local,data/raw/,
data/raw/morpho_full_window/shards/range_000436_384907376_384947376.jsonl,521241,EXCLUDE,gitignored_raw_cache_binary_or_local,data/raw/,
data/raw/morpho_full_window/shards/range_000437_384947376_384987376.jsonl,400178,EXCLUDE,gitignored_raw_cache_binary_or_local,data/raw/,
data/raw/morpho_full_window/shards/range_000438_384987376_385027376.jsonl,404515,EXCLUDE,gitignored_raw_cache_binary_or_local,data/raw/,
data/raw/morpho_full_window/shards/range_000439_385027376_385067376.jsonl,234256,EXCLUDE,gitignored_raw_cache_binary_or_local,data/raw/,
data/raw/morpho_full_window/shards/range_000440_385067376_385107376.jsonl,175595,EXCLUDE,gitignored_raw_cache_binary_or_local,data/raw/,
data/raw/morpho_full_window/shards/range_000441_385107376_385147376.jsonl,257818,EXCLUDE,gitignored_raw_cache_binary_or_local,data/raw/,
data/raw/morpho_full_window/shards/range_000442_385147376_385187376.jsonl,976439,EXCLUDE,gitignored_raw_cache_binary_or_local,data/raw/,
data/raw/morpho_full_window/shards/range_000443_385187376_385207376.jsonl,132654,EXCLUDE,gitignored_raw_cache_binary_or_local,data/raw/,
data/raw/morpho_full_window/shards/range_000444_385207376_385227376.jsonl,183850,EXCLUDE,gitignored_raw_cache_binary_or_local,data/raw/,
data/raw/morpho_full_window/shards/range_000445_385227376_385247376.jsonl,219179,EXCLUDE,gitignored_raw_cache_binary_or_local,data/raw/,
data/raw/morpho_full_window/shards/range_000446_385247376_385267376.jsonl,125690,EXCLUDE,gitignored_raw_cache_binary_or_local,data/raw/,
data/raw/morpho_full_window/shards/range_000447_385267376_385287376.jsonl,112863,EXCLUDE,gitignored_raw_cache_binary_or_local,data/raw/,
data/raw/morpho_full_window/shards/range_000448_385287376_385307376.jsonl,190392,EXCLUDE,gitignored_raw_cache_binary_or_local,data/raw/,
data/raw/morpho_full_window/shards/range_000449_385307376_385327376.jsonl,156225,EXCLUDE,gitignored_raw_cache_binary_or_local,data/raw/,
data/raw/morpho_full_window/shards/range_000450_385327376_385347376.jsonl,150926,EXCLUDE,gitignored_raw_cache_binary_or_local,data/raw/,
data/raw/morpho_full_window/shards/range_000451_385347376_385367376.jsonl,246733,EXCLUDE,gitignored_raw_cache_binary_or_local,data/raw/,
data/raw/morpho_full_window/shards/range_000452_385367376_385387376.jsonl,162246,EXCLUDE,gitignored_raw_cache_binary_or_local,data/raw/,
data/raw/morpho_full_window/shards/range_000453_385387376_385407376.jsonl,150326,EXCLUDE,gitignored_raw_cache_binary_or_local,data/raw/,
data/raw/morpho_full_window/shards/range_000454_385407376_385427376.jsonl,100076,EXCLUDE,gitignored_raw_cache_binary_or_local,data/raw/,
data/raw/morpho_full_window/shards/range_000455_385427376_385447376.jsonl,78350,EXCLUDE,gitignored_raw_cache_binary_or_local,data/raw/,
data/raw/morpho_full_window/shards/range_000456_385447376_385487376.jsonl,276971,EXCLUDE,gitignored_raw_cache_binary_or_local,data/raw/,
data/raw/morpho_full_window/shards/range_000457_385487376_385527376.jsonl,388040,EXCLUDE,gitignored_raw_cache_binary_or_local,data/raw/,
data/raw/morpho_full_window/shards/range_000458_385527376_385567376.jsonl,915924,EXCLUDE,gitignored_raw_cache_binary_or_local,data/raw/,
data/raw/morpho_full_window/shards/range_000459_385567376_385587376.jsonl,470695,EXCLUDE,gitignored_raw_cache_binary_or_local,data/raw/,
data/raw/morpho_full_window/shards/range_000460_385587376_385607376.jsonl,201112,EXCLUDE,gitignored_raw_cache_binary_or_local,data/raw/,
data/raw/morpho_full_window/shards/range_000461_385607376_385627376.jsonl,114556,EXCLUDE,gitignored_raw_cache_binary_or_local,data/raw/,
data/raw/morpho_full_window/shards/range_000462_385627376_385647376.jsonl,103800,EXCLUDE,gitignored_raw_cache_binary_or_local,data/raw/,
data/raw/morpho_full_window/shards/range_000463_385647376_385667376.jsonl,147425,EXCLUDE,gitignored_raw_cache_binary_or_local,data/raw/,
data/raw/morpho_full_window/shards/range_000464_385667376_385687376.jsonl,312004,EXCLUDE,gitignored_raw_cache_binary_or_local,data/raw/,
data/raw/morpho_full_window/shards/range_000465_385687376_385707376.jsonl,219261,EXCLUDE,gitignored_raw_cache_binary_or_local,data/raw/,
data/raw/morpho_full_window/shards/range_000466_385707376_385727376.jsonl,186722,EXCLUDE,gitignored_raw_cache_binary_or_local,data/raw/,
data/raw/morpho_full_window/shards/range_000467_385727376_385747376.jsonl,121924,EXCLUDE,gitignored_raw_cache_binary_or_local,data/raw/,
data/raw/morpho_full_window/shards/range_000468_385747376_385767376.jsonl,138271,EXCLUDE,gitignored_raw_cache_binary_or_local,data/raw/,
data/raw/morpho_full_window/shards/range_000469_385767376_385787376.jsonl,101382,EXCLUDE,gitignored_raw_cache_binary_or_local,data/raw/,
data/raw/morpho_full_window/shards/range_000470_385787376_385807376.jsonl,116140,EXCLUDE,gitignored_raw_cache_binary_or_local,data/raw/,
data/raw/morpho_full_window/shards/range_000471_385807376_385827376.jsonl,134006,EXCLUDE,gitignored_raw_cache_binary_or_local,data/raw/,
data/raw/morpho_full_window/shards/range_000472_385827376_385847376.jsonl,195111,EXCLUDE,gitignored_raw_cache_binary_or_local,data/raw/,
data/raw/morpho_full_window/shards/range_000473_385847376_385867376.jsonl,210638,EXCLUDE,gitignored_raw_cache_binary_or_local,data/raw/,
data/raw/morpho_full_window/shards/range_000474_385867376_385887376.jsonl,174559,EXCLUDE,gitignored_raw_cache_binary_or_local,data/raw/,
data/raw/morpho_full_window/shards/range_000475_385887376_385907376.jsonl,149060,EXCLUDE,gitignored_raw_cache_binary_or_local,data/raw/,
data/raw/morpho_full_window/shards/range_000476_385907376_385927376.jsonl,174353,EXCLUDE,gitignored_raw_cache_binary_or_local,data/raw/,
data/raw/morpho_full_window/shards/range_000477_385927376_385947376.jsonl,218416,EXCLUDE,gitignored_raw_cache_binary_or_local,data/raw/,
data/raw/morpho_full_window/shards/range_000478_385947376_385967376.jsonl,123073,EXCLUDE,gitignored_raw_cache_binary_or_local,data/raw/,
data/raw/morpho_full_window/shards/range_000479_385967376_385987376.jsonl,116602,EXCLUDE,gitignored_raw_cache_binary_or_local,data/raw/,
data/raw/morpho_full_window/shards/range_000480_385987376_386007376.jsonl,308239,EXCLUDE,gitignored_raw_cache_binary_or_local,data/raw/,
data/raw/morpho_full_window/shards/range_000481_386007376_386027376.jsonl,584662,EXCLUDE,gitignored_raw_cache_binary_or_local,data/raw/,
data/raw/morpho_full_window/shards/range_000482_386027376_386047376.jsonl,222271,EXCLUDE,gitignored_raw_cache_binary_or_local,data/raw/,
data/raw/morpho_full_window/shards/range_000483_386047376_386067376.jsonl,171951,EXCLUDE,gitignored_raw_cache_binary_or_local,data/raw/,
data/raw/morpho_full_window/shards/range_000484_386067376_386087376.jsonl,173295,EXCLUDE,gitignored_raw_cache_binary_or_local,data/raw/,
data/raw/morpho_full_window/shards/range_000485_386087376_386107376.jsonl,136058,EXCLUDE,gitignored_raw_cache_binary_or_local,data/raw/,
data/raw/morpho_full_window/shards/range_000486_386107376_386127376.jsonl,53266,EXCLUDE,gitignored_raw_cache_binary_or_local,data/raw/,
data/raw/morpho_full_window/shards/range_000487_386127376_386167376.jsonl,116176,EXCLUDE,gitignored_raw_cache_binary_or_local,data/raw/,
data/raw/morpho_full_window/shards/range_000488_386167376_386207376.jsonl,195870,EXCLUDE,gitignored_raw_cache_binary_or_local,data/raw/,
data/raw/morpho_full_window/shards/range_000489_386207376_386247376.jsonl,299841,EXCLUDE,gitignored_raw_cache_binary_or_local,data/raw/,
data/raw/morpho_full_window/shards/range_000490_386247376_386287376.jsonl,335399,EXCLUDE,gitignored_raw_cache_binary_or_local,data/raw/,
data/raw/morpho_full_window/shards/range_000491_386287376_386327376.jsonl,359041,EXCLUDE,gitignored_raw_cache_binary_or_local,data/raw/,
data/raw/morpho_full_window/shards/range_000492_386327376_386367376.jsonl,245709,EXCLUDE,gitignored_raw_cache_binary_or_local,data/raw/,
data/raw/morpho_full_window/shards/range_000493_386367376_386407376.jsonl,388926,EXCLUDE,gitignored_raw_cache_binary_or_local,data/raw/,
data/raw/morpho_full_window/shards/range_000494_386407376_386447376.jsonl,208339,EXCLUDE,gitignored_raw_cache_binary_or_local,data/raw/,
data/raw/morpho_full_window/shards/range_000495_386447376_386487376.jsonl,140343,EXCLUDE,gitignored_raw_cache_binary_or_local,data/raw/,
data/raw/morpho_full_window/shards/range_000496_386487376_386527376.jsonl,191175,EXCLUDE,gitignored_raw_cache_binary_or_local,data/raw/,
data/raw/morpho_full_window/shards/range_000497_386527376_386567376.jsonl,154091,EXCLUDE,gitignored_raw_cache_binary_or_local,data/raw/,
data/raw/morpho_full_window/shards/range_000498_386567376_386607376.jsonl,842207,EXCLUDE,gitignored_raw_cache_binary_or_local,data/raw/,
data/raw/morpho_full_window/shards/range_000499_386607376_386627376.jsonl,345447,EXCLUDE,gitignored_raw_cache_binary_or_local,data/raw/,
data/raw/morpho_full_window/shards/range_000500_386627376_386647376.jsonl,83364,EXCLUDE,gitignored_raw_cache_binary_or_local,data/raw/,
data/raw/morpho_full_window/shards/range_000501_386647376_386687376.jsonl,233069,EXCLUDE,gitignored_raw_cache_binary_or_local,data/raw/,
data/raw/morpho_full_window/shards/range_000502_386687376_386727376.jsonl,348916,EXCLUDE,gitignored_raw_cache_binary_or_local,data/raw/,
data/raw/morpho_full_window/shards/range_000503_386727376_386767376.jsonl,291447,EXCLUDE,gitignored_raw_cache_binary_or_local,data/raw/,
data/raw/morpho_full_window/shards/range_000504_386767376_386807376.jsonl,216470,EXCLUDE,gitignored_raw_cache_binary_or_local,data/raw/,
data/raw/morpho_full_window/shards/range_000505_386807376_386847376.jsonl,162704,EXCLUDE,gitignored_raw_cache_binary_or_local,data/raw/,
data/raw/morpho_full_window/shards/range_000506_386847376_386887376.jsonl,318054,EXCLUDE,gitignored_raw_cache_binary_or_local,data/raw/,
data/raw/morpho_full_window/shards/range_000507_386887376_386927376.jsonl,277671,EXCLUDE,gitignored_raw_cache_binary_or_local,data/raw/,
data/raw/morpho_full_window/shards/range_000508_386927376_386967376.jsonl,696692,EXCLUDE,gitignored_raw_cache_binary_or_local,data/raw/,
data/raw/morpho_full_window/shards/range_000509_386967376_386987376.jsonl,351804,EXCLUDE,gitignored_raw_cache_binary_or_local,data/raw/,
data/raw/morpho_full_window/shards/range_000510_386987376_387007376.jsonl,386358,EXCLUDE,gitignored_raw_cache_binary_or_local,data/raw/,
data/raw/morpho_full_window/shards/range_000511_387007376_387027376.jsonl,225609,EXCLUDE,gitignored_raw_cache_binary_or_local,data/raw/,
data/raw/morpho_full_window/shards/range_000512_387027376_387047376.jsonl,100128,EXCLUDE,gitignored_raw_cache_binary_or_local,data/raw/,
data/raw/morpho_full_window/shards/range_000513_387047376_387067376.jsonl,116832,EXCLUDE,gitignored_raw_cache_binary_or_local,data/raw/,
data/raw/morpho_full_window/shards/range_000514_387067376_387087376.jsonl,174122,EXCLUDE,gitignored_raw_cache_binary_or_local,data/raw/,
data/raw/morpho_full_window/shards/range_000515_387087376_387107376.jsonl,88646,EXCLUDE,gitignored_raw_cache_binary_or_local,data/raw/,
data/raw/morpho_full_window/shards/range_000516_387107376_387147376.jsonl,260724,EXCLUDE,gitignored_raw_cache_binary_or_local,data/raw/,
data/raw/morpho_full_window/shards/range_000517_387147376_387187376.jsonl,224378,EXCLUDE,gitignored_raw_cache_binary_or_local,data/raw/,
data/raw/morpho_full_window/shards/range_000518_387187376_387227376.jsonl,261631,EXCLUDE,gitignored_raw_cache_binary_or_local,data/raw/,
data/raw/morpho_full_window/shards/range_000519_387227376_387267376.jsonl,227236,EXCLUDE,gitignored_raw_cache_binary_or_local,data/raw/,
data/raw/morpho_full_window/shards/range_000520_387267376_387307376.jsonl,324402,EXCLUDE,gitignored_raw_cache_binary_or_local,data/raw/,
data/raw/morpho_full_window/shards/range_000521_387307376_387347376.jsonl,375159,EXCLUDE,gitignored_raw_cache_binary_or_local,data/raw/,
data/raw/morpho_full_window/shards/range_000522_387347376_387387376.jsonl,293577,EXCLUDE,gitignored_raw_cache_binary_or_local,data/raw/,
data/raw/morpho_full_window/shards/range_000523_387387376_387427376.jsonl,440498,EXCLUDE,gitignored_raw_cache_binary_or_local,data/raw/,
data/raw/morpho_full_window/shards/range_000524_387427376_387467376.jsonl,246979,EXCLUDE,gitignored_raw_cache_binary_or_local,data/raw/,
data/raw/morpho_full_window/shards/range_000525_387467376_387507376.jsonl,242958,EXCLUDE,gitignored_raw_cache_binary_or_local,data/raw/,
data/raw/morpho_full_window/shards/range_000526_387507376_387547376.jsonl,82904,EXCLUDE,gitignored_raw_cache_binary_or_local,data/raw/,
data/raw/morpho_full_window/shards/range_000527_387547376_387627376.jsonl,611206,EXCLUDE,gitignored_raw_cache_binary_or_local,data/raw/,
data/raw/morpho_full_window/shards/range_000528_387627376_387707376.jsonl,1814823,EXCLUDE,gitignored_raw_cache_binary_or_local,data/raw/,
data/raw/morpho_full_window/shards/range_000529_387707376_387747376.jsonl,286998,EXCLUDE,gitignored_raw_cache_binary_or_local,data/raw/,
data/raw/morpho_full_window/shards/range_000530_387747376_387787376.jsonl,252768,EXCLUDE,gitignored_raw_cache_binary_or_local,data/raw/,
data/raw/morpho_full_window/shards/range_000531_387787376_387827376.jsonl,230589,EXCLUDE,gitignored_raw_cache_binary_or_local,data/raw/,
data/raw/morpho_full_window/shards/range_000532_387827376_387867376.jsonl,140195,EXCLUDE,gitignored_raw_cache_binary_or_local,data/raw/,
data/raw/morpho_full_window/shards/range_000533_387867376_387907376.jsonl,192750,EXCLUDE,gitignored_raw_cache_binary_or_local,data/raw/,
data/raw/morpho_full_window/shards/range_000534_387907376_387947376.jsonl,295434,EXCLUDE,gitignored_raw_cache_binary_or_local,data/raw/,
data/raw/morpho_full_window/shards/range_000535_387947376_387987376.jsonl,393543,EXCLUDE,gitignored_raw_cache_binary_or_local,data/raw/,
data/raw/morpho_full_window/shards/range_000536_387987376_388027376.jsonl,833986,EXCLUDE,gitignored_raw_cache_binary_or_local,data/raw/,
data/raw/morpho_full_window/shards/range_000537_388027376_388047376.jsonl,367016,EXCLUDE,gitignored_raw_cache_binary_or_local,data/raw/,
data/raw/morpho_full_window/shards/range_000538_388047376_388067376.jsonl,142113,EXCLUDE,gitignored_raw_cache_binary_or_local,data/raw/,
data/raw/morpho_full_window/shards/range_000539_388067376_388087376.jsonl,256788,EXCLUDE,gitignored_raw_cache_binary_or_local,data/raw/,
data/raw/morpho_full_window/shards/range_000540_388087376_388107376.jsonl,239540,EXCLUDE,gitignored_raw_cache_binary_or_local,data/raw/,
data/raw/morpho_full_window/shards/range_000541_388107376_388127376.jsonl,223527,EXCLUDE,gitignored_raw_cache_binary_or_local,data/raw/,
data/raw/morpho_full_window/shards/range_000542_388127376_388147376.jsonl,188335,EXCLUDE,gitignored_raw_cache_binary_or_local,data/raw/,
data/raw/morpho_full_window/shards/range_000543_388147376_388167376.jsonl,213243,EXCLUDE,gitignored_raw_cache_binary_or_local,data/raw/,
data/raw/morpho_full_window/shards/range_000544_388167376_388187376.jsonl,231588,EXCLUDE,gitignored_raw_cache_binary_or_local,data/raw/,
data/raw/morpho_full_window/shards/range_000545_388187376_388207376.jsonl,350709,EXCLUDE,gitignored_raw_cache_binary_or_local,data/raw/,
data/raw/morpho_full_window/shards/range_000546_388207376_388227376.jsonl,519374,EXCLUDE,gitignored_raw_cache_binary_or_local,data/raw/,
data/raw/morpho_full_window/shards/range_000547_388227376_388247376.jsonl,458943,EXCLUDE,gitignored_raw_cache_binary_or_local,data/raw/,
data/raw/morpho_full_window/shards/range_000548_388247376_388267376.jsonl,378951,EXCLUDE,gitignored_raw_cache_binary_or_local,data/raw/,
data/raw/morpho_full_window/shards/range_000549_388267376_388287376.jsonl,355034,EXCLUDE,gitignored_raw_cache_binary_or_local,data/raw/,
data/raw/morpho_full_window/shards/range_000550_388287376_388307376.jsonl,254579,EXCLUDE,gitignored_raw_cache_binary_or_local,data/raw/,
data/raw/morpho_full_window/shards/range_000551_388307376_388327376.jsonl,231460,EXCLUDE,gitignored_raw_cache_binary_or_local,data/raw/,
data/raw/morpho_full_window/shards/range_000552_388327376_388347376.jsonl,231225,EXCLUDE,gitignored_raw_cache_binary_or_local,data/raw/,
data/raw/morpho_full_window/shards/range_000553_388347376_388367376.jsonl,279095,EXCLUDE,gitignored_raw_cache_binary_or_local,data/raw/,
data/raw/morpho_full_window/shards/range_000554_388367376_388387376.jsonl,210086,EXCLUDE,gitignored_raw_cache_binary_or_local,data/raw/,
data/raw/morpho_full_window/shards/range_000555_388387376_388407376.jsonl,263365,EXCLUDE,gitignored_raw_cache_binary_or_local,data/raw/,
data/raw/morpho_full_window/shards/range_000556_388407376_388427376.jsonl,219764,EXCLUDE,gitignored_raw_cache_binary_or_local,data/raw/,
data/raw/morpho_full_window/shards/range_000557_388427376_388447376.jsonl,113544,EXCLUDE,gitignored_raw_cache_binary_or_local,data/raw/,
data/raw/morpho_full_window/shards/range_000558_388447376_388467376.jsonl,254082,EXCLUDE,gitignored_raw_cache_binary_or_local,data/raw/,
data/raw/morpho_full_window/shards/range_000559_388467376_388487376.jsonl,258892,EXCLUDE,gitignored_raw_cache_binary_or_local,data/raw/,
data/raw/morpho_full_window/shards/range_000560_388487376_388507376.jsonl,167379,EXCLUDE,gitignored_raw_cache_binary_or_local,data/raw/,
data/raw/morpho_full_window/shards/range_000561_388507376_388527376.jsonl,257416,EXCLUDE,gitignored_raw_cache_binary_or_local,data/raw/,
data/raw/morpho_full_window/shards/range_000562_388527376_388547376.jsonl,90831,EXCLUDE,gitignored_raw_cache_binary_or_local,data/raw/,
data/raw/morpho_full_window/shards/range_000563_388547376_388587376.jsonl,180271,EXCLUDE,gitignored_raw_cache_binary_or_local,data/raw/,
data/raw/morpho_full_window/shards/range_000564_388587376_388627376.jsonl,280402,EXCLUDE,gitignored_raw_cache_binary_or_local,data/raw/,
data/raw/morpho_full_window/shards/range_000565_388627376_388667376.jsonl,316380,EXCLUDE,gitignored_raw_cache_binary_or_local,data/raw/,
data/raw/morpho_full_window/shards/range_000566_388667376_388707376.jsonl,351814,EXCLUDE,gitignored_raw_cache_binary_or_local,data/raw/,
data/raw/morpho_full_window/shards/range_000567_388707376_388747376.jsonl,239137,EXCLUDE,gitignored_raw_cache_binary_or_local,data/raw/,
data/raw/morpho_full_window/shards/range_000568_388747376_388787376.jsonl,145334,EXCLUDE,gitignored_raw_cache_binary_or_local,data/raw/,
data/raw/morpho_full_window/shards/range_000569_388787376_388827376.jsonl,359356,EXCLUDE,gitignored_raw_cache_binary_or_local,data/raw/,
data/raw/morpho_full_window/shards/range_000570_388827376_388867376.jsonl,313122,EXCLUDE,gitignored_raw_cache_binary_or_local,data/raw/,
data/raw/morpho_full_window/shards/range_000571_388867376_388907376.jsonl,177154,EXCLUDE,gitignored_raw_cache_binary_or_local,data/raw/,
data/raw/morpho_full_window/shards/range_000572_388907376_388947376.jsonl,180640,EXCLUDE,gitignored_raw_cache_binary_or_local,data/raw/,
data/raw/morpho_full_window/shards/range_000573_388947376_388987376.jsonl,114364,EXCLUDE,gitignored_raw_cache_binary_or_local,data/raw/,
data/raw/morpho_full_window/shards/range_000574_388987376_389027376.jsonl,691008,EXCLUDE,gitignored_raw_cache_binary_or_local,data/raw/,
data/raw/morpho_full_window/shards/range_000575_389027376_389047376.jsonl,202644,EXCLUDE,gitignored_raw_cache_binary_or_local,data/raw/,
data/raw/morpho_full_window/shards/range_000576_389047376_389067376.jsonl,133937,EXCLUDE,gitignored_raw_cache_binary_or_local,data/raw/,
data/raw/morpho_full_window/shards/range_000577_389067376_389087376.jsonl,121955,EXCLUDE,gitignored_raw_cache_binary_or_local,data/raw/,
data/raw/morpho_full_window/shards/range_000578_389087376_389107376.jsonl,155511,EXCLUDE,gitignored_raw_cache_binary_or_local,data/raw/,
data/raw/morpho_full_window/shards/range_000579_389107376_389127376.jsonl,151201,EXCLUDE,gitignored_raw_cache_binary_or_local,data/raw/,
data/raw/morpho_full_window/shards/range_000580_389127376_389147376.jsonl,146414,EXCLUDE,gitignored_raw_cache_binary_or_local,data/raw/,
data/raw/morpho_full_window/shards/range_000581_389147376_389167376.jsonl,125023,EXCLUDE,gitignored_raw_cache_binary_or_local,data/raw/,
data/raw/morpho_full_window/shards/range_000582_389167376_389187376.jsonl,116609,EXCLUDE,gitignored_raw_cache_binary_or_local,data/raw/,
data/raw/morpho_full_window/shards/range_000583_389187376_389207376.jsonl,78326,EXCLUDE,gitignored_raw_cache_binary_or_local,data/raw/,
data/raw/morpho_full_window/shards/range_000584_389207376_389247376.jsonl,246846,EXCLUDE,gitignored_raw_cache_binary_or_local,data/raw/,
data/raw/morpho_full_window/shards/range_000585_389247376_389287376.jsonl,277781,EXCLUDE,gitignored_raw_cache_binary_or_local,data/raw/,
data/raw/morpho_full_window/shards/range_000586_389287376_389327376.jsonl,755380,EXCLUDE,gitignored_raw_cache_binary_or_local,data/raw/,
data/raw/morpho_full_window/shards/range_000587_389327376_389347376.jsonl,601180,EXCLUDE,gitignored_raw_cache_binary_or_local,data/raw/,
data/raw/morpho_full_window/shards/range_000588_389347376_389367376.jsonl,425661,EXCLUDE,gitignored_raw_cache_binary_or_local,data/raw/,
data/raw/morpho_full_window/shards/range_000589_389367376_389387376.jsonl,354136,EXCLUDE,gitignored_raw_cache_binary_or_local,data/raw/,
data/raw/morpho_full_window/shards/range_000590_389387376_389407376.jsonl,267763,EXCLUDE,gitignored_raw_cache_binary_or_local,data/raw/,
data/raw/morpho_full_window/shards/range_000591_389407376_389427376.jsonl,141281,EXCLUDE,gitignored_raw_cache_binary_or_local,data/raw/,
data/raw/morpho_full_window/shards/range_000592_389427376_389447376.jsonl,149879,EXCLUDE,gitignored_raw_cache_binary_or_local,data/raw/,
data/raw/morpho_full_window/shards/range_000593_389447376_389467376.jsonl,192827,EXCLUDE,gitignored_raw_cache_binary_or_local,data/raw/,
data/raw/morpho_full_window/shards/range_000594_389467376_389487376.jsonl,202941,EXCLUDE,gitignored_raw_cache_binary_or_local,data/raw/,
data/raw/morpho_full_window/shards/range_000595_389487376_389507376.jsonl,125304,EXCLUDE,gitignored_raw_cache_binary_or_local,data/raw/,
data/raw/morpho_full_window/shards/range_000596_389507376_389527376.jsonl,110689,EXCLUDE,gitignored_raw_cache_binary_or_local,data/raw/,
data/raw/morpho_full_window/shards/range_000597_389527376_389547376.jsonl,143779,EXCLUDE,gitignored_raw_cache_binary_or_local,data/raw/,
data/raw/morpho_full_window/shards/range_000598_389547376_389567376.jsonl,97593,EXCLUDE,gitignored_raw_cache_binary_or_local,data/raw/,
data/raw/morpho_full_window/shards/range_000599_389567376_389587376.jsonl,74834,EXCLUDE,gitignored_raw_cache_binary_or_local,data/raw/,
data/raw/morpho_full_window/shards/range_000600_389587376_389627376.jsonl,162401,EXCLUDE,gitignored_raw_cache_binary_or_local,data/raw/,
data/raw/morpho_full_window/shards/range_000601_389627376_389667376.jsonl,239553,EXCLUDE,gitignored_raw_cache_binary_or_local,data/raw/,
data/raw/morpho_full_window/shards/range_000602_389667376_389707376.jsonl,159568,EXCLUDE,gitignored_raw_cache_binary_or_local,data/raw/,
data/raw/morpho_full_window/shards/range_000603_389707376_389747376.jsonl,172915,EXCLUDE,gitignored_raw_cache_binary_or_local,data/raw/,
data/raw/morpho_full_window/shards/range_000604_389747376_389787376.jsonl,329665,EXCLUDE,gitignored_raw_cache_binary_or_local,data/raw/,
data/raw/morpho_full_window/shards/range_000605_389787376_389827376.jsonl,359457,EXCLUDE,gitignored_raw_cache_binary_or_local,data/raw/,
data/raw/morpho_full_window/shards/range_000606_389827376_389867376.jsonl,360463,EXCLUDE,gitignored_raw_cache_binary_or_local,data/raw/,
data/raw/morpho_full_window/shards/range_000607_389867376_389907376.jsonl,430234,EXCLUDE,gitignored_raw_cache_binary_or_local,data/raw/,
data/raw/morpho_full_window/shards/range_000608_389907376_389947376.jsonl,321652,EXCLUDE,gitignored_raw_cache_binary_or_local,data/raw/,
data/raw/morpho_full_window/shards/range_000609_389947376_389987376.jsonl,325227,EXCLUDE,gitignored_raw_cache_binary_or_local,data/raw/,
data/raw/morpho_full_window/shards/range_000610_389987376_390027376.jsonl,349747,EXCLUDE,gitignored_raw_cache_binary_or_local,data/raw/,
data/raw/morpho_full_window/shards/range_000611_390027376_390067376.jsonl,236378,EXCLUDE,gitignored_raw_cache_binary_or_local,data/raw/,
data/raw/morpho_full_window/shards/range_000612_390067376_390107376.jsonl,614368,EXCLUDE,gitignored_raw_cache_binary_or_local,data/raw/,
data/raw/morpho_full_window/shards/range_000613_390107376_390147376.jsonl,537803,EXCLUDE,gitignored_raw_cache_binary_or_local,data/raw/,
data/raw/morpho_full_window/shards/range_000614_390147376_390187376.jsonl,745146,EXCLUDE,gitignored_raw_cache_binary_or_local,data/raw/,
data/raw/morpho_full_window/shards/range_000615_390187376_390207376.jsonl,222855,EXCLUDE,gitignored_raw_cache_binary_or_local,data/raw/,
data/raw/morpho_full_window/shards/range_000616_390207376_390227376.jsonl,130819,EXCLUDE,gitignored_raw_cache_binary_or_local,data/raw/,
data/raw/morpho_full_window/shards/range_000617_390227376_390247376.jsonl,180772,EXCLUDE,gitignored_raw_cache_binary_or_local,data/raw/,
data/raw/morpho_full_window/shards/range_000618_390247376_390267376.jsonl,252381,EXCLUDE,gitignored_raw_cache_binary_or_local,data/raw/,
data/raw/morpho_full_window/shards/range_000619_390267376_390287376.jsonl,137689,EXCLUDE,gitignored_raw_cache_binary_or_local,data/raw/,
data/raw/morpho_full_window/shards/range_000620_390287376_390307376.jsonl,200055,EXCLUDE,gitignored_raw_cache_binary_or_local,data/raw/,
data/raw/morpho_full_window/shards/range_000621_390307376_390327376.jsonl,203024,EXCLUDE,gitignored_raw_cache_binary_or_local,data/raw/,
data/raw/morpho_full_window/shards/range_000622_390327376_390347376.jsonl,216740,EXCLUDE,gitignored_raw_cache_binary_or_local,data/raw/,
data/raw/morpho_full_window/shards/range_000623_390347376_390367376.jsonl,115014,EXCLUDE,gitignored_raw_cache_binary_or_local,data/raw/,
data/raw/morpho_full_window/shards/range_000624_390367376_390387376.jsonl,239589,EXCLUDE,gitignored_raw_cache_binary_or_local,data/raw/,
data/raw/morpho_full_window/shards/range_000625_390387376_390407376.jsonl,308339,EXCLUDE,gitignored_raw_cache_binary_or_local,data/raw/,
data/raw/morpho_full_window/shards/range_000626_390407376_390427376.jsonl,432334,EXCLUDE,gitignored_raw_cache_binary_or_local,data/raw/,
data/raw/morpho_full_window/shards/range_000627_390427376_390447376.jsonl,322174,EXCLUDE,gitignored_raw_cache_binary_or_local,data/raw/,
data/raw/morpho_full_window/shards/range_000628_390447376_390467376.jsonl,202343,EXCLUDE,gitignored_raw_cache_binary_or_local,data/raw/,
data/raw/morpho_full_window/shards/range_000629_390467376_390487376.jsonl,238643,EXCLUDE,gitignored_raw_cache_binary_or_local,data/raw/,
data/raw/morpho_full_window/shards/range_000630_390487376_390507376.jsonl,140484,EXCLUDE,gitignored_raw_cache_binary_or_local,data/raw/,
data/raw/morpho_full_window/shards/range_000631_390507376_390527376.jsonl,228114,EXCLUDE,gitignored_raw_cache_binary_or_local,data/raw/,
data/raw/morpho_full_window/shards/range_000632_390527376_390547376.jsonl,170172,EXCLUDE,gitignored_raw_cache_binary_or_local,data/raw/,
data/raw/morpho_full_window/shards/range_000633_390547376_390567376.jsonl,113407,EXCLUDE,gitignored_raw_cache_binary_or_local,data/raw/,
data/raw/morpho_full_window/shards/range_000634_390567376_390587376.jsonl,165919,EXCLUDE,gitignored_raw_cache_binary_or_local,data/raw/,
data/raw/morpho_full_window/shards/range_000635_390587376_390607376.jsonl,132001,EXCLUDE,gitignored_raw_cache_binary_or_local,data/raw/,
data/raw/morpho_full_window/shards/range_000636_390607376_390627376.jsonl,65334,EXCLUDE,gitignored_raw_cache_binary_or_local,data/raw/,
data/raw/morpho_full_window/shards/range_000637_390627376_390667376.jsonl,136506,EXCLUDE,gitignored_raw_cache_binary_or_local,data/raw/,
data/raw/morpho_full_window/shards/range_000638_390667376_390707376.jsonl,187081,EXCLUDE,gitignored_raw_cache_binary_or_local,data/raw/,
data/raw/morpho_full_window/shards/range_000639_390707376_390747376.jsonl,217289,EXCLUDE,gitignored_raw_cache_binary_or_local,data/raw/,
data/raw/morpho_full_window/shards/range_000640_390747376_390787376.jsonl,226607,EXCLUDE,gitignored_raw_cache_binary_or_local,data/raw/,
data/raw/morpho_full_window/shards/range_000641_390787376_390827376.jsonl,167045,EXCLUDE,gitignored_raw_cache_binary_or_local,data/raw/,
data/raw/morpho_full_window/shards/range_000642_390827376_390867376.jsonl,637205,EXCLUDE,gitignored_raw_cache_binary_or_local,data/raw/,
data/raw/morpho_full_window/shards/range_000643_390867376_390887376.jsonl,382254,EXCLUDE,gitignored_raw_cache_binary_or_local,data/raw/,
data/raw/morpho_full_window/shards/range_000644_390887376_390907376.jsonl,76786,EXCLUDE,gitignored_raw_cache_binary_or_local,data/raw/,
data/raw/morpho_full_window/shards/range_000645_390907376_390947376.jsonl,118054,EXCLUDE,gitignored_raw_cache_binary_or_local,data/raw/,
data/raw/morpho_full_window/shards/range_000646_390947376_390987376.jsonl,327845,EXCLUDE,gitignored_raw_cache_binary_or_local,data/raw/,
data/raw/morpho_full_window/shards/range_000647_390987376_391027376.jsonl,116638,EXCLUDE,gitignored_raw_cache_binary_or_local,data/raw/,
data/raw/morpho_full_window/shards/range_000648_391027376_391067376.jsonl,134971,EXCLUDE,gitignored_raw_cache_binary_or_local,data/raw/,
data/raw/morpho_full_window/shards/range_000649_391067376_391107376.jsonl,84287,EXCLUDE,gitignored_raw_cache_binary_or_local,data/raw/,
data/raw/morpho_full_window/shards/range_000650_391107376_391187376.jsonl,462202,EXCLUDE,gitignored_raw_cache_binary_or_local,data/raw/,
data/raw/morpho_full_window/shards/range_000651_391187376_391267376.jsonl,607559,EXCLUDE,gitignored_raw_cache_binary_or_local,data/raw/,
data/raw/morpho_full_window/shards/range_000652_391267376_391347376.jsonl,575989,EXCLUDE,gitignored_raw_cache_binary_or_local,data/raw/,
data/raw/morpho_full_window/shards/range_000653_391347376_391427376.jsonl,738163,EXCLUDE,gitignored_raw_cache_binary_or_local,data/raw/,
data/raw/morpho_full_window/shards/range_000654_391427376_391467376.jsonl,525279,EXCLUDE,gitignored_raw_cache_binary_or_local,data/raw/,
data/raw/morpho_full_window/shards/range_000655_391467376_391507376.jsonl,372698,EXCLUDE,gitignored_raw_cache_binary_or_local,data/raw/,
data/raw/morpho_full_window/shards/range_000656_391507376_391547376.jsonl,187094,EXCLUDE,gitignored_raw_cache_binary_or_local,data/raw/,
data/raw/morpho_full_window/shards/range_000657_391547376_391587376.jsonl,309597,EXCLUDE,gitignored_raw_cache_binary_or_local,data/raw/,
data/raw/morpho_full_window/shards/range_000658_391587376_391627376.jsonl,197952,EXCLUDE,gitignored_raw_cache_binary_or_local,data/raw/,
data/raw/morpho_full_window/shards/range_000659_391627376_391667376.jsonl,112412,EXCLUDE,gitignored_raw_cache_binary_or_local,data/raw/,
data/raw/morpho_full_window/shards/range_000660_391667376_391707376.jsonl,406614,EXCLUDE,gitignored_raw_cache_binary_or_local,data/raw/,
data/raw/morpho_full_window/shards/range_000661_391707376_391747376.jsonl,332987,EXCLUDE,gitignored_raw_cache_binary_or_local,data/raw/,
data/raw/morpho_full_window/shards/range_000662_391747376_391787376.jsonl,360146,EXCLUDE,gitignored_raw_cache_binary_or_local,data/raw/,
data/raw/morpho_full_window/shards/range_000663_391787376_391827376.jsonl,243973,EXCLUDE,gitignored_raw_cache_binary_or_local,data/raw/,
data/raw/morpho_full_window/shards/range_000664_391827376_391867376.jsonl,232200,EXCLUDE,gitignored_raw_cache_binary_or_local,data/raw/,
data/raw/morpho_full_window/shards/range_000665_391867376_391907376.jsonl,274265,EXCLUDE,gitignored_raw_cache_binary_or_local,data/raw/,
data/raw/morpho_full_window/shards/range_000666_391907376_391947376.jsonl,359807,EXCLUDE,gitignored_raw_cache_binary_or_local,data/raw/,
data/raw/morpho_full_window/shards/range_000667_391947376_391987376.jsonl,244067,EXCLUDE,gitignored_raw_cache_binary_or_local,data/raw/,
data/raw/morpho_full_window/shards/range_000668_391987376_392027376.jsonl,129113,EXCLUDE,gitignored_raw_cache_binary_or_local,data/raw/,
data/raw/morpho_full_window/shards/range_000669_392027376_392067376.jsonl,363429,EXCLUDE,gitignored_raw_cache_binary_or_local,data/raw/,
data/raw/morpho_full_window/shards/range_000670_392067376_392107376.jsonl,281086,EXCLUDE,gitignored_raw_cache_binary_or_local,data/raw/,
data/raw/morpho_full_window/shards/range_000671_392107376_392147376.jsonl,231883,EXCLUDE,gitignored_raw_cache_binary_or_local,data/raw/,
data/raw/morpho_full_window/shards/range_000672_392147376_392187376.jsonl,205213,EXCLUDE,gitignored_raw_cache_binary_or_local,data/raw/,
data/raw/morpho_full_window/shards/range_000673_392187376_392227376.jsonl,197237,EXCLUDE,gitignored_raw_cache_binary_or_local,data/raw/,
data/raw/morpho_full_window/shards/range_000674_392227376_392267376.jsonl,398446,EXCLUDE,gitignored_raw_cache_binary_or_local,data/raw/,
data/raw/morpho_full_window/shards/range_000675_392267376_392307376.jsonl,299306,EXCLUDE,gitignored_raw_cache_binary_or_local,data/raw/,
data/raw/morpho_full_window/shards/range_000676_392307376_392347376.jsonl,353839,EXCLUDE,gitignored_raw_cache_binary_or_local,data/raw/,
data/raw/morpho_full_window/shards/range_000677_392347376_392387376.jsonl,257979,EXCLUDE,gitignored_raw_cache_binary_or_local,data/raw/,
data/raw/morpho_full_window/shards/range_000678_392387376_392427376.jsonl,191650,EXCLUDE,gitignored_raw_cache_binary_or_local,data/raw/,
data/raw/morpho_full_window/shards/range_000679_392427376_392467376.jsonl,251766,EXCLUDE,gitignored_raw_cache_binary_or_local,data/raw/,
data/raw/morpho_full_window/shards/range_000680_392467376_392507376.jsonl,464108,EXCLUDE,gitignored_raw_cache_binary_or_local,data/raw/,
data/raw/morpho_full_window/shards/range_000681_392507376_392547376.jsonl,458491,EXCLUDE,gitignored_raw_cache_binary_or_local,data/raw/,
data/raw/morpho_full_window/shards/range_000682_392547376_392587376.jsonl,330812,EXCLUDE,gitignored_raw_cache_binary_or_local,data/raw/,
data/raw/morpho_full_window/shards/range_000683_392587376_392627376.jsonl,681532,EXCLUDE,gitignored_raw_cache_binary_or_local,data/raw/,
data/raw/morpho_full_window/shards/range_000684_392627376_392647376.jsonl,107022,EXCLUDE,gitignored_raw_cache_binary_or_local,data/raw/,
data/raw/morpho_full_window/shards/range_000685_392647376_392667376.jsonl,155696,EXCLUDE,gitignored_raw_cache_binary_or_local,data/raw/,
data/raw/morpho_full_window/shards/range_000686_392667376_392687376.jsonl,125403,EXCLUDE,gitignored_raw_cache_binary_or_local,data/raw/,
data/raw/morpho_full_window/shards/range_000687_392687376_392707376.jsonl,152683,EXCLUDE,gitignored_raw_cache_binary_or_local,data/raw/,
data/raw/morpho_full_window/shards/range_000688_392707376_392727376.jsonl,119786,EXCLUDE,gitignored_raw_cache_binary_or_local,data/raw/,
data/raw/morpho_full_window/shards/range_000689_392727376_392747376.jsonl,75721,EXCLUDE,gitignored_raw_cache_binary_or_local,data/raw/,
data/raw/morpho_full_window/shards/range_000690_392747376_392787376.jsonl,241744,EXCLUDE,gitignored_raw_cache_binary_or_local,data/raw/,
data/raw/morpho_full_window/shards/range_000691_392787376_392827376.jsonl,286944,EXCLUDE,gitignored_raw_cache_binary_or_local,data/raw/,
data/raw/morpho_full_window/shards/range_000692_392827376_392867376.jsonl,274924,EXCLUDE,gitignored_raw_cache_binary_or_local,data/raw/,
data/raw/morpho_full_window/shards/range_000693_392867376_392907376.jsonl,302124,EXCLUDE,gitignored_raw_cache_binary_or_local,data/raw/,
data/raw/morpho_full_window/shards/range_000694_392907376_392947376.jsonl,257959,EXCLUDE,gitignored_raw_cache_binary_or_local,data/raw/,
data/raw/morpho_full_window/shards/range_000695_392947376_392987376.jsonl,338631,EXCLUDE,gitignored_raw_cache_binary_or_local,data/raw/,
data/raw/morpho_full_window/shards/range_000696_392987376_393027376.jsonl,596729,EXCLUDE,gitignored_raw_cache_binary_or_local,data/raw/,
data/raw/morpho_full_window/shards/range_000697_393027376_393067376.jsonl,263277,EXCLUDE,gitignored_raw_cache_binary_or_local,data/raw/,
data/raw/morpho_full_window/shards/range_000698_393067376_393107376.jsonl,521633,EXCLUDE,gitignored_raw_cache_binary_or_local,data/raw/,
data/raw/morpho_full_window/shards/range_000699_393107376_393147376.jsonl,222545,EXCLUDE,gitignored_raw_cache_binary_or_local,data/raw/,
data/raw/morpho_full_window/shards/range_000700_393147376_393187376.jsonl,201233,EXCLUDE,gitignored_raw_cache_binary_or_local,data/raw/,
data/raw/morpho_full_window/shards/range_000701_393187376_393227376.jsonl,357632,EXCLUDE,gitignored_raw_cache_binary_or_local,data/raw/,
data/raw/morpho_full_window/shards/range_000702_393227376_393267376.jsonl,261768,EXCLUDE,gitignored_raw_cache_binary_or_local,data/raw/,
data/raw/morpho_full_window/shards/range_000703_393267376_393307376.jsonl,203773,EXCLUDE,gitignored_raw_cache_binary_or_local,data/raw/,
data/raw/morpho_full_window/shards/range_000704_393307376_393347376.jsonl,245687,EXCLUDE,gitignored_raw_cache_binary_or_local,data/raw/,
data/raw/morpho_full_window/shards/range_000705_393347376_393387376.jsonl,145807,EXCLUDE,gitignored_raw_cache_binary_or_local,data/raw/,
data/raw/morpho_full_window/shards/range_000706_393387376_393427376.jsonl,139559,EXCLUDE,gitignored_raw_cache_binary_or_local,data/raw/,
data/raw/morpho_full_window/shards/range_000707_393427376_393467376.jsonl,535859,EXCLUDE,gitignored_raw_cache_binary_or_local,data/raw/,
data/raw/morpho_full_window/shards/range_000708_393467376_393507376.jsonl,458093,EXCLUDE,gitignored_raw_cache_binary_or_local,data/raw/,
data/raw/morpho_full_window/shards/range_000709_393507376_393547376.jsonl,429008,EXCLUDE,gitignored_raw_cache_binary_or_local,data/raw/,
data/raw/morpho_full_window/shards/range_000710_393547376_393587376.jsonl,226513,EXCLUDE,gitignored_raw_cache_binary_or_local,data/raw/,
data/raw/morpho_full_window/shards/range_000711_393587376_393627376.jsonl,250071,EXCLUDE,gitignored_raw_cache_binary_or_local,data/raw/,
data/raw/morpho_full_window/shards/range_000712_393627376_393667376.jsonl,317450,EXCLUDE,gitignored_raw_cache_binary_or_local,data/raw/,
data/raw/morpho_full_window/shards/range_000713_393667376_393707376.jsonl,397212,EXCLUDE,gitignored_raw_cache_binary_or_local,data/raw/,
data/raw/morpho_full_window/shards/range_000714_393707376_393747376.jsonl,243377,EXCLUDE,gitignored_raw_cache_binary_or_local,data/raw/,
data/raw/morpho_full_window/shards/range_000715_393747376_393787376.jsonl,636171,EXCLUDE,gitignored_raw_cache_binary_or_local,data/raw/,
data/raw/morpho_full_window/shards/range_000716_393787376_393827376.jsonl,928660,EXCLUDE,gitignored_raw_cache_binary_or_local,data/raw/,
data/raw/morpho_full_window/shards/range_000717_393827376_393847376.jsonl,418626,EXCLUDE,gitignored_raw_cache_binary_or_local,data/raw/,
data/raw/morpho_full_window/shards/range_000718_393847376_393867376.jsonl,456063,EXCLUDE,gitignored_raw_cache_binary_or_local,data/raw/,
data/raw/morpho_full_window/shards/range_000719_393867376_393887376.jsonl,320749,EXCLUDE,gitignored_raw_cache_binary_or_local,data/raw/,
data/raw/morpho_full_window/shards/range_000720_393887376_393907376.jsonl,383798,EXCLUDE,gitignored_raw_cache_binary_or_local,data/raw/,
data/raw/morpho_full_window/shards/range_000721_393907376_393927376.jsonl,268050,EXCLUDE,gitignored_raw_cache_binary_or_local,data/raw/,
data/raw/morpho_full_window/shards/range_000722_393927376_393947376.jsonl,294019,EXCLUDE,gitignored_raw_cache_binary_or_local,data/raw/,
data/raw/morpho_full_window/shards/range_000723_393947376_393967376.jsonl,250327,EXCLUDE,gitignored_raw_cache_binary_or_local,data/raw/,
data/raw/morpho_full_window/shards/range_000724_393967376_393987376.jsonl,587752,EXCLUDE,gitignored_raw_cache_binary_or_local,data/raw/,
data/raw/morpho_full_window/shards/range_000725_393987376_394007376.jsonl,249382,EXCLUDE,gitignored_raw_cache_binary_or_local,data/raw/,
data/raw/morpho_full_window/shards/range_000726_394007376_394027376.jsonl,183422,EXCLUDE,gitignored_raw_cache_binary_or_local,data/raw/,
data/raw/morpho_full_window/shards/range_000727_394027376_394047376.jsonl,166152,EXCLUDE,gitignored_raw_cache_binary_or_local,data/raw/,
data/raw/morpho_full_window/shards/range_000728_394047376_394067376.jsonl,264179,EXCLUDE,gitignored_raw_cache_binary_or_local,data/raw/,
data/raw/morpho_full_window/shards/range_000729_394067376_394087376.jsonl,142265,EXCLUDE,gitignored_raw_cache_binary_or_local,data/raw/,
data/raw/morpho_full_window/shards/range_000730_394087376_394107376.jsonl,175944,EXCLUDE,gitignored_raw_cache_binary_or_local,data/raw/,
data/raw/morpho_full_window/shards/range_000731_394107376_394127376.jsonl,266984,EXCLUDE,gitignored_raw_cache_binary_or_local,data/raw/,
data/raw/morpho_full_window/shards/range_000732_394127376_394147376.jsonl,254971,EXCLUDE,gitignored_raw_cache_binary_or_local,data/raw/,
data/raw/morpho_full_window/shards/range_000733_394147376_394167376.jsonl,196733,EXCLUDE,gitignored_raw_cache_binary_or_local,data/raw/,
data/raw/morpho_full_window/shards/range_000734_394167376_394187376.jsonl,208773,EXCLUDE,gitignored_raw_cache_binary_or_local,data/raw/,
data/raw/morpho_full_window/shards/range_000735_394187376_394207376.jsonl,240624,EXCLUDE,gitignored_raw_cache_binary_or_local,data/raw/,
data/raw/morpho_full_window/shards/range_000736_394207376_394227376.jsonl,160512,EXCLUDE,gitignored_raw_cache_binary_or_local,data/raw/,
data/raw/morpho_full_window/shards/range_000737_394227376_394247376.jsonl,176381,EXCLUDE,gitignored_raw_cache_binary_or_local,data/raw/,
data/raw/morpho_full_window/shards/range_000738_394247376_394267376.jsonl,115435,EXCLUDE,gitignored_raw_cache_binary_or_local,data/raw/,
data/raw/morpho_full_window/shards/range_000739_394267376_394287376.jsonl,438918,EXCLUDE,gitignored_raw_cache_binary_or_local,data/raw/,
data/raw/morpho_full_window/shards/range_000740_394287376_394307376.jsonl,511511,EXCLUDE,gitignored_raw_cache_binary_or_local,data/raw/,
data/raw/morpho_full_window/shards/range_000741_394307376_394327376.jsonl,524557,EXCLUDE,gitignored_raw_cache_binary_or_local,data/raw/,
data/raw/morpho_full_window/shards/range_000742_394327376_394347376.jsonl,693649,EXCLUDE,gitignored_raw_cache_binary_or_local,data/raw/,
data/raw/morpho_full_window/shards/range_000743_394347376_394357376.jsonl,346607,EXCLUDE,gitignored_raw_cache_binary_or_local,data/raw/,
data/raw/morpho_full_window/shards/range_000744_394357376_394367376.jsonl,238873,EXCLUDE,gitignored_raw_cache_binary_or_local,data/raw/,
data/raw/morpho_full_window/shards/range_000745_394367376_394377376.jsonl,163092,EXCLUDE,gitignored_raw_cache_binary_or_local,data/raw/,
data/raw/morpho_full_window/shards/range_000746_394377376_394387376.jsonl,84581,EXCLUDE,gitignored_raw_cache_binary_or_local,data/raw/,
data/raw/morpho_full_window/shards/range_000747_394387376_394407376.jsonl,605354,EXCLUDE,gitignored_raw_cache_binary_or_local,data/raw/,
data/raw/morpho_full_window/shards/range_000748_394407376_394427376.jsonl,459740,EXCLUDE,gitignored_raw_cache_binary_or_local,data/raw/,
data/raw/morpho_full_window/shards/range_000749_394427376_394447376.jsonl,331241,EXCLUDE,gitignored_raw_cache_binary_or_local,data/raw/,
data/raw/morpho_full_window/shards/range_000750_394447376_394467376.jsonl,448036,EXCLUDE,gitignored_raw_cache_binary_or_local,data/raw/,
data/raw/morpho_full_window/shards/range_000751_394467376_394487376.jsonl,236660,EXCLUDE,gitignored_raw_cache_binary_or_local,data/raw/,
data/raw/morpho_full_window/shards/range_000752_394487376_394507376.jsonl,205637,EXCLUDE,gitignored_raw_cache_binary_or_local,data/raw/,
data/raw/morpho_full_window/shards/range_000753_394507376_394527376.jsonl,381620,EXCLUDE,gitignored_raw_cache_binary_or_local,data/raw/,
data/raw/morpho_full_window/shards/range_000754_394527376_394547376.jsonl,539489,EXCLUDE,gitignored_raw_cache_binary_or_local,data/raw/,
data/raw/morpho_full_window/shards/range_000755_394547376_394567376.jsonl,961531,EXCLUDE,gitignored_raw_cache_binary_or_local,data/raw/,
data/raw/morpho_full_window/shards/range_000756_394567376_394577376.jsonl,322367,EXCLUDE,gitignored_raw_cache_binary_or_local,data/raw/,
data/raw/morpho_full_window/shards/range_000757_394577376_394587376.jsonl,404461,EXCLUDE,gitignored_raw_cache_binary_or_local,data/raw/,
data/raw/morpho_full_window/shards/range_000758_394587376_394597376.jsonl,326838,EXCLUDE,gitignored_raw_cache_binary_or_local,data/raw/,
data/raw/morpho_full_window/shards/range_000759_394597376_394607376.jsonl,291578,EXCLUDE,gitignored_raw_cache_binary_or_local,data/raw/,
data/raw/morpho_full_window/shards/range_000760_394607376_394617376.jsonl,156313,EXCLUDE,gitignored_raw_cache_binary_or_local,data/raw/,
data/raw/morpho_full_window/shards/range_000761_394617376_394627376.jsonl,275954,EXCLUDE,gitignored_raw_cache_binary_or_local,data/raw/,
data/raw/morpho_full_window/shards/range_000762_394627376_394637376.jsonl,237562,EXCLUDE,gitignored_raw_cache_binary_or_local,data/raw/,
data/raw/morpho_full_window/shards/range_000763_394637376_394647376.jsonl,238703,EXCLUDE,gitignored_raw_cache_binary_or_local,data/raw/,
data/raw/morpho_full_window/shards/range_000764_394647376_394657376.jsonl,193413,EXCLUDE,gitignored_raw_cache_binary_or_local,data/raw/,
data/raw/morpho_full_window/shards/range_000765_394657376_394667376.jsonl,197983,EXCLUDE,gitignored_raw_cache_binary_or_local,data/raw/,
data/raw/morpho_full_window/shards/range_000766_394667376_394677376.jsonl,163419,EXCLUDE,gitignored_raw_cache_binary_or_local,data/raw/,
data/raw/morpho_full_window/shards/range_000767_394677376_394687376.jsonl,181203,EXCLUDE,gitignored_raw_cache_binary_or_local,data/raw/,
data/raw/morpho_full_window/shards/range_000768_394687376_394697376.jsonl,214695,EXCLUDE,gitignored_raw_cache_binary_or_local,data/raw/,
data/raw/morpho_full_window/shards/range_000769_394697376_394707376.jsonl,141942,EXCLUDE,gitignored_raw_cache_binary_or_local,data/raw/,
data/raw/morpho_full_window/shards/range_000770_394707376_394717376.jsonl,101940,EXCLUDE,gitignored_raw_cache_binary_or_local,data/raw/,
data/raw/morpho_full_window/shards/range_000771_394717376_394727376.jsonl,128052,EXCLUDE,gitignored_raw_cache_binary_or_local,data/raw/,
data/raw/morpho_full_window/shards/range_000772_394727376_394737376.jsonl,215841,EXCLUDE,gitignored_raw_cache_binary_or_local,data/raw/,
data/raw/morpho_full_window/shards/range_000773_394737376_394747376.jsonl,203093,EXCLUDE,gitignored_raw_cache_binary_or_local,data/raw/,
data/raw/morpho_full_window/shards/range_000774_394747376_394757376.jsonl,156682,EXCLUDE,gitignored_raw_cache_binary_or_local,data/raw/,
data/raw/morpho_full_window/shards/range_000775_394757376_394767376.jsonl,103251,EXCLUDE,gitignored_raw_cache_binary_or_local,data/raw/,
data/raw/morpho_full_window/shards/range_000776_394767376_394777376.jsonl,145069,EXCLUDE,gitignored_raw_cache_binary_or_local,data/raw/,
data/raw/morpho_full_window/shards/range_000777_394777376_394787376.jsonl,178538,EXCLUDE,gitignored_raw_cache_binary_or_local,data/raw/,
data/raw/morpho_full_window/shards/range_000778_394787376_394797376.jsonl,178691,EXCLUDE,gitignored_raw_cache_binary_or_local,data/raw/,
data/raw/morpho_full_window/shards/range_000779_394797376_394807376.jsonl,150783,EXCLUDE,gitignored_raw_cache_binary_or_local,data/raw/,
data/raw/morpho_full_window/shards/range_000780_394807376_394817376.jsonl,90835,EXCLUDE,gitignored_raw_cache_binary_or_local,data/raw/,
data/raw/morpho_full_window/shards/range_000781_394817376_394837376.jsonl,355319,EXCLUDE,gitignored_raw_cache_binary_or_local,data/raw/,
data/raw/morpho_full_window/shards/range_000782_394837376_394857376.jsonl,408050,EXCLUDE,gitignored_raw_cache_binary_or_local,data/raw/,
data/raw/morpho_full_window/shards/range_000783_394857376_394877376.jsonl,284745,EXCLUDE,gitignored_raw_cache_binary_or_local,data/raw/,
data/raw/morpho_full_window/shards/range_000784_394877376_394897376.jsonl,399217,EXCLUDE,gitignored_raw_cache_binary_or_local,data/raw/,
data/raw/morpho_full_window/shards/range_000785_394897376_394917376.jsonl,479751,EXCLUDE,gitignored_raw_cache_binary_or_local,data/raw/,
data/raw/morpho_full_window/shards/range_000786_394917376_394937376.jsonl,426705,EXCLUDE,gitignored_raw_cache_binary_or_local,data/raw/,
data/raw/morpho_full_window/shards/range_000787_394937376_394957376.jsonl,1096680,EXCLUDE,gitignored_raw_cache_binary_or_local,data/raw/,
data/raw/morpho_full_window/shards/range_000788_394957376_394967376.jsonl,248683,EXCLUDE,gitignored_raw_cache_binary_or_local,data/raw/,
data/raw/morpho_full_window/shards/range_000789_394967376_394977376.jsonl,280466,EXCLUDE,gitignored_raw_cache_binary_or_local,data/raw/,
data/raw/morpho_full_window/shards/range_000790_394977376_394987376.jsonl,215858,EXCLUDE,gitignored_raw_cache_binary_or_local,data/raw/,
data/raw/morpho_full_window/shards/range_000791_394987376_394997376.jsonl,181811,EXCLUDE,gitignored_raw_cache_binary_or_local,data/raw/,
data/raw/morpho_full_window/shards/range_000792_394997376_395007376.jsonl,119697,EXCLUDE,gitignored_raw_cache_binary_or_local,data/raw/,
data/raw/morpho_full_window/shards/range_000793_395007376_395017376.jsonl,97184,EXCLUDE,gitignored_raw_cache_binary_or_local,data/raw/,
data/raw/morpho_full_window/shards/range_000794_395017376_395027376.jsonl,187514,EXCLUDE,gitignored_raw_cache_binary_or_local,data/raw/,
data/raw/morpho_full_window/shards/range_000795_395027376_395037376.jsonl,114231,EXCLUDE,gitignored_raw_cache_binary_or_local,data/raw/,
data/raw/morpho_full_window/shards/range_000796_395037376_395047376.jsonl,116195,EXCLUDE,gitignored_raw_cache_binary_or_local,data/raw/,
data/raw/morpho_full_window/shards/range_000797_395047376_395057376.jsonl,143082,EXCLUDE,gitignored_raw_cache_binary_or_local,data/raw/,
data/raw/morpho_full_window/shards/range_000798_395057376_395067376.jsonl,61036,EXCLUDE,gitignored_raw_cache_binary_or_local,data/raw/,
data/raw/morpho_full_window/shards/range_000799_395067376_395087376.jsonl,213426,EXCLUDE,gitignored_raw_cache_binary_or_local,data/raw/,
data/raw/morpho_full_window/shards/range_000800_395087376_395107376.jsonl,135653,EXCLUDE,gitignored_raw_cache_binary_or_local,data/raw/,
data/raw/morpho_full_window/shards/range_000801_395107376_395127376.jsonl,124174,EXCLUDE,gitignored_raw_cache_binary_or_local,data/raw/,
data/raw/morpho_full_window/shards/range_000802_395127376_395147376.jsonl,167400,EXCLUDE,gitignored_raw_cache_binary_or_local,data/raw/,
data/raw/morpho_full_window/shards/range_000803_395147376_395167376.jsonl,316778,EXCLUDE,gitignored_raw_cache_binary_or_local,data/raw/,
data/raw/morpho_full_window/shards/range_000804_395167376_395187376.jsonl,434407,EXCLUDE,gitignored_raw_cache_binary_or_local,data/raw/,
data/raw/morpho_full_window/shards/range_000805_395187376_395207376.jsonl,220581,EXCLUDE,gitignored_raw_cache_binary_or_local,data/raw/,
data/raw/morpho_full_window/shards/range_000806_395207376_395227376.jsonl,256826,EXCLUDE,gitignored_raw_cache_binary_or_local,data/raw/,
data/raw/morpho_full_window/shards/range_000807_395227376_395247376.jsonl,354326,EXCLUDE,gitignored_raw_cache_binary_or_local,data/raw/,
data/raw/morpho_full_window/shards/range_000808_395247376_395267376.jsonl,432830,EXCLUDE,gitignored_raw_cache_binary_or_local,data/raw/,
data/raw/morpho_full_window/shards/range_000809_395267376_395287376.jsonl,337759,EXCLUDE,gitignored_raw_cache_binary_or_local,data/raw/,
data/raw/morpho_full_window/shards/range_000810_395287376_395307376.jsonl,334229,EXCLUDE,gitignored_raw_cache_binary_or_local,data/raw/,
data/raw/morpho_full_window/shards/range_000811_395307376_395327376.jsonl,235186,EXCLUDE,gitignored_raw_cache_binary_or_local,data/raw/,
data/raw/morpho_full_window/shards/range_000812_395327376_395347376.jsonl,201651,EXCLUDE,gitignored_raw_cache_binary_or_local,data/raw/,
data/raw/morpho_full_window/shards/range_000813_395347376_395367376.jsonl,177804,EXCLUDE,gitignored_raw_cache_binary_or_local,data/raw/,
data/raw/morpho_full_window/shards/range_000814_395367376_395387376.jsonl,172831,EXCLUDE,gitignored_raw_cache_binary_or_local,data/raw/,
data/raw/morpho_full_window/shards/range_000815_395387376_395407376.jsonl,556313,EXCLUDE,gitignored_raw_cache_binary_or_local,data/raw/,
data/raw/morpho_full_window/shards/range_000816_395407376_395427376.jsonl,245541,EXCLUDE,gitignored_raw_cache_binary_or_local,data/raw/,
data/raw/morpho_full_window/shards/range_000817_395427376_395447376.jsonl,222216,EXCLUDE,gitignored_raw_cache_binary_or_local,data/raw/,
data/raw/morpho_full_window/shards/range_000818_395447376_395467376.jsonl,143324,EXCLUDE,gitignored_raw_cache_binary_or_local,data/raw/,
data/raw/morpho_full_window/shards/range_000819_395467376_395487376.jsonl,178349,EXCLUDE,gitignored_raw_cache_binary_or_local,data/raw/,
data/raw/morpho_full_window/shards/range_000820_395487376_395507376.jsonl,246785,EXCLUDE,gitignored_raw_cache_binary_or_local,data/raw/,
data/raw/morpho_full_window/shards/range_000821_395507376_395527376.jsonl,478519,EXCLUDE,gitignored_raw_cache_binary_or_local,data/raw/,
data/raw/morpho_full_window/shards/range_000822_395527376_395547376.jsonl,800577,EXCLUDE,gitignored_raw_cache_binary_or_local,data/raw/,
data/raw/morpho_full_window/shards/range_000823_395547376_395557376.jsonl,136306,EXCLUDE,gitignored_raw_cache_binary_or_local,data/raw/,
data/raw/morpho_full_window/shards/range_000824_395557376_395567376.jsonl,170179,EXCLUDE,gitignored_raw_cache_binary_or_local,data/raw/,
data/raw/morpho_full_window/shards/range_000825_395567376_395577376.jsonl,168744,EXCLUDE,gitignored_raw_cache_binary_or_local,data/raw/,
data/raw/morpho_full_window/shards/range_000826_395577376_395587376.jsonl,158973,EXCLUDE,gitignored_raw_cache_binary_or_local,data/raw/,
data/raw/morpho_full_window/shards/range_000827_395587376_395597376.jsonl,136136,EXCLUDE,gitignored_raw_cache_binary_or_local,data/raw/,
data/raw/morpho_full_window/shards/range_000828_395597376_395607376.jsonl,237372,EXCLUDE,gitignored_raw_cache_binary_or_local,data/raw/,
data/raw/morpho_full_window/shards/range_000829_395607376_395617376.jsonl,113279,EXCLUDE,gitignored_raw_cache_binary_or_local,data/raw/,
data/raw/morpho_full_window/shards/range_000830_395617376_395627376.jsonl,183066,EXCLUDE,gitignored_raw_cache_binary_or_local,data/raw/,
data/raw/morpho_full_window/shards/range_000831_395627376_395637376.jsonl,76279,EXCLUDE,gitignored_raw_cache_binary_or_local,data/raw/,
data/raw/morpho_full_window/shards/range_000832_395637376_395657376.jsonl,149126,EXCLUDE,gitignored_raw_cache_binary_or_local,data/raw/,
data/raw/morpho_full_window/shards/range_000833_395657376_395677376.jsonl,160488,EXCLUDE,gitignored_raw_cache_binary_or_local,data/raw/,
data/raw/morpho_full_window/shards/range_000834_395677376_395697376.jsonl,134496,EXCLUDE,gitignored_raw_cache_binary_or_local,data/raw/,
data/raw/morpho_full_window/shards/range_000835_395697376_395717376.jsonl,175323,EXCLUDE,gitignored_raw_cache_binary_or_local,data/raw/,
data/raw/morpho_full_window/shards/range_000836_395717376_395737376.jsonl,307234,EXCLUDE,gitignored_raw_cache_binary_or_local,data/raw/,
data/raw/morpho_full_window/shards/range_000837_395737376_395757376.jsonl,164507,EXCLUDE,gitignored_raw_cache_binary_or_local,data/raw/,
data/raw/morpho_full_window/shards/range_000838_395757376_395777376.jsonl,189848,EXCLUDE,gitignored_raw_cache_binary_or_local,data/raw/,
data/raw/morpho_full_window/shards/range_000839_395777376_395797376.jsonl,171905,EXCLUDE,gitignored_raw_cache_binary_or_local,data/raw/,
data/raw/morpho_full_window/shards/range_000840_395797376_395817376.jsonl,99259,EXCLUDE,gitignored_raw_cache_binary_or_local,data/raw/,
data/raw/morpho_full_window/shards/range_000841_395817376_395837376.jsonl,198603,EXCLUDE,gitignored_raw_cache_binary_or_local,data/raw/,
data/raw/morpho_full_window/shards/range_000842_395837376_395857376.jsonl,150899,EXCLUDE,gitignored_raw_cache_binary_or_local,data/raw/,
data/raw/morpho_full_window/shards/range_000843_395857376_395877376.jsonl,383184,EXCLUDE,gitignored_raw_cache_binary_or_local,data/raw/,
data/raw/morpho_full_window/shards/range_000844_395877376_395897376.jsonl,301193,EXCLUDE,gitignored_raw_cache_binary_or_local,data/raw/,
data/raw/morpho_full_window/shards/range_000845_395897376_395917376.jsonl,221107,EXCLUDE,gitignored_raw_cache_binary_or_local,data/raw/,
data/raw/morpho_full_window/shards/range_000846_395917376_395937376.jsonl,318915,EXCLUDE,gitignored_raw_cache_binary_or_local,data/raw/,
data/raw/morpho_full_window/shards/range_000847_395937376_395957376.jsonl,520375,EXCLUDE,gitignored_raw_cache_binary_or_local,data/raw/,
data/raw/morpho_full_window/shards/range_000848_395957376_395977376.jsonl,365095,EXCLUDE,gitignored_raw_cache_binary_or_local,data/raw/,
data/raw/morpho_full_window/shards/range_000849_395977376_395997376.jsonl,165033,EXCLUDE,gitignored_raw_cache_binary_or_local,data/raw/,
data/raw/morpho_full_window/shards/range_000850_395997376_396017376.jsonl,134345,EXCLUDE,gitignored_raw_cache_binary_or_local,data/raw/,
data/raw/morpho_full_window/shards/range_000851_396017376_396037376.jsonl,181188,EXCLUDE,gitignored_raw_cache_binary_or_local,data/raw/,
data/raw/morpho_full_window/shards/range_000852_396037376_396057376.jsonl,125825,EXCLUDE,gitignored_raw_cache_binary_or_local,data/raw/,
data/raw/morpho_full_window/shards/range_000853_396057376_396077376.jsonl,144431,EXCLUDE,gitignored_raw_cache_binary_or_local,data/raw/,
data/raw/morpho_full_window/shards/range_000854_396077376_396097376.jsonl,150290,EXCLUDE,gitignored_raw_cache_binary_or_local,data/raw/,
data/raw/morpho_full_window/shards/range_000855_396097376_396117376.jsonl,359319,EXCLUDE,gitignored_raw_cache_binary_or_local,data/raw/,
data/raw/morpho_full_window/shards/range_000856_396117376_396137376.jsonl,166245,EXCLUDE,gitignored_raw_cache_binary_or_local,data/raw/,
data/raw/morpho_full_window/shards/range_000857_396137376_396157376.jsonl,69739,EXCLUDE,gitignored_raw_cache_binary_or_local,data/raw/,
data/raw/morpho_full_window/shards/range_000858_396157376_396197376.jsonl,297947,EXCLUDE,gitignored_raw_cache_binary_or_local,data/raw/,
data/raw/morpho_full_window/shards/range_000859_396197376_396237376.jsonl,605600,EXCLUDE,gitignored_raw_cache_binary_or_local,data/raw/,
data/raw/morpho_full_window/shards/range_000860_396237376_396277376.jsonl,823326,EXCLUDE,gitignored_raw_cache_binary_or_local,data/raw/,
data/raw/morpho_full_window/shards/range_000861_396277376_396297376.jsonl,301715,EXCLUDE,gitignored_raw_cache_binary_or_local,data/raw/,
data/raw/morpho_full_window/shards/range_000862_396297376_396317376.jsonl,340861,EXCLUDE,gitignored_raw_cache_binary_or_local,data/raw/,
data/raw/morpho_full_window/shards/range_000863_396317376_396337376.jsonl,180116,EXCLUDE,gitignored_raw_cache_binary_or_local,data/raw/,
data/raw/morpho_full_window/shards/range_000864_396337376_396357376.jsonl,230798,EXCLUDE,gitignored_raw_cache_binary_or_local,data/raw/,
data/raw/morpho_full_window/shards/range_000865_396357376_396377376.jsonl,246195,EXCLUDE,gitignored_raw_cache_binary_or_local,data/raw/,
data/raw/morpho_full_window/shards/range_000866_396377376_396397376.jsonl,797441,EXCLUDE,gitignored_raw_cache_binary_or_local,data/raw/,
data/raw/morpho_full_window/shards/range_000867_396397376_396407376.jsonl,95962,EXCLUDE,gitignored_raw_cache_binary_or_local,data/raw/,
data/raw/morpho_full_window/shards/range_000868_396407376_396417376.jsonl,193119,EXCLUDE,gitignored_raw_cache_binary_or_local,data/raw/,
data/raw/morpho_full_window/shards/range_000869_396417376_396427376.jsonl,270562,EXCLUDE,gitignored_raw_cache_binary_or_local,data/raw/,
data/raw/morpho_full_window/shards/range_000870_396427376_396437376.jsonl,149354,EXCLUDE,gitignored_raw_cache_binary_or_local,data/raw/,
data/raw/morpho_full_window/shards/range_000871_396437376_396447376.jsonl,165845,EXCLUDE,gitignored_raw_cache_binary_or_local,data/raw/,
data/raw/morpho_full_window/shards/range_000872_396447376_396457376.jsonl,109966,EXCLUDE,gitignored_raw_cache_binary_or_local,data/raw/,
data/raw/morpho_full_window/shards/range_000873_396457376_396467376.jsonl,109734,EXCLUDE,gitignored_raw_cache_binary_or_local,data/raw/,
data/raw/morpho_full_window/shards/range_000874_396467376_396477376.jsonl,175167,EXCLUDE,gitignored_raw_cache_binary_or_local,data/raw/,
data/raw/morpho_full_window/shards/range_000875_396477376_396487376.jsonl,152533,EXCLUDE,gitignored_raw_cache_binary_or_local,data/raw/,
data/raw/morpho_full_window/shards/range_000876_396487376_396497376.jsonl,136603,EXCLUDE,gitignored_raw_cache_binary_or_local,data/raw/,
data/raw/morpho_full_window/shards/range_000877_396497376_396507376.jsonl,191596,EXCLUDE,gitignored_raw_cache_binary_or_local,data/raw/,
data/raw/morpho_full_window/shards/range_000878_396507376_396517376.jsonl,217714,EXCLUDE,gitignored_raw_cache_binary_or_local,data/raw/,
data/raw/morpho_full_window/shards/range_000879_396517376_396527376.jsonl,523418,EXCLUDE,gitignored_raw_cache_binary_or_local,data/raw/,
data/raw/morpho_full_window/shards/range_000880_396527376_396537376.jsonl,198357,EXCLUDE,gitignored_raw_cache_binary_or_local,data/raw/,
data/raw/morpho_full_window/shards/range_000881_396537376_396547376.jsonl,128328,EXCLUDE,gitignored_raw_cache_binary_or_local,data/raw/,
data/raw/morpho_full_window/shards/range_000882_396547376_396557376.jsonl,174668,EXCLUDE,gitignored_raw_cache_binary_or_local,data/raw/,
data/raw/morpho_full_window/shards/range_000883_396557376_396567376.jsonl,229712,EXCLUDE,gitignored_raw_cache_binary_or_local,data/raw/,
data/raw/morpho_full_window/shards/range_000884_396567376_396577376.jsonl,156570,EXCLUDE,gitignored_raw_cache_binary_or_local,data/raw/,
data/raw/morpho_full_window/shards/range_000885_396577376_396587376.jsonl,289405,EXCLUDE,gitignored_raw_cache_binary_or_local,data/raw/,
data/raw/morpho_full_window/shards/range_000886_396587376_396597376.jsonl,337813,EXCLUDE,gitignored_raw_cache_binary_or_local,data/raw/,
data/raw/morpho_full_window/shards/range_000887_396597376_396607376.jsonl,235897,EXCLUDE,gitignored_raw_cache_binary_or_local,data/raw/,
data/raw/morpho_full_window/shards/range_000888_396607376_396617376.jsonl,733783,EXCLUDE,gitignored_raw_cache_binary_or_local,data/raw/,
data/raw/morpho_full_window/shards/range_000889_396617376_396622376.jsonl,392254,EXCLUDE,gitignored_raw_cache_binary_or_local,data/raw/,
data/raw/morpho_full_window/shards/range_000890_396622376_396627376.jsonl,343823,EXCLUDE,gitignored_raw_cache_binary_or_local,data/raw/,
data/raw/morpho_full_window/shards/range_000891_396627376_396632376.jsonl,208234,EXCLUDE,gitignored_raw_cache_binary_or_local,data/raw/,
data/raw/morpho_full_window/shards/range_000892_396632376_396637376.jsonl,196712,EXCLUDE,gitignored_raw_cache_binary_or_local,data/raw/,
data/raw/morpho_full_window/shards/range_000893_396637376_396642376.jsonl,198748,EXCLUDE,gitignored_raw_cache_binary_or_local,data/raw/,
data/raw/morpho_full_window/shards/range_000894_396642376_396647376.jsonl,204099,EXCLUDE,gitignored_raw_cache_binary_or_local,data/raw/,
data/raw/morpho_full_window/shards/range_000895_396647376_396652376.jsonl,114499,EXCLUDE,gitignored_raw_cache_binary_or_local,data/raw/,
data/raw/morpho_full_window/shards/range_000896_396652376_396657376.jsonl,290639,EXCLUDE,gitignored_raw_cache_binary_or_local,data/raw/,
data/raw/morpho_full_window/shards/range_000897_396657376_396662376.jsonl,208361,EXCLUDE,gitignored_raw_cache_binary_or_local,data/raw/,
data/raw/morpho_full_window/shards/range_000898_396662376_396667376.jsonl,215536,EXCLUDE,gitignored_raw_cache_binary_or_local,data/raw/,
data/raw/morpho_full_window/shards/range_000899_396667376_396672376.jsonl,370764,EXCLUDE,gitignored_raw_cache_binary_or_local,data/raw/,
data/raw/morpho_full_window/shards/range_000900_396672376_396677376.jsonl,313899,EXCLUDE,gitignored_raw_cache_binary_or_local,data/raw/,
data/raw/morpho_full_window/shards/range_000901_396677376_396682376.jsonl,123615,EXCLUDE,gitignored_raw_cache_binary_or_local,data/raw/,
data/raw/morpho_full_window/shards/range_000902_396682376_396687376.jsonl,136367,EXCLUDE,gitignored_raw_cache_binary_or_local,data/raw/,
data/raw/morpho_full_window/shards/range_000903_396687376_396692376.jsonl,148641,EXCLUDE,gitignored_raw_cache_binary_or_local,data/raw/,
data/raw/morpho_full_window/shards/range_000904_396692376_396697376.jsonl,159668,EXCLUDE,gitignored_raw_cache_binary_or_local,data/raw/,
data/raw/morpho_full_window/shards/range_000905_396697376_396702376.jsonl,172424,EXCLUDE,gitignored_raw_cache_binary_or_local,data/raw/,
data/raw/morpho_full_window/shards/range_000906_396702376_396707376.jsonl,212323,EXCLUDE,gitignored_raw_cache_binary_or_local,data/raw/,
data/raw/morpho_full_window/shards/range_000907_396707376_396712376.jsonl,153368,EXCLUDE,gitignored_raw_cache_binary_or_local,data/raw/,
data/raw/morpho_full_window/shards/range_000908_396712376_396717376.jsonl,196082,EXCLUDE,gitignored_raw_cache_binary_or_local,data/raw/,
data/raw/morpho_full_window/shards/range_000909_396717376_396722376.jsonl,172607,EXCLUDE,gitignored_raw_cache_binary_or_local,data/raw/,
data/raw/morpho_full_window/shards/range_000910_396722376_396727376.jsonl,138337,EXCLUDE,gitignored_raw_cache_binary_or_local,data/raw/,
data/raw/morpho_full_window/shards/range_000911_396727376_396732376.jsonl,97108,EXCLUDE,gitignored_raw_cache_binary_or_local,data/raw/,
data/raw/morpho_full_window/shards/range_000912_396732376_396737376.jsonl,121458,EXCLUDE,gitignored_raw_cache_binary_or_local,data/raw/,
data/raw/morpho_full_window/shards/range_000913_396737376_396742376.jsonl,139910,EXCLUDE,gitignored_raw_cache_binary_or_local,data/raw/,
data/raw/morpho_full_window/shards/range_000914_396742376_396747376.jsonl,192378,EXCLUDE,gitignored_raw_cache_binary_or_local,data/raw/,
data/raw/morpho_full_window/shards/range_000915_396747376_396752376.jsonl,237597,EXCLUDE,gitignored_raw_cache_binary_or_local,data/raw/,
data/raw/morpho_full_window/shards/range_000916_396752376_396757376.jsonl,152275,EXCLUDE,gitignored_raw_cache_binary_or_local,data/raw/,
data/raw/morpho_full_window/shards/range_000917_396757376_396762376.jsonl,118391,EXCLUDE,gitignored_raw_cache_binary_or_local,data/raw/,
data/raw/morpho_full_window/shards/range_000918_396762376_396767376.jsonl,165547,EXCLUDE,gitignored_raw_cache_binary_or_local,data/raw/,
data/raw/morpho_full_window/shards/range_000919_396767376_396772376.jsonl,144506,EXCLUDE,gitignored_raw_cache_binary_or_local,data/raw/,
data/raw/morpho_full_window/shards/range_000920_396772376_396777376.jsonl,93884,EXCLUDE,gitignored_raw_cache_binary_or_local,data/raw/,
data/raw/morpho_full_window/shards/range_000921_396777376_396787376.jsonl,301258,EXCLUDE,gitignored_raw_cache_binary_or_local,data/raw/,
data/raw/morpho_full_window/shards/range_000922_396787376_396797376.jsonl,245692,EXCLUDE,gitignored_raw_cache_binary_or_local,data/raw/,
data/raw/morpho_full_window/shards/range_000923_396797376_396807376.jsonl,268558,EXCLUDE,gitignored_raw_cache_binary_or_local,data/raw/,
data/raw/morpho_full_window/shards/range_000924_396807376_396817376.jsonl,188625,EXCLUDE,gitignored_raw_cache_binary_or_local,data/raw/,
data/raw/morpho_full_window/shards/range_000925_396817376_396827376.jsonl,299186,EXCLUDE,gitignored_raw_cache_binary_or_local,data/raw/,
data/raw/morpho_full_window/shards/range_000926_396827376_396837376.jsonl,294525,EXCLUDE,gitignored_raw_cache_binary_or_local,data/raw/,
data/raw/morpho_full_window/shards/range_000927_396837376_396847376.jsonl,327559,EXCLUDE,gitignored_raw_cache_binary_or_local,data/raw/,
data/raw/morpho_full_window/shards/range_000928_396847376_396857376.jsonl,197676,EXCLUDE,gitignored_raw_cache_binary_or_local,data/raw/,
data/raw/morpho_full_window/shards/range_000929_396857376_396867376.jsonl,161649,EXCLUDE,gitignored_raw_cache_binary_or_local,data/raw/,
data/raw/morpho_full_window/shards/range_000930_396867376_396877376.jsonl,271611,EXCLUDE,gitignored_raw_cache_binary_or_local,data/raw/,
data/raw/morpho_full_window/shards/range_000931_396877376_396887376.jsonl,351311,EXCLUDE,gitignored_raw_cache_binary_or_local,data/raw/,
data/raw/morpho_full_window/shards/range_000932_396887376_396897376.jsonl,320664,EXCLUDE,gitignored_raw_cache_binary_or_local,data/raw/,
data/raw/morpho_full_window/shards/range_000933_396897376_396907376.jsonl,281645,EXCLUDE,gitignored_raw_cache_binary_or_local,data/raw/,
data/raw/morpho_full_window/shards/range_000934_396907376_396917376.jsonl,233424,EXCLUDE,gitignored_raw_cache_binary_or_local,data/raw/,
data/raw/morpho_full_window/shards/range_000935_396917376_396927376.jsonl,235220,EXCLUDE,gitignored_raw_cache_binary_or_local,data/raw/,
data/raw/morpho_full_window/shards/range_000936_396927376_396937376.jsonl,214838,EXCLUDE,gitignored_raw_cache_binary_or_local,data/raw/,
data/raw/morpho_full_window/shards/range_000937_396937376_396947376.jsonl,272834,EXCLUDE,gitignored_raw_cache_binary_or_local,data/raw/,
data/raw/morpho_full_window/shards/range_000938_396947376_396957376.jsonl,272511,EXCLUDE,gitignored_raw_cache_binary_or_local,data/raw/,
data/raw/morpho_full_window/shards/range_000939_396957376_396967376.jsonl,291922,EXCLUDE,gitignored_raw_cache_binary_or_local,data/raw/,
data/raw/morpho_full_window/shards/range_000940_396967376_396977376.jsonl,254081,EXCLUDE,gitignored_raw_cache_binary_or_local,data/raw/,
data/raw/morpho_full_window/shards/range_000941_396977376_396987376.jsonl,421896,EXCLUDE,gitignored_raw_cache_binary_or_local,data/raw/,
data/raw/morpho_full_window/shards/range_000942_396987376_396997376.jsonl,427295,EXCLUDE,gitignored_raw_cache_binary_or_local,data/raw/,
data/raw/morpho_full_window/shards/range_000943_396997376_397007376.jsonl,353976,EXCLUDE,gitignored_raw_cache_binary_or_local,data/raw/,
data/raw/morpho_full_window/shards/range_000944_397007376_397017376.jsonl,257513,EXCLUDE,gitignored_raw_cache_binary_or_local,data/raw/,
data/raw/morpho_full_window/shards/range_000945_397017376_397027376.jsonl,113412,EXCLUDE,gitignored_raw_cache_binary_or_local,data/raw/,
data/raw/morpho_full_window/shards/range_000946_397027376_397037376.jsonl,178130,EXCLUDE,gitignored_raw_cache_binary_or_local,data/raw/,
data/raw/morpho_full_window/shards/range_000947_397037376_397047376.jsonl,337479,EXCLUDE,gitignored_raw_cache_binary_or_local,data/raw/,
data/raw/morpho_full_window/shards/range_000948_397047376_397057376.jsonl,128339,EXCLUDE,gitignored_raw_cache_binary_or_local,data/raw/,
data/raw/morpho_full_window/shards/range_000949_397057376_397067376.jsonl,209033,EXCLUDE,gitignored_raw_cache_binary_or_local,data/raw/,
data/raw/morpho_full_window/shards/range_000950_397067376_397077376.jsonl,229427,EXCLUDE,gitignored_raw_cache_binary_or_local,data/raw/,
data/raw/morpho_full_window/shards/range_000951_397077376_397087376.jsonl,192046,EXCLUDE,gitignored_raw_cache_binary_or_local,data/raw/,
data/raw/morpho_full_window/shards/range_000952_397087376_397097376.jsonl,99713,EXCLUDE,gitignored_raw_cache_binary_or_local,data/raw/,
data/raw/morpho_full_window/shards/range_000953_397097376_397107376.jsonl,185530,EXCLUDE,gitignored_raw_cache_binary_or_local,data/raw/,
data/raw/morpho_full_window/shards/range_000954_397107376_397117376.jsonl,179608,EXCLUDE,gitignored_raw_cache_binary_or_local,data/raw/,
data/raw/morpho_full_window/shards/range_000955_397117376_397127376.jsonl,302950,EXCLUDE,gitignored_raw_cache_binary_or_local,data/raw/,
data/raw/morpho_full_window/shards/range_000956_397127376_397137376.jsonl,155238,EXCLUDE,gitignored_raw_cache_binary_or_local,data/raw/,
data/raw/morpho_full_window/shards/range_000957_397137376_397147376.jsonl,179902,EXCLUDE,gitignored_raw_cache_binary_or_local,data/raw/,
data/raw/morpho_full_window/shards/range_000958_397147376_397157376.jsonl,287187,EXCLUDE,gitignored_raw_cache_binary_or_local,data/raw/,
data/raw/morpho_full_window/shards/range_000959_397157376_397167376.jsonl,206395,EXCLUDE,gitignored_raw_cache_binary_or_local,data/raw/,
data/raw/morpho_full_window/shards/range_000960_397167376_397177376.jsonl,197489,EXCLUDE,gitignored_raw_cache_binary_or_local,data/raw/,
data/raw/morpho_full_window/shards/range_000961_397177376_397187376.jsonl,170184,EXCLUDE,gitignored_raw_cache_binary_or_local,data/raw/,
data/raw/morpho_full_window/shards/range_000962_397187376_397197376.jsonl,180648,EXCLUDE,gitignored_raw_cache_binary_or_local,data/raw/,
data/raw/morpho_full_window/shards/range_000963_397197376_397207376.jsonl,69987,EXCLUDE,gitignored_raw_cache_binary_or_local,data/raw/,
data/raw/morpho_full_window/shards/range_000964_397207376_397227376.jsonl,229122,EXCLUDE,gitignored_raw_cache_binary_or_local,data/raw/,
data/raw/morpho_full_window/shards/range_000965_397227376_397247376.jsonl,329204,EXCLUDE,gitignored_raw_cache_binary_or_local,data/raw/,
data/raw/morpho_full_window/shards/range_000966_397247376_397267376.jsonl,469642,EXCLUDE,gitignored_raw_cache_binary_or_local,data/raw/,
data/raw/morpho_full_window/shards/range_000967_397267376_397287376.jsonl,521727,EXCLUDE,gitignored_raw_cache_binary_or_local,data/raw/,
data/raw/morpho_full_window/shards/range_000968_397287376_397307376.jsonl,251348,EXCLUDE,gitignored_raw_cache_binary_or_local,data/raw/,
data/raw/morpho_full_window/shards/range_000969_397307376_397327376.jsonl,219841,EXCLUDE,gitignored_raw_cache_binary_or_local,data/raw/,
data/raw/morpho_full_window/shards/range_000970_397327376_397347376.jsonl,220376,EXCLUDE,gitignored_raw_cache_binary_or_local,data/raw/,
data/raw/morpho_full_window/shards/range_000971_397347376_397367376.jsonl,207844,EXCLUDE,gitignored_raw_cache_binary_or_local,data/raw/,
data/raw/morpho_full_window/shards/range_000972_397367376_397387376.jsonl,213970,EXCLUDE,gitignored_raw_cache_binary_or_local,data/raw/,
data/raw/morpho_full_window/shards/range_000973_397387376_397407376.jsonl,248056,EXCLUDE,gitignored_raw_cache_binary_or_local,data/raw/,
data/raw/morpho_full_window/shards/range_000974_397407376_397427376.jsonl,271628,EXCLUDE,gitignored_raw_cache_binary_or_local,data/raw/,
data/raw/morpho_full_window/shards/range_000975_397427376_397447376.jsonl,330891,EXCLUDE,gitignored_raw_cache_binary_or_local,data/raw/,
data/raw/morpho_full_window/shards/range_000976_397447376_397467376.jsonl,385463,EXCLUDE,gitignored_raw_cache_binary_or_local,data/raw/,
data/raw/morpho_full_window/shards/range_000977_397467376_397487376.jsonl,395181,EXCLUDE,gitignored_raw_cache_binary_or_local,data/raw/,
data/raw/morpho_full_window/shards/range_000978_397487376_397507376.jsonl,232987,EXCLUDE,gitignored_raw_cache_binary_or_local,data/raw/,
data/raw/morpho_full_window/shards/range_000979_397507376_397527376.jsonl,370575,EXCLUDE,gitignored_raw_cache_binary_or_local,data/raw/,
data/raw/morpho_full_window/shards/range_000980_397527376_397547376.jsonl,160809,EXCLUDE,gitignored_raw_cache_binary_or_local,data/raw/,
data/raw/morpho_full_window/shards/range_000981_397547376_397567376.jsonl,196046,EXCLUDE,gitignored_raw_cache_binary_or_local,data/raw/,
data/raw/morpho_full_window/shards/range_000982_397567376_397587376.jsonl,337215,EXCLUDE,gitignored_raw_cache_binary_or_local,data/raw/,
data/raw/morpho_full_window/shards/range_000983_397587376_397607376.jsonl,259998,EXCLUDE,gitignored_raw_cache_binary_or_local,data/raw/,
data/raw/morpho_full_window/shards/range_000984_397607376_397627376.jsonl,219224,EXCLUDE,gitignored_raw_cache_binary_or_local,data/raw/,
data/raw/morpho_full_window/shards/range_000985_397627376_397647376.jsonl,349622,EXCLUDE,gitignored_raw_cache_binary_or_local,data/raw/,
data/raw/morpho_full_window/shards/range_000986_397647376_397667376.jsonl,235099,EXCLUDE,gitignored_raw_cache_binary_or_local,data/raw/,
data/raw/morpho_full_window/shards/range_000987_397667376_397687376.jsonl,247109,EXCLUDE,gitignored_raw_cache_binary_or_local,data/raw/,
data/raw/morpho_full_window/shards/range_000988_397687376_397707376.jsonl,437577,EXCLUDE,gitignored_raw_cache_binary_or_local,data/raw/,
data/raw/morpho_full_window/shards/range_000989_397707376_397727376.jsonl,328193,EXCLUDE,gitignored_raw_cache_binary_or_local,data/raw/,
data/raw/morpho_full_window/shards/range_000990_397727376_397747376.jsonl,206781,EXCLUDE,gitignored_raw_cache_binary_or_local,data/raw/,
data/raw/morpho_full_window/shards/range_000991_397747376_397767376.jsonl,409459,EXCLUDE,gitignored_raw_cache_binary_or_local,data/raw/,
data/raw/morpho_full_window/shards/range_000992_397767376_397787376.jsonl,229785,EXCLUDE,gitignored_raw_cache_binary_or_local,data/raw/,
data/raw/morpho_full_window/shards/range_000993_397787376_397807376.jsonl,322297,EXCLUDE,gitignored_raw_cache_binary_or_local,data/raw/,
data/raw/morpho_full_window/shards/range_000994_397807376_397827376.jsonl,149190,EXCLUDE,gitignored_raw_cache_binary_or_local,data/raw/,
data/raw/morpho_full_window/shards/range_000995_397827376_397847376.jsonl,154847,EXCLUDE,gitignored_raw_cache_binary_or_local,data/raw/,
data/raw/morpho_full_window/shards/range_000996_397847376_397867376.jsonl,128421,EXCLUDE,gitignored_raw_cache_binary_or_local,data/raw/,
data/raw/morpho_full_window/shards/range_000997_397867376_397887376.jsonl,80495,EXCLUDE,gitignored_raw_cache_binary_or_local,data/raw/,
data/raw/morpho_full_window/shards/range_000998_397887376_397927376.jsonl,144058,EXCLUDE,gitignored_raw_cache_binary_or_local,data/raw/,
data/raw/morpho_full_window/shards/range_000999_397927376_397967376.jsonl,182782,EXCLUDE,gitignored_raw_cache_binary_or_local,data/raw/,
data/raw/morpho_full_window/shards/range_001000_397967376_398007376.jsonl,210639,EXCLUDE,gitignored_raw_cache_binary_or_local,data/raw/,
data/raw/morpho_full_window/shards/range_001001_398007376_398047376.jsonl,294270,EXCLUDE,gitignored_raw_cache_binary_or_local,data/raw/,
data/raw/morpho_full_window/shards/range_001002_398047376_398087376.jsonl,293343,EXCLUDE,gitignored_raw_cache_binary_or_local,data/raw/,
data/raw/morpho_full_window/shards/range_001003_398087376_398127376.jsonl,384991,EXCLUDE,gitignored_raw_cache_binary_or_local,data/raw/,
data/raw/morpho_full_window/shards/range_001004_398127376_398167376.jsonl,173452,EXCLUDE,gitignored_raw_cache_binary_or_local,data/raw/,
data/raw/morpho_full_window/shards/range_001005_398167376_398207376.jsonl,177053,EXCLUDE,gitignored_raw_cache_binary_or_local,data/raw/,
data/raw/morpho_full_window/shards/range_001006_398207376_398247376.jsonl,140774,EXCLUDE,gitignored_raw_cache_binary_or_local,data/raw/,
data/raw/morpho_full_window/shards/range_001007_398247376_398287376.jsonl,112463,EXCLUDE,gitignored_raw_cache_binary_or_local,data/raw/,
data/raw/morpho_full_window/shards/range_001008_398287376_398327376.jsonl,178079,EXCLUDE,gitignored_raw_cache_binary_or_local,data/raw/,
data/raw/morpho_full_window/shards/range_001009_398327376_398367376.jsonl,110513,EXCLUDE,gitignored_raw_cache_binary_or_local,data/raw/,
data/raw/morpho_full_window/shards/range_001010_398367376_398407376.jsonl,165261,EXCLUDE,gitignored_raw_cache_binary_or_local,data/raw/,
data/raw/morpho_full_window/shards/range_001011_398407376_398447376.jsonl,115449,EXCLUDE,gitignored_raw_cache_binary_or_local,data/raw/,
data/raw/morpho_full_window/shards/range_001012_398447376_398487376.jsonl,130629,EXCLUDE,gitignored_raw_cache_binary_or_local,data/raw/,
data/raw/morpho_full_window/shards/range_001013_398487376_398527376.jsonl,196277,EXCLUDE,gitignored_raw_cache_binary_or_local,data/raw/,
data/raw/morpho_full_window/shards/range_001014_398527376_398567376.jsonl,149530,EXCLUDE,gitignored_raw_cache_binary_or_local,data/raw/,
data/raw/morpho_full_window/shards/range_001015_398567376_398607376.jsonl,121960,EXCLUDE,gitignored_raw_cache_binary_or_local,data/raw/,
data/raw/morpho_full_window/shards/range_001016_398607376_398647376.jsonl,178942,EXCLUDE,gitignored_raw_cache_binary_or_local,data/raw/,
data/raw/morpho_full_window/shards/range_001017_398647376_398687376.jsonl,114233,EXCLUDE,gitignored_raw_cache_binary_or_local,data/raw/,
data/raw/morpho_full_window/shards/range_001018_398687376_398727376.jsonl,162181,EXCLUDE,gitignored_raw_cache_binary_or_local,data/raw/,
data/raw/morpho_full_window/shards/range_001019_398727376_398767376.jsonl,190708,EXCLUDE,gitignored_raw_cache_binary_or_local,data/raw/,
data/raw/morpho_full_window/shards/range_001020_398767376_398807376.jsonl,185820,EXCLUDE,gitignored_raw_cache_binary_or_local,data/raw/,
data/raw/morpho_full_window/shards/range_001021_398807376_398847376.jsonl,269798,EXCLUDE,gitignored_raw_cache_binary_or_local,data/raw/,
data/raw/morpho_full_window/shards/range_001022_398847376_398887376.jsonl,159749,EXCLUDE,gitignored_raw_cache_binary_or_local,data/raw/,
data/raw/morpho_full_window/shards/range_001023_398887376_398927376.jsonl,210948,EXCLUDE,gitignored_raw_cache_binary_or_local,data/raw/,
data/raw/morpho_full_window/shards/range_001024_398927376_398967376.jsonl,205824,EXCLUDE,gitignored_raw_cache_binary_or_local,data/raw/,
data/raw/morpho_full_window/shards/range_001025_398967376_399007376.jsonl,159000,EXCLUDE,gitignored_raw_cache_binary_or_local,data/raw/,
data/raw/morpho_full_window/shards/range_001026_399007376_399047376.jsonl,172574,EXCLUDE,gitignored_raw_cache_binary_or_local,data/raw/,
data/raw/morpho_full_window/shards/range_001027_399047376_399087376.jsonl,274396,EXCLUDE,gitignored_raw_cache_binary_or_local,data/raw/,
data/raw/morpho_full_window/shards/range_001028_399087376_399127376.jsonl,256824,EXCLUDE,gitignored_raw_cache_binary_or_local,data/raw/,
data/raw/morpho_full_window/shards/range_001029_399127376_399167376.jsonl,228437,EXCLUDE,gitignored_raw_cache_binary_or_local,data/raw/,
data/raw/morpho_full_window/shards/range_001030_399167376_399207376.jsonl,242786,EXCLUDE,gitignored_raw_cache_binary_or_local,data/raw/,
data/raw/morpho_full_window/shards/range_001031_399207376_399247376.jsonl,405278,EXCLUDE,gitignored_raw_cache_binary_or_local,data/raw/,
data/raw/morpho_full_window/shards/range_001032_399247376_399287376.jsonl,312028,EXCLUDE,gitignored_raw_cache_binary_or_local,data/raw/,
data/raw/morpho_full_window/shards/range_001033_399287376_399327376.jsonl,261096,EXCLUDE,gitignored_raw_cache_binary_or_local,data/raw/,
data/raw/morpho_full_window/shards/range_001034_399327376_399367376.jsonl,230292,EXCLUDE,gitignored_raw_cache_binary_or_local,data/raw/,
data/raw/morpho_full_window/shards/range_001035_399367376_399407376.jsonl,118015,EXCLUDE,gitignored_raw_cache_binary_or_local,data/raw/,
data/raw/morpho_full_window/shards/range_001036_399407376_399447376.jsonl,206028,EXCLUDE,gitignored_raw_cache_binary_or_local,data/raw/,
data/raw/morpho_full_window/shards/range_001037_399447376_399487376.jsonl,211192,EXCLUDE,gitignored_raw_cache_binary_or_local,data/raw/,
data/raw/morpho_full_window/shards/range_001038_399487376_399527376.jsonl,263076,EXCLUDE,gitignored_raw_cache_binary_or_local,data/raw/,
data/raw/morpho_full_window/shards/range_001039_399527376_399567376.jsonl,443604,EXCLUDE,gitignored_raw_cache_binary_or_local,data/raw/,
data/raw/morpho_full_window/shards/range_001040_399567376_399607376.jsonl,227026,EXCLUDE,gitignored_raw_cache_binary_or_local,data/raw/,
data/raw/morpho_full_window/shards/range_001041_399607376_399647376.jsonl,110131,EXCLUDE,gitignored_raw_cache_binary_or_local,data/raw/,
data/raw/morpho_full_window/shards/range_001042_399647376_399687376.jsonl,341158,EXCLUDE,gitignored_raw_cache_binary_or_local,data/raw/,
data/raw/morpho_full_window/shards/range_001043_399687376_399727376.jsonl,228293,EXCLUDE,gitignored_raw_cache_binary_or_local,data/raw/,
data/raw/morpho_full_window/shards/range_001044_399727376_399767376.jsonl,339328,EXCLUDE,gitignored_raw_cache_binary_or_local,data/raw/,
data/raw/morpho_full_window/shards/range_001045_399767376_399807376.jsonl,272411,EXCLUDE,gitignored_raw_cache_binary_or_local,data/raw/,
data/raw/morpho_full_window/shards/range_001046_399807376_399847376.jsonl,211167,EXCLUDE,gitignored_raw_cache_binary_or_local,data/raw/,
data/raw/morpho_full_window/shards/range_001047_399847376_399887376.jsonl,301367,EXCLUDE,gitignored_raw_cache_binary_or_local,data/raw/,
data/raw/morpho_full_window/shards/range_001048_399887376_399927376.jsonl,347853,EXCLUDE,gitignored_raw_cache_binary_or_local,data/raw/,
data/raw/morpho_full_window/shards/range_001049_399927376_399967376.jsonl,506147,EXCLUDE,gitignored_raw_cache_binary_or_local,data/raw/,
data/raw/morpho_full_window/shards/range_001050_399967376_400007376.jsonl,277931,EXCLUDE,gitignored_raw_cache_binary_or_local,data/raw/,
data/raw/morpho_full_window/shards/range_001051_400007376_400047376.jsonl,306073,EXCLUDE,gitignored_raw_cache_binary_or_local,data/raw/,
data/raw/morpho_full_window/shards/range_001052_400047376_400087376.jsonl,329566,EXCLUDE,gitignored_raw_cache_binary_or_local,data/raw/,
data/raw/morpho_full_window/shards/range_001053_400087376_400127376.jsonl,266147,EXCLUDE,gitignored_raw_cache_binary_or_local,data/raw/,
data/raw/morpho_full_window/shards/range_001054_400127376_400167376.jsonl,248968,EXCLUDE,gitignored_raw_cache_binary_or_local,data/raw/,
data/raw/morpho_full_window/shards/range_001055_400167376_400207376.jsonl,216729,EXCLUDE,gitignored_raw_cache_binary_or_local,data/raw/,
data/raw/morpho_full_window/shards/range_001056_400207376_400247376.jsonl,147326,EXCLUDE,gitignored_raw_cache_binary_or_local,data/raw/,
data/raw/morpho_full_window/shards/range_001057_400247376_400287376.jsonl,239113,EXCLUDE,gitignored_raw_cache_binary_or_local,data/raw/,
data/raw/morpho_full_window/shards/range_001058_400287376_400327376.jsonl,177274,EXCLUDE,gitignored_raw_cache_binary_or_local,data/raw/,
data/raw/morpho_full_window/shards/range_001059_400327376_400367376.jsonl,99852,EXCLUDE,gitignored_raw_cache_binary_or_local,data/raw/,
data/raw/morpho_full_window/shards/range_001060_400367376_400407376.jsonl,156732,EXCLUDE,gitignored_raw_cache_binary_or_local,data/raw/,
data/raw/morpho_full_window/shards/range_001061_400407376_400447376.jsonl,142028,EXCLUDE,gitignored_raw_cache_binary_or_local,data/raw/,
data/raw/morpho_full_window/shards/range_001062_400447376_400487376.jsonl,193149,EXCLUDE,gitignored_raw_cache_binary_or_local,data/raw/,
data/raw/morpho_full_window/shards/range_001063_400487376_400527376.jsonl,124043,EXCLUDE,gitignored_raw_cache_binary_or_local,data/raw/,
data/raw/morpho_full_window/shards/range_001064_400527376_400567376.jsonl,199328,EXCLUDE,gitignored_raw_cache_binary_or_local,data/raw/,
data/raw/morpho_full_window/shards/range_001065_400567376_400607376.jsonl,307102,EXCLUDE,gitignored_raw_cache_binary_or_local,data/raw/,
data/raw/morpho_full_window/shards/range_001066_400607376_400647376.jsonl,203524,EXCLUDE,gitignored_raw_cache_binary_or_local,data/raw/,
data/raw/morpho_full_window/shards/range_001067_400647376_400687376.jsonl,149900,EXCLUDE,gitignored_raw_cache_binary_or_local,data/raw/,
data/raw/morpho_full_window/shards/range_001068_400687376_400727376.jsonl,148260,EXCLUDE,gitignored_raw_cache_binary_or_local,data/raw/,
data/raw/morpho_full_window/shards/range_001069_400727376_400767376.jsonl,55083,EXCLUDE,gitignored_raw_cache_binary_or_local,data/raw/,
data/raw/morpho_full_window/shards/range_001070_400767376_400847376.jsonl,374663,EXCLUDE,gitignored_raw_cache_binary_or_local,data/raw/,
data/raw/morpho_full_window/shards/range_001071_400847376_400927376.jsonl,290029,EXCLUDE,gitignored_raw_cache_binary_or_local,data/raw/,
data/raw/morpho_full_window/shards/range_001072_400927376_401007376.jsonl,197531,EXCLUDE,gitignored_raw_cache_binary_or_local,data/raw/,
data/raw/morpho_full_window/shards/range_001073_401007376_401087376.jsonl,343395,EXCLUDE,gitignored_raw_cache_binary_or_local,data/raw/,
data/raw/morpho_full_window/shards/range_001074_401087376_401167376.jsonl,232714,EXCLUDE,gitignored_raw_cache_binary_or_local,data/raw/,
data/raw/morpho_full_window/shards/range_001075_401167376_401247376.jsonl,201483,EXCLUDE,gitignored_raw_cache_binary_or_local,data/raw/,
data/raw/morpho_full_window/shards/range_001076_401247376_401327376.jsonl,259305,EXCLUDE,gitignored_raw_cache_binary_or_local,data/raw/,
data/raw/morpho_full_window/shards/range_001077_401327376_401407376.jsonl,271095,EXCLUDE,gitignored_raw_cache_binary_or_local,data/raw/,
data/raw/morpho_full_window/shards/range_001078_401407376_401487376.jsonl,364802,EXCLUDE,gitignored_raw_cache_binary_or_local,data/raw/,
data/raw/morpho_full_window/shards/range_001079_401487376_401567376.jsonl,319974,EXCLUDE,gitignored_raw_cache_binary_or_local,data/raw/,
data/raw/morpho_full_window/shards/range_001080_401567376_401647376.jsonl,593564,EXCLUDE,gitignored_raw_cache_binary_or_local,data/raw/,
data/raw/morpho_full_window/shards/range_001081_401647376_401727376.jsonl,127974,EXCLUDE,gitignored_raw_cache_binary_or_local,data/raw/,
data/raw/morpho_full_window/shards/range_001082_401727376_401807376.jsonl,214565,EXCLUDE,gitignored_raw_cache_binary_or_local,data/raw/,
data/raw/morpho_full_window/shards/range_001083_401807376_401887376.jsonl,802405,EXCLUDE,gitignored_raw_cache_binary_or_local,data/raw/,
data/raw/morpho_full_window/shards/range_001084_401887376_401927376.jsonl,638347,EXCLUDE,gitignored_raw_cache_binary_or_local,data/raw/,
data/raw/morpho_full_window/shards/range_001085_401927376_401947376.jsonl,199673,EXCLUDE,gitignored_raw_cache_binary_or_local,data/raw/,
data/raw/morpho_full_window/shards/range_001086_401947376_401967376.jsonl,170661,EXCLUDE,gitignored_raw_cache_binary_or_local,data/raw/,
data/raw/morpho_full_window/shards/range_001087_401967376_401987376.jsonl,273281,EXCLUDE,gitignored_raw_cache_binary_or_local,data/raw/,
data/raw/morpho_full_window/shards/range_001088_401987376_402007376.jsonl,264260,EXCLUDE,gitignored_raw_cache_binary_or_local,data/raw/,
data/raw/morpho_full_window/shards/range_001089_402007376_402027376.jsonl,298034,EXCLUDE,gitignored_raw_cache_binary_or_local,data/raw/,
data/raw/morpho_full_window/shards/range_001090_402027376_402047376.jsonl,333305,EXCLUDE,gitignored_raw_cache_binary_or_local,data/raw/,
data/raw/morpho_full_window/shards/range_001091_402047376_402067376.jsonl,139603,EXCLUDE,gitignored_raw_cache_binary_or_local,data/raw/,
data/raw/morpho_full_window/shards/range_001092_402067376_402087376.jsonl,285918,EXCLUDE,gitignored_raw_cache_binary_or_local,data/raw/,
data/raw/morpho_full_window/shards/range_001093_402087376_402107376.jsonl,800031,EXCLUDE,gitignored_raw_cache_binary_or_local,data/raw/,
data/raw/morpho_full_window/shards/range_001094_402107376_402117376.jsonl,566005,EXCLUDE,gitignored_raw_cache_binary_or_local,data/raw/,
data/raw/morpho_full_window/shards/range_001095_402117376_402127376.jsonl,168654,EXCLUDE,gitignored_raw_cache_binary_or_local,data/raw/,
data/raw/morpho_full_window/shards/range_001096_402127376_402137376.jsonl,180820,EXCLUDE,gitignored_raw_cache_binary_or_local,data/raw/,
data/raw/morpho_full_window/shards/range_001097_402137376_402147376.jsonl,513060,EXCLUDE,gitignored_raw_cache_binary_or_local,data/raw/,
data/raw/morpho_full_window/shards/range_001098_402147376_402157376.jsonl,663072,EXCLUDE,gitignored_raw_cache_binary_or_local,data/raw/,
data/raw/morpho_full_window/shards/range_001099_402157376_402162376.jsonl,277985,EXCLUDE,gitignored_raw_cache_binary_or_local,data/raw/,
data/raw/morpho_full_window/shards/range_001100_402162376_402167376.jsonl,119304,EXCLUDE,gitignored_raw_cache_binary_or_local,data/raw/,
data/raw/morpho_full_window/shards/range_001101_402167376_402172376.jsonl,383975,EXCLUDE,gitignored_raw_cache_binary_or_local,data/raw/,
data/raw/morpho_full_window/shards/range_001102_402172376_402177376.jsonl,161157,EXCLUDE,gitignored_raw_cache_binary_or_local,data/raw/,
data/raw/morpho_full_window/shards/range_001103_402177376_402182376.jsonl,204400,EXCLUDE,gitignored_raw_cache_binary_or_local,data/raw/,
data/raw/morpho_full_window/shards/range_001104_402182376_402187376.jsonl,214193,EXCLUDE,gitignored_raw_cache_binary_or_local,data/raw/,
data/raw/morpho_full_window/shards/range_001105_402187376_402192376.jsonl,196704,EXCLUDE,gitignored_raw_cache_binary_or_local,data/raw/,
data/raw/morpho_full_window/shards/range_001106_402192376_402197376.jsonl,206118,EXCLUDE,gitignored_raw_cache_binary_or_local,data/raw/,
data/raw/morpho_full_window/shards/range_001107_402197376_402202376.jsonl,117565,EXCLUDE,gitignored_raw_cache_binary_or_local,data/raw/,
data/raw/morpho_full_window/shards/range_001108_402202376_402207376.jsonl,90852,EXCLUDE,gitignored_raw_cache_binary_or_local,data/raw/,
data/raw/morpho_full_window/shards/range_001109_402207376_402217376.jsonl,97433,EXCLUDE,gitignored_raw_cache_binary_or_local,data/raw/,
data/raw/morpho_full_window/shards/range_001110_402217376_402227376.jsonl,80651,EXCLUDE,gitignored_raw_cache_binary_or_local,data/raw/,
data/raw/morpho_full_window/shards/range_001111_402227376_402247376.jsonl,207859,EXCLUDE,gitignored_raw_cache_binary_or_local,data/raw/,
data/raw/morpho_full_window/shards/range_001112_402247376_402267376.jsonl,144922,EXCLUDE,gitignored_raw_cache_binary_or_local,data/raw/,
data/raw/morpho_full_window/shards/range_001113_402267376_402287376.jsonl,70268,EXCLUDE,gitignored_raw_cache_binary_or_local,data/raw/,
data/raw/morpho_full_window/shards/range_001114_402287376_402327376.jsonl,274454,EXCLUDE,gitignored_raw_cache_binary_or_local,data/raw/,
data/raw/morpho_full_window/shards/range_001115_402327376_402367376.jsonl,361485,EXCLUDE,gitignored_raw_cache_binary_or_local,data/raw/,
data/raw/morpho_full_window/shards/range_001116_402367376_402407376.jsonl,262645,EXCLUDE,gitignored_raw_cache_binary_or_local,data/raw/,
data/raw/morpho_full_window/shards/range_001117_402407376_402447376.jsonl,69629,EXCLUDE,gitignored_raw_cache_binary_or_local,data/raw/,
data/raw/morpho_full_window/shards/range_001118_402447376_402527376.jsonl,408326,EXCLUDE,gitignored_raw_cache_binary_or_local,data/raw/,
data/raw/morpho_full_window/shards/range_001119_402527376_402607376.jsonl,376579,EXCLUDE,gitignored_raw_cache_binary_or_local,data/raw/,
data/raw/morpho_full_window/shards/range_001120_402607376_402687376.jsonl,294826,EXCLUDE,gitignored_raw_cache_binary_or_local,data/raw/,
data/raw/morpho_full_window/shards/range_001121_402687376_402767376.jsonl,316859,EXCLUDE,gitignored_raw_cache_binary_or_local,data/raw/,
data/raw/morpho_full_window/shards/range_001122_402767376_402847376.jsonl,279952,EXCLUDE,gitignored_raw_cache_binary_or_local,data/raw/,
data/raw/morpho_full_window/shards/range_001123_402847376_402927376.jsonl,141765,EXCLUDE,gitignored_raw_cache_binary_or_local,data/raw/,
data/raw/morpho_full_window/shards/range_001124_402927376_403007376.jsonl,209645,EXCLUDE,gitignored_raw_cache_binary_or_local,data/raw/,
data/raw/morpho_full_window/shards/range_001125_403007376_403087376.jsonl,187555,EXCLUDE,gitignored_raw_cache_binary_or_local,data/raw/,
data/raw/morpho_full_window/shards/range_001126_403087376_403167376.jsonl,508779,EXCLUDE,gitignored_raw_cache_binary_or_local,data/raw/,
data/raw/morpho_full_window/shards/range_001127_403167376_403247376.jsonl,608963,EXCLUDE,gitignored_raw_cache_binary_or_local,data/raw/,
data/raw/morpho_full_window/shards/range_001128_403247376_403327376.jsonl,364290,EXCLUDE,gitignored_raw_cache_binary_or_local,data/raw/,
data/raw/morpho_full_window/shards/range_001129_403327376_403407376.jsonl,350217,EXCLUDE,gitignored_raw_cache_binary_or_local,data/raw/,
data/raw/morpho_full_window/shards/range_001130_403407376_403487376.jsonl,160332,EXCLUDE,gitignored_raw_cache_binary_or_local,data/raw/,
data/raw/morpho_full_window/shards/range_001131_403487376_403567376.jsonl,336325,EXCLUDE,gitignored_raw_cache_binary_or_local,data/raw/,
data/raw/morpho_full_window/shards/range_001132_403567376_403647376.jsonl,384389,EXCLUDE,gitignored_raw_cache_binary_or_local,data/raw/,
data/raw/morpho_full_window/shards/range_001133_403647376_403727376.jsonl,218442,EXCLUDE,gitignored_raw_cache_binary_or_local,data/raw/,
data/raw/morpho_full_window/shards/range_001134_403727376_403807376.jsonl,300831,EXCLUDE,gitignored_raw_cache_binary_or_local,data/raw/,
data/raw/morpho_full_window/shards/range_001135_403807376_403887376.jsonl,158613,EXCLUDE,gitignored_raw_cache_binary_or_local,data/raw/,
data/raw/morpho_full_window/shards/range_001136_403887376_403967376.jsonl,284761,EXCLUDE,gitignored_raw_cache_binary_or_local,data/raw/,
data/raw/morpho_full_window/shards/range_001137_403967376_404047376.jsonl,364664,EXCLUDE,gitignored_raw_cache_binary_or_local,data/raw/,
data/raw/morpho_full_window/shards/range_001138_404047376_404127376.jsonl,234493,EXCLUDE,gitignored_raw_cache_binary_or_local,data/raw/,
data/raw/morpho_full_window/shards/range_001139_404127376_404207376.jsonl,246694,EXCLUDE,gitignored_raw_cache_binary_or_local,data/raw/,
data/raw/morpho_full_window/shards/range_001140_404207376_404287376.jsonl,272421,EXCLUDE,gitignored_raw_cache_binary_or_local,data/raw/,
data/raw/morpho_full_window/shards/range_001141_404287376_404367376.jsonl,704507,EXCLUDE,gitignored_raw_cache_binary_or_local,data/raw/,
data/raw/morpho_full_window/shards/range_001142_404367376_404407376.jsonl,222961,EXCLUDE,gitignored_raw_cache_binary_or_local,data/raw/,
data/raw/morpho_full_window/shards/range_001143_404407376_404447376.jsonl,155868,EXCLUDE,gitignored_raw_cache_binary_or_local,data/raw/,
data/raw/morpho_full_window/shards/range_001144_404447376_404487376.jsonl,133211,EXCLUDE,gitignored_raw_cache_binary_or_local,data/raw/,
data/raw/morpho_full_window/shards/range_001145_404487376_404527376.jsonl,207756,EXCLUDE,gitignored_raw_cache_binary_or_local,data/raw/,
data/raw/morpho_full_window/shards/range_001146_404527376_404567376.jsonl,291691,EXCLUDE,gitignored_raw_cache_binary_or_local,data/raw/,
data/raw/morpho_full_window/shards/range_001147_404567376_404607376.jsonl,365546,EXCLUDE,gitignored_raw_cache_binary_or_local,data/raw/,
data/raw/morpho_full_window/shards/range_001148_404607376_404647376.jsonl,267684,EXCLUDE,gitignored_raw_cache_binary_or_local,data/raw/,
data/raw/morpho_full_window/shards/range_001149_404647376_404687376.jsonl,213310,EXCLUDE,gitignored_raw_cache_binary_or_local,data/raw/,
data/raw/morpho_full_window/shards/range_001150_404687376_404727376.jsonl,473446,EXCLUDE,gitignored_raw_cache_binary_or_local,data/raw/,
data/raw/morpho_full_window/shards/range_001151_404727376_404767376.jsonl,340224,EXCLUDE,gitignored_raw_cache_binary_or_local,data/raw/,
data/raw/morpho_full_window/shards/range_001152_404767376_404807376.jsonl,115447,EXCLUDE,gitignored_raw_cache_binary_or_local,data/raw/,
data/raw/morpho_full_window/shards/range_001153_404807376_404847376.jsonl,114843,EXCLUDE,gitignored_raw_cache_binary_or_local,data/raw/,
data/raw/morpho_full_window/shards/range_001154_404847376_404887376.jsonl,227792,EXCLUDE,gitignored_raw_cache_binary_or_local,data/raw/,
data/raw/morpho_full_window/shards/range_001155_404887376_404927376.jsonl,209882,EXCLUDE,gitignored_raw_cache_binary_or_local,data/raw/,
data/raw/morpho_full_window/shards/range_001156_404927376_404967376.jsonl,142403,EXCLUDE,gitignored_raw_cache_binary_or_local,data/raw/,
data/raw/morpho_full_window/shards/range_001157_404967376_405007376.jsonl,211513,EXCLUDE,gitignored_raw_cache_binary_or_local,data/raw/,
data/raw/morpho_full_window/shards/range_001158_405007376_405047376.jsonl,193487,EXCLUDE,gitignored_raw_cache_binary_or_local,data/raw/,
data/raw/morpho_full_window/shards/range_001159_405047376_405087376.jsonl,97423,EXCLUDE,gitignored_raw_cache_binary_or_local,data/raw/,
data/raw/morpho_full_window/shards/range_001160_405087376_405127376.jsonl,153905,EXCLUDE,gitignored_raw_cache_binary_or_local,data/raw/,
data/raw/morpho_full_window/shards/range_001161_405127376_405167376.jsonl,41574,EXCLUDE,gitignored_raw_cache_binary_or_local,data/raw/,
data/raw/morpho_full_window/shards/range_001162_405167376_405247376.jsonl,99185,EXCLUDE,gitignored_raw_cache_binary_or_local,data/raw/,
data/raw/morpho_full_window/shards/range_001163_405247376_405327376.jsonl,97526,EXCLUDE,gitignored_raw_cache_binary_or_local,data/raw/,
data/raw/morpho_full_window/shards/range_001164_405327376_405407376.jsonl,118153,EXCLUDE,gitignored_raw_cache_binary_or_local,data/raw/,
data/raw/morpho_full_window/shards/range_001165_405407376_405487376.jsonl,108465,EXCLUDE,gitignored_raw_cache_binary_or_local,data/raw/,
data/raw/morpho_full_window/shards/range_001166_405487376_405567376.jsonl,115004,EXCLUDE,gitignored_raw_cache_binary_or_local,data/raw/,
data/raw/morpho_full_window/shards/range_001167_405567376_405647376.jsonl,122671,EXCLUDE,gitignored_raw_cache_binary_or_local,data/raw/,
data/raw/morpho_full_window/shards/range_001168_405647376_405727376.jsonl,222984,EXCLUDE,gitignored_raw_cache_binary_or_local,data/raw/,
data/raw/morpho_full_window/shards/range_001169_405727376_405807376.jsonl,290401,EXCLUDE,gitignored_raw_cache_binary_or_local,data/raw/,
data/raw/morpho_full_window/shards/range_001170_405807376_405887376.jsonl,194645,EXCLUDE,gitignored_raw_cache_binary_or_local,data/raw/,
data/raw/morpho_full_window/shards/range_001171_405887376_405967376.jsonl,492079,EXCLUDE,gitignored_raw_cache_binary_or_local,data/raw/,
data/raw/morpho_full_window/shards/range_001172_405967376_406047376.jsonl,632422,EXCLUDE,gitignored_raw_cache_binary_or_local,data/raw/,
data/raw/morpho_full_window/shards/range_001173_406047376_406127376.jsonl,328747,EXCLUDE,gitignored_raw_cache_binary_or_local,data/raw/,
data/raw/morpho_full_window/shards/range_001174_406127376_406207376.jsonl,407773,EXCLUDE,gitignored_raw_cache_binary_or_local,data/raw/,
data/raw/morpho_full_window/shards/range_001175_406207376_406287376.jsonl,356179,EXCLUDE,gitignored_raw_cache_binary_or_local,data/raw/,
data/raw/morpho_full_window/shards/range_001176_406287376_406367376.jsonl,357298,EXCLUDE,gitignored_raw_cache_binary_or_local,data/raw/,
data/raw/morpho_full_window/shards/range_001177_406367376_406447376.jsonl,604160,EXCLUDE,gitignored_raw_cache_binary_or_local,data/raw/,
data/raw/morpho_full_window/shards/range_001178_406447376_406527376.jsonl,346539,EXCLUDE,gitignored_raw_cache_binary_or_local,data/raw/,
data/raw/morpho_full_window/shards/range_001179_406527376_406607376.jsonl,243299,EXCLUDE,gitignored_raw_cache_binary_or_local,data/raw/,
data/raw/morpho_full_window/shards/range_001180_406607376_406687376.jsonl,388100,EXCLUDE,gitignored_raw_cache_binary_or_local,data/raw/,
data/raw/morpho_full_window/shards/range_001181_406687376_406767376.jsonl,192449,EXCLUDE,gitignored_raw_cache_binary_or_local,data/raw/,
data/raw/morpho_full_window/shards/range_001182_406767376_406847376.jsonl,425391,EXCLUDE,gitignored_raw_cache_binary_or_local,data/raw/,
data/raw/morpho_full_window/shards/range_001183_406847376_406927376.jsonl,262089,EXCLUDE,gitignored_raw_cache_binary_or_local,data/raw/,
data/raw/morpho_full_window/shards/range_001184_406927376_407007376.jsonl,238239,EXCLUDE,gitignored_raw_cache_binary_or_local,data/raw/,
data/raw/morpho_full_window/shards/range_001185_407007376_407087376.jsonl,607252,EXCLUDE,gitignored_raw_cache_binary_or_local,data/raw/,
data/raw/morpho_full_window/shards/range_001186_407087376_407167376.jsonl,308874,EXCLUDE,gitignored_raw_cache_binary_or_local,data/raw/,
data/raw/morpho_full_window/shards/range_001187_407167376_407247376.jsonl,261799,EXCLUDE,gitignored_raw_cache_binary_or_local,data/raw/,
data/raw/morpho_full_window/shards/range_001188_407247376_407327376.jsonl,253143,EXCLUDE,gitignored_raw_cache_binary_or_local,data/raw/,
data/raw/morpho_full_window/shards/range_001189_407327376_407407376.jsonl,354944,EXCLUDE,gitignored_raw_cache_binary_or_local,data/raw/,
data/raw/morpho_full_window/shards/range_001190_407407376_407487376.jsonl,313873,EXCLUDE,gitignored_raw_cache_binary_or_local,data/raw/,
data/raw/morpho_full_window/shards/range_001191_407487376_407567376.jsonl,373936,EXCLUDE,gitignored_raw_cache_binary_or_local,data/raw/,
data/raw/morpho_full_window/shards/range_001192_407567376_407647376.jsonl,344626,EXCLUDE,gitignored_raw_cache_binary_or_local,data/raw/,
data/raw/morpho_full_window/shards/range_001193_407647376_407727376.jsonl,501226,EXCLUDE,gitignored_raw_cache_binary_or_local,data/raw/,
data/raw/morpho_full_window/shards/range_001194_407727376_407807376.jsonl,214383,EXCLUDE,gitignored_raw_cache_binary_or_local,data/raw/,
data/raw/morpho_full_window/shards/range_001195_407807376_407887376.jsonl,231941,EXCLUDE,gitignored_raw_cache_binary_or_local,data/raw/,
data/raw/morpho_full_window/shards/range_001196_407887376_407967376.jsonl,79545,EXCLUDE,gitignored_raw_cache_binary_or_local,data/raw/,
data/raw/morpho_full_window/shards/range_001197_407967376_408047376.jsonl,471412,EXCLUDE,gitignored_raw_cache_binary_or_local,data/raw/,
data/raw/morpho_full_window/shards/range_001198_408047376_408127376.jsonl,205926,EXCLUDE,gitignored_raw_cache_binary_or_local,data/raw/,
data/raw/morpho_full_window/shards/range_001199_408127376_408207376.jsonl,281557,EXCLUDE,gitignored_raw_cache_binary_or_local,data/raw/,
data/raw/morpho_full_window/shards/range_001200_408207376_408287376.jsonl,139993,EXCLUDE,gitignored_raw_cache_binary_or_local,data/raw/,
data/raw/morpho_full_window/shards/range_001201_408287376_408367376.jsonl,259752,EXCLUDE,gitignored_raw_cache_binary_or_local,data/raw/,
data/raw/morpho_full_window/shards/range_001202_408367376_408447376.jsonl,159401,EXCLUDE,gitignored_raw_cache_binary_or_local,data/raw/,
data/raw/morpho_full_window/shards/range_001203_408447376_408527376.jsonl,276984,EXCLUDE,gitignored_raw_cache_binary_or_local,data/raw/,
data/raw/morpho_full_window/shards/range_001204_408527376_408607376.jsonl,265751,EXCLUDE,gitignored_raw_cache_binary_or_local,data/raw/,
data/raw/morpho_full_window/shards/range_001205_408607376_408687376.jsonl,110149,EXCLUDE,gitignored_raw_cache_binary_or_local,data/raw/,
data/raw/morpho_full_window/shards/range_001206_408687376_408767376.jsonl,741012,EXCLUDE,gitignored_raw_cache_binary_or_local,data/raw/,
data/raw/morpho_full_window/shards/range_001207_408767376_408807376.jsonl,315401,EXCLUDE,gitignored_raw_cache_binary_or_local,data/raw/,
data/raw/morpho_full_window/shards/range_001208_408807376_408847376.jsonl,329207,EXCLUDE,gitignored_raw_cache_binary_or_local,data/raw/,
data/raw/morpho_full_window/shards/range_001209_408847376_408887376.jsonl,338712,EXCLUDE,gitignored_raw_cache_binary_or_local,data/raw/,
data/raw/morpho_full_window/shards/range_001210_408887376_408927376.jsonl,368749,EXCLUDE,gitignored_raw_cache_binary_or_local,data/raw/,
data/raw/morpho_full_window/shards/range_001211_408927376_408967376.jsonl,77260,EXCLUDE,gitignored_raw_cache_binary_or_local,data/raw/,
data/raw/morpho_full_window/shards/range_001212_408967376_409047376.jsonl,241633,EXCLUDE,gitignored_raw_cache_binary_or_local,data/raw/,
data/raw/morpho_full_window/shards/range_001213_409047376_409127376.jsonl,876389,EXCLUDE,gitignored_raw_cache_binary_or_local,data/raw/,
data/raw/morpho_full_window/shards/range_001214_409127376_409167376.jsonl,405252,EXCLUDE,gitignored_raw_cache_binary_or_local,data/raw/,
data/raw/morpho_full_window/shards/range_001215_409167376_409207376.jsonl,339840,EXCLUDE,gitignored_raw_cache_binary_or_local,data/raw/,
data/raw/morpho_full_window/shards/range_001216_409207376_409247376.jsonl,224238,EXCLUDE,gitignored_raw_cache_binary_or_local,data/raw/,
data/raw/morpho_full_window/shards/range_001217_409247376_409287376.jsonl,169003,EXCLUDE,gitignored_raw_cache_binary_or_local,data/raw/,
data/raw/morpho_full_window/shards/range_001218_409287376_409327376.jsonl,128973,EXCLUDE,gitignored_raw_cache_binary_or_local,data/raw/,
data/raw/morpho_full_window/shards/range_001219_409327376_409367376.jsonl,124292,EXCLUDE,gitignored_raw_cache_binary_or_local,data/raw/,
data/raw/morpho_full_window/shards/range_001220_409367376_409407376.jsonl,100375,EXCLUDE,gitignored_raw_cache_binary_or_local,data/raw/,
data/raw/morpho_full_window/shards/range_001221_409407376_409447376.jsonl,155613,EXCLUDE,gitignored_raw_cache_binary_or_local,data/raw/,
data/raw/morpho_full_window/shards/range_001222_409447376_409487376.jsonl,334769,EXCLUDE,gitignored_raw_cache_binary_or_local,data/raw/,
data/raw/morpho_full_window/shards/range_001223_409487376_409527376.jsonl,323509,EXCLUDE,gitignored_raw_cache_binary_or_local,data/raw/,
data/raw/morpho_full_window/shards/range_001224_409527376_409567376.jsonl,179243,EXCLUDE,gitignored_raw_cache_binary_or_local,data/raw/,
data/raw/morpho_full_window/shards/range_001225_409567376_409607376.jsonl,144625,EXCLUDE,gitignored_raw_cache_binary_or_local,data/raw/,
data/raw/morpho_full_window/shards/range_001226_409607376_409647376.jsonl,304688,EXCLUDE,gitignored_raw_cache_binary_or_local,data/raw/,
data/raw/morpho_full_window/shards/range_001227_409647376_409687376.jsonl,48761,EXCLUDE,gitignored_raw_cache_binary_or_local,data/raw/,
data/raw/morpho_full_window/shards/range_001228_409687376_409767376.jsonl,305254,EXCLUDE,gitignored_raw_cache_binary_or_local,data/raw/,
data/raw/morpho_full_window/shards/range_001229_409767376_409847376.jsonl,453428,EXCLUDE,gitignored_raw_cache_binary_or_local,data/raw/,
data/raw/morpho_full_window/shards/range_001230_409847376_409927376.jsonl,354813,EXCLUDE,gitignored_raw_cache_binary_or_local,data/raw/,
data/raw/morpho_full_window/shards/range_001231_409927376_410007376.jsonl,542120,EXCLUDE,gitignored_raw_cache_binary_or_local,data/raw/,
data/raw/morpho_full_window/shards/range_001232_410007376_410087376.jsonl,167762,EXCLUDE,gitignored_raw_cache_binary_or_local,data/raw/,
data/raw/morpho_full_window/shards/range_001233_410087376_410167376.jsonl,152721,EXCLUDE,gitignored_raw_cache_binary_or_local,data/raw/,
data/raw/morpho_full_window/shards/range_001234_410167376_410247376.jsonl,415973,EXCLUDE,gitignored_raw_cache_binary_or_local,data/raw/,
data/raw/morpho_full_window/shards/range_001235_410247376_410327376.jsonl,250833,EXCLUDE,gitignored_raw_cache_binary_or_local,data/raw/,
data/raw/morpho_full_window/shards/range_001236_410327376_410407376.jsonl,141431,EXCLUDE,gitignored_raw_cache_binary_or_local,data/raw/,
data/raw/morpho_full_window/shards/range_001237_410407376_410487376.jsonl,348193,EXCLUDE,gitignored_raw_cache_binary_or_local,data/raw/,
data/raw/morpho_full_window/shards/range_001238_410487376_410567376.jsonl,178709,EXCLUDE,gitignored_raw_cache_binary_or_local,data/raw/,
data/raw/morpho_full_window/shards/range_001239_410567376_410647376.jsonl,289078,EXCLUDE,gitignored_raw_cache_binary_or_local,data/raw/,
data/raw/morpho_full_window/shards/range_001240_410647376_410727376.jsonl,134117,EXCLUDE,gitignored_raw_cache_binary_or_local,data/raw/,
data/raw/morpho_full_window/shards/range_001241_410727376_410807376.jsonl,431529,EXCLUDE,gitignored_raw_cache_binary_or_local,data/raw/,
data/raw/morpho_full_window/shards/range_001242_410807376_410887376.jsonl,509454,EXCLUDE,gitignored_raw_cache_binary_or_local,data/raw/,
data/raw/morpho_full_window/shards/range_001243_410887376_410967376.jsonl,621394,EXCLUDE,gitignored_raw_cache_binary_or_local,data/raw/,
data/raw/morpho_full_window/shards/range_001244_410967376_411047376.jsonl,682235,EXCLUDE,gitignored_raw_cache_binary_or_local,data/raw/,
data/raw/morpho_full_window/shards/range_001245_411047376_411087376.jsonl,98240,EXCLUDE,gitignored_raw_cache_binary_or_local,data/raw/,
data/raw/morpho_full_window/shards/range_001246_411087376_411127376.jsonl,269555,EXCLUDE,gitignored_raw_cache_binary_or_local,data/raw/,
data/raw/morpho_full_window/shards/range_001247_411127376_411167376.jsonl,111589,EXCLUDE,gitignored_raw_cache_binary_or_local,data/raw/,
data/raw/morpho_full_window/shards/range_001248_411167376_411207376.jsonl,193812,EXCLUDE,gitignored_raw_cache_binary_or_local,data/raw/,
data/raw/morpho_full_window/shards/range_001249_411207376_411247376.jsonl,279706,EXCLUDE,gitignored_raw_cache_binary_or_local,data/raw/,
data/raw/morpho_full_window/shards/range_001250_411247376_411287376.jsonl,176580,EXCLUDE,gitignored_raw_cache_binary_or_local,data/raw/,
data/raw/morpho_full_window/shards/range_001251_411287376_411327376.jsonl,444471,EXCLUDE,gitignored_raw_cache_binary_or_local,data/raw/,
data/raw/morpho_full_window/shards/range_001252_411327376_411367376.jsonl,109603,EXCLUDE,gitignored_raw_cache_binary_or_local,data/raw/,
data/raw/morpho_full_window/shards/range_001253_411367376_411407376.jsonl,51865,EXCLUDE,gitignored_raw_cache_binary_or_local,data/raw/,
data/raw/morpho_full_window/shards/range_001254_411407376_411487376.jsonl,481017,EXCLUDE,gitignored_raw_cache_binary_or_local,data/raw/,
data/raw/morpho_full_window/shards/range_001255_411487376_411567376.jsonl,339826,EXCLUDE,gitignored_raw_cache_binary_or_local,data/raw/,
data/raw/morpho_full_window/shards/range_001256_411567376_411647376.jsonl,272256,EXCLUDE,gitignored_raw_cache_binary_or_local,data/raw/,
data/raw/morpho_full_window/shards/range_001257_411647376_411727376.jsonl,259119,EXCLUDE,gitignored_raw_cache_binary_or_local,data/raw/,
data/raw/morpho_full_window/shards/range_001258_411727376_411807376.jsonl,582091,EXCLUDE,gitignored_raw_cache_binary_or_local,data/raw/,
data/raw/morpho_full_window/shards/range_001259_411807376_411887376.jsonl,525623,EXCLUDE,gitignored_raw_cache_binary_or_local,data/raw/,
data/raw/morpho_full_window/shards/range_001260_411887376_411967376.jsonl,701139,EXCLUDE,gitignored_raw_cache_binary_or_local,data/raw/,
data/raw/morpho_full_window/shards/range_001261_411967376_412007376.jsonl,437568,EXCLUDE,gitignored_raw_cache_binary_or_local,data/raw/,
data/raw/morpho_full_window/shards/range_001262_412007376_412047376.jsonl,353604,EXCLUDE,gitignored_raw_cache_binary_or_local,data/raw/,
data/raw/morpho_full_window/shards/range_001263_412047376_412087376.jsonl,293050,EXCLUDE,gitignored_raw_cache_binary_or_local,data/raw/,
data/raw/morpho_full_window/shards/range_001264_412087376_412127376.jsonl,162424,EXCLUDE,gitignored_raw_cache_binary_or_local,data/raw/,
data/raw/morpho_full_window/shards/range_001265_412127376_412167376.jsonl,203449,EXCLUDE,gitignored_raw_cache_binary_or_local,data/raw/,
data/raw/morpho_full_window/shards/range_001266_412167376_412207376.jsonl,378108,EXCLUDE,gitignored_raw_cache_binary_or_local,data/raw/,
data/raw/morpho_full_window/shards/range_001267_412207376_412247376.jsonl,136182,EXCLUDE,gitignored_raw_cache_binary_or_local,data/raw/,
data/raw/morpho_full_window/shards/range_001268_412247376_412287376.jsonl,182690,EXCLUDE,gitignored_raw_cache_binary_or_local,data/raw/,
data/raw/morpho_full_window/shards/range_001269_412287376_412327376.jsonl,101995,EXCLUDE,gitignored_raw_cache_binary_or_local,data/raw/,
data/raw/morpho_full_window/shards/range_001270_412327376_412367376.jsonl,208812,EXCLUDE,gitignored_raw_cache_binary_or_local,data/raw/,
data/raw/morpho_full_window/shards/range_001271_412367376_412407376.jsonl,437348,EXCLUDE,gitignored_raw_cache_binary_or_local,data/raw/,
data/raw/morpho_full_window/shards/range_001272_412407376_412447376.jsonl,52913,EXCLUDE,gitignored_raw_cache_binary_or_local,data/raw/,
data/raw/morpho_full_window/shards/range_001273_412447376_412527376.jsonl,155245,EXCLUDE,gitignored_raw_cache_binary_or_local,data/raw/,
data/raw/morpho_full_window/shards/range_001274_412527376_412607376.jsonl,209238,EXCLUDE,gitignored_raw_cache_binary_or_local,data/raw/,
data/raw/morpho_full_window/shards/range_001275_412607376_412687376.jsonl,379983,EXCLUDE,gitignored_raw_cache_binary_or_local,data/raw/,
data/raw/morpho_full_window/shards/range_001276_412687376_412767376.jsonl,930689,EXCLUDE,gitignored_raw_cache_binary_or_local,data/raw/,
data/raw/morpho_full_window/shards/range_001277_412767376_412807376.jsonl,190925,EXCLUDE,gitignored_raw_cache_binary_or_local,data/raw/,
data/raw/morpho_full_window/shards/range_001278_412807376_412847376.jsonl,59175,EXCLUDE,gitignored_raw_cache_binary_or_local,data/raw/,
data/raw/morpho_full_window/shards/range_001279_412847376_412927376.jsonl,326884,EXCLUDE,gitignored_raw_cache_binary_or_local,data/raw/,
data/raw/morpho_full_window/shards/range_001280_412927376_413007376.jsonl,506061,EXCLUDE,gitignored_raw_cache_binary_or_local,data/raw/,
data/raw/morpho_full_window/shards/range_001281_413007376_413087376.jsonl,224146,EXCLUDE,gitignored_raw_cache_binary_or_local,data/raw/,
data/raw/morpho_full_window/shards/range_001282_413087376_413167376.jsonl,445629,EXCLUDE,gitignored_raw_cache_binary_or_local,data/raw/,
data/raw/morpho_full_window/shards/range_001283_413167376_413247376.jsonl,252182,EXCLUDE,gitignored_raw_cache_binary_or_local,data/raw/,
data/raw/morpho_full_window/shards/range_001284_413247376_413327376.jsonl,430704,EXCLUDE,gitignored_raw_cache_binary_or_local,data/raw/,
data/raw/morpho_full_window/shards/range_001285_413327376_413407376.jsonl,388629,EXCLUDE,gitignored_raw_cache_binary_or_local,data/raw/,
data/raw/morpho_full_window/shards/range_001286_413407376_413487376.jsonl,698201,EXCLUDE,gitignored_raw_cache_binary_or_local,data/raw/,
data/raw/morpho_full_window/shards/range_001287_413487376_413527376.jsonl,118706,EXCLUDE,gitignored_raw_cache_binary_or_local,data/raw/,
data/raw/morpho_full_window/shards/range_001288_413527376_413567376.jsonl,386388,EXCLUDE,gitignored_raw_cache_binary_or_local,data/raw/,
data/raw/morpho_full_window/shards/range_001289_413567376_413607376.jsonl,258620,EXCLUDE,gitignored_raw_cache_binary_or_local,data/raw/,
data/raw/morpho_full_window/shards/range_001290_413607376_413647376.jsonl,31098,EXCLUDE,gitignored_raw_cache_binary_or_local,data/raw/,
data/raw/morpho_full_window/shards/range_001291_413647376_413727376.jsonl,238158,EXCLUDE,gitignored_raw_cache_binary_or_local,data/raw/,
data/raw/morpho_full_window/shards/range_001292_413727376_413807376.jsonl,729456,EXCLUDE,gitignored_raw_cache_binary_or_local,data/raw/,
data/raw/morpho_full_window/shards/range_001293_413807376_413847376.jsonl,64915,EXCLUDE,gitignored_raw_cache_binary_or_local,data/raw/,
data/raw/morpho_full_window/shards/range_001294_413847376_413927376.jsonl,283146,EXCLUDE,gitignored_raw_cache_binary_or_local,data/raw/,
data/raw/morpho_full_window/shards/range_001295_413927376_414007376.jsonl,254796,EXCLUDE,gitignored_raw_cache_binary_or_local,data/raw/,
data/raw/morpho_full_window/shards/range_001296_414007376_414087376.jsonl,470959,EXCLUDE,gitignored_raw_cache_binary_or_local,data/raw/,
data/raw/morpho_full_window/shards/range_001297_414087376_414167376.jsonl,300666,EXCLUDE,gitignored_raw_cache_binary_or_local,data/raw/,
data/raw/morpho_full_window/shards/range_001298_414167376_414247376.jsonl,354422,EXCLUDE,gitignored_raw_cache_binary_or_local,data/raw/,
data/raw/morpho_full_window/shards/range_001299_414247376_414327376.jsonl,136301,EXCLUDE,gitignored_raw_cache_binary_or_local,data/raw/,
data/raw/morpho_full_window/shards/range_001300_414327376_414407376.jsonl,196875,EXCLUDE,gitignored_raw_cache_binary_or_local,data/raw/,
data/raw/morpho_full_window/shards/range_001301_414407376_414487376.jsonl,173309,EXCLUDE,gitignored_raw_cache_binary_or_local,data/raw/,
data/raw/morpho_full_window/shards/range_001302_414487376_414567376.jsonl,167145,EXCLUDE,gitignored_raw_cache_binary_or_local,data/raw/,
data/raw/morpho_full_window/shards/range_001303_414567376_414647376.jsonl,130939,EXCLUDE,gitignored_raw_cache_binary_or_local,data/raw/,
data/raw/morpho_full_window/shards/range_001304_414647376_414727376.jsonl,287289,EXCLUDE,gitignored_raw_cache_binary_or_local,data/raw/,
data/raw/morpho_full_window/shards/range_001305_414727376_414807376.jsonl,279387,EXCLUDE,gitignored_raw_cache_binary_or_local,data/raw/,
data/raw/morpho_full_window/shards/range_001306_414807376_414887376.jsonl,150078,EXCLUDE,gitignored_raw_cache_binary_or_local,data/raw/,
data/raw/morpho_full_window/shards/range_001307_414887376_414967376.jsonl,234845,EXCLUDE,gitignored_raw_cache_binary_or_local,data/raw/,
data/raw/morpho_full_window/shards/range_001308_414967376_415047376.jsonl,466717,EXCLUDE,gitignored_raw_cache_binary_or_local,data/raw/,
data/raw/morpho_full_window/shards/range_001309_415047376_415127376.jsonl,769342,EXCLUDE,gitignored_raw_cache_binary_or_local,data/raw/,
data/raw/morpho_full_window/shards/range_001310_415127376_415167376.jsonl,151209,EXCLUDE,gitignored_raw_cache_binary_or_local,data/raw/,
data/raw/morpho_full_window/shards/range_001311_415167376_415207376.jsonl,203380,EXCLUDE,gitignored_raw_cache_binary_or_local,data/raw/,
data/raw/morpho_full_window/shards/range_001312_415207376_415247376.jsonl,293960,EXCLUDE,gitignored_raw_cache_binary_or_local,data/raw/,
data/raw/morpho_full_window/shards/range_001313_415247376_415287376.jsonl,151730,EXCLUDE,gitignored_raw_cache_binary_or_local,data/raw/,
data/raw/morpho_full_window/shards/range_001314_415287376_415327376.jsonl,67108,EXCLUDE,gitignored_raw_cache_binary_or_local,data/raw/,
data/raw/morpho_full_window/shards/range_001315_415327376_415407376.jsonl,129542,EXCLUDE,gitignored_raw_cache_binary_or_local,data/raw/,
data/raw/morpho_full_window/shards/range_001316_415407376_415487376.jsonl,329259,EXCLUDE,gitignored_raw_cache_binary_or_local,data/raw/,
data/raw/morpho_full_window/shards/range_001317_415487376_415567376.jsonl,307223,EXCLUDE,gitignored_raw_cache_binary_or_local,data/raw/,
data/raw/morpho_full_window/shards/range_001318_415567376_415647376.jsonl,387787,EXCLUDE,gitignored_raw_cache_binary_or_local,data/raw/,
data/raw/morpho_full_window/shards/range_001319_415647376_415727376.jsonl,313360,EXCLUDE,gitignored_raw_cache_binary_or_local,data/raw/,
data/raw/morpho_full_window/shards/range_001320_415727376_415807376.jsonl,963892,EXCLUDE,gitignored_raw_cache_binary_or_local,data/raw/,
data/raw/morpho_full_window/shards/range_001321_415807376_415847376.jsonl,336341,EXCLUDE,gitignored_raw_cache_binary_or_local,data/raw/,
data/raw/morpho_full_window/shards/range_001322_415847376_415887376.jsonl,122651,EXCLUDE,gitignored_raw_cache_binary_or_local,data/raw/,
data/raw/morpho_full_window/shards/range_001323_415887376_415927376.jsonl,259471,EXCLUDE,gitignored_raw_cache_binary_or_local,data/raw/,
data/raw/morpho_full_window/shards/range_001324_415927376_415967376.jsonl,442648,EXCLUDE,gitignored_raw_cache_binary_or_local,data/raw/,
data/raw/morpho_full_window/shards/range_001325_415967376_416007376.jsonl,439059,EXCLUDE,gitignored_raw_cache_binary_or_local,data/raw/,
data/raw/morpho_full_window/shards/range_001326_416007376_416047376.jsonl,421451,EXCLUDE,gitignored_raw_cache_binary_or_local,data/raw/,
data/raw/morpho_full_window/shards/range_001327_416047376_416087376.jsonl,314583,EXCLUDE,gitignored_raw_cache_binary_or_local,data/raw/,
data/raw/morpho_full_window/shards/range_001328_416087376_416127376.jsonl,429287,EXCLUDE,gitignored_raw_cache_binary_or_local,data/raw/,
data/raw/morpho_full_window/shards/range_001329_416127376_416167376.jsonl,410502,EXCLUDE,gitignored_raw_cache_binary_or_local,data/raw/,
data/raw/morpho_full_window/shards/range_001330_416167376_416207376.jsonl,206544,EXCLUDE,gitignored_raw_cache_binary_or_local,data/raw/,
data/raw/morpho_full_window/shards/range_001331_416207376_416247376.jsonl,162273,EXCLUDE,gitignored_raw_cache_binary_or_local,data/raw/,
data/raw/morpho_full_window/shards/range_001332_416247376_416287376.jsonl,234503,EXCLUDE,gitignored_raw_cache_binary_or_local,data/raw/,
data/raw/morpho_full_window/shards/range_001333_416287376_416327376.jsonl,279987,EXCLUDE,gitignored_raw_cache_binary_or_local,data/raw/,
data/raw/morpho_full_window/shards/range_001334_416327376_416367376.jsonl,431651,EXCLUDE,gitignored_raw_cache_binary_or_local,data/raw/,
data/raw/morpho_full_window/shards/range_001335_416367376_416407376.jsonl,493710,EXCLUDE,gitignored_raw_cache_binary_or_local,data/raw/,
data/raw/morpho_full_window/shards/range_001336_416407376_416447376.jsonl,501268,EXCLUDE,gitignored_raw_cache_binary_or_local,data/raw/,
data/raw/morpho_full_window/shards/range_001337_416447376_416487376.jsonl,335749,EXCLUDE,gitignored_raw_cache_binary_or_local,data/raw/,
data/raw/morpho_full_window/shards/range_001338_416487376_416527376.jsonl,248616,EXCLUDE,gitignored_raw_cache_binary_or_local,data/raw/,
data/raw/morpho_full_window/shards/range_001339_416527376_416567376.jsonl,163180,EXCLUDE,gitignored_raw_cache_binary_or_local,data/raw/,
data/raw/morpho_full_window/shards/range_001340_416567376_416607376.jsonl,225861,EXCLUDE,gitignored_raw_cache_binary_or_local,data/raw/,
data/raw/morpho_full_window/shards/range_001341_416607376_416647376.jsonl,285895,EXCLUDE,gitignored_raw_cache_binary_or_local,data/raw/,
data/raw/morpho_full_window/shards/range_001342_416647376_416687376.jsonl,213665,EXCLUDE,gitignored_raw_cache_binary_or_local,data/raw/,
data/raw/morpho_full_window/shards/range_001343_416687376_416727376.jsonl,230579,EXCLUDE,gitignored_raw_cache_binary_or_local,data/raw/,
data/raw/morpho_full_window/shards/range_001344_416727376_416767376.jsonl,324783,EXCLUDE,gitignored_raw_cache_binary_or_local,data/raw/,
data/raw/morpho_full_window/shards/range_001345_416767376_416807376.jsonl,303331,EXCLUDE,gitignored_raw_cache_binary_or_local,data/raw/,
data/raw/morpho_full_window/shards/range_001346_416807376_416847376.jsonl,221690,EXCLUDE,gitignored_raw_cache_binary_or_local,data/raw/,
data/raw/morpho_full_window/shards/range_001347_416847376_416887376.jsonl,203353,EXCLUDE,gitignored_raw_cache_binary_or_local,data/raw/,
data/raw/morpho_full_window/shards/range_001348_416887376_416927376.jsonl,139233,EXCLUDE,gitignored_raw_cache_binary_or_local,data/raw/,
data/raw/morpho_full_window/shards/range_001349_416927376_416967376.jsonl,159519,EXCLUDE,gitignored_raw_cache_binary_or_local,data/raw/,
data/raw/morpho_full_window/shards/range_001350_416967376_417007376.jsonl,239492,EXCLUDE,gitignored_raw_cache_binary_or_local,data/raw/,
data/raw/morpho_full_window/shards/range_001351_417007376_417047376.jsonl,222088,EXCLUDE,gitignored_raw_cache_binary_or_local,data/raw/,
data/raw/morpho_full_window/shards/range_001352_417047376_417087376.jsonl,225053,EXCLUDE,gitignored_raw_cache_binary_or_local,data/raw/,
data/raw/morpho_full_window/shards/range_001353_417087376_417127376.jsonl,243118,EXCLUDE,gitignored_raw_cache_binary_or_local,data/raw/,
data/raw/morpho_full_window/shards/range_001354_417127376_417167376.jsonl,233675,EXCLUDE,gitignored_raw_cache_binary_or_local,data/raw/,
data/raw/morpho_full_window/shards/range_001355_417167376_417207376.jsonl,422278,EXCLUDE,gitignored_raw_cache_binary_or_local,data/raw/,
data/raw/morpho_full_window/shards/range_001356_417207376_417247376.jsonl,184524,EXCLUDE,gitignored_raw_cache_binary_or_local,data/raw/,
data/raw/morpho_full_window/shards/range_001357_417247376_417287376.jsonl,214694,EXCLUDE,gitignored_raw_cache_binary_or_local,data/raw/,
data/raw/morpho_full_window/shards/range_001358_417287376_417327376.jsonl,174105,EXCLUDE,gitignored_raw_cache_binary_or_local,data/raw/,
data/raw/morpho_full_window/shards/range_001359_417327376_417367376.jsonl,201591,EXCLUDE,gitignored_raw_cache_binary_or_local,data/raw/,
data/raw/morpho_full_window/shards/range_001360_417367376_417407376.jsonl,358237,EXCLUDE,gitignored_raw_cache_binary_or_local,data/raw/,
data/raw/morpho_full_window/shards/range_001361_417407376_417447376.jsonl,400072,EXCLUDE,gitignored_raw_cache_binary_or_local,data/raw/,
data/raw/morpho_full_window/shards/range_001362_417447376_417487376.jsonl,397272,EXCLUDE,gitignored_raw_cache_binary_or_local,data/raw/,
data/raw/morpho_full_window/shards/range_001363_417487376_417527376.jsonl,297595,EXCLUDE,gitignored_raw_cache_binary_or_local,data/raw/,
data/raw/morpho_full_window/shards/range_001364_417527376_417567376.jsonl,383304,EXCLUDE,gitignored_raw_cache_binary_or_local,data/raw/,
data/raw/morpho_full_window/shards/range_001365_417567376_417607376.jsonl,372746,EXCLUDE,gitignored_raw_cache_binary_or_local,data/raw/,
data/raw/morpho_full_window/shards/range_001366_417607376_417647376.jsonl,323845,EXCLUDE,gitignored_raw_cache_binary_or_local,data/raw/,
data/raw/morpho_full_window/shards/range_001367_417647376_417687376.jsonl,189616,EXCLUDE,gitignored_raw_cache_binary_or_local,data/raw/,
data/raw/morpho_full_window/shards/range_001368_417687376_417727376.jsonl,381631,EXCLUDE,gitignored_raw_cache_binary_or_local,data/raw/,
data/raw/morpho_full_window/shards/range_001369_417727376_417767376.jsonl,422213,EXCLUDE,gitignored_raw_cache_binary_or_local,data/raw/,
data/raw/morpho_full_window/shards/range_001370_417767376_417807376.jsonl,299195,EXCLUDE,gitignored_raw_cache_binary_or_local,data/raw/,
data/raw/morpho_full_window/shards/range_001371_417807376_417847376.jsonl,252043,EXCLUDE,gitignored_raw_cache_binary_or_local,data/raw/,
data/raw/morpho_full_window/shards/range_001372_417847376_417887376.jsonl,170011,EXCLUDE,gitignored_raw_cache_binary_or_local,data/raw/,
data/raw/morpho_full_window/shards/range_001373_417887376_417927376.jsonl,96602,EXCLUDE,gitignored_raw_cache_binary_or_local,data/raw/,
data/raw/morpho_full_window/shards/range_001374_417927376_417967376.jsonl,150760,EXCLUDE,gitignored_raw_cache_binary_or_local,data/raw/,
data/raw/morpho_full_window/shards/range_001375_417967376_418007376.jsonl,281959,EXCLUDE,gitignored_raw_cache_binary_or_local,data/raw/,
data/raw/morpho_full_window/shards/range_001376_418007376_418047376.jsonl,203782,EXCLUDE,gitignored_raw_cache_binary_or_local,data/raw/,
data/raw/morpho_full_window/shards/range_001377_418047376_418087376.jsonl,207193,EXCLUDE,gitignored_raw_cache_binary_or_local,data/raw/,
data/raw/morpho_full_window/shards/range_001378_418087376_418127376.jsonl,259676,EXCLUDE,gitignored_raw_cache_binary_or_local,data/raw/,
data/raw/morpho_full_window/shards/range_001379_418127376_418167376.jsonl,214706,EXCLUDE,gitignored_raw_cache_binary_or_local,data/raw/,
data/raw/morpho_full_window/shards/range_001380_418167376_418207376.jsonl,327200,EXCLUDE,gitignored_raw_cache_binary_or_local,data/raw/,
data/raw/morpho_full_window/shards/range_001381_418207376_418247376.jsonl,421752,EXCLUDE,gitignored_raw_cache_binary_or_local,data/raw/,
data/raw/morpho_full_window/shards/range_001382_418247376_418287376.jsonl,450147,EXCLUDE,gitignored_raw_cache_binary_or_local,data/raw/,
data/raw/morpho_full_window/shards/range_001383_418287376_418327376.jsonl,416516,EXCLUDE,gitignored_raw_cache_binary_or_local,data/raw/,
data/raw/morpho_full_window/shards/range_001384_418327376_418367376.jsonl,475911,EXCLUDE,gitignored_raw_cache_binary_or_local,data/raw/,
data/raw/morpho_full_window/shards/range_001385_418367376_418407376.jsonl,129306,EXCLUDE,gitignored_raw_cache_binary_or_local,data/raw/,
data/raw/morpho_full_window/shards/range_001386_418407376_418447376.jsonl,205084,EXCLUDE,gitignored_raw_cache_binary_or_local,data/raw/,
data/raw/morpho_full_window/shards/range_001387_418447376_418487376.jsonl,193220,EXCLUDE,gitignored_raw_cache_binary_or_local,data/raw/,
data/raw/morpho_full_window/shards/range_001388_418487376_418527376.jsonl,346555,EXCLUDE,gitignored_raw_cache_binary_or_local,data/raw/,
data/raw/morpho_full_window/shards/range_001389_418527376_418567376.jsonl,475096,EXCLUDE,gitignored_raw_cache_binary_or_local,data/raw/,
data/raw/morpho_full_window/shards/range_001390_418567376_418607376.jsonl,415437,EXCLUDE,gitignored_raw_cache_binary_or_local,data/raw/,
data/raw/morpho_full_window/shards/range_001391_418607376_418647376.jsonl,403065,EXCLUDE,gitignored_raw_cache_binary_or_local,data/raw/,
data/raw/morpho_full_window/shards/range_001392_418647376_418687376.jsonl,138656,EXCLUDE,gitignored_raw_cache_binary_or_local,data/raw/,
data/raw/morpho_full_window/shards/range_001393_418687376_418727376.jsonl,575300,EXCLUDE,gitignored_raw_cache_binary_or_local,data/raw/,
data/raw/morpho_full_window/shards/range_001394_418727376_418767376.jsonl,466465,EXCLUDE,gitignored_raw_cache_binary_or_local,data/raw/,
data/raw/morpho_full_window/shards/range_001395_418767376_418807376.jsonl,817781,EXCLUDE,gitignored_raw_cache_binary_or_local,data/raw/,
data/raw/morpho_full_window/shards/range_001396_418807376_418827376.jsonl,327220,EXCLUDE,gitignored_raw_cache_binary_or_local,data/raw/,
data/raw/morpho_full_window/shards/range_001397_418827376_418847376.jsonl,224149,EXCLUDE,gitignored_raw_cache_binary_or_local,data/raw/,
data/raw/morpho_full_window/shards/range_001398_418847376_418867376.jsonl,191629,EXCLUDE,gitignored_raw_cache_binary_or_local,data/raw/,
data/raw/morpho_full_window/shards/range_001399_418867376_418887376.jsonl,171688,EXCLUDE,gitignored_raw_cache_binary_or_local,data/raw/,
data/raw/morpho_full_window/shards/range_001400_418887376_418907376.jsonl,181761,EXCLUDE,gitignored_raw_cache_binary_or_local,data/raw/,
data/raw/morpho_full_window/shards/range_001401_418907376_418927376.jsonl,217347,EXCLUDE,gitignored_raw_cache_binary_or_local,data/raw/,
data/raw/morpho_full_window/shards/range_001402_418927376_418947376.jsonl,192216,EXCLUDE,gitignored_raw_cache_binary_or_local,data/raw/,
data/raw/morpho_full_window/shards/range_001403_418947376_418967376.jsonl,96896,EXCLUDE,gitignored_raw_cache_binary_or_local,data/raw/,
data/raw/morpho_full_window/shards/range_001404_418967376_418987376.jsonl,345313,EXCLUDE,gitignored_raw_cache_binary_or_local,data/raw/,
data/raw/morpho_full_window/shards/range_001405_418987376_419007376.jsonl,196357,EXCLUDE,gitignored_raw_cache_binary_or_local,data/raw/,
data/raw/morpho_full_window/shards/range_001406_419007376_419027376.jsonl,172145,EXCLUDE,gitignored_raw_cache_binary_or_local,data/raw/,
data/raw/morpho_full_window/shards/range_001407_419027376_419047376.jsonl,167928,EXCLUDE,gitignored_raw_cache_binary_or_local,data/raw/,
data/raw/morpho_full_window/shards/range_001408_419047376_419067376.jsonl,116151,EXCLUDE,gitignored_raw_cache_binary_or_local,data/raw/,
data/raw/morpho_full_window/shards/range_001409_419067376_419087376.jsonl,75483,EXCLUDE,gitignored_raw_cache_binary_or_local,data/raw/,
data/raw/morpho_full_window/shards/range_001410_419087376_419127376.jsonl,608785,EXCLUDE,gitignored_raw_cache_binary_or_local,data/raw/,
data/raw/morpho_full_window/shards/range_001411_419127376_419167376.jsonl,740349,EXCLUDE,gitignored_raw_cache_binary_or_local,data/raw/,
data/raw/morpho_full_window/shards/range_001412_419167376_419187376.jsonl,449513,EXCLUDE,gitignored_raw_cache_binary_or_local,data/raw/,
data/raw/morpho_full_window/shards/range_001413_419187376_419207376.jsonl,546940,EXCLUDE,gitignored_raw_cache_binary_or_local,data/raw/,
data/raw/morpho_full_window/shards/range_001414_419207376_419227376.jsonl,736325,EXCLUDE,gitignored_raw_cache_binary_or_local,data/raw/,
data/raw/morpho_full_window/shards/range_001415_419227376_419237376.jsonl,347817,EXCLUDE,gitignored_raw_cache_binary_or_local,data/raw/,
data/raw/morpho_full_window/shards/range_001416_419237376_419247376.jsonl,240192,EXCLUDE,gitignored_raw_cache_binary_or_local,data/raw/,
data/raw/morpho_full_window/shards/range_001417_419247376_419257376.jsonl,160085,EXCLUDE,gitignored_raw_cache_binary_or_local,data/raw/,
data/raw/morpho_full_window/shards/range_001418_419257376_419267376.jsonl,37475,EXCLUDE,gitignored_raw_cache_binary_or_local,data/raw/,
data/raw/morpho_full_window/shards/range_001419_419267376_419287376.jsonl,172086,EXCLUDE,gitignored_raw_cache_binary_or_local,data/raw/,
data/raw/morpho_full_window/shards/range_001420_419287376_419307376.jsonl,214916,EXCLUDE,gitignored_raw_cache_binary_or_local,data/raw/,
data/raw/morpho_full_window/shards/range_001421_419307376_419327376.jsonl,98954,EXCLUDE,gitignored_raw_cache_binary_or_local,data/raw/,
data/raw/morpho_full_window/shards/range_001422_419327376_419347376.jsonl,371313,EXCLUDE,gitignored_raw_cache_binary_or_local,data/raw/,
data/raw/morpho_full_window/shards/range_001423_419347376_419367376.jsonl,510246,EXCLUDE,gitignored_raw_cache_binary_or_local,data/raw/,
data/raw/morpho_full_window/shards/range_001424_419367376_419387376.jsonl,562590,EXCLUDE,gitignored_raw_cache_binary_or_local,data/raw/,
data/raw/morpho_full_window/shards/range_001425_419387376_419407376.jsonl,150801,EXCLUDE,gitignored_raw_cache_binary_or_local,data/raw/,
data/raw/morpho_full_window/shards/range_001426_419407376_419427376.jsonl,135349,EXCLUDE,gitignored_raw_cache_binary_or_local,data/raw/,
data/raw/morpho_full_window/shards/range_001427_419427376_419447376.jsonl,235481,EXCLUDE,gitignored_raw_cache_binary_or_local,data/raw/,
data/raw/morpho_full_window/shards/range_001428_419447376_419467376.jsonl,122499,EXCLUDE,gitignored_raw_cache_binary_or_local,data/raw/,
data/raw/morpho_full_window/shards/range_001429_419467376_419487376.jsonl,252300,EXCLUDE,gitignored_raw_cache_binary_or_local,data/raw/,
data/raw/morpho_full_window/shards/range_001430_419487376_419507376.jsonl,284820,EXCLUDE,gitignored_raw_cache_binary_or_local,data/raw/,
data/raw/morpho_full_window/shards/range_001431_419507376_419527376.jsonl,287288,EXCLUDE,gitignored_raw_cache_binary_or_local,data/raw/,
data/raw/morpho_full_window/shards/range_001432_419527376_419547376.jsonl,340530,EXCLUDE,gitignored_raw_cache_binary_or_local,data/raw/,
data/raw/morpho_full_window/shards/range_001433_419547376_419567376.jsonl,473899,EXCLUDE,gitignored_raw_cache_binary_or_local,data/raw/,
data/raw/morpho_full_window/shards/range_001434_419567376_419587376.jsonl,551309,EXCLUDE,gitignored_raw_cache_binary_or_local,data/raw/,
data/raw/morpho_full_window/shards/range_001435_419587376_419607376.jsonl,241797,EXCLUDE,gitignored_raw_cache_binary_or_local,data/raw/,
data/raw/morpho_full_window/shards/range_001436_419607376_419627376.jsonl,193610,EXCLUDE,gitignored_raw_cache_binary_or_local,data/raw/,
data/raw/morpho_full_window/shards/range_001437_419627376_419647376.jsonl,215037,EXCLUDE,gitignored_raw_cache_binary_or_local,data/raw/,
data/raw/morpho_full_window/shards/range_001438_419647376_419667376.jsonl,295116,EXCLUDE,gitignored_raw_cache_binary_or_local,data/raw/,
data/raw/morpho_full_window/shards/range_001439_419667376_419687376.jsonl,195610,EXCLUDE,gitignored_raw_cache_binary_or_local,data/raw/,
data/raw/morpho_full_window/shards/range_001440_419687376_419707376.jsonl,224901,EXCLUDE,gitignored_raw_cache_binary_or_local,data/raw/,
data/raw/morpho_full_window/shards/range_001441_419707376_419727376.jsonl,112099,EXCLUDE,gitignored_raw_cache_binary_or_local,data/raw/,
data/raw/morpho_full_window/shards/range_001442_419727376_419747376.jsonl,115312,EXCLUDE,gitignored_raw_cache_binary_or_local,data/raw/,
data/raw/morpho_full_window/shards/range_001443_419747376_419767376.jsonl,171550,EXCLUDE,gitignored_raw_cache_binary_or_local,data/raw/,
data/raw/morpho_full_window/shards/range_001444_419767376_419787376.jsonl,134439,EXCLUDE,gitignored_raw_cache_binary_or_local,data/raw/,
data/raw/morpho_full_window/shards/range_001445_419787376_419807376.jsonl,159061,EXCLUDE,gitignored_raw_cache_binary_or_local,data/raw/,
data/raw/morpho_full_window/shards/range_001446_419807376_419827376.jsonl,149690,EXCLUDE,gitignored_raw_cache_binary_or_local,data/raw/,
data/raw/morpho_full_window/shards/range_001447_419827376_419847376.jsonl,232115,EXCLUDE,gitignored_raw_cache_binary_or_local,data/raw/,
data/raw/morpho_full_window/shards/range_001448_419847376_419867376.jsonl,157272,EXCLUDE,gitignored_raw_cache_binary_or_local,data/raw/,
data/raw/morpho_full_window/shards/range_001449_419867376_419887376.jsonl,172381,EXCLUDE,gitignored_raw_cache_binary_or_local,data/raw/,
data/raw/morpho_full_window/shards/range_001450_419887376_419907376.jsonl,159530,EXCLUDE,gitignored_raw_cache_binary_or_local,data/raw/,
data/raw/morpho_full_window/shards/range_001451_419907376_419927376.jsonl,535746,EXCLUDE,gitignored_raw_cache_binary_or_local,data/raw/,
data/raw/morpho_full_window/shards/range_001452_419927376_419947376.jsonl,234360,EXCLUDE,gitignored_raw_cache_binary_or_local,data/raw/,
data/raw/morpho_full_window/shards/range_001453_419947376_419967376.jsonl,106045,EXCLUDE,gitignored_raw_cache_binary_or_local,data/raw/,
data/raw/morpho_full_window/shards/range_001454_419967376_419987376.jsonl,258942,EXCLUDE,gitignored_raw_cache_binary_or_local,data/raw/,
data/raw/morpho_full_window/shards/range_001455_419987376_420007376.jsonl,193122,EXCLUDE,gitignored_raw_cache_binary_or_local,data/raw/,
data/raw/morpho_full_window/shards/range_001456_420007376_420027376.jsonl,172390,EXCLUDE,gitignored_raw_cache_binary_or_local,data/raw/,
data/raw/morpho_full_window/shards/range_001457_420027376_420047376.jsonl,222467,EXCLUDE,gitignored_raw_cache_binary_or_local,data/raw/,
data/raw/morpho_full_window/shards/range_001458_420047376_420067376.jsonl,158670,EXCLUDE,gitignored_raw_cache_binary_or_local,data/raw/,
data/raw/morpho_full_window/shards/range_001459_420067376_420087376.jsonl,161583,EXCLUDE,gitignored_raw_cache_binary_or_local,data/raw/,
data/raw/morpho_full_window/shards/range_001460_420087376_420107376.jsonl,168892,EXCLUDE,gitignored_raw_cache_binary_or_local,data/raw/,
data/raw/morpho_full_window/shards/range_001461_420107376_420127376.jsonl,129355,EXCLUDE,gitignored_raw_cache_binary_or_local,data/raw/,
data/raw/morpho_full_window/shards/range_001462_420127376_420147376.jsonl,161713,EXCLUDE,gitignored_raw_cache_binary_or_local,data/raw/,
data/raw/morpho_full_window/shards/range_001463_420147376_420167376.jsonl,127015,EXCLUDE,gitignored_raw_cache_binary_or_local,data/raw/,
data/raw/morpho_full_window/shards/range_001464_420167376_420187376.jsonl,183905,EXCLUDE,gitignored_raw_cache_binary_or_local,data/raw/,
data/raw/morpho_full_window/shards/range_001465_420187376_420207376.jsonl,180228,EXCLUDE,gitignored_raw_cache_binary_or_local,data/raw/,
data/raw/morpho_full_window/shards/range_001466_420207376_420227376.jsonl,203622,EXCLUDE,gitignored_raw_cache_binary_or_local,data/raw/,
data/raw/morpho_full_window/shards/range_001467_420227376_420247376.jsonl,197184,EXCLUDE,gitignored_raw_cache_binary_or_local,data/raw/,
data/raw/morpho_full_window/shards/range_001468_420247376_420267376.jsonl,344853,EXCLUDE,gitignored_raw_cache_binary_or_local,data/raw/,
data/raw/morpho_full_window/shards/range_001469_420267376_420287376.jsonl,191359,EXCLUDE,gitignored_raw_cache_binary_or_local,data/raw/,
data/raw/morpho_full_window/shards/range_001470_420287376_420307376.jsonl,190278,EXCLUDE,gitignored_raw_cache_binary_or_local,data/raw/,
data/raw/morpho_full_window/shards/range_001471_420307376_420327376.jsonl,159360,EXCLUDE,gitignored_raw_cache_binary_or_local,data/raw/,
data/raw/morpho_full_window/shards/range_001472_420327376_420347376.jsonl,150121,EXCLUDE,gitignored_raw_cache_binary_or_local,data/raw/,
data/raw/morpho_full_window/shards/range_001473_420347376_420367376.jsonl,133918,EXCLUDE,gitignored_raw_cache_binary_or_local,data/raw/,
data/raw/morpho_full_window/shards/range_001474_420367376_420387376.jsonl,74358,EXCLUDE,gitignored_raw_cache_binary_or_local,data/raw/,
data/raw/morpho_full_window/shards/range_001475_420387376_420427376.jsonl,457561,EXCLUDE,gitignored_raw_cache_binary_or_local,data/raw/,
data/raw/morpho_full_window/shards/range_001476_420427376_420467376.jsonl,323447,EXCLUDE,gitignored_raw_cache_binary_or_local,data/raw/,
data/raw/morpho_full_window/shards/range_001477_420467376_420507376.jsonl,401163,EXCLUDE,gitignored_raw_cache_binary_or_local,data/raw/,
data/raw/morpho_full_window/shards/range_001478_420507376_420547376.jsonl,432331,EXCLUDE,gitignored_raw_cache_binary_or_local,data/raw/,
data/raw/morpho_full_window/shards/range_001479_420547376_420587376.jsonl,384755,EXCLUDE,gitignored_raw_cache_binary_or_local,data/raw/,
data/raw/morpho_full_window/shards/range_001480_420587376_420627376.jsonl,395725,EXCLUDE,gitignored_raw_cache_binary_or_local,data/raw/,
data/raw/morpho_full_window/shards/range_001481_420627376_420667376.jsonl,340553,EXCLUDE,gitignored_raw_cache_binary_or_local,data/raw/,
data/raw/morpho_full_window/shards/range_001482_420667376_420707376.jsonl,438607,EXCLUDE,gitignored_raw_cache_binary_or_local,data/raw/,
data/raw/morpho_full_window/shards/range_001483_420707376_420747376.jsonl,339384,EXCLUDE,gitignored_raw_cache_binary_or_local,data/raw/,
data/raw/morpho_full_window/shards/range_001484_420747376_420787376.jsonl,278051,EXCLUDE,gitignored_raw_cache_binary_or_local,data/raw/,
data/raw/morpho_full_window/shards/range_001485_420787376_420827376.jsonl,191900,EXCLUDE,gitignored_raw_cache_binary_or_local,data/raw/,
data/raw/morpho_full_window/shards/range_001486_420827376_420867376.jsonl,376103,EXCLUDE,gitignored_raw_cache_binary_or_local,data/raw/,
data/raw/morpho_full_window/shards/range_001487_420867376_420907376.jsonl,439700,EXCLUDE,gitignored_raw_cache_binary_or_local,data/raw/,
data/raw/morpho_full_window/shards/range_001488_420907376_420947376.jsonl,470863,EXCLUDE,gitignored_raw_cache_binary_or_local,data/raw/,
data/raw/morpho_full_window/shards/range_001489_420947376_420987376.jsonl,449206,EXCLUDE,gitignored_raw_cache_binary_or_local,data/raw/,
data/raw/morpho_full_window/shards/range_001490_420987376_421027376.jsonl,291295,EXCLUDE,gitignored_raw_cache_binary_or_local,data/raw/,
data/raw/morpho_full_window/shards/range_001491_421027376_421067376.jsonl,407985,EXCLUDE,gitignored_raw_cache_binary_or_local,data/raw/,
data/raw/morpho_full_window/shards/range_001492_421067376_421107376.jsonl,386092,EXCLUDE,gitignored_raw_cache_binary_or_local,data/raw/,
data/raw/morpho_full_window/shards/range_001493_421107376_421147376.jsonl,296541,EXCLUDE,gitignored_raw_cache_binary_or_local,data/raw/,
data/raw/morpho_full_window/shards/range_001494_421147376_421187376.jsonl,261055,EXCLUDE,gitignored_raw_cache_binary_or_local,data/raw/,
data/raw/morpho_full_window/shards/range_001495_421187376_421227376.jsonl,362055,EXCLUDE,gitignored_raw_cache_binary_or_local,data/raw/,
data/raw/morpho_full_window/shards/range_001496_421227376_421267376.jsonl,384734,EXCLUDE,gitignored_raw_cache_binary_or_local,data/raw/,
data/raw/morpho_full_window/shards/range_001497_421267376_421307376.jsonl,478222,EXCLUDE,gitignored_raw_cache_binary_or_local,data/raw/,
data/raw/morpho_full_window/shards/range_001498_421307376_421347376.jsonl,514383,EXCLUDE,gitignored_raw_cache_binary_or_local,data/raw/,
data/raw/morpho_full_window/shards/range_001499_421347376_421387376.jsonl,633206,EXCLUDE,gitignored_raw_cache_binary_or_local,data/raw/,
data/raw/morpho_full_window/shards/range_001500_421387376_421427376.jsonl,360495,EXCLUDE,gitignored_raw_cache_binary_or_local,data/raw/,
data/raw/morpho_full_window/shards/range_001501_421427376_421467376.jsonl,337893,EXCLUDE,gitignored_raw_cache_binary_or_local,data/raw/,
data/raw/morpho_full_window/shards/range_001502_421467376_421507376.jsonl,184835,EXCLUDE,gitignored_raw_cache_binary_or_local,data/raw/,
data/raw/morpho_full_window/shards/range_001503_421507376_421547376.jsonl,204472,EXCLUDE,gitignored_raw_cache_binary_or_local,data/raw/,
data/raw/morpho_full_window/shards/range_001504_421547376_421587376.jsonl,317839,EXCLUDE,gitignored_raw_cache_binary_or_local,data/raw/,
data/raw/morpho_full_window/shards/range_001505_421587376_421627376.jsonl,457378,EXCLUDE,gitignored_raw_cache_binary_or_local,data/raw/,
data/raw/morpho_full_window/shards/range_001506_421627376_421667376.jsonl,844894,EXCLUDE,gitignored_raw_cache_binary_or_local,data/raw/,
data/raw/morpho_full_window/shards/range_001507_421667376_421687376.jsonl,282639,EXCLUDE,gitignored_raw_cache_binary_or_local,data/raw/,
data/raw/morpho_full_window/shards/range_001508_421687376_421707376.jsonl,229404,EXCLUDE,gitignored_raw_cache_binary_or_local,data/raw/,
data/raw/morpho_full_window/shards/range_001509_421707376_421727376.jsonl,197322,EXCLUDE,gitignored_raw_cache_binary_or_local,data/raw/,
data/raw/morpho_full_window/shards/range_001510_421727376_421747376.jsonl,178015,EXCLUDE,gitignored_raw_cache_binary_or_local,data/raw/,
data/raw/morpho_full_window/shards/range_001511_421747376_421767376.jsonl,186824,EXCLUDE,gitignored_raw_cache_binary_or_local,data/raw/,
data/raw/morpho_full_window/shards/range_001512_421767376_421787376.jsonl,168711,EXCLUDE,gitignored_raw_cache_binary_or_local,data/raw/,
data/raw/morpho_full_window/shards/range_001513_421787376_421807376.jsonl,147786,EXCLUDE,gitignored_raw_cache_binary_or_local,data/raw/,
data/raw/morpho_full_window/shards/range_001514_421807376_421827376.jsonl,189945,EXCLUDE,gitignored_raw_cache_binary_or_local,data/raw/,
data/raw/morpho_full_window/shards/range_001515_421827376_421847376.jsonl,141685,EXCLUDE,gitignored_raw_cache_binary_or_local,data/raw/,
data/raw/morpho_full_window/shards/range_001516_421847376_421867376.jsonl,182189,EXCLUDE,gitignored_raw_cache_binary_or_local,data/raw/,
data/raw/morpho_full_window/shards/range_001517_421867376_421887376.jsonl,210596,EXCLUDE,gitignored_raw_cache_binary_or_local,data/raw/,
data/raw/morpho_full_window/shards/range_001518_421887376_421907376.jsonl,245988,EXCLUDE,gitignored_raw_cache_binary_or_local,data/raw/,
data/raw/morpho_full_window/shards/range_001519_421907376_421927376.jsonl,320152,EXCLUDE,gitignored_raw_cache_binary_or_local,data/raw/,
data/raw/morpho_full_window/shards/range_001520_421927376_421947376.jsonl,226554,EXCLUDE,gitignored_raw_cache_binary_or_local,data/raw/,
data/raw/morpho_full_window/shards/range_001521_421947376_421967376.jsonl,197802,EXCLUDE,gitignored_raw_cache_binary_or_local,data/raw/,
data/raw/morpho_full_window/shards/range_001522_421967376_421987376.jsonl,196502,EXCLUDE,gitignored_raw_cache_binary_or_local,data/raw/,
data/raw/morpho_full_window/shards/range_001523_421987376_422007376.jsonl,258162,EXCLUDE,gitignored_raw_cache_binary_or_local,data/raw/,
data/raw/morpho_full_window/shards/range_001524_422007376_422027376.jsonl,227418,EXCLUDE,gitignored_raw_cache_binary_or_local,data/raw/,
data/raw/morpho_full_window/shards/range_001525_422027376_422047376.jsonl,252258,EXCLUDE,gitignored_raw_cache_binary_or_local,data/raw/,
data/raw/morpho_full_window/shards/range_001526_422047376_422067376.jsonl,154480,EXCLUDE,gitignored_raw_cache_binary_or_local,data/raw/,
data/raw/morpho_full_window/shards/range_001527_422067376_422087376.jsonl,222270,EXCLUDE,gitignored_raw_cache_binary_or_local,data/raw/,
data/raw/morpho_full_window/shards/range_001528_422087376_422107376.jsonl,147601,EXCLUDE,gitignored_raw_cache_binary_or_local,data/raw/,
data/raw/morpho_full_window/shards/range_001529_422107376_422127376.jsonl,171598,EXCLUDE,gitignored_raw_cache_binary_or_local,data/raw/,
data/raw/morpho_full_window/shards/range_001530_422127376_422147376.jsonl,162842,EXCLUDE,gitignored_raw_cache_binary_or_local,data/raw/,
data/raw/morpho_full_window/shards/range_001531_422147376_422167376.jsonl,115775,EXCLUDE,gitignored_raw_cache_binary_or_local,data/raw/,
data/raw/morpho_full_window/shards/range_001532_422167376_422187376.jsonl,220165,EXCLUDE,gitignored_raw_cache_binary_or_local,data/raw/,
data/raw/morpho_full_window/shards/range_001533_422187376_422207376.jsonl,193814,EXCLUDE,gitignored_raw_cache_binary_or_local,data/raw/,
data/raw/morpho_full_window/shards/range_001534_422207376_422227376.jsonl,152896,EXCLUDE,gitignored_raw_cache_binary_or_local,data/raw/,
data/raw/morpho_full_window/shards/range_001535_422227376_422247376.jsonl,121987,EXCLUDE,gitignored_raw_cache_binary_or_local,data/raw/,
data/raw/morpho_full_window/shards/range_001536_422247376_422267376.jsonl,228765,EXCLUDE,gitignored_raw_cache_binary_or_local,data/raw/,
data/raw/morpho_full_window/shards/range_001537_422267376_422287376.jsonl,148588,EXCLUDE,gitignored_raw_cache_binary_or_local,data/raw/,
data/raw/morpho_full_window/shards/range_001538_422287376_422307376.jsonl,139537,EXCLUDE,gitignored_raw_cache_binary_or_local,data/raw/,
data/raw/morpho_full_window/shards/range_001539_422307376_422327376.jsonl,197955,EXCLUDE,gitignored_raw_cache_binary_or_local,data/raw/,
data/raw/morpho_full_window/shards/range_001540_422327376_422347376.jsonl,188533,EXCLUDE,gitignored_raw_cache_binary_or_local,data/raw/,
data/raw/morpho_full_window/shards/range_001541_422347376_422367376.jsonl,176814,EXCLUDE,gitignored_raw_cache_binary_or_local,data/raw/,
data/raw/morpho_full_window/shards/range_001542_422367376_422387376.jsonl,128633,EXCLUDE,gitignored_raw_cache_binary_or_local,data/raw/,
data/raw/morpho_full_window/shards/range_001543_422387376_422407376.jsonl,77046,EXCLUDE,gitignored_raw_cache_binary_or_local,data/raw/,
data/raw/morpho_full_window/shards/range_001544_422407376_422447376.jsonl,195710,EXCLUDE,gitignored_raw_cache_binary_or_local,data/raw/,
data/raw/morpho_full_window/shards/range_001545_422447376_422487376.jsonl,162690,EXCLUDE,gitignored_raw_cache_binary_or_local,data/raw/,
data/raw/morpho_full_window/shards/range_001546_422487376_422527376.jsonl,163339,EXCLUDE,gitignored_raw_cache_binary_or_local,data/raw/,
data/raw/morpho_full_window/shards/range_001547_422527376_422567376.jsonl,142538,EXCLUDE,gitignored_raw_cache_binary_or_local,data/raw/,
data/raw/morpho_full_window/shards/range_001548_422567376_422607376.jsonl,181841,EXCLUDE,gitignored_raw_cache_binary_or_local,data/raw/,
data/raw/morpho_full_window/shards/range_001549_422607376_422647376.jsonl,283926,EXCLUDE,gitignored_raw_cache_binary_or_local,data/raw/,
data/raw/morpho_full_window/shards/range_001550_422647376_422687376.jsonl,259451,EXCLUDE,gitignored_raw_cache_binary_or_local,data/raw/,
data/raw/morpho_full_window/shards/range_001551_422687376_422727376.jsonl,349382,EXCLUDE,gitignored_raw_cache_binary_or_local,data/raw/,
data/raw/morpho_full_window/shards/range_001552_422727376_422767376.jsonl,295859,EXCLUDE,gitignored_raw_cache_binary_or_local,data/raw/,
data/raw/morpho_full_window/shards/range_001553_422767376_422807376.jsonl,290947,EXCLUDE,gitignored_raw_cache_binary_or_local,data/raw/,
data/raw/morpho_full_window/shards/range_001554_422807376_422847376.jsonl,372938,EXCLUDE,gitignored_raw_cache_binary_or_local,data/raw/,
data/raw/morpho_full_window/shards/range_001555_422847376_422887376.jsonl,258552,EXCLUDE,gitignored_raw_cache_binary_or_local,data/raw/,
data/raw/morpho_full_window/shards/range_001556_422887376_422927376.jsonl,182140,EXCLUDE,gitignored_raw_cache_binary_or_local,data/raw/,
data/raw/morpho_full_window/shards/range_001557_422927376_422967376.jsonl,526290,EXCLUDE,gitignored_raw_cache_binary_or_local,data/raw/,
data/raw/morpho_full_window/shards/range_001558_422967376_423007376.jsonl,682670,EXCLUDE,gitignored_raw_cache_binary_or_local,data/raw/,
data/raw/morpho_full_window/shards/range_001559_423007376_423027376.jsonl,350788,EXCLUDE,gitignored_raw_cache_binary_or_local,data/raw/,
data/raw/morpho_full_window/shards/range_001560_423027376_423047376.jsonl,344365,EXCLUDE,gitignored_raw_cache_binary_or_local,data/raw/,
data/raw/morpho_full_window/shards/range_001561_423047376_423067376.jsonl,395605,EXCLUDE,gitignored_raw_cache_binary_or_local,data/raw/,
data/raw/morpho_full_window/shards/range_001562_423067376_423087376.jsonl,240089,EXCLUDE,gitignored_raw_cache_binary_or_local,data/raw/,
data/raw/morpho_full_window/shards/range_001563_423087376_423107376.jsonl,194278,EXCLUDE,gitignored_raw_cache_binary_or_local,data/raw/,
data/raw/morpho_full_window/shards/range_001564_423107376_423127376.jsonl,289876,EXCLUDE,gitignored_raw_cache_binary_or_local,data/raw/,
data/raw/morpho_full_window/shards/range_001565_423127376_423147376.jsonl,318254,EXCLUDE,gitignored_raw_cache_binary_or_local,data/raw/,
data/raw/morpho_full_window/shards/range_001566_423147376_423167376.jsonl,259191,EXCLUDE,gitignored_raw_cache_binary_or_local,data/raw/,
data/raw/morpho_full_window/shards/range_001567_423167376_423187376.jsonl,248496,EXCLUDE,gitignored_raw_cache_binary_or_local,data/raw/,
data/raw/morpho_full_window/shards/range_001568_423187376_423207376.jsonl,285967,EXCLUDE,gitignored_raw_cache_binary_or_local,data/raw/,
data/raw/morpho_full_window/shards/range_001569_423207376_423227376.jsonl,405105,EXCLUDE,gitignored_raw_cache_binary_or_local,data/raw/,
data/raw/morpho_full_window/shards/range_001570_423227376_423247376.jsonl,394482,EXCLUDE,gitignored_raw_cache_binary_or_local,data/raw/,
data/raw/morpho_full_window/shards/range_001571_423247376_423267376.jsonl,373056,EXCLUDE,gitignored_raw_cache_binary_or_local,data/raw/,
data/raw/morpho_full_window/shards/range_001572_423267376_423287376.jsonl,382315,EXCLUDE,gitignored_raw_cache_binary_or_local,data/raw/,
data/raw/morpho_full_window/shards/range_001573_423287376_423307376.jsonl,419266,EXCLUDE,gitignored_raw_cache_binary_or_local,data/raw/,
data/raw/morpho_full_window/shards/range_001574_423307376_423327376.jsonl,447947,EXCLUDE,gitignored_raw_cache_binary_or_local,data/raw/,
data/raw/morpho_full_window/shards/range_001575_423327376_423347376.jsonl,499930,EXCLUDE,gitignored_raw_cache_binary_or_local,data/raw/,
data/raw/morpho_full_window/shards/range_001576_423347376_423367376.jsonl,513898,EXCLUDE,gitignored_raw_cache_binary_or_local,data/raw/,
data/raw/morpho_full_window/shards/range_001577_423367376_423387376.jsonl,552078,EXCLUDE,gitignored_raw_cache_binary_or_local,data/raw/,
data/raw/morpho_full_window/shards/range_001578_423387376_423407376.jsonl,372164,EXCLUDE,gitignored_raw_cache_binary_or_local,data/raw/,
data/raw/morpho_full_window/shards/range_001579_423407376_423427376.jsonl,394760,EXCLUDE,gitignored_raw_cache_binary_or_local,data/raw/,
data/raw/morpho_full_window/shards/range_001580_423427376_423447376.jsonl,402354,EXCLUDE,gitignored_raw_cache_binary_or_local,data/raw/,
data/raw/morpho_full_window/shards/range_001581_423447376_423467376.jsonl,358255,EXCLUDE,gitignored_raw_cache_binary_or_local,data/raw/,
data/raw/morpho_full_window/shards/range_001582_423467376_423487376.jsonl,338502,EXCLUDE,gitignored_raw_cache_binary_or_local,data/raw/,
data/raw/morpho_full_window/shards/range_001583_423487376_423507376.jsonl,515757,EXCLUDE,gitignored_raw_cache_binary_or_local,data/raw/,
data/raw/morpho_full_window/shards/range_001584_423507376_423527376.jsonl,239752,EXCLUDE,gitignored_raw_cache_binary_or_local,data/raw/,
data/raw/morpho_full_window/shards/range_001585_423527376_423547376.jsonl,408726,EXCLUDE,gitignored_raw_cache_binary_or_local,data/raw/,
data/raw/morpho_full_window/shards/range_001586_423547376_423567376.jsonl,212766,EXCLUDE,gitignored_raw_cache_binary_or_local,data/raw/,
data/raw/morpho_full_window/shards/range_001587_423567376_423587376.jsonl,498198,EXCLUDE,gitignored_raw_cache_binary_or_local,data/raw/,
data/raw/morpho_full_window/shards/range_001588_423587376_423607376.jsonl,340178,EXCLUDE,gitignored_raw_cache_binary_or_local,data/raw/,
data/raw/morpho_full_window/shards/range_001589_423607376_423627376.jsonl,418249,EXCLUDE,gitignored_raw_cache_binary_or_local,data/raw/,
data/raw/morpho_full_window/shards/range_001590_423627376_423647376.jsonl,364377,EXCLUDE,gitignored_raw_cache_binary_or_local,data/raw/,
data/raw/morpho_full_window/shards/range_001591_423647376_423667376.jsonl,269841,EXCLUDE,gitignored_raw_cache_binary_or_local,data/raw/,
data/raw/morpho_full_window/shards/range_001592_423667376_423687376.jsonl,307908,EXCLUDE,gitignored_raw_cache_binary_or_local,data/raw/,
data/raw/morpho_full_window/shards/range_001593_423687376_423707376.jsonl,467551,EXCLUDE,gitignored_raw_cache_binary_or_local,data/raw/,
data/raw/morpho_full_window/shards/range_001594_423707376_423727376.jsonl,396530,EXCLUDE,gitignored_raw_cache_binary_or_local,data/raw/,
data/raw/morpho_full_window/shards/range_001595_423727376_423747376.jsonl,387064,EXCLUDE,gitignored_raw_cache_binary_or_local,data/raw/,
data/raw/morpho_full_window/shards/range_001596_423747376_423767376.jsonl,375418,EXCLUDE,gitignored_raw_cache_binary_or_local,data/raw/,
data/raw/morpho_full_window/shards/range_001597_423767376_423787376.jsonl,325631,EXCLUDE,gitignored_raw_cache_binary_or_local,data/raw/,
data/raw/morpho_full_window/shards/range_001598_423787376_423807376.jsonl,384983,EXCLUDE,gitignored_raw_cache_binary_or_local,data/raw/,
data/raw/morpho_full_window/shards/range_001599_423807376_423827376.jsonl,285033,EXCLUDE,gitignored_raw_cache_binary_or_local,data/raw/,
data/raw/morpho_full_window/shards/range_001600_423827376_423847376.jsonl,247936,EXCLUDE,gitignored_raw_cache_binary_or_local,data/raw/,
data/raw/morpho_full_window/shards/range_001601_423847376_423867376.jsonl,293403,EXCLUDE,gitignored_raw_cache_binary_or_local,data/raw/,
data/raw/morpho_full_window/shards/range_001602_423867376_423887376.jsonl,372309,EXCLUDE,gitignored_raw_cache_binary_or_local,data/raw/,
data/raw/morpho_full_window/shards/range_001603_423887376_423907376.jsonl,425332,EXCLUDE,gitignored_raw_cache_binary_or_local,data/raw/,
data/raw/morpho_full_window/shards/range_001604_423907376_423927376.jsonl,348109,EXCLUDE,gitignored_raw_cache_binary_or_local,data/raw/,
data/raw/morpho_full_window/shards/range_001605_423927376_423947376.jsonl,204837,EXCLUDE,gitignored_raw_cache_binary_or_local,data/raw/,
data/raw/morpho_full_window/shards/range_001606_423947376_423967376.jsonl,251041,EXCLUDE,gitignored_raw_cache_binary_or_local,data/raw/,
data/raw/morpho_full_window/shards/range_001607_423967376_423987376.jsonl,268892,EXCLUDE,gitignored_raw_cache_binary_or_local,data/raw/,
data/raw/morpho_full_window/shards/range_001608_423987376_424007376.jsonl,286070,EXCLUDE,gitignored_raw_cache_binary_or_local,data/raw/,
data/raw/morpho_full_window/shards/range_001609_424007376_424027376.jsonl,290422,EXCLUDE,gitignored_raw_cache_binary_or_local,data/raw/,
data/raw/morpho_full_window/shards/range_001610_424027376_424047376.jsonl,296776,EXCLUDE,gitignored_raw_cache_binary_or_local,data/raw/,
data/raw/morpho_full_window/shards/range_001611_424047376_424067376.jsonl,282136,EXCLUDE,gitignored_raw_cache_binary_or_local,data/raw/,
data/raw/morpho_full_window/shards/range_001612_424067376_424087376.jsonl,397898,EXCLUDE,gitignored_raw_cache_binary_or_local,data/raw/,
data/raw/morpho_full_window/shards/range_001613_424087376_424107376.jsonl,228816,EXCLUDE,gitignored_raw_cache_binary_or_local,data/raw/,
data/raw/morpho_full_window/shards/range_001614_424107376_424127376.jsonl,195484,EXCLUDE,gitignored_raw_cache_binary_or_local,data/raw/,
data/raw/morpho_full_window/shards/range_001615_424127376_424147376.jsonl,204358,EXCLUDE,gitignored_raw_cache_binary_or_local,data/raw/,
data/raw/morpho_full_window/shards/range_001616_424147376_424167376.jsonl,434243,EXCLUDE,gitignored_raw_cache_binary_or_local,data/raw/,
data/raw/morpho_full_window/shards/range_001617_424167376_424187376.jsonl,222817,EXCLUDE,gitignored_raw_cache_binary_or_local,data/raw/,
data/raw/morpho_full_window/shards/range_001618_424187376_424207376.jsonl,208507,EXCLUDE,gitignored_raw_cache_binary_or_local,data/raw/,
data/raw/morpho_full_window/shards/range_001619_424207376_424227376.jsonl,181887,EXCLUDE,gitignored_raw_cache_binary_or_local,data/raw/,
data/raw/morpho_full_window/shards/range_001620_424227376_424247376.jsonl,210626,EXCLUDE,gitignored_raw_cache_binary_or_local,data/raw/,
data/raw/morpho_full_window/shards/range_001621_424247376_424267376.jsonl,301348,EXCLUDE,gitignored_raw_cache_binary_or_local,data/raw/,
data/raw/morpho_full_window/shards/range_001622_424267376_424287376.jsonl,356002,EXCLUDE,gitignored_raw_cache_binary_or_local,data/raw/,
data/raw/morpho_full_window/shards/range_001623_424287376_424307376.jsonl,262381,EXCLUDE,gitignored_raw_cache_binary_or_local,data/raw/,
data/raw/morpho_full_window/shards/range_001624_424307376_424327376.jsonl,484327,EXCLUDE,gitignored_raw_cache_binary_or_local,data/raw/,
data/raw/morpho_full_window/shards/range_001625_424327376_424347376.jsonl,310269,EXCLUDE,gitignored_raw_cache_binary_or_local,data/raw/,
data/raw/morpho_full_window/shards/range_001626_424347376_424367376.jsonl,417706,EXCLUDE,gitignored_raw_cache_binary_or_local,data/raw/,
data/raw/morpho_full_window/shards/range_001627_424367376_424387376.jsonl,329427,EXCLUDE,gitignored_raw_cache_binary_or_local,data/raw/,
data/raw/morpho_full_window/shards/range_001628_424387376_424407376.jsonl,315324,EXCLUDE,gitignored_raw_cache_binary_or_local,data/raw/,
data/raw/morpho_full_window/shards/range_001629_424407376_424427376.jsonl,465641,EXCLUDE,gitignored_raw_cache_binary_or_local,data/raw/,
data/raw/morpho_full_window/shards/range_001630_424427376_424447376.jsonl,293236,EXCLUDE,gitignored_raw_cache_binary_or_local,data/raw/,
data/raw/morpho_full_window/shards/range_001631_424447376_424467376.jsonl,268794,EXCLUDE,gitignored_raw_cache_binary_or_local,data/raw/,
data/raw/morpho_full_window/shards/range_001632_424467376_424487376.jsonl,334333,EXCLUDE,gitignored_raw_cache_binary_or_local,data/raw/,
data/raw/morpho_full_window/shards/range_001633_424487376_424507376.jsonl,379411,EXCLUDE,gitignored_raw_cache_binary_or_local,data/raw/,
data/raw/morpho_full_window/shards/range_001634_424507376_424527376.jsonl,264436,EXCLUDE,gitignored_raw_cache_binary_or_local,data/raw/,
data/raw/morpho_full_window/shards/range_001635_424527376_424547376.jsonl,291935,EXCLUDE,gitignored_raw_cache_binary_or_local,data/raw/,
data/raw/morpho_full_window/shards/range_001636_424547376_424567376.jsonl,163900,EXCLUDE,gitignored_raw_cache_binary_or_local,data/raw/,
data/raw/morpho_full_window/shards/range_001637_424567376_424587376.jsonl,299647,EXCLUDE,gitignored_raw_cache_binary_or_local,data/raw/,
data/raw/morpho_full_window/shards/range_001638_424587376_424607376.jsonl,276880,EXCLUDE,gitignored_raw_cache_binary_or_local,data/raw/,
data/raw/morpho_full_window/shards/range_001639_424607376_424627376.jsonl,362375,EXCLUDE,gitignored_raw_cache_binary_or_local,data/raw/,
data/raw/morpho_full_window/shards/range_001640_424627376_424647376.jsonl,221557,EXCLUDE,gitignored_raw_cache_binary_or_local,data/raw/,
data/raw/morpho_full_window/shards/range_001641_424647376_424667376.jsonl,267195,EXCLUDE,gitignored_raw_cache_binary_or_local,data/raw/,
data/raw/morpho_full_window/shards/range_001642_424667376_424687376.jsonl,312185,EXCLUDE,gitignored_raw_cache_binary_or_local,data/raw/,
data/raw/morpho_full_window/shards/range_001643_424687376_424707376.jsonl,328463,EXCLUDE,gitignored_raw_cache_binary_or_local,data/raw/,
data/raw/morpho_full_window/shards/range_001644_424707376_424727376.jsonl,257900,EXCLUDE,gitignored_raw_cache_binary_or_local,data/raw/,
data/raw/morpho_full_window/shards/range_001645_424727376_424747376.jsonl,325204,EXCLUDE,gitignored_raw_cache_binary_or_local,data/raw/,
data/raw/morpho_full_window/shards/range_001646_424747376_424767376.jsonl,280715,EXCLUDE,gitignored_raw_cache_binary_or_local,data/raw/,
data/raw/morpho_full_window/shards/range_001647_424767376_424787376.jsonl,316334,EXCLUDE,gitignored_raw_cache_binary_or_local,data/raw/,
data/raw/morpho_full_window/shards/range_001648_424787376_424807376.jsonl,357134,EXCLUDE,gitignored_raw_cache_binary_or_local,data/raw/,
data/raw/morpho_full_window/shards/range_001649_424807376_424827376.jsonl,203446,EXCLUDE,gitignored_raw_cache_binary_or_local,data/raw/,
data/raw/morpho_full_window/shards/range_001650_424827376_424847376.jsonl,156216,EXCLUDE,gitignored_raw_cache_binary_or_local,data/raw/,
data/raw/morpho_full_window/shards/range_001651_424847376_424867376.jsonl,225189,EXCLUDE,gitignored_raw_cache_binary_or_local,data/raw/,
data/raw/morpho_full_window/shards/range_001652_424867376_424887376.jsonl,193031,EXCLUDE,gitignored_raw_cache_binary_or_local,data/raw/,
data/raw/morpho_full_window/shards/range_001653_424887376_424907376.jsonl,217421,EXCLUDE,gitignored_raw_cache_binary_or_local,data/raw/,
data/raw/morpho_full_window/shards/range_001654_424907376_424927376.jsonl,178610,EXCLUDE,gitignored_raw_cache_binary_or_local,data/raw/,
data/raw/morpho_full_window/shards/range_001655_424927376_424947376.jsonl,168430,EXCLUDE,gitignored_raw_cache_binary_or_local,data/raw/,
data/raw/morpho_full_window/shards/range_001656_424947376_424967376.jsonl,153650,EXCLUDE,gitignored_raw_cache_binary_or_local,data/raw/,
data/raw/morpho_full_window/shards/range_001657_424967376_424987376.jsonl,192947,EXCLUDE,gitignored_raw_cache_binary_or_local,data/raw/,
data/raw/morpho_full_window/shards/range_001658_424987376_425007376.jsonl,354330,EXCLUDE,gitignored_raw_cache_binary_or_local,data/raw/,
data/raw/morpho_full_window/shards/range_001659_425007376_425027376.jsonl,236246,EXCLUDE,gitignored_raw_cache_binary_or_local,data/raw/,
data/raw/morpho_full_window/shards/range_001660_425027376_425047376.jsonl,273113,EXCLUDE,gitignored_raw_cache_binary_or_local,data/raw/,
data/raw/morpho_full_window/shards/range_001661_425047376_425067376.jsonl,260560,EXCLUDE,gitignored_raw_cache_binary_or_local,data/raw/,
data/raw/morpho_full_window/shards/range_001662_425067376_425087376.jsonl,276099,EXCLUDE,gitignored_raw_cache_binary_or_local,data/raw/,
data/raw/morpho_full_window/shards/range_001663_425087376_425107376.jsonl,207144,EXCLUDE,gitignored_raw_cache_binary_or_local,data/raw/,
data/raw/morpho_full_window/shards/range_001664_425107376_425127376.jsonl,277066,EXCLUDE,gitignored_raw_cache_binary_or_local,data/raw/,
data/raw/morpho_full_window/shards/range_001665_425127376_425147376.jsonl,257974,EXCLUDE,gitignored_raw_cache_binary_or_local,data/raw/,
data/raw/morpho_full_window/shards/range_001666_425147376_425167376.jsonl,239339,EXCLUDE,gitignored_raw_cache_binary_or_local,data/raw/,
data/raw/morpho_full_window/shards/range_001667_425167376_425187376.jsonl,327138,EXCLUDE,gitignored_raw_cache_binary_or_local,data/raw/,
data/raw/morpho_full_window/shards/range_001668_425187376_425207376.jsonl,266275,EXCLUDE,gitignored_raw_cache_binary_or_local,data/raw/,
data/raw/morpho_full_window/shards/range_001669_425207376_425227376.jsonl,325096,EXCLUDE,gitignored_raw_cache_binary_or_local,data/raw/,
data/raw/morpho_full_window/shards/range_001670_425227376_425247376.jsonl,297533,EXCLUDE,gitignored_raw_cache_binary_or_local,data/raw/,
data/raw/morpho_full_window/shards/range_001671_425247376_425267376.jsonl,256094,EXCLUDE,gitignored_raw_cache_binary_or_local,data/raw/,
data/raw/morpho_full_window/shards/range_001672_425267376_425287376.jsonl,265351,EXCLUDE,gitignored_raw_cache_binary_or_local,data/raw/,
data/raw/morpho_full_window/shards/range_001673_425287376_425307376.jsonl,275040,EXCLUDE,gitignored_raw_cache_binary_or_local,data/raw/,
data/raw/morpho_full_window/shards/range_001674_425307376_425327376.jsonl,254379,EXCLUDE,gitignored_raw_cache_binary_or_local,data/raw/,
data/raw/morpho_full_window/shards/range_001675_425327376_425347376.jsonl,291104,EXCLUDE,gitignored_raw_cache_binary_or_local,data/raw/,
data/raw/morpho_full_window/shards/range_001676_425347376_425367376.jsonl,254090,EXCLUDE,gitignored_raw_cache_binary_or_local,data/raw/,
data/raw/morpho_full_window/shards/range_001677_425367376_425387376.jsonl,279661,EXCLUDE,gitignored_raw_cache_binary_or_local,data/raw/,
data/raw/morpho_full_window/shards/range_001678_425387376_425407376.jsonl,302576,EXCLUDE,gitignored_raw_cache_binary_or_local,data/raw/,
data/raw/morpho_full_window/shards/range_001679_425407376_425427376.jsonl,304607,EXCLUDE,gitignored_raw_cache_binary_or_local,data/raw/,
data/raw/morpho_full_window/shards/range_001680_425427376_425447376.jsonl,344381,EXCLUDE,gitignored_raw_cache_binary_or_local,data/raw/,
data/raw/morpho_full_window/shards/range_001681_425447376_425467376.jsonl,442339,EXCLUDE,gitignored_raw_cache_binary_or_local,data/raw/,
data/raw/morpho_full_window/shards/range_001682_425467376_425487376.jsonl,305703,EXCLUDE,gitignored_raw_cache_binary_or_local,data/raw/,
data/raw/morpho_full_window/shards/range_001683_425487376_425507376.jsonl,124729,EXCLUDE,gitignored_raw_cache_binary_or_local,data/raw/,
data/raw/morpho_full_window/shards/range_001684_425507376_425527376.jsonl,148344,EXCLUDE,gitignored_raw_cache_binary_or_local,data/raw/,
data/raw/morpho_full_window/shards/range_001685_425527376_425547376.jsonl,132881,EXCLUDE,gitignored_raw_cache_binary_or_local,data/raw/,
data/raw/morpho_full_window/shards/range_001686_425547376_425567376.jsonl,74927,EXCLUDE,gitignored_raw_cache_binary_or_local,data/raw/,
data/raw/morpho_full_window/shards/range_001687_425567376_425607376.jsonl,348217,EXCLUDE,gitignored_raw_cache_binary_or_local,data/raw/,
data/raw/morpho_full_window/shards/range_001688_425607376_425647376.jsonl,341256,EXCLUDE,gitignored_raw_cache_binary_or_local,data/raw/,
data/raw/morpho_full_window/shards/range_001689_425647376_425687376.jsonl,433687,EXCLUDE,gitignored_raw_cache_binary_or_local,data/raw/,
data/raw/morpho_full_window/shards/range_001690_425687376_425727376.jsonl,480285,EXCLUDE,gitignored_raw_cache_binary_or_local,data/raw/,
data/raw/morpho_full_window/shards/range_001691_425727376_425767376.jsonl,484897,EXCLUDE,gitignored_raw_cache_binary_or_local,data/raw/,
data/raw/morpho_full_window/shards/range_001692_425767376_425807376.jsonl,695628,EXCLUDE,gitignored_raw_cache_binary_or_local,data/raw/,
data/raw/morpho_full_window/shards/range_001693_425807376_425827376.jsonl,277039,EXCLUDE,gitignored_raw_cache_binary_or_local,data/raw/,
data/raw/morpho_full_window/shards/range_001694_425827376_425847376.jsonl,296405,EXCLUDE,gitignored_raw_cache_binary_or_local,data/raw/,
data/raw/morpho_full_window/shards/range_001695_425847376_425867376.jsonl,249585,EXCLUDE,gitignored_raw_cache_binary_or_local,data/raw/,
data/raw/morpho_full_window/shards/range_001696_425867376_425887376.jsonl,220465,EXCLUDE,gitignored_raw_cache_binary_or_local,data/raw/,
data/raw/morpho_full_window/shards/range_001697_425887376_425907376.jsonl,259604,EXCLUDE,gitignored_raw_cache_binary_or_local,data/raw/,
data/raw/morpho_full_window/shards/range_001698_425907376_425927376.jsonl,242137,EXCLUDE,gitignored_raw_cache_binary_or_local,data/raw/,
data/raw/morpho_full_window/shards/range_001699_425927376_425947376.jsonl,258479,EXCLUDE,gitignored_raw_cache_binary_or_local,data/raw/,
data/raw/morpho_full_window/shards/range_001700_425947376_425967376.jsonl,188158,EXCLUDE,gitignored_raw_cache_binary_or_local,data/raw/,
data/raw/morpho_full_window/shards/range_001701_425967376_425987376.jsonl,209880,EXCLUDE,gitignored_raw_cache_binary_or_local,data/raw/,
data/raw/morpho_full_window/shards/range_001702_425987376_426007376.jsonl,221672,EXCLUDE,gitignored_raw_cache_binary_or_local,data/raw/,
data/raw/morpho_full_window/shards/range_001703_426007376_426027376.jsonl,185270,EXCLUDE,gitignored_raw_cache_binary_or_local,data/raw/,
data/raw/morpho_full_window/shards/range_001704_426027376_426047376.jsonl,284841,EXCLUDE,gitignored_raw_cache_binary_or_local,data/raw/,
data/raw/morpho_full_window/shards/range_001705_426047376_426067376.jsonl,303057,EXCLUDE,gitignored_raw_cache_binary_or_local,data/raw/,
data/raw/morpho_full_window/shards/range_001706_426067376_426087376.jsonl,299340,EXCLUDE,gitignored_raw_cache_binary_or_local,data/raw/,
data/raw/morpho_full_window/shards/range_001707_426087376_426107376.jsonl,382413,EXCLUDE,gitignored_raw_cache_binary_or_local,data/raw/,
data/raw/morpho_full_window/shards/range_001708_426107376_426127376.jsonl,311854,EXCLUDE,gitignored_raw_cache_binary_or_local,data/raw/,
data/raw/morpho_full_window/shards/range_001709_426127376_426147376.jsonl,325549,EXCLUDE,gitignored_raw_cache_binary_or_local,data/raw/,
data/raw/morpho_full_window/shards/range_001710_426147376_426167376.jsonl,247080,EXCLUDE,gitignored_raw_cache_binary_or_local,data/raw/,
data/raw/morpho_full_window/shards/range_001711_426167376_426187376.jsonl,292944,EXCLUDE,gitignored_raw_cache_binary_or_local,data/raw/,
data/raw/morpho_full_window/shards/range_001712_426187376_426207376.jsonl,537681,EXCLUDE,gitignored_raw_cache_binary_or_local,data/raw/,
data/raw/morpho_full_window/shards/range_001713_426207376_426227376.jsonl,271553,EXCLUDE,gitignored_raw_cache_binary_or_local,data/raw/,
data/raw/morpho_full_window/shards/range_001714_426227376_426247376.jsonl,259496,EXCLUDE,gitignored_raw_cache_binary_or_local,data/raw/,
data/raw/morpho_full_window/shards/range_001715_426247376_426267376.jsonl,281505,EXCLUDE,gitignored_raw_cache_binary_or_local,data/raw/,
data/raw/morpho_full_window/shards/range_001716_426267376_426287376.jsonl,258122,EXCLUDE,gitignored_raw_cache_binary_or_local,data/raw/,
data/raw/morpho_full_window/shards/range_001717_426287376_426307376.jsonl,178535,EXCLUDE,gitignored_raw_cache_binary_or_local,data/raw/,
data/raw/morpho_full_window/shards/range_001718_426307376_426327376.jsonl,355333,EXCLUDE,gitignored_raw_cache_binary_or_local,data/raw/,
data/raw/morpho_full_window/shards/range_001719_426327376_426347376.jsonl,242141,EXCLUDE,gitignored_raw_cache_binary_or_local,data/raw/,
data/raw/morpho_full_window/shards/range_001720_426347376_426367376.jsonl,317812,EXCLUDE,gitignored_raw_cache_binary_or_local,data/raw/,
data/raw/morpho_full_window/shards/range_001721_426367376_426387376.jsonl,206888,EXCLUDE,gitignored_raw_cache_binary_or_local,data/raw/,
data/raw/morpho_full_window/shards/range_001722_426387376_426407376.jsonl,275663,EXCLUDE,gitignored_raw_cache_binary_or_local,data/raw/,
data/raw/morpho_full_window/shards/range_001723_426407376_426427376.jsonl,250493,EXCLUDE,gitignored_raw_cache_binary_or_local,data/raw/,
data/raw/morpho_full_window/shards/range_001724_426427376_426447376.jsonl,298457,EXCLUDE,gitignored_raw_cache_binary_or_local,data/raw/,
data/raw/morpho_full_window/shards/range_001725_426447376_426467376.jsonl,190378,EXCLUDE,gitignored_raw_cache_binary_or_local,data/raw/,
data/raw/morpho_full_window/shards/range_001726_426467376_426487376.jsonl,365177,EXCLUDE,gitignored_raw_cache_binary_or_local,data/raw/,
data/raw/morpho_full_window/shards/range_001727_426487376_426507376.jsonl,728246,EXCLUDE,gitignored_raw_cache_binary_or_local,data/raw/,
data/raw/morpho_full_window/shards/range_001728_426507376_426517376.jsonl,276538,EXCLUDE,gitignored_raw_cache_binary_or_local,data/raw/,
data/raw/morpho_full_window/shards/range_001729_426517376_426527376.jsonl,163519,EXCLUDE,gitignored_raw_cache_binary_or_local,data/raw/,
data/raw/morpho_full_window/shards/range_001730_426527376_426537376.jsonl,119680,EXCLUDE,gitignored_raw_cache_binary_or_local,data/raw/,
data/raw/morpho_full_window/shards/range_001731_426537376_426547376.jsonl,164456,EXCLUDE,gitignored_raw_cache_binary_or_local,data/raw/,
data/raw/morpho_full_window/shards/range_001732_426547376_426557376.jsonl,240958,EXCLUDE,gitignored_raw_cache_binary_or_local,data/raw/,
data/raw/morpho_full_window/shards/range_001733_426557376_426567376.jsonl,178663,EXCLUDE,gitignored_raw_cache_binary_or_local,data/raw/,
data/raw/morpho_full_window/shards/range_001734_426567376_426577376.jsonl,86042,EXCLUDE,gitignored_raw_cache_binary_or_local,data/raw/,
data/raw/morpho_full_window/shards/range_001735_426577376_426597376.jsonl,133534,EXCLUDE,gitignored_raw_cache_binary_or_local,data/raw/,
data/raw/morpho_full_window/shards/range_001736_426597376_426617376.jsonl,137363,EXCLUDE,gitignored_raw_cache_binary_or_local,data/raw/,
data/raw/morpho_full_window/shards/range_001737_426617376_426637376.jsonl,91039,EXCLUDE,gitignored_raw_cache_binary_or_local,data/raw/,
data/raw/morpho_full_window/shards/range_001738_426637376_426677376.jsonl,495318,EXCLUDE,gitignored_raw_cache_binary_or_local,data/raw/,
data/raw/morpho_full_window/shards/range_001739_426677376_426717376.jsonl,507011,EXCLUDE,gitignored_raw_cache_binary_or_local,data/raw/,
data/raw/morpho_full_window/shards/range_001740_426717376_426757376.jsonl,438541,EXCLUDE,gitignored_raw_cache_binary_or_local,data/raw/,
data/raw/morpho_full_window/shards/range_001741_426757376_426797376.jsonl,549281,EXCLUDE,gitignored_raw_cache_binary_or_local,data/raw/,
data/raw/morpho_full_window/shards/range_001742_426797376_426837376.jsonl,365841,EXCLUDE,gitignored_raw_cache_binary_or_local,data/raw/,
data/raw/morpho_full_window/shards/range_001743_426837376_426877376.jsonl,368339,EXCLUDE,gitignored_raw_cache_binary_or_local,data/raw/,
data/raw/morpho_full_window/shards/range_001744_426877376_426917376.jsonl,352995,EXCLUDE,gitignored_raw_cache_binary_or_local,data/raw/,
data/raw/morpho_full_window/shards/range_001745_426917376_426957376.jsonl,281679,EXCLUDE,gitignored_raw_cache_binary_or_local,data/raw/,
data/raw/morpho_full_window/shards/range_001746_426957376_426997376.jsonl,345531,EXCLUDE,gitignored_raw_cache_binary_or_local,data/raw/,
data/raw/morpho_full_window/shards/range_001747_426997376_427037376.jsonl,656986,EXCLUDE,gitignored_raw_cache_binary_or_local,data/raw/,
data/raw/morpho_full_window/shards/range_001748_427037376_427057376.jsonl,276283,EXCLUDE,gitignored_raw_cache_binary_or_local,data/raw/,
data/raw/morpho_full_window/shards/range_001749_427057376_427077376.jsonl,260180,EXCLUDE,gitignored_raw_cache_binary_or_local,data/raw/,
data/raw/morpho_full_window/shards/range_001750_427077376_427097376.jsonl,312629,EXCLUDE,gitignored_raw_cache_binary_or_local,data/raw/,
data/raw/morpho_full_window/shards/range_001751_427097376_427117376.jsonl,381810,EXCLUDE,gitignored_raw_cache_binary_or_local,data/raw/,
data/raw/morpho_full_window/shards/range_001752_427117376_427137376.jsonl,291637,EXCLUDE,gitignored_raw_cache_binary_or_local,data/raw/,
data/raw/morpho_full_window/shards/range_001753_427137376_427157376.jsonl,281318,EXCLUDE,gitignored_raw_cache_binary_or_local,data/raw/,
data/raw/morpho_full_window/shards/range_001754_427157376_427177376.jsonl,347876,EXCLUDE,gitignored_raw_cache_binary_or_local,data/raw/,
data/raw/morpho_full_window/shards/range_001755_427177376_427197376.jsonl,510882,EXCLUDE,gitignored_raw_cache_binary_or_local,data/raw/,
data/raw/morpho_full_window/shards/range_001756_427197376_427217376.jsonl,529118,EXCLUDE,gitignored_raw_cache_binary_or_local,data/raw/,
data/raw/morpho_full_window/shards/range_001757_427217376_427237376.jsonl,581080,EXCLUDE,gitignored_raw_cache_binary_or_local,data/raw/,
data/raw/morpho_full_window/shards/range_001758_427237376_427257376.jsonl,560577,EXCLUDE,gitignored_raw_cache_binary_or_local,data/raw/,
data/raw/morpho_full_window/shards/range_001759_427257376_427277376.jsonl,260050,EXCLUDE,gitignored_raw_cache_binary_or_local,data/raw/,
data/raw/morpho_full_window/shards/range_001760_427277376_427297376.jsonl,184465,EXCLUDE,gitignored_raw_cache_binary_or_local,data/raw/,
data/raw/morpho_full_window/shards/range_001761_427297376_427317376.jsonl,374409,EXCLUDE,gitignored_raw_cache_binary_or_local,data/raw/,
data/raw/morpho_full_window/shards/range_001762_427317376_427337376.jsonl,397525,EXCLUDE,gitignored_raw_cache_binary_or_local,data/raw/,
data/raw/morpho_full_window/shards/range_001763_427337376_427357376.jsonl,256807,EXCLUDE,gitignored_raw_cache_binary_or_local,data/raw/,
data/raw/morpho_full_window/shards/range_001764_427357376_427377376.jsonl,347989,EXCLUDE,gitignored_raw_cache_binary_or_local,data/raw/,
data/raw/morpho_full_window/shards/range_001765_427377376_427397376.jsonl,258141,EXCLUDE,gitignored_raw_cache_binary_or_local,data/raw/,
data/raw/morpho_full_window/shards/range_001766_427397376_427417376.jsonl,440432,EXCLUDE,gitignored_raw_cache_binary_or_local,data/raw/,
data/raw/morpho_full_window/shards/range_001767_427417376_427437376.jsonl,386878,EXCLUDE,gitignored_raw_cache_binary_or_local,data/raw/,
data/raw/morpho_full_window/shards/range_001768_427437376_427457376.jsonl,439510,EXCLUDE,gitignored_raw_cache_binary_or_local,data/raw/,
data/raw/morpho_full_window/shards/range_001769_427457376_427477376.jsonl,502687,EXCLUDE,gitignored_raw_cache_binary_or_local,data/raw/,
data/raw/morpho_full_window/shards/range_001770_427477376_427497376.jsonl,369447,EXCLUDE,gitignored_raw_cache_binary_or_local,data/raw/,
data/raw/morpho_full_window/shards/range_001771_427497376_427517376.jsonl,338253,EXCLUDE,gitignored_raw_cache_binary_or_local,data/raw/,
data/raw/morpho_full_window/shards/range_001772_427517376_427537376.jsonl,513806,EXCLUDE,gitignored_raw_cache_binary_or_local,data/raw/,
data/raw/morpho_full_window/shards/range_001773_427537376_427557376.jsonl,387337,EXCLUDE,gitignored_raw_cache_binary_or_local,data/raw/,
data/raw/morpho_full_window/shards/range_001774_427557376_427577376.jsonl,358151,EXCLUDE,gitignored_raw_cache_binary_or_local,data/raw/,
data/raw/morpho_full_window/shards/range_001775_427577376_427597376.jsonl,331463,EXCLUDE,gitignored_raw_cache_binary_or_local,data/raw/,
data/raw/morpho_full_window/shards/range_001776_427597376_427617376.jsonl,234851,EXCLUDE,gitignored_raw_cache_binary_or_local,data/raw/,
data/raw/morpho_full_window/shards/range_001777_427617376_427637376.jsonl,362216,EXCLUDE,gitignored_raw_cache_binary_or_local,data/raw/,
data/raw/morpho_full_window/shards/range_001778_427637376_427657376.jsonl,317386,EXCLUDE,gitignored_raw_cache_binary_or_local,data/raw/,
data/raw/morpho_full_window/shards/range_001779_427657376_427677376.jsonl,308927,EXCLUDE,gitignored_raw_cache_binary_or_local,data/raw/,
data/raw/morpho_full_window/shards/range_001780_427677376_427697376.jsonl,250783,EXCLUDE,gitignored_raw_cache_binary_or_local,data/raw/,
data/raw/morpho_full_window/shards/range_001781_427697376_427717376.jsonl,418376,EXCLUDE,gitignored_raw_cache_binary_or_local,data/raw/,
data/raw/morpho_full_window/shards/range_001782_427717376_427737376.jsonl,335695,EXCLUDE,gitignored_raw_cache_binary_or_local,data/raw/,
data/raw/morpho_full_window/shards/range_001783_427737376_427757376.jsonl,423785,EXCLUDE,gitignored_raw_cache_binary_or_local,data/raw/,
data/raw/morpho_full_window/shards/range_001784_427757376_427777376.jsonl,336118,EXCLUDE,gitignored_raw_cache_binary_or_local,data/raw/,
data/raw/morpho_full_window/shards/range_001785_427777376_427797376.jsonl,253996,EXCLUDE,gitignored_raw_cache_binary_or_local,data/raw/,
data/raw/morpho_full_window/shards/range_001786_427797376_427817376.jsonl,380503,EXCLUDE,gitignored_raw_cache_binary_or_local,data/raw/,
data/raw/morpho_full_window/shards/range_001787_427817376_427837376.jsonl,246618,EXCLUDE,gitignored_raw_cache_binary_or_local,data/raw/,
data/raw/morpho_full_window/shards/range_001788_427837376_427857376.jsonl,355264,EXCLUDE,gitignored_raw_cache_binary_or_local,data/raw/,
data/raw/morpho_full_window/shards/range_001789_427857376_427877376.jsonl,476140,EXCLUDE,gitignored_raw_cache_binary_or_local,data/raw/,
data/raw/morpho_full_window/shards/range_001790_427877376_427897376.jsonl,495033,EXCLUDE,gitignored_raw_cache_binary_or_local,data/raw/,
data/raw/morpho_full_window/shards/range_001791_427897376_427917376.jsonl,378012,EXCLUDE,gitignored_raw_cache_binary_or_local,data/raw/,
data/raw/morpho_full_window/shards/range_001792_427917376_427937376.jsonl,368663,EXCLUDE,gitignored_raw_cache_binary_or_local,data/raw/,
data/raw/morpho_full_window/shards/range_001793_427937376_427957376.jsonl,198699,EXCLUDE,gitignored_raw_cache_binary_or_local,data/raw/,
data/raw/morpho_full_window/shards/range_001794_427957376_427977376.jsonl,202854,EXCLUDE,gitignored_raw_cache_binary_or_local,data/raw/,
data/raw/morpho_full_window/shards/range_001795_427977376_427997376.jsonl,179923,EXCLUDE,gitignored_raw_cache_binary_or_local,data/raw/,
data/raw/morpho_full_window/shards/range_001796_427997376_428017376.jsonl,224390,EXCLUDE,gitignored_raw_cache_binary_or_local,data/raw/,
data/raw/morpho_full_window/shards/range_001797_428017376_428037376.jsonl,183596,EXCLUDE,gitignored_raw_cache_binary_or_local,data/raw/,
data/raw/morpho_full_window/shards/range_001798_428037376_428057376.jsonl,289337,EXCLUDE,gitignored_raw_cache_binary_or_local,data/raw/,
data/raw/morpho_full_window/shards/range_001799_428057376_428077376.jsonl,262008,EXCLUDE,gitignored_raw_cache_binary_or_local,data/raw/,
data/raw/morpho_full_window/shards/range_001800_428077376_428097376.jsonl,210798,EXCLUDE,gitignored_raw_cache_binary_or_local,data/raw/,
data/raw/morpho_full_window/shards/range_001801_428097376_428117376.jsonl,216779,EXCLUDE,gitignored_raw_cache_binary_or_local,data/raw/,
data/raw/morpho_full_window/shards/range_001802_428117376_428137376.jsonl,160696,EXCLUDE,gitignored_raw_cache_binary_or_local,data/raw/,
data/raw/morpho_full_window/shards/range_001803_428137376_428157376.jsonl,242610,EXCLUDE,gitignored_raw_cache_binary_or_local,data/raw/,
data/raw/morpho_full_window/shards/range_001804_428157376_428177376.jsonl,258934,EXCLUDE,gitignored_raw_cache_binary_or_local,data/raw/,
data/raw/morpho_full_window/shards/range_001805_428177376_428197376.jsonl,207082,EXCLUDE,gitignored_raw_cache_binary_or_local,data/raw/,
data/raw/morpho_full_window/shards/range_001806_428197376_428217376.jsonl,217229,EXCLUDE,gitignored_raw_cache_binary_or_local,data/raw/,
data/raw/morpho_full_window/shards/range_001807_428217376_428237376.jsonl,184183,EXCLUDE,gitignored_raw_cache_binary_or_local,data/raw/,
data/raw/morpho_full_window/shards/range_001808_428237376_428257376.jsonl,188441,EXCLUDE,gitignored_raw_cache_binary_or_local,data/raw/,
data/raw/morpho_full_window/shards/range_001809_428257376_428277376.jsonl,234608,EXCLUDE,gitignored_raw_cache_binary_or_local,data/raw/,
data/raw/morpho_full_window/shards/range_001810_428277376_428297376.jsonl,247410,EXCLUDE,gitignored_raw_cache_binary_or_local,data/raw/,
data/raw/morpho_full_window/shards/range_001811_428297376_428317376.jsonl,199053,EXCLUDE,gitignored_raw_cache_binary_or_local,data/raw/,
data/raw/morpho_full_window/shards/range_001812_428317376_428337376.jsonl,140169,EXCLUDE,gitignored_raw_cache_binary_or_local,data/raw/,
data/raw/morpho_full_window/shards/range_001813_428337376_428357376.jsonl,111785,EXCLUDE,gitignored_raw_cache_binary_or_local,data/raw/,
data/raw/morpho_full_window/shards/range_001814_428357376_428377376.jsonl,220768,EXCLUDE,gitignored_raw_cache_binary_or_local,data/raw/,
data/raw/morpho_full_window/shards/range_001815_428377376_428397376.jsonl,190793,EXCLUDE,gitignored_raw_cache_binary_or_local,data/raw/,
data/raw/morpho_full_window/shards/range_001816_428397376_428417376.jsonl,212226,EXCLUDE,gitignored_raw_cache_binary_or_local,data/raw/,
data/raw/morpho_full_window/shards/range_001817_428417376_428437376.jsonl,235229,EXCLUDE,gitignored_raw_cache_binary_or_local,data/raw/,
data/raw/morpho_full_window/shards/range_001818_428437376_428457376.jsonl,233123,EXCLUDE,gitignored_raw_cache_binary_or_local,data/raw/,
data/raw/morpho_full_window/shards/range_001819_428457376_428477376.jsonl,188308,EXCLUDE,gitignored_raw_cache_binary_or_local,data/raw/,
data/raw/morpho_full_window/shards/range_001820_428477376_428497376.jsonl,139595,EXCLUDE,gitignored_raw_cache_binary_or_local,data/raw/,
data/raw/morpho_full_window/shards/range_001821_428497376_428517376.jsonl,174613,EXCLUDE,gitignored_raw_cache_binary_or_local,data/raw/,
data/raw/morpho_full_window/shards/range_001822_428517376_428537376.jsonl,200185,EXCLUDE,gitignored_raw_cache_binary_or_local,data/raw/,
data/raw/morpho_full_window/shards/range_001823_428537376_428557376.jsonl,361616,EXCLUDE,gitignored_raw_cache_binary_or_local,data/raw/,
data/raw/morpho_full_window/shards/range_001824_428557376_428577376.jsonl,482613,EXCLUDE,gitignored_raw_cache_binary_or_local,data/raw/,
data/raw/morpho_full_window/shards/range_001825_428577376_428597376.jsonl,415779,EXCLUDE,gitignored_raw_cache_binary_or_local,data/raw/,
data/raw/morpho_full_window/shards/range_001826_428597376_428617376.jsonl,475512,EXCLUDE,gitignored_raw_cache_binary_or_local,data/raw/,
data/raw/morpho_full_window/shards/range_001827_428617376_428637376.jsonl,531233,EXCLUDE,gitignored_raw_cache_binary_or_local,data/raw/,
data/raw/morpho_full_window/shards/range_001828_428637376_428657376.jsonl,392842,EXCLUDE,gitignored_raw_cache_binary_or_local,data/raw/,
data/raw/morpho_full_window/shards/range_001829_428657376_428677376.jsonl,336920,EXCLUDE,gitignored_raw_cache_binary_or_local,data/raw/,
data/raw/morpho_full_window/shards/range_001830_428677376_428697376.jsonl,289645,EXCLUDE,gitignored_raw_cache_binary_or_local,data/raw/,
data/raw/morpho_full_window/shards/range_001831_428697376_428717376.jsonl,227679,EXCLUDE,gitignored_raw_cache_binary_or_local,data/raw/,
data/raw/morpho_full_window/shards/range_001832_428717376_428737376.jsonl,438365,EXCLUDE,gitignored_raw_cache_binary_or_local,data/raw/,
data/raw/morpho_full_window/shards/range_001833_428737376_428757376.jsonl,462971,EXCLUDE,gitignored_raw_cache_binary_or_local,data/raw/,
data/raw/morpho_full_window/shards/range_001834_428757376_428777376.jsonl,288651,EXCLUDE,gitignored_raw_cache_binary_or_local,data/raw/,
data/raw/morpho_full_window/shards/range_001835_428777376_428797376.jsonl,317732,EXCLUDE,gitignored_raw_cache_binary_or_local,data/raw/,
data/raw/morpho_full_window/shards/range_001836_428797376_428817376.jsonl,477454,EXCLUDE,gitignored_raw_cache_binary_or_local,data/raw/,
data/raw/morpho_full_window/shards/range_001837_428817376_428837376.jsonl,430190,EXCLUDE,gitignored_raw_cache_binary_or_local,data/raw/,
data/raw/morpho_full_window/shards/range_001838_428837376_428857376.jsonl,410908,EXCLUDE,gitignored_raw_cache_binary_or_local,data/raw/,
data/raw/morpho_full_window/shards/range_001839_428857376_428877376.jsonl,449923,EXCLUDE,gitignored_raw_cache_binary_or_local,data/raw/,
data/raw/morpho_full_window/shards/range_001840_428877376_428897376.jsonl,487633,EXCLUDE,gitignored_raw_cache_binary_or_local,data/raw/,
data/raw/morpho_full_window/shards/range_001841_428897376_428917376.jsonl,480709,EXCLUDE,gitignored_raw_cache_binary_or_local,data/raw/,
data/raw/morpho_full_window/shards/range_001842_428917376_428937376.jsonl,622101,EXCLUDE,gitignored_raw_cache_binary_or_local,data/raw/,
data/raw/morpho_full_window/shards/range_001843_428937376_428957376.jsonl,601566,EXCLUDE,gitignored_raw_cache_binary_or_local,data/raw/,
data/raw/morpho_full_window/shards/range_001844_428957376_428977376.jsonl,427592,EXCLUDE,gitignored_raw_cache_binary_or_local,data/raw/,
data/raw/morpho_full_window/shards/range_001845_428977376_428997376.jsonl,376937,EXCLUDE,gitignored_raw_cache_binary_or_local,data/raw/,
data/raw/morpho_full_window/shards/range_001846_428997376_429017376.jsonl,550108,EXCLUDE,gitignored_raw_cache_binary_or_local,data/raw/,
data/raw/morpho_full_window/shards/range_001847_429017376_429037376.jsonl,451147,EXCLUDE,gitignored_raw_cache_binary_or_local,data/raw/,
data/raw/morpho_full_window/shards/range_001848_429037376_429057376.jsonl,495020,EXCLUDE,gitignored_raw_cache_binary_or_local,data/raw/,
data/raw/morpho_full_window/shards/range_001849_429057376_429077376.jsonl,658010,EXCLUDE,gitignored_raw_cache_binary_or_local,data/raw/,
data/raw/morpho_full_window/shards/range_001850_429077376_429087376.jsonl,256088,EXCLUDE,gitignored_raw_cache_binary_or_local,data/raw/,
data/raw/morpho_full_window/shards/range_001851_429087376_429097376.jsonl,216491,EXCLUDE,gitignored_raw_cache_binary_or_local,data/raw/,
data/raw/morpho_full_window/shards/range_001852_429097376_429107376.jsonl,307366,EXCLUDE,gitignored_raw_cache_binary_or_local,data/raw/,
data/raw/morpho_full_window/shards/range_001853_429107376_429117376.jsonl,235494,EXCLUDE,gitignored_raw_cache_binary_or_local,data/raw/,
data/raw/morpho_full_window/shards/range_001854_429117376_429127376.jsonl,139694,EXCLUDE,gitignored_raw_cache_binary_or_local,data/raw/,
data/raw/morpho_full_window/shards/range_001855_429127376_429137376.jsonl,194303,EXCLUDE,gitignored_raw_cache_binary_or_local,data/raw/,
data/raw/morpho_full_window/shards/range_001856_429137376_429147376.jsonl,254459,EXCLUDE,gitignored_raw_cache_binary_or_local,data/raw/,
data/raw/morpho_full_window/shards/range_001857_429147376_429157376.jsonl,221522,EXCLUDE,gitignored_raw_cache_binary_or_local,data/raw/,
data/raw/morpho_full_window/shards/range_001858_429157376_429167376.jsonl,198826,EXCLUDE,gitignored_raw_cache_binary_or_local,data/raw/,
data/raw/morpho_full_window/shards/range_001859_429167376_429177376.jsonl,155029,EXCLUDE,gitignored_raw_cache_binary_or_local,data/raw/,
data/raw/morpho_full_window/shards/range_001860_429177376_429187376.jsonl,142376,EXCLUDE,gitignored_raw_cache_binary_or_local,data/raw/,
data/raw/morpho_full_window/shards/range_001861_429187376_429197376.jsonl,172687,EXCLUDE,gitignored_raw_cache_binary_or_local,data/raw/,
data/raw/morpho_full_window/shards/range_001862_429197376_429207376.jsonl,216895,EXCLUDE,gitignored_raw_cache_binary_or_local,data/raw/,
data/raw/morpho_full_window/shards/range_001863_429207376_429217376.jsonl,198030,EXCLUDE,gitignored_raw_cache_binary_or_local,data/raw/,
data/raw/morpho_full_window/shards/range_001864_429217376_429227376.jsonl,230316,EXCLUDE,gitignored_raw_cache_binary_or_local,data/raw/,
data/raw/morpho_full_window/shards/range_001865_429227376_429237376.jsonl,171199,EXCLUDE,gitignored_raw_cache_binary_or_local,data/raw/,
data/raw/morpho_full_window/shards/range_001866_429237376_429247376.jsonl,231572,EXCLUDE,gitignored_raw_cache_binary_or_local,data/raw/,
data/raw/morpho_full_window/shards/range_001867_429247376_429257376.jsonl,265821,EXCLUDE,gitignored_raw_cache_binary_or_local,data/raw/,
data/raw/morpho_full_window/shards/range_001868_429257376_429267376.jsonl,220290,EXCLUDE,gitignored_raw_cache_binary_or_local,data/raw/,
data/raw/morpho_full_window/shards/range_001869_429267376_429277376.jsonl,263391,EXCLUDE,gitignored_raw_cache_binary_or_local,data/raw/,
data/raw/morpho_full_window/shards/range_001870_429277376_429287376.jsonl,277362,EXCLUDE,gitignored_raw_cache_binary_or_local,data/raw/,
data/raw/morpho_full_window/shards/range_001871_429287376_429297376.jsonl,242355,EXCLUDE,gitignored_raw_cache_binary_or_local,data/raw/,
data/raw/morpho_full_window/shards/range_001872_429297376_429307376.jsonl,250565,EXCLUDE,gitignored_raw_cache_binary_or_local,data/raw/,
data/raw/morpho_full_window/shards/range_001873_429307376_429317376.jsonl,154265,EXCLUDE,gitignored_raw_cache_binary_or_local,data/raw/,
data/raw/morpho_full_window/shards/range_001874_429317376_429327376.jsonl,90800,EXCLUDE,gitignored_raw_cache_binary_or_local,data/raw/,
data/raw/morpho_full_window/shards/range_001875_429327376_429347376.jsonl,296790,EXCLUDE,gitignored_raw_cache_binary_or_local,data/raw/,
data/raw/morpho_full_window/shards/range_001876_429347376_429367376.jsonl,381473,EXCLUDE,gitignored_raw_cache_binary_or_local,data/raw/,
data/raw/morpho_full_window/shards/range_001877_429367376_429387376.jsonl,336080,EXCLUDE,gitignored_raw_cache_binary_or_local,data/raw/,
data/raw/morpho_full_window/shards/range_001878_429387376_429407376.jsonl,237137,EXCLUDE,gitignored_raw_cache_binary_or_local,data/raw/,
data/raw/morpho_full_window/shards/range_001879_429407376_429427376.jsonl,359156,EXCLUDE,gitignored_raw_cache_binary_or_local,data/raw/,
data/raw/morpho_full_window/shards/range_001880_429427376_429447376.jsonl,212105,EXCLUDE,gitignored_raw_cache_binary_or_local,data/raw/,
data/raw/morpho_full_window/shards/range_001881_429447376_429467376.jsonl,261314,EXCLUDE,gitignored_raw_cache_binary_or_local,data/raw/,
data/raw/morpho_full_window/shards/range_001882_429467376_429487376.jsonl,242004,EXCLUDE,gitignored_raw_cache_binary_or_local,data/raw/,
data/raw/morpho_full_window/shards/range_001883_429487376_429507376.jsonl,254412,EXCLUDE,gitignored_raw_cache_binary_or_local,data/raw/,
data/raw/morpho_full_window/shards/range_001884_429507376_429527376.jsonl,170201,EXCLUDE,gitignored_raw_cache_binary_or_local,data/raw/,
data/raw/morpho_full_window/shards/range_001885_429527376_429547376.jsonl,318930,EXCLUDE,gitignored_raw_cache_binary_or_local,data/raw/,
data/raw/morpho_full_window/shards/range_001886_429547376_429567376.jsonl,265949,EXCLUDE,gitignored_raw_cache_binary_or_local,data/raw/,
data/raw/morpho_full_window/shards/range_001887_429567376_429587376.jsonl,341193,EXCLUDE,gitignored_raw_cache_binary_or_local,data/raw/,
data/raw/morpho_full_window/shards/range_001888_429587376_429607376.jsonl,319750,EXCLUDE,gitignored_raw_cache_binary_or_local,data/raw/,
data/raw/morpho_full_window/shards/range_001889_429607376_429627376.jsonl,288299,EXCLUDE,gitignored_raw_cache_binary_or_local,data/raw/,
data/raw/morpho_full_window/shards/range_001890_429627376_429647376.jsonl,260139,EXCLUDE,gitignored_raw_cache_binary_or_local,data/raw/,
data/raw/morpho_full_window/shards/range_001891_429647376_429667376.jsonl,339299,EXCLUDE,gitignored_raw_cache_binary_or_local,data/raw/,
data/raw/morpho_full_window/shards/range_001892_429667376_429687376.jsonl,211858,EXCLUDE,gitignored_raw_cache_binary_or_local,data/raw/,
data/raw/morpho_full_window/shards/range_001893_429687376_429707376.jsonl,361531,EXCLUDE,gitignored_raw_cache_binary_or_local,data/raw/,
data/raw/morpho_full_window/shards/range_001894_429707376_429727376.jsonl,170809,EXCLUDE,gitignored_raw_cache_binary_or_local,data/raw/,
data/raw/morpho_full_window/shards/range_001895_429727376_429747376.jsonl,179167,EXCLUDE,gitignored_raw_cache_binary_or_local,data/raw/,
data/raw/morpho_full_window/shards/range_001896_429747376_429767376.jsonl,164142,EXCLUDE,gitignored_raw_cache_binary_or_local,data/raw/,
data/raw/morpho_full_window/shards/range_001897_429767376_429787376.jsonl,132042,EXCLUDE,gitignored_raw_cache_binary_or_local,data/raw/,
data/raw/morpho_full_window/shards/range_001898_429787376_429807376.jsonl,228419,EXCLUDE,gitignored_raw_cache_binary_or_local,data/raw/,
data/raw/morpho_full_window/shards/range_001899_429807376_429827376.jsonl,225438,EXCLUDE,gitignored_raw_cache_binary_or_local,data/raw/,
data/raw/morpho_full_window/shards/range_001900_429827376_429847376.jsonl,210497,EXCLUDE,gitignored_raw_cache_binary_or_local,data/raw/,
data/raw/morpho_full_window/shards/range_001901_429847376_429867376.jsonl,251356,EXCLUDE,gitignored_raw_cache_binary_or_local,data/raw/,
data/raw/morpho_full_window/shards/range_001902_429867376_429887376.jsonl,303984,EXCLUDE,gitignored_raw_cache_binary_or_local,data/raw/,
data/raw/morpho_full_window/shards/range_001903_429887376_429907376.jsonl,253633,EXCLUDE,gitignored_raw_cache_binary_or_local,data/raw/,
data/raw/morpho_full_window/shards/range_001904_429907376_429927376.jsonl,179652,EXCLUDE,gitignored_raw_cache_binary_or_local,data/raw/,
data/raw/morpho_full_window/shards/range_001905_429927376_429947376.jsonl,236973,EXCLUDE,gitignored_raw_cache_binary_or_local,data/raw/,
data/raw/morpho_full_window/shards/range_001906_429947376_429967376.jsonl,143789,EXCLUDE,gitignored_raw_cache_binary_or_local,data/raw/,
data/raw/morpho_full_window/shards/range_001907_429967376_429987376.jsonl,167313,EXCLUDE,gitignored_raw_cache_binary_or_local,data/raw/,
data/raw/morpho_full_window/shards/range_001908_429987376_430007376.jsonl,133956,EXCLUDE,gitignored_raw_cache_binary_or_local,data/raw/,
data/raw/morpho_full_window/shards/range_001909_430007376_430027376.jsonl,210221,EXCLUDE,gitignored_raw_cache_binary_or_local,data/raw/,
data/raw/morpho_full_window/shards/range_001910_430027376_430047376.jsonl,198947,EXCLUDE,gitignored_raw_cache_binary_or_local,data/raw/,
data/raw/morpho_full_window/shards/range_001911_430047376_430067376.jsonl,174711,EXCLUDE,gitignored_raw_cache_binary_or_local,data/raw/,
data/raw/morpho_full_window/shards/range_001912_430067376_430087376.jsonl,147598,EXCLUDE,gitignored_raw_cache_binary_or_local,data/raw/,
data/raw/morpho_full_window/shards/range_001913_430087376_430107376.jsonl,181002,EXCLUDE,gitignored_raw_cache_binary_or_local,data/raw/,
data/raw/morpho_full_window/shards/range_001914_430107376_430127376.jsonl,167927,EXCLUDE,gitignored_raw_cache_binary_or_local,data/raw/,
data/raw/morpho_full_window/shards/range_001915_430127376_430147376.jsonl,155765,EXCLUDE,gitignored_raw_cache_binary_or_local,data/raw/,
data/raw/morpho_full_window/shards/range_001916_430147376_430167376.jsonl,165675,EXCLUDE,gitignored_raw_cache_binary_or_local,data/raw/,
data/raw/morpho_full_window/shards/range_001917_430167376_430187376.jsonl,165655,EXCLUDE,gitignored_raw_cache_binary_or_local,data/raw/,
data/raw/morpho_full_window/shards/range_001918_430187376_430207376.jsonl,133707,EXCLUDE,gitignored_raw_cache_binary_or_local,data/raw/,
data/raw/morpho_full_window/shards/range_001919_430207376_430227376.jsonl,170221,EXCLUDE,gitignored_raw_cache_binary_or_local,data/raw/,
data/raw/morpho_full_window/shards/range_001920_430227376_430247376.jsonl,234144,EXCLUDE,gitignored_raw_cache_binary_or_local,data/raw/,
data/raw/morpho_full_window/shards/range_001921_430247376_430267376.jsonl,233941,EXCLUDE,gitignored_raw_cache_binary_or_local,data/raw/,
data/raw/morpho_full_window/shards/range_001922_430267376_430287376.jsonl,191366,EXCLUDE,gitignored_raw_cache_binary_or_local,data/raw/,
data/raw/morpho_full_window/shards/range_001923_430287376_430307376.jsonl,249221,EXCLUDE,gitignored_raw_cache_binary_or_local,data/raw/,
data/raw/morpho_full_window/shards/range_001924_430307376_430327376.jsonl,271913,EXCLUDE,gitignored_raw_cache_binary_or_local,data/raw/,
data/raw/morpho_full_window/shards/range_001925_430327376_430347376.jsonl,235240,EXCLUDE,gitignored_raw_cache_binary_or_local,data/raw/,
data/raw/morpho_full_window/shards/range_001926_430347376_430367376.jsonl,191944,EXCLUDE,gitignored_raw_cache_binary_or_local,data/raw/,
data/raw/morpho_full_window/shards/range_001927_430367376_430387376.jsonl,171113,EXCLUDE,gitignored_raw_cache_binary_or_local,data/raw/,
data/raw/morpho_full_window/shards/range_001928_430387376_430407376.jsonl,190718,EXCLUDE,gitignored_raw_cache_binary_or_local,data/raw/,
data/raw/morpho_full_window/shards/range_001929_430407376_430427376.jsonl,342399,EXCLUDE,gitignored_raw_cache_binary_or_local,data/raw/,
data/raw/morpho_full_window/shards/range_001930_430427376_430447376.jsonl,164526,EXCLUDE,gitignored_raw_cache_binary_or_local,data/raw/,
data/raw/morpho_full_window/shards/range_001931_430447376_430467376.jsonl,129148,EXCLUDE,gitignored_raw_cache_binary_or_local,data/raw/,
data/raw/morpho_full_window/shards/range_001932_430467376_430487376.jsonl,182410,EXCLUDE,gitignored_raw_cache_binary_or_local,data/raw/,
data/raw/morpho_full_window/shards/range_001933_430487376_430507376.jsonl,111097,EXCLUDE,gitignored_raw_cache_binary_or_local,data/raw/,
data/raw/morpho_full_window/shards/range_001934_430507376_430527376.jsonl,201365,EXCLUDE,gitignored_raw_cache_binary_or_local,data/raw/,
data/raw/morpho_full_window/shards/range_001935_430527376_430547376.jsonl,277610,EXCLUDE,gitignored_raw_cache_binary_or_local,data/raw/,
data/raw/morpho_full_window/shards/range_001936_430547376_430567376.jsonl,329806,EXCLUDE,gitignored_raw_cache_binary_or_local,data/raw/,
data/raw/morpho_full_window/shards/range_001937_430567376_430587376.jsonl,292607,EXCLUDE,gitignored_raw_cache_binary_or_local,data/raw/,
data/raw/morpho_full_window/shards/range_001938_430587376_430607376.jsonl,307730,EXCLUDE,gitignored_raw_cache_binary_or_local,data/raw/,
data/raw/morpho_full_window/shards/range_001939_430607376_430627376.jsonl,238373,EXCLUDE,gitignored_raw_cache_binary_or_local,data/raw/,
data/raw/morpho_full_window/shards/range_001940_430627376_430647376.jsonl,144256,EXCLUDE,gitignored_raw_cache_binary_or_local,data/raw/,
data/raw/morpho_full_window/shards/range_001941_430647376_430667376.jsonl,215475,EXCLUDE,gitignored_raw_cache_binary_or_local,data/raw/,
data/raw/morpho_full_window/shards/range_001942_430667376_430687376.jsonl,238901,EXCLUDE,gitignored_raw_cache_binary_or_local,data/raw/,
data/raw/morpho_full_window/shards/range_001943_430687376_430707376.jsonl,190620,EXCLUDE,gitignored_raw_cache_binary_or_local,data/raw/,
data/raw/morpho_full_window/shards/range_001944_430707376_430727376.jsonl,189376,EXCLUDE,gitignored_raw_cache_binary_or_local,data/raw/,
data/raw/morpho_full_window/shards/range_001945_430727376_430747376.jsonl,207154,EXCLUDE,gitignored_raw_cache_binary_or_local,data/raw/,
data/raw/morpho_full_window/shards/range_001946_430747376_430767376.jsonl,215629,EXCLUDE,gitignored_raw_cache_binary_or_local,data/raw/,
data/raw/morpho_full_window/shards/range_001947_430767376_430787376.jsonl,128992,EXCLUDE,gitignored_raw_cache_binary_or_local,data/raw/,
data/raw/morpho_full_window/shards/range_001948_430787376_430807376.jsonl,121585,EXCLUDE,gitignored_raw_cache_binary_or_local,data/raw/,
data/raw/morpho_full_window/shards/range_001949_430807376_430827376.jsonl,151994,EXCLUDE,gitignored_raw_cache_binary_or_local,data/raw/,
data/raw/morpho_full_window/shards/range_001950_430827376_430847376.jsonl,167530,EXCLUDE,gitignored_raw_cache_binary_or_local,data/raw/,
data/raw/morpho_full_window/shards/range_001951_430847376_430867376.jsonl,164244,EXCLUDE,gitignored_raw_cache_binary_or_local,data/raw/,
data/raw/morpho_full_window/shards/range_001952_430867376_430887376.jsonl,178478,EXCLUDE,gitignored_raw_cache_binary_or_local,data/raw/,
data/raw/morpho_full_window/shards/range_001953_430887376_430907376.jsonl,147977,EXCLUDE,gitignored_raw_cache_binary_or_local,data/raw/,
data/raw/morpho_full_window/shards/range_001954_430907376_430927376.jsonl,159346,EXCLUDE,gitignored_raw_cache_binary_or_local,data/raw/,
data/raw/morpho_full_window/shards/range_001955_430927376_430947376.jsonl,203258,EXCLUDE,gitignored_raw_cache_binary_or_local,data/raw/,
data/raw/morpho_full_window/shards/range_001956_430947376_430967376.jsonl,193977,EXCLUDE,gitignored_raw_cache_binary_or_local,data/raw/,
data/raw/morpho_full_window/shards/range_001957_430967376_430987376.jsonl,283760,EXCLUDE,gitignored_raw_cache_binary_or_local,data/raw/,
data/raw/morpho_full_window/shards/range_001958_430987376_431007376.jsonl,267744,EXCLUDE,gitignored_raw_cache_binary_or_local,data/raw/,
data/raw/morpho_full_window/shards/range_001959_431007376_431027376.jsonl,222071,EXCLUDE,gitignored_raw_cache_binary_or_local,data/raw/,
data/raw/morpho_full_window/shards/range_001960_431027376_431047376.jsonl,433532,EXCLUDE,gitignored_raw_cache_binary_or_local,data/raw/,
data/raw/morpho_full_window/shards/range_001961_431047376_431067376.jsonl,220784,EXCLUDE,gitignored_raw_cache_binary_or_local,data/raw/,
data/raw/morpho_full_window/shards/range_001962_431067376_431087376.jsonl,335557,EXCLUDE,gitignored_raw_cache_binary_or_local,data/raw/,
data/raw/morpho_full_window/shards/range_001963_431087376_431107376.jsonl,174330,EXCLUDE,gitignored_raw_cache_binary_or_local,data/raw/,
data/raw/morpho_full_window/shards/range_001964_431107376_431127376.jsonl,188676,EXCLUDE,gitignored_raw_cache_binary_or_local,data/raw/,
data/raw/morpho_full_window/shards/range_001965_431127376_431147376.jsonl,201363,EXCLUDE,gitignored_raw_cache_binary_or_local,data/raw/,
data/raw/morpho_full_window/shards/range_001966_431147376_431167376.jsonl,221659,EXCLUDE,gitignored_raw_cache_binary_or_local,data/raw/,
data/raw/morpho_full_window/shards/range_001967_431167376_431187376.jsonl,154898,EXCLUDE,gitignored_raw_cache_binary_or_local,data/raw/,
data/raw/morpho_full_window/shards/range_001968_431187376_431207376.jsonl,178501,EXCLUDE,gitignored_raw_cache_binary_or_local,data/raw/,
data/raw/morpho_full_window/shards/range_001969_431207376_431227376.jsonl,174798,EXCLUDE,gitignored_raw_cache_binary_or_local,data/raw/,
data/raw/morpho_full_window/shards/range_001970_431227376_431247376.jsonl,250318,EXCLUDE,gitignored_raw_cache_binary_or_local,data/raw/,
data/raw/morpho_full_window/shards/range_001971_431247376_431267376.jsonl,182762,EXCLUDE,gitignored_raw_cache_binary_or_local,data/raw/,
data/raw/morpho_full_window/shards/range_001972_431267376_431287376.jsonl,187535,EXCLUDE,gitignored_raw_cache_binary_or_local,data/raw/,
data/raw/morpho_full_window/shards/range_001973_431287376_431307376.jsonl,242582,EXCLUDE,gitignored_raw_cache_binary_or_local,data/raw/,
data/raw/morpho_full_window/shards/range_001974_431307376_431327376.jsonl,244212,EXCLUDE,gitignored_raw_cache_binary_or_local,data/raw/,
data/raw/morpho_full_window/shards/range_001975_431327376_431347376.jsonl,331610,EXCLUDE,gitignored_raw_cache_binary_or_local,data/raw/,
data/raw/morpho_full_window/shards/range_001976_431347376_431367376.jsonl,289732,EXCLUDE,gitignored_raw_cache_binary_or_local,data/raw/,
data/raw/morpho_full_window/shards/range_001977_431367376_431387376.jsonl,257031,EXCLUDE,gitignored_raw_cache_binary_or_local,data/raw/,
data/raw/morpho_full_window/shards/range_001978_431387376_431407376.jsonl,226073,EXCLUDE,gitignored_raw_cache_binary_or_local,data/raw/,
data/raw/morpho_full_window/shards/range_001979_431407376_431427376.jsonl,228102,EXCLUDE,gitignored_raw_cache_binary_or_local,data/raw/,
data/raw/morpho_full_window/shards/range_001980_431427376_431447376.jsonl,193149,EXCLUDE,gitignored_raw_cache_binary_or_local,data/raw/,
data/raw/morpho_full_window/shards/range_001981_431447376_431467376.jsonl,195536,EXCLUDE,gitignored_raw_cache_binary_or_local,data/raw/,
data/raw/morpho_full_window/shards/range_001982_431467376_431487376.jsonl,210123,EXCLUDE,gitignored_raw_cache_binary_or_local,data/raw/,
data/raw/morpho_full_window/shards/range_001983_431487376_431507376.jsonl,250875,EXCLUDE,gitignored_raw_cache_binary_or_local,data/raw/,
data/raw/morpho_full_window/shards/range_001984_431507376_431527376.jsonl,188512,EXCLUDE,gitignored_raw_cache_binary_or_local,data/raw/,
data/raw/morpho_full_window/shards/range_001985_431527376_431547376.jsonl,117893,EXCLUDE,gitignored_raw_cache_binary_or_local,data/raw/,
data/raw/morpho_full_window/shards/range_001986_431547376_431567376.jsonl,186143,EXCLUDE,gitignored_raw_cache_binary_or_local,data/raw/,
data/raw/morpho_full_window/shards/range_001987_431567376_431587376.jsonl,189814,EXCLUDE,gitignored_raw_cache_binary_or_local,data/raw/,
data/raw/morpho_full_window/shards/range_001988_431587376_431607376.jsonl,191571,EXCLUDE,gitignored_raw_cache_binary_or_local,data/raw/,
data/raw/morpho_full_window/shards/range_001989_431607376_431627376.jsonl,171177,EXCLUDE,gitignored_raw_cache_binary_or_local,data/raw/,
data/raw/morpho_full_window/shards/range_001990_431627376_431647376.jsonl,214842,EXCLUDE,gitignored_raw_cache_binary_or_local,data/raw/,
data/raw/morpho_full_window/shards/range_001991_431647376_431667376.jsonl,187657,EXCLUDE,gitignored_raw_cache_binary_or_local,data/raw/,
data/raw/morpho_full_window/shards/range_001992_431667376_431687376.jsonl,200092,EXCLUDE,gitignored_raw_cache_binary_or_local,data/raw/,
data/raw/morpho_full_window/shards/range_001993_431687376_431707376.jsonl,167713,EXCLUDE,gitignored_raw_cache_binary_or_local,data/raw/,
data/raw/morpho_full_window/shards/range_001994_431707376_431727376.jsonl,242311,EXCLUDE,gitignored_raw_cache_binary_or_local,data/raw/,
data/raw/morpho_full_window/shards/range_001995_431727376_431747376.jsonl,229935,EXCLUDE,gitignored_raw_cache_binary_or_local,data/raw/,
data/raw/morpho_full_window/shards/range_001996_431747376_431767376.jsonl,169429,EXCLUDE,gitignored_raw_cache_binary_or_local,data/raw/,
data/raw/morpho_full_window/shards/range_001997_431767376_431787376.jsonl,236137,EXCLUDE,gitignored_raw_cache_binary_or_local,data/raw/,
data/raw/morpho_full_window/shards/range_001998_431787376_431807376.jsonl,164650,EXCLUDE,gitignored_raw_cache_binary_or_local,data/raw/,
data/raw/morpho_full_window/shards/range_001999_431807376_431827376.jsonl,183792,EXCLUDE,gitignored_raw_cache_binary_or_local,data/raw/,
data/raw/morpho_full_window/shards/range_002000_431827376_431847376.jsonl,182141,EXCLUDE,gitignored_raw_cache_binary_or_local,data/raw/,
data/raw/morpho_full_window/shards/range_002001_431847376_431867376.jsonl,203439,EXCLUDE,gitignored_raw_cache_binary_or_local,data/raw/,
data/raw/morpho_full_window/shards/range_002002_431867376_431887376.jsonl,281732,EXCLUDE,gitignored_raw_cache_binary_or_local,data/raw/,
data/raw/morpho_full_window/shards/range_002003_431887376_431907376.jsonl,258825,EXCLUDE,gitignored_raw_cache_binary_or_local,data/raw/,
data/raw/morpho_full_window/shards/range_002004_431907376_431927376.jsonl,233467,EXCLUDE,gitignored_raw_cache_binary_or_local,data/raw/,
data/raw/morpho_full_window/shards/range_002005_431927376_431947376.jsonl,320667,EXCLUDE,gitignored_raw_cache_binary_or_local,data/raw/,
data/raw/morpho_full_window/shards/range_002006_431947376_431967376.jsonl,252655,EXCLUDE,gitignored_raw_cache_binary_or_local,data/raw/,
data/raw/morpho_full_window/shards/range_002007_431967376_431987376.jsonl,279930,EXCLUDE,gitignored_raw_cache_binary_or_local,data/raw/,
data/raw/morpho_full_window/shards/range_002008_431987376_432007376.jsonl,224734,EXCLUDE,gitignored_raw_cache_binary_or_local,data/raw/,
data/raw/morpho_full_window/shards/range_002009_432007376_432027376.jsonl,228695,EXCLUDE,gitignored_raw_cache_binary_or_local,data/raw/,
data/raw/morpho_full_window/shards/range_002010_432027376_432047376.jsonl,199631,EXCLUDE,gitignored_raw_cache_binary_or_local,data/raw/,
data/raw/morpho_full_window/shards/range_002011_432047376_432067376.jsonl,338461,EXCLUDE,gitignored_raw_cache_binary_or_local,data/raw/,
data/raw/morpho_full_window/shards/range_002012_432067376_432087376.jsonl,382533,EXCLUDE,gitignored_raw_cache_binary_or_local,data/raw/,
data/raw/morpho_full_window/shards/range_002013_432087376_432107376.jsonl,419735,EXCLUDE,gitignored_raw_cache_binary_or_local,data/raw/,
data/raw/morpho_full_window/shards/range_002014_432107376_432127376.jsonl,286397,EXCLUDE,gitignored_raw_cache_binary_or_local,data/raw/,
data/raw/morpho_full_window/shards/range_002015_432127376_432147376.jsonl,295346,EXCLUDE,gitignored_raw_cache_binary_or_local,data/raw/,
data/raw/morpho_full_window/shards/range_002016_432147376_432167376.jsonl,362633,EXCLUDE,gitignored_raw_cache_binary_or_local,data/raw/,
data/raw/morpho_full_window/shards/range_002017_432167376_432187376.jsonl,381043,EXCLUDE,gitignored_raw_cache_binary_or_local,data/raw/,
data/raw/morpho_full_window/shards/range_002018_432187376_432207376.jsonl,362998,EXCLUDE,gitignored_raw_cache_binary_or_local,data/raw/,
data/raw/morpho_full_window/shards/range_002019_432207376_432227376.jsonl,338770,EXCLUDE,gitignored_raw_cache_binary_or_local,data/raw/,
data/raw/morpho_full_window/shards/range_002020_432227376_432247376.jsonl,268714,EXCLUDE,gitignored_raw_cache_binary_or_local,data/raw/,
data/raw/morpho_full_window/shards/range_002021_432247376_432267376.jsonl,215253,EXCLUDE,gitignored_raw_cache_binary_or_local,data/raw/,
data/raw/morpho_full_window/shards/range_002022_432267376_432287376.jsonl,217198,EXCLUDE,gitignored_raw_cache_binary_or_local,data/raw/,
data/raw/morpho_full_window/shards/range_002023_432287376_432307376.jsonl,245966,EXCLUDE,gitignored_raw_cache_binary_or_local,data/raw/,
data/raw/morpho_full_window/shards/range_002024_432307376_432327376.jsonl,272868,EXCLUDE,gitignored_raw_cache_binary_or_local,data/raw/,
data/raw/morpho_full_window/shards/range_002025_432327376_432347376.jsonl,231422,EXCLUDE,gitignored_raw_cache_binary_or_local,data/raw/,
data/raw/morpho_full_window/shards/range_002026_432347376_432367376.jsonl,253588,EXCLUDE,gitignored_raw_cache_binary_or_local,data/raw/,
data/raw/morpho_full_window/shards/range_002027_432367376_432387376.jsonl,219164,EXCLUDE,gitignored_raw_cache_binary_or_local,data/raw/,
data/raw/morpho_full_window/shards/range_002028_432387376_432407376.jsonl,193956,EXCLUDE,gitignored_raw_cache_binary_or_local,data/raw/,
data/raw/morpho_full_window/shards/range_002029_432407376_432427376.jsonl,170229,EXCLUDE,gitignored_raw_cache_binary_or_local,data/raw/,
data/raw/morpho_full_window/shards/range_002030_432427376_432447376.jsonl,273081,EXCLUDE,gitignored_raw_cache_binary_or_local,data/raw/,
data/raw/morpho_full_window/shards/range_002031_432447376_432467376.jsonl,217234,EXCLUDE,gitignored_raw_cache_binary_or_local,data/raw/,
data/raw/morpho_full_window/shards/range_002032_432467376_432487376.jsonl,288769,EXCLUDE,gitignored_raw_cache_binary_or_local,data/raw/,
data/raw/morpho_full_window/shards/range_002033_432487376_432507376.jsonl,240141,EXCLUDE,gitignored_raw_cache_binary_or_local,data/raw/,
data/raw/morpho_full_window/shards/range_002034_432507376_432527376.jsonl,318900,EXCLUDE,gitignored_raw_cache_binary_or_local,data/raw/,
data/raw/morpho_full_window/shards/range_002035_432527376_432547376.jsonl,364412,EXCLUDE,gitignored_raw_cache_binary_or_local,data/raw/,
data/raw/morpho_full_window/shards/range_002036_432547376_432567376.jsonl,295726,EXCLUDE,gitignored_raw_cache_binary_or_local,data/raw/,
data/raw/morpho_full_window/shards/range_002037_432567376_432587376.jsonl,358252,EXCLUDE,gitignored_raw_cache_binary_or_local,data/raw/,
data/raw/morpho_full_window/shards/range_002038_432587376_432607376.jsonl,254605,EXCLUDE,gitignored_raw_cache_binary_or_local,data/raw/,
data/raw/morpho_full_window/shards/range_002039_432607376_432627376.jsonl,206561,EXCLUDE,gitignored_raw_cache_binary_or_local,data/raw/,
data/raw/morpho_full_window/shards/range_002040_432627376_432647376.jsonl,224145,EXCLUDE,gitignored_raw_cache_binary_or_local,data/raw/,
data/raw/morpho_full_window/shards/range_002041_432647376_432667376.jsonl,318958,EXCLUDE,gitignored_raw_cache_binary_or_local,data/raw/,
data/raw/morpho_full_window/shards/range_002042_432667376_432687376.jsonl,270117,EXCLUDE,gitignored_raw_cache_binary_or_local,data/raw/,
data/raw/morpho_full_window/shards/range_002043_432687376_432707376.jsonl,286506,EXCLUDE,gitignored_raw_cache_binary_or_local,data/raw/,
data/raw/morpho_full_window/shards/range_002044_432707376_432727376.jsonl,332877,EXCLUDE,gitignored_raw_cache_binary_or_local,data/raw/,
data/raw/morpho_full_window/shards/range_002045_432727376_432747376.jsonl,277967,EXCLUDE,gitignored_raw_cache_binary_or_local,data/raw/,
data/raw/morpho_full_window/shards/range_002046_432747376_432767376.jsonl,338072,EXCLUDE,gitignored_raw_cache_binary_or_local,data/raw/,
data/raw/morpho_full_window/shards/range_002047_432767376_432787376.jsonl,213189,EXCLUDE,gitignored_raw_cache_binary_or_local,data/raw/,
data/raw/morpho_full_window/shards/range_002048_432787376_432807376.jsonl,153047,EXCLUDE,gitignored_raw_cache_binary_or_local,data/raw/,
data/raw/morpho_full_window/shards/range_002049_432807376_432827376.jsonl,311201,EXCLUDE,gitignored_raw_cache_binary_or_local,data/raw/,
data/raw/morpho_full_window/shards/range_002050_432827376_432847376.jsonl,181328,EXCLUDE,gitignored_raw_cache_binary_or_local,data/raw/,
data/raw/morpho_full_window/shards/range_002051_432847376_432867376.jsonl,185817,EXCLUDE,gitignored_raw_cache_binary_or_local,data/raw/,
data/raw/morpho_full_window/shards/range_002052_432867376_432887376.jsonl,236523,EXCLUDE,gitignored_raw_cache_binary_or_local,data/raw/,
data/raw/morpho_full_window/shards/range_002053_432887376_432907376.jsonl,145123,EXCLUDE,gitignored_raw_cache_binary_or_local,data/raw/,
data/raw/morpho_full_window/shards/range_002054_432907376_432927376.jsonl,148259,EXCLUDE,gitignored_raw_cache_binary_or_local,data/raw/,
data/raw/morpho_full_window/shards/range_002055_432927376_432947376.jsonl,190895,EXCLUDE,gitignored_raw_cache_binary_or_local,data/raw/,
data/raw/morpho_full_window/shards/range_002056_432947376_432967376.jsonl,212616,EXCLUDE,gitignored_raw_cache_binary_or_local,data/raw/,
data/raw/morpho_full_window/shards/range_002057_432967376_432987376.jsonl,267936,EXCLUDE,gitignored_raw_cache_binary_or_local,data/raw/,
data/raw/morpho_full_window/shards/range_002058_432987376_433007376.jsonl,183672,EXCLUDE,gitignored_raw_cache_binary_or_local,data/raw/,
data/raw/morpho_full_window/shards/range_002059_433007376_433027376.jsonl,260554,EXCLUDE,gitignored_raw_cache_binary_or_local,data/raw/,
data/raw/morpho_full_window/shards/range_002060_433027376_433047376.jsonl,162415,EXCLUDE,gitignored_raw_cache_binary_or_local,data/raw/,
data/raw/morpho_full_window/shards/range_002061_433047376_433067376.jsonl,168136,EXCLUDE,gitignored_raw_cache_binary_or_local,data/raw/,
data/raw/morpho_full_window/shards/range_002062_433067376_433087376.jsonl,259599,EXCLUDE,gitignored_raw_cache_binary_or_local,data/raw/,
data/raw/morpho_full_window/shards/range_002063_433087376_433107376.jsonl,369384,EXCLUDE,gitignored_raw_cache_binary_or_local,data/raw/,
data/raw/morpho_full_window/shards/range_002064_433107376_433127376.jsonl,417560,EXCLUDE,gitignored_raw_cache_binary_or_local,data/raw/,
data/raw/morpho_full_window/shards/range_002065_433127376_433147376.jsonl,263380,EXCLUDE,gitignored_raw_cache_binary_or_local,data/raw/,
data/raw/morpho_full_window/shards/range_002066_433147376_433167376.jsonl,201554,EXCLUDE,gitignored_raw_cache_binary_or_local,data/raw/,
data/raw/morpho_full_window/shards/range_002067_433167376_433187376.jsonl,196621,EXCLUDE,gitignored_raw_cache_binary_or_local,data/raw/,
data/raw/morpho_full_window/shards/range_002068_433187376_433207376.jsonl,165037,EXCLUDE,gitignored_raw_cache_binary_or_local,data/raw/,
data/raw/morpho_full_window/shards/range_002069_433207376_433227376.jsonl,176729,EXCLUDE,gitignored_raw_cache_binary_or_local,data/raw/,
data/raw/morpho_full_window/shards/range_002070_433227376_433247376.jsonl,110038,EXCLUDE,gitignored_raw_cache_binary_or_local,data/raw/,
data/raw/morpho_full_window/shards/range_002071_433247376_433267376.jsonl,159537,EXCLUDE,gitignored_raw_cache_binary_or_local,data/raw/,
data/raw/morpho_full_window/shards/range_002072_433267376_433287376.jsonl,152156,EXCLUDE,gitignored_raw_cache_binary_or_local,data/raw/,
data/raw/morpho_full_window/shards/range_002073_433287376_433307376.jsonl,162326,EXCLUDE,gitignored_raw_cache_binary_or_local,data/raw/,
data/raw/morpho_full_window/shards/range_002074_433307376_433327376.jsonl,186501,EXCLUDE,gitignored_raw_cache_binary_or_local,data/raw/,
data/raw/morpho_full_window/shards/range_002075_433327376_433347376.jsonl,147228,EXCLUDE,gitignored_raw_cache_binary_or_local,data/raw/,
data/raw/morpho_full_window/shards/range_002076_433347376_433367376.jsonl,270274,EXCLUDE,gitignored_raw_cache_binary_or_local,data/raw/,
data/raw/morpho_full_window/shards/range_002077_433367376_433387376.jsonl,366994,EXCLUDE,gitignored_raw_cache_binary_or_local,data/raw/,
data/raw/morpho_full_window/shards/range_002078_433387376_433407376.jsonl,185382,EXCLUDE,gitignored_raw_cache_binary_or_local,data/raw/,
data/raw/morpho_full_window/shards/range_002079_433407376_433427376.jsonl,492102,EXCLUDE,gitignored_raw_cache_binary_or_local,data/raw/,
data/raw/morpho_full_window/shards/range_002080_433427376_433447376.jsonl,195907,EXCLUDE,gitignored_raw_cache_binary_or_local,data/raw/,
data/raw/morpho_full_window/shards/range_002081_433447376_433467376.jsonl,309971,EXCLUDE,gitignored_raw_cache_binary_or_local,data/raw/,
data/raw/morpho_full_window/shards/range_002082_433467376_433487376.jsonl,177973,EXCLUDE,gitignored_raw_cache_binary_or_local,data/raw/,
data/raw/morpho_full_window/shards/range_002083_433487376_433507376.jsonl,254834,EXCLUDE,gitignored_raw_cache_binary_or_local,data/raw/,
data/raw/morpho_full_window/shards/range_002084_433507376_433527376.jsonl,366880,EXCLUDE,gitignored_raw_cache_binary_or_local,data/raw/,
data/raw/morpho_full_window/shards/range_002085_433527376_433547376.jsonl,256992,EXCLUDE,gitignored_raw_cache_binary_or_local,data/raw/,
data/raw/morpho_full_window/shards/range_002086_433547376_433567376.jsonl,440282,EXCLUDE,gitignored_raw_cache_binary_or_local,data/raw/,
data/raw/morpho_full_window/shards/range_002087_433567376_433587376.jsonl,657480,EXCLUDE,gitignored_raw_cache_binary_or_local,data/raw/,
data/raw/morpho_full_window/shards/range_002088_433587376_433597376.jsonl,223796,EXCLUDE,gitignored_raw_cache_binary_or_local,data/raw/,
data/raw/morpho_full_window/shards/range_002089_433597376_433607376.jsonl,170107,EXCLUDE,gitignored_raw_cache_binary_or_local,data/raw/,
data/raw/morpho_full_window/shards/range_002090_433607376_433617376.jsonl,113662,EXCLUDE,gitignored_raw_cache_binary_or_local,data/raw/,
data/raw/morpho_full_window/shards/range_002091_433617376_433627376.jsonl,56682,EXCLUDE,gitignored_raw_cache_binary_or_local,data/raw/,
data/raw/morpho_full_window/shards/range_002092_433627376_433647376.jsonl,152371,EXCLUDE,gitignored_raw_cache_binary_or_local,data/raw/,
data/raw/morpho_full_window/shards/range_002093_433647376_433667376.jsonl,243787,EXCLUDE,gitignored_raw_cache_binary_or_local,data/raw/,
data/raw/morpho_full_window/shards/range_002094_433667376_433687376.jsonl,472381,EXCLUDE,gitignored_raw_cache_binary_or_local,data/raw/,
data/raw/morpho_full_window/shards/range_002095_433687376_433707376.jsonl,510668,EXCLUDE,gitignored_raw_cache_binary_or_local,data/raw/,
data/raw/morpho_full_window/shards/range_002096_433707376_433727376.jsonl,288614,EXCLUDE,gitignored_raw_cache_binary_or_local,data/raw/,
data/raw/morpho_full_window/shards/range_002097_433727376_433747376.jsonl,131792,EXCLUDE,gitignored_raw_cache_binary_or_local,data/raw/,
data/raw/morpho_full_window/shards/range_002098_433747376_433767376.jsonl,237380,EXCLUDE,gitignored_raw_cache_binary_or_local,data/raw/,
data/raw/morpho_full_window/shards/range_002099_433767376_433787376.jsonl,217869,EXCLUDE,gitignored_raw_cache_binary_or_local,data/raw/,
data/raw/morpho_full_window/shards/range_002100_433787376_433807376.jsonl,349250,EXCLUDE,gitignored_raw_cache_binary_or_local,data/raw/,
data/raw/morpho_full_window/shards/range_002101_433807376_433827376.jsonl,155852,EXCLUDE,gitignored_raw_cache_binary_or_local,data/raw/,
data/raw/morpho_full_window/shards/range_002102_433827376_433847376.jsonl,194557,EXCLUDE,gitignored_raw_cache_binary_or_local,data/raw/,
data/raw/morpho_full_window/shards/range_002103_433847376_433867376.jsonl,192108,EXCLUDE,gitignored_raw_cache_binary_or_local,data/raw/,
data/raw/morpho_full_window/shards/range_002104_433867376_433887376.jsonl,100259,EXCLUDE,gitignored_raw_cache_binary_or_local,data/raw/,
data/raw/morpho_full_window/shards/range_002105_433887376_433907376.jsonl,109189,EXCLUDE,gitignored_raw_cache_binary_or_local,data/raw/,
data/raw/morpho_full_window/shards/range_002106_433907376_433927376.jsonl,95147,EXCLUDE,gitignored_raw_cache_binary_or_local,data/raw/,
data/raw/morpho_full_window/shards/range_002107_433927376_433967376.jsonl,421862,EXCLUDE,gitignored_raw_cache_binary_or_local,data/raw/,
data/raw/morpho_full_window/shards/range_002108_433967376_434007376.jsonl,200760,EXCLUDE,gitignored_raw_cache_binary_or_local,data/raw/,
data/raw/morpho_full_window/shards/range_002109_434007376_434047376.jsonl,222467,EXCLUDE,gitignored_raw_cache_binary_or_local,data/raw/,
data/raw/morpho_full_window/shards/range_002110_434047376_434087376.jsonl,347554,EXCLUDE,gitignored_raw_cache_binary_or_local,data/raw/,
data/raw/morpho_full_window/shards/range_002111_434087376_434127376.jsonl,448888,EXCLUDE,gitignored_raw_cache_binary_or_local,data/raw/,
data/raw/morpho_full_window/shards/range_002112_434127376_434167376.jsonl,448168,EXCLUDE,gitignored_raw_cache_binary_or_local,data/raw/,
data/raw/morpho_full_window/shards/range_002113_434167376_434207376.jsonl,278715,EXCLUDE,gitignored_raw_cache_binary_or_local,data/raw/,
data/raw/morpho_full_window/shards/range_002114_434207376_434247376.jsonl,232324,EXCLUDE,gitignored_raw_cache_binary_or_local,data/raw/,
data/raw/morpho_full_window/shards/range_002115_434247376_434287376.jsonl,159018,EXCLUDE,gitignored_raw_cache_binary_or_local,data/raw/,
data/raw/morpho_full_window/shards/range_002116_434287376_434327376.jsonl,197694,EXCLUDE,gitignored_raw_cache_binary_or_local,data/raw/,
data/raw/morpho_full_window/shards/range_002117_434327376_434367376.jsonl,311802,EXCLUDE,gitignored_raw_cache_binary_or_local,data/raw/,
data/raw/morpho_full_window/shards/range_002118_434367376_434407376.jsonl,425408,EXCLUDE,gitignored_raw_cache_binary_or_local,data/raw/,
data/raw/morpho_full_window/shards/range_002119_434407376_434447376.jsonl,381041,EXCLUDE,gitignored_raw_cache_binary_or_local,data/raw/,
data/raw/morpho_full_window/shards/range_002120_434447376_434487376.jsonl,454104,EXCLUDE,gitignored_raw_cache_binary_or_local,data/raw/,
data/raw/morpho_full_window/shards/range_002121_434487376_434527376.jsonl,374159,EXCLUDE,gitignored_raw_cache_binary_or_local,data/raw/,
data/raw/morpho_full_window/shards/range_002122_434527376_434567376.jsonl,371513,EXCLUDE,gitignored_raw_cache_binary_or_local,data/raw/,
data/raw/morpho_full_window/shards/range_002123_434567376_434607376.jsonl,285878,EXCLUDE,gitignored_raw_cache_binary_or_local,data/raw/,
data/raw/morpho_full_window/shards/range_002124_434607376_434647376.jsonl,204497,EXCLUDE,gitignored_raw_cache_binary_or_local,data/raw/,
data/raw/morpho_full_window/shards/range_002125_434647376_434687376.jsonl,94400,EXCLUDE,gitignored_raw_cache_binary_or_local,data/raw/,
data/raw/morpho_full_window/shards/range_002126_434687376_434767376.jsonl,396359,EXCLUDE,gitignored_raw_cache_binary_or_local,data/raw/,
data/raw/morpho_full_window/shards/range_002127_434767376_434847376.jsonl,393860,EXCLUDE,gitignored_raw_cache_binary_or_local,data/raw/,
data/raw/morpho_full_window/shards/range_002128_434847376_434927376.jsonl,184706,EXCLUDE,gitignored_raw_cache_binary_or_local,data/raw/,
data/raw/morpho_full_window/shards/range_002129_434927376_435007376.jsonl,421100,EXCLUDE,gitignored_raw_cache_binary_or_local,data/raw/,
data/raw/morpho_full_window/shards/range_002130_435007376_435087376.jsonl,735831,EXCLUDE,gitignored_raw_cache_binary_or_local,data/raw/,
data/raw/morpho_full_window/shards/range_002131_435087376_435127376.jsonl,603944,EXCLUDE,gitignored_raw_cache_binary_or_local,data/raw/,
data/raw/morpho_full_window/shards/range_002132_435127376_435167376.jsonl,448555,EXCLUDE,gitignored_raw_cache_binary_or_local,data/raw/,
data/raw/morpho_full_window/shards/range_002133_435167376_435207376.jsonl,618311,EXCLUDE,gitignored_raw_cache_binary_or_local,data/raw/,
data/raw/morpho_full_window/shards/range_002134_435207376_435247376.jsonl,525497,EXCLUDE,gitignored_raw_cache_binary_or_local,data/raw/,
data/raw/morpho_full_window/shards/range_002135_435247376_435287376.jsonl,503784,EXCLUDE,gitignored_raw_cache_binary_or_local,data/raw/,
data/raw/morpho_full_window/shards/range_002136_435287376_435327376.jsonl,498045,EXCLUDE,gitignored_raw_cache_binary_or_local,data/raw/,
data/raw/morpho_full_window/shards/range_002137_435327376_435367376.jsonl,465060,EXCLUDE,gitignored_raw_cache_binary_or_local,data/raw/,
data/raw/morpho_full_window/shards/range_002138_435367376_435407376.jsonl,704750,EXCLUDE,gitignored_raw_cache_binary_or_local,data/raw/,
data/raw/morpho_full_window/shards/range_002139_435407376_435427376.jsonl,306117,EXCLUDE,gitignored_raw_cache_binary_or_local,data/raw/,
data/raw/morpho_full_window/shards/range_002140_435427376_435447376.jsonl,390123,EXCLUDE,gitignored_raw_cache_binary_or_local,data/raw/,
data/raw/morpho_full_window/shards/range_002141_435447376_435467376.jsonl,404089,EXCLUDE,gitignored_raw_cache_binary_or_local,data/raw/,
data/raw/morpho_full_window/shards/range_002142_435467376_435487376.jsonl,358154,EXCLUDE,gitignored_raw_cache_binary_or_local,data/raw/,
data/raw/morpho_full_window/shards/range_002143_435487376_435507376.jsonl,373278,EXCLUDE,gitignored_raw_cache_binary_or_local,data/raw/,
data/raw/morpho_full_window/shards/range_002144_435507376_435527376.jsonl,377988,EXCLUDE,gitignored_raw_cache_binary_or_local,data/raw/,
data/raw/morpho_full_window/shards/range_002145_435527376_435547376.jsonl,369224,EXCLUDE,gitignored_raw_cache_binary_or_local,data/raw/,
data/raw/morpho_full_window/shards/range_002146_435547376_435567376.jsonl,374371,EXCLUDE,gitignored_raw_cache_binary_or_local,data/raw/,
data/raw/morpho_full_window/shards/range_002147_435567376_435587376.jsonl,344790,EXCLUDE,gitignored_raw_cache_binary_or_local,data/raw/,
data/raw/morpho_full_window/shards/range_002148_435587376_435607376.jsonl,372175,EXCLUDE,gitignored_raw_cache_binary_or_local,data/raw/,
data/raw/morpho_full_window/shards/range_002149_435607376_435627376.jsonl,289999,EXCLUDE,gitignored_raw_cache_binary_or_local,data/raw/,
data/raw/morpho_full_window/shards/range_002150_435627376_435647376.jsonl,346980,EXCLUDE,gitignored_raw_cache_binary_or_local,data/raw/,
data/raw/morpho_full_window/shards/range_002151_435647376_435667376.jsonl,281674,EXCLUDE,gitignored_raw_cache_binary_or_local,data/raw/,
data/raw/morpho_full_window/shards/range_002152_435667376_435687376.jsonl,136569,EXCLUDE,gitignored_raw_cache_binary_or_local,data/raw/,
data/raw/morpho_full_window/shards/range_002153_435687376_435707376.jsonl,138657,EXCLUDE,gitignored_raw_cache_binary_or_local,data/raw/,
data/raw/morpho_full_window/shards/range_002154_435707376_435727376.jsonl,131087,EXCLUDE,gitignored_raw_cache_binary_or_local,data/raw/,
data/raw/morpho_full_window/shards/range_002155_435727376_435747376.jsonl,129211,EXCLUDE,gitignored_raw_cache_binary_or_local,data/raw/,
data/raw/morpho_full_window/shards/range_002156_435747376_435767376.jsonl,137942,EXCLUDE,gitignored_raw_cache_binary_or_local,data/raw/,
data/raw/morpho_full_window/shards/range_002157_435767376_435787376.jsonl,138801,EXCLUDE,gitignored_raw_cache_binary_or_local,data/raw/,
data/raw/morpho_full_window/shards/range_002158_435787376_435807376.jsonl,59366,EXCLUDE,gitignored_raw_cache_binary_or_local,data/raw/,
data/raw/morpho_full_window/shards/range_002159_435807376_435847376.jsonl,246918,EXCLUDE,gitignored_raw_cache_binary_or_local,data/raw/,
data/raw/morpho_full_window/shards/range_002160_435847376_435887376.jsonl,364214,EXCLUDE,gitignored_raw_cache_binary_or_local,data/raw/,
data/raw/morpho_full_window/shards/range_002161_435887376_435927376.jsonl,285279,EXCLUDE,gitignored_raw_cache_binary_or_local,data/raw/,
data/raw/morpho_full_window/shards/range_002162_435927376_435967376.jsonl,257626,EXCLUDE,gitignored_raw_cache_binary_or_local,data/raw/,
data/raw/morpho_full_window/shards/range_002163_435967376_436007376.jsonl,138456,EXCLUDE,gitignored_raw_cache_binary_or_local,data/raw/,
data/raw/morpho_full_window/shards/range_002164_436007376_436047376.jsonl,218792,EXCLUDE,gitignored_raw_cache_binary_or_local,data/raw/,
data/raw/morpho_full_window/shards/range_002165_436047376_436087376.jsonl,241001,EXCLUDE,gitignored_raw_cache_binary_or_local,data/raw/,
data/raw/morpho_full_window/shards/range_002166_436087376_436127376.jsonl,306886,EXCLUDE,gitignored_raw_cache_binary_or_local,data/raw/,
data/raw/morpho_full_window/shards/range_002167_436127376_436167376.jsonl,145315,EXCLUDE,gitignored_raw_cache_binary_or_local,data/raw/,
data/raw/morpho_full_window/shards/range_002168_436167376_436207376.jsonl,378834,EXCLUDE,gitignored_raw_cache_binary_or_local,data/raw/,
data/raw/morpho_full_window/shards/range_002169_436207376_436247376.jsonl,342022,EXCLUDE,gitignored_raw_cache_binary_or_local,data/raw/,
data/raw/morpho_full_window/shards/range_002170_436247376_436287376.jsonl,264804,EXCLUDE,gitignored_raw_cache_binary_or_local,data/raw/,
data/raw/morpho_full_window/shards/range_002171_436287376_436327376.jsonl,278489,EXCLUDE,gitignored_raw_cache_binary_or_local,data/raw/,
data/raw/morpho_full_window/shards/range_002172_436327376_436367376.jsonl,248303,EXCLUDE,gitignored_raw_cache_binary_or_local,data/raw/,
data/raw/morpho_full_window/shards/range_002173_436367376_436407376.jsonl,274148,EXCLUDE,gitignored_raw_cache_binary_or_local,data/raw/,
data/raw/morpho_full_window/shards/range_002174_436407376_436447376.jsonl,177232,EXCLUDE,gitignored_raw_cache_binary_or_local,data/raw/,
data/raw/morpho_full_window/shards/range_002175_436447376_436487376.jsonl,222067,EXCLUDE,gitignored_raw_cache_binary_or_local,data/raw/,
data/raw/morpho_full_window/shards/range_002176_436487376_436527376.jsonl,180971,EXCLUDE,gitignored_raw_cache_binary_or_local,data/raw/,
data/raw/morpho_full_window/shards/range_002177_436527376_436567376.jsonl,256588,EXCLUDE,gitignored_raw_cache_binary_or_local,data/raw/,
data/raw/morpho_full_window/shards/range_002178_436567376_436607376.jsonl,142516,EXCLUDE,gitignored_raw_cache_binary_or_local,data/raw/,
data/raw/morpho_full_window/shards/range_002179_436607376_436647376.jsonl,109487,EXCLUDE,gitignored_raw_cache_binary_or_local,data/raw/,
data/raw/morpho_full_window/shards/range_002180_436647376_436687376.jsonl,93413,EXCLUDE,gitignored_raw_cache_binary_or_local,data/raw/,
data/raw/morpho_full_window/shards/range_002181_436687376_436767376.jsonl,280714,EXCLUDE,gitignored_raw_cache_binary_or_local,data/raw/,
data/raw/morpho_full_window/shards/range_002182_436767376_436847376.jsonl,466434,EXCLUDE,gitignored_raw_cache_binary_or_local,data/raw/,
data/raw/morpho_full_window/shards/range_002183_436847376_436927376.jsonl,302275,EXCLUDE,gitignored_raw_cache_binary_or_local,data/raw/,
data/raw/morpho_full_window/shards/range_002184_436927376_437007376.jsonl,265394,EXCLUDE,gitignored_raw_cache_binary_or_local,data/raw/,
data/raw/morpho_full_window/shards/range_002185_437007376_437087376.jsonl,440237,EXCLUDE,gitignored_raw_cache_binary_or_local,data/raw/,
data/raw/morpho_full_window/shards/range_002186_437087376_437167376.jsonl,532999,EXCLUDE,gitignored_raw_cache_binary_or_local,data/raw/,
data/raw/morpho_full_window/shards/range_002187_437167376_437247376.jsonl,639165,EXCLUDE,gitignored_raw_cache_binary_or_local,data/raw/,
data/raw/morpho_full_window/shards/range_002188_437247376_437327376.jsonl,988754,EXCLUDE,gitignored_raw_cache_binary_or_local,data/raw/,
data/raw/morpho_full_window/shards/range_002189_437327376_437367376.jsonl,505252,EXCLUDE,gitignored_raw_cache_binary_or_local,data/raw/,
data/raw/morpho_full_window/shards/range_002190_437367376_437407376.jsonl,368520,EXCLUDE,gitignored_raw_cache_binary_or_local,data/raw/,
data/raw/morpho_full_window/shards/range_002191_437407376_437447376.jsonl,264868,EXCLUDE,gitignored_raw_cache_binary_or_local,data/raw/,
data/raw/morpho_full_window/shards/range_002192_437447376_437487376.jsonl,241265,EXCLUDE,gitignored_raw_cache_binary_or_local,data/raw/,
data/raw/morpho_full_window/shards/range_002193_437487376_437527376.jsonl,274918,EXCLUDE,gitignored_raw_cache_binary_or_local,data/raw/,
data/raw/morpho_full_window/shards/range_002194_437527376_437567376.jsonl,289844,EXCLUDE,gitignored_raw_cache_binary_or_local,data/raw/,
data/raw/morpho_full_window/shards/range_002195_437567376_437607376.jsonl,406471,EXCLUDE,gitignored_raw_cache_binary_or_local,data/raw/,
data/raw/morpho_full_window/shards/range_002196_437607376_437647376.jsonl,449462,EXCLUDE,gitignored_raw_cache_binary_or_local,data/raw/,
data/raw/morpho_full_window/shards/range_002197_437647376_437687376.jsonl,567713,EXCLUDE,gitignored_raw_cache_binary_or_local,data/raw/,
data/raw/morpho_full_window/shards/range_002198_437687376_437727376.jsonl,293261,EXCLUDE,gitignored_raw_cache_binary_or_local,data/raw/,
data/raw/morpho_full_window/shards/range_002199_437727376_437767376.jsonl,456414,EXCLUDE,gitignored_raw_cache_binary_or_local,data/raw/,
data/raw/morpho_full_window/shards/range_002200_437767376_437807376.jsonl,633322,EXCLUDE,gitignored_raw_cache_binary_or_local,data/raw/,
data/raw/morpho_full_window/shards/range_002201_437807376_437847376.jsonl,590304,EXCLUDE,gitignored_raw_cache_binary_or_local,data/raw/,
data/raw/morpho_full_window/shards/range_002202_437847376_437887376.jsonl,586467,EXCLUDE,gitignored_raw_cache_binary_or_local,data/raw/,
data/raw/morpho_full_window/shards/range_002203_437887376_437927376.jsonl,391450,EXCLUDE,gitignored_raw_cache_binary_or_local,data/raw/,
data/raw/morpho_full_window/shards/range_002204_437927376_437967376.jsonl,632621,EXCLUDE,gitignored_raw_cache_binary_or_local,data/raw/,
data/raw/morpho_full_window/shards/range_002205_437967376_438007376.jsonl,661265,EXCLUDE,gitignored_raw_cache_binary_or_local,data/raw/,
data/raw/morpho_full_window/shards/range_002206_438007376_438027376.jsonl,190705,EXCLUDE,gitignored_raw_cache_binary_or_local,data/raw/,
data/raw/morpho_full_window/shards/range_002207_438027376_438047376.jsonl,179903,EXCLUDE,gitignored_raw_cache_binary_or_local,data/raw/,
data/raw/morpho_full_window/shards/range_002208_438047376_438067376.jsonl,281151,EXCLUDE,gitignored_raw_cache_binary_or_local,data/raw/,
data/raw/morpho_full_window/shards/range_002209_438067376_438087376.jsonl,208152,EXCLUDE,gitignored_raw_cache_binary_or_local,data/raw/,
data/raw/morpho_full_window/shards/range_002210_438087376_438107376.jsonl,119544,EXCLUDE,gitignored_raw_cache_binary_or_local,data/raw/,
data/raw/morpho_full_window/shards/range_002211_438107376_438127376.jsonl,113710,EXCLUDE,gitignored_raw_cache_binary_or_local,data/raw/,
data/raw/morpho_full_window/shards/range_002212_438127376_438147376.jsonl,110601,EXCLUDE,gitignored_raw_cache_binary_or_local,data/raw/,
data/raw/morpho_full_window/shards/range_002213_438147376_438167376.jsonl,83574,EXCLUDE,gitignored_raw_cache_binary_or_local,data/raw/,
data/raw/morpho_full_window/shards/range_002214_438167376_438207376.jsonl,234024,EXCLUDE,gitignored_raw_cache_binary_or_local,data/raw/,
data/raw/morpho_full_window/shards/range_002215_438207376_438247376.jsonl,199046,EXCLUDE,gitignored_raw_cache_binary_or_local,data/raw/,
data/raw/morpho_full_window/shards/range_002216_438247376_438287376.jsonl,227775,EXCLUDE,gitignored_raw_cache_binary_or_local,data/raw/,
data/raw/morpho_full_window/shards/range_002217_438287376_438327376.jsonl,393652,EXCLUDE,gitignored_raw_cache_binary_or_local,data/raw/,
data/raw/morpho_full_window/shards/range_002218_438327376_438367376.jsonl,327715,EXCLUDE,gitignored_raw_cache_binary_or_local,data/raw/,
data/raw/morpho_full_window/shards/range_002219_438367376_438407376.jsonl,377414,EXCLUDE,gitignored_raw_cache_binary_or_local,data/raw/,
data/raw/morpho_full_window/shards/range_002220_438407376_438447376.jsonl,239636,EXCLUDE,gitignored_raw_cache_binary_or_local,data/raw/,
data/raw/morpho_full_window/shards/range_002221_438447376_438487376.jsonl,138247,EXCLUDE,gitignored_raw_cache_binary_or_local,data/raw/,
data/raw/morpho_full_window/shards/range_002222_438487376_438527376.jsonl,171904,EXCLUDE,gitignored_raw_cache_binary_or_local,data/raw/,
data/raw/morpho_full_window/shards/range_002223_438527376_438567376.jsonl,142420,EXCLUDE,gitignored_raw_cache_binary_or_local,data/raw/,
data/raw/morpho_full_window/shards/range_002224_438567376_438607376.jsonl,304000,EXCLUDE,gitignored_raw_cache_binary_or_local,data/raw/,
data/raw/morpho_full_window/shards/range_002225_438607376_438647376.jsonl,201756,EXCLUDE,gitignored_raw_cache_binary_or_local,data/raw/,
data/raw/morpho_full_window/shards/range_002226_438647376_438687376.jsonl,100489,EXCLUDE,gitignored_raw_cache_binary_or_local,data/raw/,
data/raw/morpho_full_window/shards/range_002227_438687376_438727376.jsonl,177999,EXCLUDE,gitignored_raw_cache_binary_or_local,data/raw/,
data/raw/morpho_full_window/shards/range_002228_438727376_438767376.jsonl,72148,EXCLUDE,gitignored_raw_cache_binary_or_local,data/raw/,
data/raw/morpho_full_window/shards/range_002229_438767376_438847376.jsonl,230015,EXCLUDE,gitignored_raw_cache_binary_or_local,data/raw/,
data/raw/morpho_full_window/shards/range_002230_438847376_438927376.jsonl,202766,EXCLUDE,gitignored_raw_cache_binary_or_local,data/raw/,
data/raw/morpho_full_window/shards/range_002231_438927376_439007376.jsonl,378361,EXCLUDE,gitignored_raw_cache_binary_or_local,data/raw/,
data/raw/morpho_full_window/shards/range_002232_439007376_439087376.jsonl,148298,EXCLUDE,gitignored_raw_cache_binary_or_local,data/raw/,
data/raw/morpho_full_window/shards/range_002233_439087376_439167376.jsonl,158770,EXCLUDE,gitignored_raw_cache_binary_or_local,data/raw/,
data/raw/morpho_full_window/shards/range_002234_439167376_439247376.jsonl,252781,EXCLUDE,gitignored_raw_cache_binary_or_local,data/raw/,
data/raw/morpho_full_window/shards/range_002235_439247376_439327376.jsonl,271299,EXCLUDE,gitignored_raw_cache_binary_or_local,data/raw/,
data/raw/morpho_full_window/shards/range_002236_439327376_439407376.jsonl,290966,EXCLUDE,gitignored_raw_cache_binary_or_local,data/raw/,
data/raw/morpho_full_window/shards/range_002237_439407376_439487376.jsonl,176638,EXCLUDE,gitignored_raw_cache_binary_or_local,data/raw/,
data/raw/morpho_full_window/shards/range_002238_439487376_439567376.jsonl,155789,EXCLUDE,gitignored_raw_cache_binary_or_local,data/raw/,
data/raw/morpho_full_window/shards/range_002239_439567376_439647376.jsonl,253780,EXCLUDE,gitignored_raw_cache_binary_or_local,data/raw/,
data/raw/morpho_full_window/shards/range_002240_439647376_439727376.jsonl,195668,EXCLUDE,gitignored_raw_cache_binary_or_local,data/raw/,
data/raw/morpho_full_window/shards/range_002241_439727376_439807376.jsonl,421843,EXCLUDE,gitignored_raw_cache_binary_or_local,data/raw/,
data/raw/morpho_full_window/shards/range_002242_439807376_439887376.jsonl,389158,EXCLUDE,gitignored_raw_cache_binary_or_local,data/raw/,
data/raw/morpho_full_window/shards/range_002243_439887376_439967376.jsonl,747995,EXCLUDE,gitignored_raw_cache_binary_or_local,data/raw/,
data/raw/morpho_full_window/shards/range_002244_439967376_440007376.jsonl,559642,EXCLUDE,gitignored_raw_cache_binary_or_local,data/raw/,
data/raw/morpho_full_window/shards/range_002245_440007376_440047376.jsonl,168456,EXCLUDE,gitignored_raw_cache_binary_or_local,data/raw/,
data/raw/morpho_full_window/shards/range_002246_440047376_440087376.jsonl,338589,EXCLUDE,gitignored_raw_cache_binary_or_local,data/raw/,
data/raw/morpho_full_window/shards/range_002247_440087376_440127376.jsonl,505442,EXCLUDE,gitignored_raw_cache_binary_or_local,data/raw/,
data/raw/morpho_full_window/shards/range_002248_440127376_440167376.jsonl,530519,EXCLUDE,gitignored_raw_cache_binary_or_local,data/raw/,
data/raw/morpho_full_window/shards/range_002249_440167376_440207376.jsonl,683329,EXCLUDE,gitignored_raw_cache_binary_or_local,data/raw/,
data/raw/morpho_full_window/shards/range_002250_440207376_440227376.jsonl,310028,EXCLUDE,gitignored_raw_cache_binary_or_local,data/raw/,
data/raw/morpho_full_window/shards/range_002251_440227376_440247376.jsonl,171285,EXCLUDE,gitignored_raw_cache_binary_or_local,data/raw/,
data/raw/morpho_full_window/shards/range_002252_440247376_440267376.jsonl,136016,EXCLUDE,gitignored_raw_cache_binary_or_local,data/raw/,
data/raw/morpho_full_window/shards/range_002253_440267376_440287376.jsonl,99136,EXCLUDE,gitignored_raw_cache_binary_or_local,data/raw/,
data/raw/morpho_full_window/shards/range_002254_440287376_440307376.jsonl,146597,EXCLUDE,gitignored_raw_cache_binary_or_local,data/raw/,
data/raw/morpho_full_window/shards/range_002255_440307376_440327376.jsonl,64113,EXCLUDE,gitignored_raw_cache_binary_or_local,data/raw/,
data/raw/morpho_full_window/shards/range_002256_440327376_440367376.jsonl,244913,EXCLUDE,gitignored_raw_cache_binary_or_local,data/raw/,
data/raw/morpho_full_window/shards/range_002257_440367376_440407376.jsonl,270965,EXCLUDE,gitignored_raw_cache_binary_or_local,data/raw/,
data/raw/morpho_full_window/shards/range_002258_440407376_440447376.jsonl,141226,EXCLUDE,gitignored_raw_cache_binary_or_local,data/raw/,
data/raw/morpho_full_window/shards/range_002259_440447376_440487376.jsonl,65758,EXCLUDE,gitignored_raw_cache_binary_or_local,data/raw/,
data/raw/morpho_full_window/shards/range_002260_440487376_440567376.jsonl,266419,EXCLUDE,gitignored_raw_cache_binary_or_local,data/raw/,
data/raw/morpho_full_window/shards/range_002261_440567376_440647376.jsonl,337552,EXCLUDE,gitignored_raw_cache_binary_or_local,data/raw/,
data/raw/morpho_full_window/shards/range_002262_440647376_440727376.jsonl,482300,EXCLUDE,gitignored_raw_cache_binary_or_local,data/raw/,
data/raw/morpho_full_window/shards/range_002263_440727376_440807376.jsonl,223964,EXCLUDE,gitignored_raw_cache_binary_or_local,data/raw/,
data/raw/morpho_full_window/shards/range_002264_440807376_440887376.jsonl,405790,EXCLUDE,gitignored_raw_cache_binary_or_local,data/raw/,
data/raw/morpho_full_window/shards/range_002265_440887376_440967376.jsonl,270768,EXCLUDE,gitignored_raw_cache_binary_or_local,data/raw/,
data/raw/morpho_full_window/shards/range_002266_440967376_441047376.jsonl,603012,EXCLUDE,gitignored_raw_cache_binary_or_local,data/raw/,
data/raw/morpho_full_window/shards/range_002267_441047376_441127376.jsonl,517274,EXCLUDE,gitignored_raw_cache_binary_or_local,data/raw/,
data/raw/morpho_full_window/shards/range_002268_441127376_441207376.jsonl,368835,EXCLUDE,gitignored_raw_cache_binary_or_local,data/raw/,
data/raw/morpho_full_window/shards/range_002269_441207376_441287376.jsonl,441566,EXCLUDE,gitignored_raw_cache_binary_or_local,data/raw/,
data/raw/morpho_full_window/shards/range_002270_441287376_441367376.jsonl,442622,EXCLUDE,gitignored_raw_cache_binary_or_local,data/raw/,
data/raw/morpho_full_window/shards/range_002271_441367376_441447376.jsonl,461632,EXCLUDE,gitignored_raw_cache_binary_or_local,data/raw/,
data/raw/morpho_full_window/shards/range_002272_441447376_441527376.jsonl,178261,EXCLUDE,gitignored_raw_cache_binary_or_local,data/raw/,
data/raw/morpho_full_window/shards/range_002273_441527376_441607376.jsonl,171419,EXCLUDE,gitignored_raw_cache_binary_or_local,data/raw/,
data/raw/morpho_full_window/shards/range_002274_441607376_441687376.jsonl,215776,EXCLUDE,gitignored_raw_cache_binary_or_local,data/raw/,
data/raw/morpho_full_window/shards/range_002275_441687376_441767376.jsonl,103439,EXCLUDE,gitignored_raw_cache_binary_or_local,data/raw/,
data/raw/morpho_full_window/shards/range_002276_441767376_441847376.jsonl,180590,EXCLUDE,gitignored_raw_cache_binary_or_local,data/raw/,
data/raw/morpho_full_window/shards/range_002277_441847376_441927376.jsonl,141947,EXCLUDE,gitignored_raw_cache_binary_or_local,data/raw/,
data/raw/morpho_full_window/shards/range_002278_441927376_442007376.jsonl,116763,EXCLUDE,gitignored_raw_cache_binary_or_local,data/raw/,
data/raw/morpho_full_window/shards/range_002279_442007376_442087376.jsonl,189818,EXCLUDE,gitignored_raw_cache_binary_or_local,data/raw/,
data/raw/morpho_full_window/shards/range_002280_442087376_442167376.jsonl,221567,EXCLUDE,gitignored_raw_cache_binary_or_local,data/raw/,
data/raw/morpho_full_window/shards/range_002281_442167376_442247376.jsonl,202423,EXCLUDE,gitignored_raw_cache_binary_or_local,data/raw/,
data/raw/morpho_full_window/shards/range_002282_442247376_442327376.jsonl,528951,EXCLUDE,gitignored_raw_cache_binary_or_local,data/raw/,
data/raw/morpho_full_window/shards/range_002283_442327376_442407376.jsonl,585851,EXCLUDE,gitignored_raw_cache_binary_or_local,data/raw/,
data/raw/morpho_full_window/shards/range_002284_442407376_442487376.jsonl,543004,EXCLUDE,gitignored_raw_cache_binary_or_local,data/raw/,
data/raw/morpho_full_window/shards/range_002285_442487376_442567376.jsonl,670776,EXCLUDE,gitignored_raw_cache_binary_or_local,data/raw/,
data/raw/morpho_full_window/shards/range_002286_442567376_442607376.jsonl,510355,EXCLUDE,gitignored_raw_cache_binary_or_local,data/raw/,
data/raw/morpho_full_window/shards/range_002287_442607376_442647376.jsonl,556591,EXCLUDE,gitignored_raw_cache_binary_or_local,data/raw/,
data/raw/morpho_full_window/shards/range_002288_442647376_442687376.jsonl,565843,EXCLUDE,gitignored_raw_cache_binary_or_local,data/raw/,
data/raw/morpho_full_window/shards/range_002289_442687376_442727376.jsonl,311401,EXCLUDE,gitignored_raw_cache_binary_or_local,data/raw/,
data/raw/morpho_full_window/shards/range_002290_442727376_442767376.jsonl,150356,EXCLUDE,gitignored_raw_cache_binary_or_local,data/raw/,
data/raw/morpho_full_window/shards/range_002291_442767376_442807376.jsonl,304701,EXCLUDE,gitignored_raw_cache_binary_or_local,data/raw/,
data/raw/morpho_full_window/shards/range_002292_442807376_442847376.jsonl,280683,EXCLUDE,gitignored_raw_cache_binary_or_local,data/raw/,
data/raw/morpho_full_window/shards/range_002293_442847376_442887376.jsonl,443611,EXCLUDE,gitignored_raw_cache_binary_or_local,data/raw/,
data/raw/morpho_full_window/shards/range_002294_442887376_442927376.jsonl,216441,EXCLUDE,gitignored_raw_cache_binary_or_local,data/raw/,
data/raw/morpho_full_window/shards/range_002295_442927376_442967376.jsonl,205826,EXCLUDE,gitignored_raw_cache_binary_or_local,data/raw/,
data/raw/morpho_full_window/shards/range_002296_442967376_443007376.jsonl,184446,EXCLUDE,gitignored_raw_cache_binary_or_local,data/raw/,
data/raw/morpho_full_window/shards/range_002297_443007376_443047376.jsonl,260453,EXCLUDE,gitignored_raw_cache_binary_or_local,data/raw/,
data/raw/morpho_full_window/shards/range_002298_443047376_443087376.jsonl,521810,EXCLUDE,gitignored_raw_cache_binary_or_local,data/raw/,
data/raw/morpho_full_window/shards/range_002299_443087376_443127376.jsonl,550720,EXCLUDE,gitignored_raw_cache_binary_or_local,data/raw/,
data/raw/morpho_full_window/shards/range_002300_443127376_443167376.jsonl,341410,EXCLUDE,gitignored_raw_cache_binary_or_local,data/raw/,
data/raw/morpho_full_window/shards/range_002301_443167376_443207376.jsonl,217888,EXCLUDE,gitignored_raw_cache_binary_or_local,data/raw/,
data/raw/morpho_full_window/shards/range_002302_443207376_443247376.jsonl,139976,EXCLUDE,gitignored_raw_cache_binary_or_local,data/raw/,
data/raw/morpho_full_window/shards/range_002303_443247376_443287376.jsonl,167458,EXCLUDE,gitignored_raw_cache_binary_or_local,data/raw/,
data/raw/morpho_full_window/shards/range_002304_443287376_443327376.jsonl,159355,EXCLUDE,gitignored_raw_cache_binary_or_local,data/raw/,
data/raw/morpho_full_window/shards/range_002305_443327376_443367376.jsonl,434005,EXCLUDE,gitignored_raw_cache_binary_or_local,data/raw/,
data/raw/morpho_full_window/shards/range_002306_443367376_443407376.jsonl,285469,EXCLUDE,gitignored_raw_cache_binary_or_local,data/raw/,
data/raw/morpho_full_window/shards/range_002307_443407376_443447376.jsonl,279317,EXCLUDE,gitignored_raw_cache_binary_or_local,data/raw/,
data/raw/morpho_full_window/shards/range_002308_443447376_443487376.jsonl,292867,EXCLUDE,gitignored_raw_cache_binary_or_local,data/raw/,
data/raw/morpho_full_window/shards/range_002309_443487376_443527376.jsonl,174979,EXCLUDE,gitignored_raw_cache_binary_or_local,data/raw/,
data/raw/morpho_full_window/shards/range_002310_443527376_443567376.jsonl,124970,EXCLUDE,gitignored_raw_cache_binary_or_local,data/raw/,
data/raw/morpho_full_window/shards/range_002311_443567376_443607376.jsonl,184825,EXCLUDE,gitignored_raw_cache_binary_or_local,data/raw/,
data/raw/morpho_full_window/shards/range_002312_443607376_443647376.jsonl,234662,EXCLUDE,gitignored_raw_cache_binary_or_local,data/raw/,
data/raw/morpho_full_window/shards/range_002313_443647376_443687376.jsonl,248963,EXCLUDE,gitignored_raw_cache_binary_or_local,data/raw/,
data/raw/morpho_full_window/shards/range_002314_443687376_443727376.jsonl,292817,EXCLUDE,gitignored_raw_cache_binary_or_local,data/raw/,
data/raw/morpho_full_window/shards/range_002315_443727376_443767376.jsonl,276366,EXCLUDE,gitignored_raw_cache_binary_or_local,data/raw/,
data/raw/morpho_full_window/shards/range_002316_443767376_443807376.jsonl,244539,EXCLUDE,gitignored_raw_cache_binary_or_local,data/raw/,
data/raw/morpho_full_window/shards/range_002317_443807376_443847376.jsonl,176805,EXCLUDE,gitignored_raw_cache_binary_or_local,data/raw/,
data/raw/morpho_full_window/shards/range_002318_443847376_443887376.jsonl,161862,EXCLUDE,gitignored_raw_cache_binary_or_local,data/raw/,
data/raw/morpho_full_window/shards/range_002319_443887376_443927376.jsonl,88297,EXCLUDE,gitignored_raw_cache_binary_or_local,data/raw/,
data/raw/morpho_full_window/shards/range_002320_443927376_444007376.jsonl,195353,EXCLUDE,gitignored_raw_cache_binary_or_local,data/raw/,
data/raw/morpho_full_window/shards/range_002321_444007376_444087376.jsonl,316214,EXCLUDE,gitignored_raw_cache_binary_or_local,data/raw/,
data/raw/morpho_full_window/shards/range_002322_444087376_444167376.jsonl,288350,EXCLUDE,gitignored_raw_cache_binary_or_local,data/raw/,
data/raw/morpho_full_window/shards/range_002323_444167376_444247376.jsonl,453966,EXCLUDE,gitignored_raw_cache_binary_or_local,data/raw/,
data/raw/morpho_full_window/shards/range_002324_444247376_444327376.jsonl,404271,EXCLUDE,gitignored_raw_cache_binary_or_local,data/raw/,
data/raw/morpho_full_window/shards/range_002325_444327376_444407376.jsonl,957180,EXCLUDE,gitignored_raw_cache_binary_or_local,data/raw/,
data/raw/morpho_full_window/shards/range_002326_444407376_444447376.jsonl,508755,EXCLUDE,gitignored_raw_cache_binary_or_local,data/raw/,
data/raw/morpho_full_window/shards/range_002327_444447376_444487376.jsonl,416608,EXCLUDE,gitignored_raw_cache_binary_or_local,data/raw/,
data/raw/morpho_full_window/shards/range_002328_444487376_444527376.jsonl,339910,EXCLUDE,gitignored_raw_cache_binary_or_local,data/raw/,
data/raw/morpho_full_window/shards/range_002329_444527376_444567376.jsonl,281369,EXCLUDE,gitignored_raw_cache_binary_or_local,data/raw/,
data/raw/morpho_full_window/shards/range_002330_444567376_444607376.jsonl,397083,EXCLUDE,gitignored_raw_cache_binary_or_local,data/raw/,
data/raw/morpho_full_window/shards/range_002331_444607376_444647376.jsonl,302979,EXCLUDE,gitignored_raw_cache_binary_or_local,data/raw/,
data/raw/morpho_full_window/shards/range_002332_444647376_444687376.jsonl,386189,EXCLUDE,gitignored_raw_cache_binary_or_local,data/raw/,
data/raw/morpho_full_window/shards/range_002333_444687376_444727376.jsonl,283848,EXCLUDE,gitignored_raw_cache_binary_or_local,data/raw/,
data/raw/morpho_full_window/shards/range_002334_444727376_444767376.jsonl,447232,EXCLUDE,gitignored_raw_cache_binary_or_local,data/raw/,
data/raw/morpho_full_window/shards/range_002335_444767376_444807376.jsonl,443234,EXCLUDE,gitignored_raw_cache_binary_or_local,data/raw/,
data/raw/morpho_full_window/shards/range_002336_444807376_444847376.jsonl,417509,EXCLUDE,gitignored_raw_cache_binary_or_local,data/raw/,
data/raw/morpho_full_window/shards/range_002337_444847376_444887376.jsonl,399965,EXCLUDE,gitignored_raw_cache_binary_or_local,data/raw/,
data/raw/morpho_full_window/shards/range_002338_444887376_444927376.jsonl,198758,EXCLUDE,gitignored_raw_cache_binary_or_local,data/raw/,
data/raw/morpho_full_window/shards/range_002339_444927376_444967376.jsonl,149614,EXCLUDE,gitignored_raw_cache_binary_or_local,data/raw/,
data/raw/morpho_full_window/shards/range_002340_444967376_445007376.jsonl,240097,EXCLUDE,gitignored_raw_cache_binary_or_local,data/raw/,
data/raw/morpho_full_window/shards/range_002341_445007376_445047376.jsonl,280653,EXCLUDE,gitignored_raw_cache_binary_or_local,data/raw/,
data/raw/morpho_full_window/shards/range_002342_445047376_445087376.jsonl,282535,EXCLUDE,gitignored_raw_cache_binary_or_local,data/raw/,
data/raw/morpho_full_window/shards/range_002343_445087376_445127376.jsonl,341706,EXCLUDE,gitignored_raw_cache_binary_or_local,data/raw/,
data/raw/morpho_full_window/shards/range_002344_445127376_445167376.jsonl,451916,EXCLUDE,gitignored_raw_cache_binary_or_local,data/raw/,
data/raw/morpho_full_window/shards/range_002345_445167376_445207376.jsonl,483794,EXCLUDE,gitignored_raw_cache_binary_or_local,data/raw/,
data/raw/morpho_full_window/shards/range_002346_445207376_445247376.jsonl,325647,EXCLUDE,gitignored_raw_cache_binary_or_local,data/raw/,
data/raw/morpho_full_window/shards/range_002347_445247376_445287376.jsonl,308891,EXCLUDE,gitignored_raw_cache_binary_or_local,data/raw/,
data/raw/morpho_full_window/shards/range_002348_445287376_445327376.jsonl,370110,EXCLUDE,gitignored_raw_cache_binary_or_local,data/raw/,
data/raw/morpho_full_window/shards/range_002349_445327376_445367376.jsonl,448861,EXCLUDE,gitignored_raw_cache_binary_or_local,data/raw/,
data/raw/morpho_full_window/shards/range_002350_445367376_445407376.jsonl,353609,EXCLUDE,gitignored_raw_cache_binary_or_local,data/raw/,
data/raw/morpho_full_window/shards/range_002351_445407376_445447376.jsonl,297657,EXCLUDE,gitignored_raw_cache_binary_or_local,data/raw/,
data/raw/morpho_full_window/shards/range_002352_445447376_445487376.jsonl,358329,EXCLUDE,gitignored_raw_cache_binary_or_local,data/raw/,
data/raw/morpho_full_window/shards/range_002353_445487376_445527376.jsonl,455225,EXCLUDE,gitignored_raw_cache_binary_or_local,data/raw/,
data/raw/morpho_full_window/shards/range_002354_445527376_445567376.jsonl,435616,EXCLUDE,gitignored_raw_cache_binary_or_local,data/raw/,
data/raw/morpho_full_window/shards/range_002355_445567376_445607376.jsonl,213568,EXCLUDE,gitignored_raw_cache_binary_or_local,data/raw/,
data/raw/morpho_full_window/shards/range_002356_445607376_445647376.jsonl,140528,EXCLUDE,gitignored_raw_cache_binary_or_local,data/raw/,
data/raw/morpho_full_window/shards/range_002357_445647376_445687376.jsonl,156057,EXCLUDE,gitignored_raw_cache_binary_or_local,data/raw/,
data/raw/morpho_full_window/shards/range_002358_445687376_445727376.jsonl,425853,EXCLUDE,gitignored_raw_cache_binary_or_local,data/raw/,
data/raw/morpho_full_window/shards/range_002359_445727376_445767376.jsonl,189461,EXCLUDE,gitignored_raw_cache_binary_or_local,data/raw/,
data/raw/morpho_full_window/shards/range_002360_445767376_445807376.jsonl,232396,EXCLUDE,gitignored_raw_cache_binary_or_local,data/raw/,
data/raw/morpho_full_window/shards/range_002361_445807376_445847376.jsonl,376609,EXCLUDE,gitignored_raw_cache_binary_or_local,data/raw/,
data/raw/morpho_full_window/shards/range_002362_445847376_445887376.jsonl,406097,EXCLUDE,gitignored_raw_cache_binary_or_local,data/raw/,
data/raw/morpho_full_window/shards/range_002363_445887376_445927376.jsonl,219992,EXCLUDE,gitignored_raw_cache_binary_or_local,data/raw/,
data/raw/morpho_full_window/shards/range_002364_445927376_445967376.jsonl,192948,EXCLUDE,gitignored_raw_cache_binary_or_local,data/raw/,
data/raw/morpho_full_window/shards/range_002365_445967376_446007376.jsonl,116569,EXCLUDE,gitignored_raw_cache_binary_or_local,data/raw/,
data/raw/morpho_full_window/shards/range_002366_446007376_446047376.jsonl,187957,EXCLUDE,gitignored_raw_cache_binary_or_local,data/raw/,
data/raw/morpho_full_window/shards/range_002367_446047376_446087376.jsonl,158646,EXCLUDE,gitignored_raw_cache_binary_or_local,data/raw/,
data/raw/morpho_full_window/shards/range_002368_446087376_446127376.jsonl,211767,EXCLUDE,gitignored_raw_cache_binary_or_local,data/raw/,
data/raw/morpho_full_window/shards/range_002369_446127376_446167376.jsonl,240860,EXCLUDE,gitignored_raw_cache_binary_or_local,data/raw/,
data/raw/morpho_full_window/shards/range_002370_446167376_446207376.jsonl,312024,EXCLUDE,gitignored_raw_cache_binary_or_local,data/raw/,
data/raw/morpho_full_window/shards/range_002371_446207376_446247376.jsonl,379917,EXCLUDE,gitignored_raw_cache_binary_or_local,data/raw/,
data/raw/morpho_full_window/shards/range_002372_446247376_446287376.jsonl,297330,EXCLUDE,gitignored_raw_cache_binary_or_local,data/raw/,
data/raw/morpho_full_window/shards/range_002373_446287376_446327376.jsonl,265898,EXCLUDE,gitignored_raw_cache_binary_or_local,data/raw/,
data/raw/morpho_full_window/shards/range_002374_446327376_446367376.jsonl,197571,EXCLUDE,gitignored_raw_cache_binary_or_local,data/raw/,
data/raw/morpho_full_window/shards/range_002375_446367376_446407376.jsonl,152933,EXCLUDE,gitignored_raw_cache_binary_or_local,data/raw/,
data/raw/morpho_full_window/shards/range_002376_446407376_446447376.jsonl,133831,EXCLUDE,gitignored_raw_cache_binary_or_local,data/raw/,
data/raw/morpho_full_window/shards/range_002377_446447376_446487376.jsonl,151658,EXCLUDE,gitignored_raw_cache_binary_or_local,data/raw/,
data/raw/morpho_full_window/shards/range_002378_446487376_446527376.jsonl,123977,EXCLUDE,gitignored_raw_cache_binary_or_local,data/raw/,
data/raw/morpho_full_window/shards/range_002379_446527376_446567376.jsonl,171852,EXCLUDE,gitignored_raw_cache_binary_or_local,data/raw/,
data/raw/morpho_full_window/shards/range_002380_446567376_446607376.jsonl,162202,EXCLUDE,gitignored_raw_cache_binary_or_local,data/raw/,
data/raw/morpho_full_window/shards/range_002381_446607376_446647376.jsonl,180688,EXCLUDE,gitignored_raw_cache_binary_or_local,data/raw/,
data/raw/morpho_full_window/shards/range_002382_446647376_446687376.jsonl,238819,EXCLUDE,gitignored_raw_cache_binary_or_local,data/raw/,
data/raw/morpho_full_window/shards/range_002383_446687376_446727376.jsonl,301797,EXCLUDE,gitignored_raw_cache_binary_or_local,data/raw/,
data/raw/morpho_full_window/shards/range_002384_446727376_446767376.jsonl,234795,EXCLUDE,gitignored_raw_cache_binary_or_local,data/raw/,
data/raw/morpho_full_window/shards/range_002385_446767376_446807376.jsonl,185071,EXCLUDE,gitignored_raw_cache_binary_or_local,data/raw/,
data/raw/morpho_full_window/shards/range_002386_446807376_446847376.jsonl,307909,EXCLUDE,gitignored_raw_cache_binary_or_local,data/raw/,
data/raw/morpho_full_window/shards/range_002387_446847376_446887376.jsonl,325640,EXCLUDE,gitignored_raw_cache_binary_or_local,data/raw/,
data/raw/morpho_full_window/shards/range_002388_446887376_446927376.jsonl,390373,EXCLUDE,gitignored_raw_cache_binary_or_local,data/raw/,
data/raw/morpho_full_window/shards/range_002389_446927376_446967376.jsonl,257917,EXCLUDE,gitignored_raw_cache_binary_or_local,data/raw/,
data/raw/morpho_full_window/shards/range_002390_446967376_447007376.jsonl,201840,EXCLUDE,gitignored_raw_cache_binary_or_local,data/raw/,
data/raw/morpho_full_window/shards/range_002391_447007376_447047376.jsonl,184927,EXCLUDE,gitignored_raw_cache_binary_or_local,data/raw/,
data/raw/morpho_full_window/shards/range_002392_447047376_447087376.jsonl,226627,EXCLUDE,gitignored_raw_cache_binary_or_local,data/raw/,
data/raw/morpho_full_window/shards/range_002393_447087376_447127376.jsonl,428103,EXCLUDE,gitignored_raw_cache_binary_or_local,data/raw/,
data/raw/morpho_full_window/shards/range_002394_447127376_447167376.jsonl,323833,EXCLUDE,gitignored_raw_cache_binary_or_local,data/raw/,
data/raw/morpho_full_window/shards/range_002395_447167376_447207376.jsonl,445148,EXCLUDE,gitignored_raw_cache_binary_or_local,data/raw/,
data/raw/morpho_full_window/shards/range_002396_447207376_447247376.jsonl,389623,EXCLUDE,gitignored_raw_cache_binary_or_local,data/raw/,
data/raw/morpho_full_window/shards/range_002397_447247376_447287376.jsonl,199644,EXCLUDE,gitignored_raw_cache_binary_or_local,data/raw/,
data/raw/morpho_full_window/shards/range_002398_447287376_447327376.jsonl,176317,EXCLUDE,gitignored_raw_cache_binary_or_local,data/raw/,
data/raw/morpho_full_window/shards/range_002399_447327376_447367376.jsonl,113836,EXCLUDE,gitignored_raw_cache_binary_or_local,data/raw/,
data/raw/morpho_full_window/shards/range_002400_447367376_447407376.jsonl,144830,EXCLUDE,gitignored_raw_cache_binary_or_local,data/raw/,
data/raw/morpho_full_window/shards/range_002401_447407376_447447376.jsonl,210765,EXCLUDE,gitignored_raw_cache_binary_or_local,data/raw/,
data/raw/morpho_full_window/shards/range_002402_447447376_447487376.jsonl,223912,EXCLUDE,gitignored_raw_cache_binary_or_local,data/raw/,
data/raw/morpho_full_window/shards/range_002403_447487376_447527376.jsonl,255501,EXCLUDE,gitignored_raw_cache_binary_or_local,data/raw/,
data/raw/morpho_full_window/shards/range_002404_447527376_447567376.jsonl,743709,EXCLUDE,gitignored_raw_cache_binary_or_local,data/raw/,
data/raw/morpho_full_window/shards/range_002405_447567376_447587376.jsonl,350967,EXCLUDE,gitignored_raw_cache_binary_or_local,data/raw/,
data/raw/morpho_full_window/shards/range_002406_447587376_447607376.jsonl,347646,EXCLUDE,gitignored_raw_cache_binary_or_local,data/raw/,
data/raw/morpho_full_window/shards/range_002407_447607376_447627376.jsonl,431720,EXCLUDE,gitignored_raw_cache_binary_or_local,data/raw/,
data/raw/morpho_full_window/shards/range_002408_447627376_447647376.jsonl,526830,EXCLUDE,gitignored_raw_cache_binary_or_local,data/raw/,
data/raw/morpho_full_window/shards/range_002409_447647376_447667376.jsonl,336958,EXCLUDE,gitignored_raw_cache_binary_or_local,data/raw/,
data/raw/morpho_full_window/shards/range_002410_447667376_447687376.jsonl,279100,EXCLUDE,gitignored_raw_cache_binary_or_local,data/raw/,
data/raw/morpho_full_window/shards/range_002411_447687376_447707376.jsonl,239213,EXCLUDE,gitignored_raw_cache_binary_or_local,data/raw/,
data/raw/morpho_full_window/shards/range_002412_447707376_447727376.jsonl,239680,EXCLUDE,gitignored_raw_cache_binary_or_local,data/raw/,
data/raw/morpho_full_window/shards/range_002413_447727376_447747376.jsonl,349237,EXCLUDE,gitignored_raw_cache_binary_or_local,data/raw/,
data/raw/morpho_full_window/shards/range_002414_447747376_447767376.jsonl,363003,EXCLUDE,gitignored_raw_cache_binary_or_local,data/raw/,
data/raw/morpho_full_window/shards/range_002415_447767376_447787376.jsonl,268272,EXCLUDE,gitignored_raw_cache_binary_or_local,data/raw/,
data/raw/morpho_full_window/shards/range_002416_447787376_447807376.jsonl,381578,EXCLUDE,gitignored_raw_cache_binary_or_local,data/raw/,
data/raw/morpho_full_window/shards/range_002417_447807376_447827376.jsonl,407479,EXCLUDE,gitignored_raw_cache_binary_or_local,data/raw/,
data/raw/morpho_full_window/shards/range_002418_447827376_447847376.jsonl,335097,EXCLUDE,gitignored_raw_cache_binary_or_local,data/raw/,
data/raw/morpho_full_window/shards/range_002419_447847376_447867376.jsonl,316650,EXCLUDE,gitignored_raw_cache_binary_or_local,data/raw/,
data/raw/morpho_full_window/shards/range_002420_447867376_447887376.jsonl,375655,EXCLUDE,gitignored_raw_cache_binary_or_local,data/raw/,
data/raw/morpho_full_window/shards/range_002421_447887376_447907376.jsonl,228470,EXCLUDE,gitignored_raw_cache_binary_or_local,data/raw/,
data/raw/morpho_full_window/shards/range_002422_447907376_447927376.jsonl,314532,EXCLUDE,gitignored_raw_cache_binary_or_local,data/raw/,
data/raw/morpho_full_window/shards/range_002423_447927376_447947376.jsonl,390944,EXCLUDE,gitignored_raw_cache_binary_or_local,data/raw/,
data/raw/morpho_full_window/shards/range_002424_447947376_447967376.jsonl,326999,EXCLUDE,gitignored_raw_cache_binary_or_local,data/raw/,
data/raw/morpho_full_window/shards/range_002425_447967376_447987376.jsonl,347114,EXCLUDE,gitignored_raw_cache_binary_or_local,data/raw/,
data/raw/morpho_full_window/shards/range_002426_447987376_448007376.jsonl,305975,EXCLUDE,gitignored_raw_cache_binary_or_local,data/raw/,
data/raw/morpho_full_window/shards/range_002427_448007376_448027376.jsonl,279132,EXCLUDE,gitignored_raw_cache_binary_or_local,data/raw/,
data/raw/morpho_full_window/shards/range_002428_448027376_448047376.jsonl,354681,EXCLUDE,gitignored_raw_cache_binary_or_local,data/raw/,
data/raw/morpho_full_window/shards/range_002429_448047376_448067376.jsonl,274870,EXCLUDE,gitignored_raw_cache_binary_or_local,data/raw/,
data/raw/morpho_full_window/shards/range_002430_448067376_448087376.jsonl,148629,EXCLUDE,gitignored_raw_cache_binary_or_local,data/raw/,
data/raw/morpho_full_window/shards/range_002431_448087376_448107376.jsonl,191013,EXCLUDE,gitignored_raw_cache_binary_or_local,data/raw/,
data/raw/morpho_full_window/shards/range_002432_448107376_448127376.jsonl,303440,EXCLUDE,gitignored_raw_cache_binary_or_local,data/raw/,
data/raw/morpho_full_window/shards/range_002433_448127376_448147376.jsonl,312718,EXCLUDE,gitignored_raw_cache_binary_or_local,data/raw/,
data/raw/morpho_full_window/shards/range_002434_448147376_448167376.jsonl,130578,EXCLUDE,gitignored_raw_cache_binary_or_local,data/raw/,
data/raw/morpho_full_window/shards/range_002435_448167376_448187376.jsonl,159067,EXCLUDE,gitignored_raw_cache_binary_or_local,data/raw/,
data/raw/morpho_full_window/shards/range_002436_448187376_448207376.jsonl,182828,EXCLUDE,gitignored_raw_cache_binary_or_local,data/raw/,
data/raw/morpho_full_window/shards/range_002437_448207376_448227376.jsonl,116506,EXCLUDE,gitignored_raw_cache_binary_or_local,data/raw/,
data/raw/morpho_full_window/shards/range_002438_448227376_448247376.jsonl,222056,EXCLUDE,gitignored_raw_cache_binary_or_local,data/raw/,
data/raw/morpho_full_window/shards/range_002439_448247376_448267376.jsonl,331614,EXCLUDE,gitignored_raw_cache_binary_or_local,data/raw/,
data/raw/morpho_full_window/shards/range_002440_448267376_448287376.jsonl,324552,EXCLUDE,gitignored_raw_cache_binary_or_local,data/raw/,
data/raw/morpho_full_window/shards/range_002441_448287376_448307376.jsonl,273493,EXCLUDE,gitignored_raw_cache_binary_or_local,data/raw/,
data/raw/morpho_full_window/shards/range_002442_448307376_448327376.jsonl,227646,EXCLUDE,gitignored_raw_cache_binary_or_local,data/raw/,
data/raw/morpho_full_window/shards/range_002443_448327376_448347376.jsonl,204829,EXCLUDE,gitignored_raw_cache_binary_or_local,data/raw/,
data/raw/morpho_full_window/shards/range_002444_448347376_448367376.jsonl,166929,EXCLUDE,gitignored_raw_cache_binary_or_local,data/raw/,
data/raw/morpho_full_window/shards/range_002445_448367376_448387376.jsonl,186633,EXCLUDE,gitignored_raw_cache_binary_or_local,data/raw/,
data/raw/morpho_full_window/shards/range_002446_448387376_448407376.jsonl,193911,EXCLUDE,gitignored_raw_cache_binary_or_local,data/raw/,
data/raw/morpho_full_window/shards/range_002447_448407376_448427376.jsonl,174229,EXCLUDE,gitignored_raw_cache_binary_or_local,data/raw/,
data/raw/morpho_full_window/shards/range_002448_448427376_448447376.jsonl,228864,EXCLUDE,gitignored_raw_cache_binary_or_local,data/raw/,
data/raw/morpho_full_window/shards/range_002449_448447376_448467376.jsonl,209939,EXCLUDE,gitignored_raw_cache_binary_or_local,data/raw/,
data/raw/morpho_full_window/shards/range_002450_448467376_448487376.jsonl,148227,EXCLUDE,gitignored_raw_cache_binary_or_local,data/raw/,
data/raw/morpho_full_window/shards/range_002451_448487376_448507376.jsonl,183058,EXCLUDE,gitignored_raw_cache_binary_or_local,data/raw/,
data/raw/morpho_full_window/shards/range_002452_448507376_448527376.jsonl,148988,EXCLUDE,gitignored_raw_cache_binary_or_local,data/raw/,
data/raw/morpho_full_window/shards/range_002453_448527376_448547376.jsonl,214749,EXCLUDE,gitignored_raw_cache_binary_or_local,data/raw/,
data/raw/morpho_full_window/shards/range_002454_448547376_448567376.jsonl,220303,EXCLUDE,gitignored_raw_cache_binary_or_local,data/raw/,
data/raw/morpho_full_window/shards/range_002455_448567376_448587376.jsonl,217780,EXCLUDE,gitignored_raw_cache_binary_or_local,data/raw/,
data/raw/morpho_full_window/shards/range_002456_448587376_448607376.jsonl,241397,EXCLUDE,gitignored_raw_cache_binary_or_local,data/raw/,
data/raw/morpho_full_window/shards/range_002457_448607376_448627376.jsonl,241342,EXCLUDE,gitignored_raw_cache_binary_or_local,data/raw/,
data/raw/morpho_full_window/shards/range_002458_448627376_448647376.jsonl,277341,EXCLUDE,gitignored_raw_cache_binary_or_local,data/raw/,
data/raw/morpho_full_window/shards/range_002459_448647376_448667376.jsonl,273852,EXCLUDE,gitignored_raw_cache_binary_or_local,data/raw/,
data/raw/morpho_full_window/shards/range_002460_448667376_448687376.jsonl,234785,EXCLUDE,gitignored_raw_cache_binary_or_local,data/raw/,
data/raw/morpho_full_window/shards/range_002461_448687376_448707376.jsonl,202588,EXCLUDE,gitignored_raw_cache_binary_or_local,data/raw/,
data/raw/morpho_full_window/shards/range_002462_448707376_448727376.jsonl,235629,EXCLUDE,gitignored_raw_cache_binary_or_local,data/raw/,
data/raw/morpho_full_window/shards/range_002463_448727376_448747376.jsonl,244607,EXCLUDE,gitignored_raw_cache_binary_or_local,data/raw/,
data/raw/morpho_full_window/shards/range_002464_448747376_448767376.jsonl,186511,EXCLUDE,gitignored_raw_cache_binary_or_local,data/raw/,
data/raw/morpho_full_window/shards/range_002465_448767376_448787376.jsonl,210737,EXCLUDE,gitignored_raw_cache_binary_or_local,data/raw/,
data/raw/morpho_full_window/shards/range_002466_448787376_448807376.jsonl,212471,EXCLUDE,gitignored_raw_cache_binary_or_local,data/raw/,
data/raw/morpho_full_window/shards/range_002467_448807376_448827376.jsonl,226253,EXCLUDE,gitignored_raw_cache_binary_or_local,data/raw/,
data/raw/morpho_full_window/shards/range_002468_448827376_448847376.jsonl,203241,EXCLUDE,gitignored_raw_cache_binary_or_local,data/raw/,
data/raw/morpho_full_window/shards/range_002469_448847376_448867376.jsonl,170463,EXCLUDE,gitignored_raw_cache_binary_or_local,data/raw/,
data/raw/morpho_full_window/shards/range_002470_448867376_448887376.jsonl,222767,EXCLUDE,gitignored_raw_cache_binary_or_local,data/raw/,
data/raw/morpho_full_window/shards/range_002471_448887376_448907376.jsonl,236154,EXCLUDE,gitignored_raw_cache_binary_or_local,data/raw/,
data/raw/morpho_full_window/shards/range_002472_448907376_448927376.jsonl,234141,EXCLUDE,gitignored_raw_cache_binary_or_local,data/raw/,
data/raw/morpho_full_window/shards/range_002473_448927376_448947376.jsonl,242291,EXCLUDE,gitignored_raw_cache_binary_or_local,data/raw/,
data/raw/morpho_full_window/shards/range_002474_448947376_448967376.jsonl,219590,EXCLUDE,gitignored_raw_cache_binary_or_local,data/raw/,
data/raw/morpho_full_window/shards/range_002475_448967376_448987376.jsonl,209783,EXCLUDE,gitignored_raw_cache_binary_or_local,data/raw/,
data/raw/morpho_full_window/shards/range_002476_448987376_449007376.jsonl,249440,EXCLUDE,gitignored_raw_cache_binary_or_local,data/raw/,
data/raw/morpho_full_window/shards/range_002477_449007376_449027376.jsonl,235634,EXCLUDE,gitignored_raw_cache_binary_or_local,data/raw/,
data/raw/morpho_full_window/shards/range_002478_449027376_449047376.jsonl,259313,EXCLUDE,gitignored_raw_cache_binary_or_local,data/raw/,
data/raw/morpho_full_window/shards/range_002479_449047376_449067376.jsonl,230660,EXCLUDE,gitignored_raw_cache_binary_or_local,data/raw/,
data/raw/morpho_full_window/shards/range_002480_449067376_449087376.jsonl,198614,EXCLUDE,gitignored_raw_cache_binary_or_local,data/raw/,
data/raw/morpho_full_window/shards/range_002481_449087376_449107376.jsonl,198108,EXCLUDE,gitignored_raw_cache_binary_or_local,data/raw/,
data/raw/morpho_full_window/shards/range_002482_449107376_449127376.jsonl,266338,EXCLUDE,gitignored_raw_cache_binary_or_local,data/raw/,
data/raw/morpho_full_window/shards/range_002483_449127376_449147376.jsonl,184413,EXCLUDE,gitignored_raw_cache_binary_or_local,data/raw/,
data/raw/morpho_full_window/shards/range_002484_449147376_449167376.jsonl,208288,EXCLUDE,gitignored_raw_cache_binary_or_local,data/raw/,
data/raw/morpho_full_window/shards/range_002485_449167376_449187376.jsonl,167909,EXCLUDE,gitignored_raw_cache_binary_or_local,data/raw/,
data/raw/morpho_full_window/shards/range_002486_449187376_449207376.jsonl,222010,EXCLUDE,gitignored_raw_cache_binary_or_local,data/raw/,
data/raw/morpho_full_window/shards/range_002487_449207376_449227376.jsonl,196015,EXCLUDE,gitignored_raw_cache_binary_or_local,data/raw/,
data/raw/morpho_full_window/shards/range_002488_449227376_449247376.jsonl,213622,EXCLUDE,gitignored_raw_cache_binary_or_local,data/raw/,
data/raw/morpho_full_window/shards/range_002489_449247376_449267376.jsonl,196830,EXCLUDE,gitignored_raw_cache_binary_or_local,data/raw/,
data/raw/morpho_full_window/shards/range_002490_449267376_449287376.jsonl,186866,EXCLUDE,gitignored_raw_cache_binary_or_local,data/raw/,
data/raw/morpho_full_window/shards/range_002491_449287376_449307376.jsonl,233411,EXCLUDE,gitignored_raw_cache_binary_or_local,data/raw/,
data/raw/morpho_full_window/shards/range_002492_449307376_449327376.jsonl,227811,EXCLUDE,gitignored_raw_cache_binary_or_local,data/raw/,
data/raw/morpho_full_window/shards/range_002493_449327376_449347376.jsonl,237329,EXCLUDE,gitignored_raw_cache_binary_or_local,data/raw/,
data/raw/morpho_full_window/shards/range_002494_449347376_449367376.jsonl,215682,EXCLUDE,gitignored_raw_cache_binary_or_local,data/raw/,
data/raw/morpho_full_window/shards/range_002495_449367376_449387376.jsonl,198647,EXCLUDE,gitignored_raw_cache_binary_or_local,data/raw/,
data/raw/morpho_full_window/shards/range_002496_449387376_449407376.jsonl,208058,EXCLUDE,gitignored_raw_cache_binary_or_local,data/raw/,
data/raw/morpho_full_window/shards/range_002497_449407376_449427376.jsonl,177567,EXCLUDE,gitignored_raw_cache_binary_or_local,data/raw/,
data/raw/morpho_full_window/shards/range_002498_449427376_449447376.jsonl,122919,EXCLUDE,gitignored_raw_cache_binary_or_local,data/raw/,
data/raw/morpho_full_window/shards/range_002499_449447376_449467376.jsonl,182427,EXCLUDE,gitignored_raw_cache_binary_or_local,data/raw/,
data/raw/morpho_full_window/shards/range_002500_449467376_449487376.jsonl,172812,EXCLUDE,gitignored_raw_cache_binary_or_local,data/raw/,
data/raw/morpho_full_window/shards/range_002501_449487376_449507376.jsonl,163965,EXCLUDE,gitignored_raw_cache_binary_or_local,data/raw/,
data/raw/morpho_full_window/shards/range_002502_449507376_449527376.jsonl,137624,EXCLUDE,gitignored_raw_cache_binary_or_local,data/raw/,
data/raw/morpho_full_window/shards/range_002503_449527376_449547376.jsonl,150488,EXCLUDE,gitignored_raw_cache_binary_or_local,data/raw/,
data/raw/morpho_full_window/shards/range_002504_449547376_449567376.jsonl,91340,EXCLUDE,gitignored_raw_cache_binary_or_local,data/raw/,
data/raw/morpho_full_window/shards/range_002505_449567376_449607376.jsonl,345732,EXCLUDE,gitignored_raw_cache_binary_or_local,data/raw/,
data/raw/morpho_full_window/shards/range_002506_449607376_449647376.jsonl,325616,EXCLUDE,gitignored_raw_cache_binary_or_local,data/raw/,
data/raw/morpho_full_window/shards/range_002507_449647376_449687376.jsonl,343418,EXCLUDE,gitignored_raw_cache_binary_or_local,data/raw/,
data/raw/morpho_full_window/shards/range_002508_449687376_449727376.jsonl,411427,EXCLUDE,gitignored_raw_cache_binary_or_local,data/raw/,
data/raw/morpho_full_window/shards/range_002509_449727376_449767376.jsonl,284955,EXCLUDE,gitignored_raw_cache_binary_or_local,data/raw/,
data/raw/morpho_full_window/shards/range_002510_449767376_449807376.jsonl,357151,EXCLUDE,gitignored_raw_cache_binary_or_local,data/raw/,
data/raw/morpho_full_window/shards/range_002511_449807376_449847376.jsonl,263505,EXCLUDE,gitignored_raw_cache_binary_or_local,data/raw/,
data/raw/morpho_full_window/shards/range_002512_449847376_449887376.jsonl,317081,EXCLUDE,gitignored_raw_cache_binary_or_local,data/raw/,
data/raw/morpho_full_window/shards/range_002513_449887376_449927376.jsonl,231985,EXCLUDE,gitignored_raw_cache_binary_or_local,data/raw/,
data/raw/morpho_full_window/shards/range_002514_449927376_449967376.jsonl,308005,EXCLUDE,gitignored_raw_cache_binary_or_local,data/raw/,
data/raw/morpho_full_window/shards/range_002515_449967376_450007376.jsonl,532018,EXCLUDE,gitignored_raw_cache_binary_or_local,data/raw/,
data/raw/morpho_full_window/shards/range_002516_450007376_450047376.jsonl,497287,EXCLUDE,gitignored_raw_cache_binary_or_local,data/raw/,
data/raw/morpho_full_window/shards/range_002517_450047376_450087376.jsonl,309565,EXCLUDE,gitignored_raw_cache_binary_or_local,data/raw/,
data/raw/morpho_full_window/shards/range_002518_450087376_450127376.jsonl,278463,EXCLUDE,gitignored_raw_cache_binary_or_local,data/raw/,
data/raw/morpho_full_window/shards/range_002519_450127376_450167376.jsonl,302816,EXCLUDE,gitignored_raw_cache_binary_or_local,data/raw/,
data/raw/morpho_full_window/shards/range_002520_450167376_450207376.jsonl,188922,EXCLUDE,gitignored_raw_cache_binary_or_local,data/raw/,
data/raw/morpho_full_window/shards/range_002521_450207376_450247376.jsonl,147453,EXCLUDE,gitignored_raw_cache_binary_or_local,data/raw/,
data/raw/morpho_full_window/shards/range_002522_450247376_450287376.jsonl,291917,EXCLUDE,gitignored_raw_cache_binary_or_local,data/raw/,
data/raw/morpho_full_window/shards/range_002523_450287376_450327376.jsonl,252241,EXCLUDE,gitignored_raw_cache_binary_or_local,data/raw/,
data/raw/morpho_full_window/shards/range_002524_450327376_450367376.jsonl,510849,EXCLUDE,gitignored_raw_cache_binary_or_local,data/raw/,
data/raw/morpho_full_window/shards/range_002525_450367376_450407376.jsonl,315767,EXCLUDE,gitignored_raw_cache_binary_or_local,data/raw/,
data/raw/morpho_full_window/shards/range_002526_450407376_450447376.jsonl,255885,EXCLUDE,gitignored_raw_cache_binary_or_local,data/raw/,
data/raw/morpho_full_window/shards/range_002527_450447376_450487376.jsonl,151731,EXCLUDE,gitignored_raw_cache_binary_or_local,data/raw/,
data/raw/morpho_full_window/shards/range_002528_450487376_450527376.jsonl,226024,EXCLUDE,gitignored_raw_cache_binary_or_local,data/raw/,
data/raw/morpho_full_window/shards/range_002529_450527376_450567376.jsonl,169383,EXCLUDE,gitignored_raw_cache_binary_or_local,data/raw/,
data/raw/morpho_full_window/shards/range_002530_450567376_450607376.jsonl,293091,EXCLUDE,gitignored_raw_cache_binary_or_local,data/raw/,
data/raw/morpho_full_window/shards/range_002531_450607376_450647376.jsonl,289123,EXCLUDE,gitignored_raw_cache_binary_or_local,data/raw/,
data/raw/morpho_full_window/shards/range_002532_450647376_450687376.jsonl,332992,EXCLUDE,gitignored_raw_cache_binary_or_local,data/raw/,
data/raw/morpho_full_window/shards/range_002533_450687376_450727376.jsonl,277037,EXCLUDE,gitignored_raw_cache_binary_or_local,data/raw/,
data/raw/morpho_full_window/shards/range_002534_450727376_450767376.jsonl,217789,EXCLUDE,gitignored_raw_cache_binary_or_local,data/raw/,
data/raw/morpho_full_window/shards/range_002535_450767376_450807376.jsonl,115437,EXCLUDE,gitignored_raw_cache_binary_or_local,data/raw/,
data/raw/morpho_full_window/shards/range_002536_450807376_450847376.jsonl,166639,EXCLUDE,gitignored_raw_cache_binary_or_local,data/raw/,
data/raw/morpho_full_window/shards/range_002537_450847376_450887376.jsonl,159320,EXCLUDE,gitignored_raw_cache_binary_or_local,data/raw/,
data/raw/morpho_full_window/shards/range_002538_450887376_450927376.jsonl,169042,EXCLUDE,gitignored_raw_cache_binary_or_local,data/raw/,
data/raw/morpho_full_window/shards/range_002539_450927376_450967376.jsonl,258732,EXCLUDE,gitignored_raw_cache_binary_or_local,data/raw/,
data/raw/morpho_full_window/shards/range_002540_450967376_451007376.jsonl,197127,EXCLUDE,gitignored_raw_cache_binary_or_local,data/raw/,
data/raw/morpho_full_window/shards/range_002541_451007376_451047376.jsonl,256322,EXCLUDE,gitignored_raw_cache_binary_or_local,data/raw/,
data/raw/morpho_full_window/shards/range_002542_451047376_451087376.jsonl,342586,EXCLUDE,gitignored_raw_cache_binary_or_local,data/raw/,
data/raw/morpho_full_window/shards/range_002543_451087376_451127376.jsonl,401208,EXCLUDE,gitignored_raw_cache_binary_or_local,data/raw/,
data/raw/morpho_full_window/shards/range_002544_451127376_451167376.jsonl,97521,EXCLUDE,gitignored_raw_cache_binary_or_local,data/raw/,
data/raw/morpho_full_window/shards/range_002545_451167376_451207376.jsonl,370381,EXCLUDE,gitignored_raw_cache_binary_or_local,data/raw/,
data/raw/morpho_full_window/shards/range_002546_451207376_451247376.jsonl,215549,EXCLUDE,gitignored_raw_cache_binary_or_local,data/raw/,
data/raw/morpho_full_window/shards/range_002547_451247376_451287376.jsonl,255382,EXCLUDE,gitignored_raw_cache_binary_or_local,data/raw/,
data/raw/morpho_full_window/shards/range_002548_451287376_451327376.jsonl,267180,EXCLUDE,gitignored_raw_cache_binary_or_local,data/raw/,
data/raw/morpho_full_window/shards/range_002549_451327376_451367376.jsonl,169820,EXCLUDE,gitignored_raw_cache_binary_or_local,data/raw/,
data/raw/morpho_full_window/shards/range_002550_451367376_451407376.jsonl,82000,EXCLUDE,gitignored_raw_cache_binary_or_local,data/raw/,
data/raw/morpho_full_window/shards/range_002551_451407376_451487376.jsonl,340381,EXCLUDE,gitignored_raw_cache_binary_or_local,data/raw/,
data/raw/morpho_full_window/shards/range_002552_451487376_451567376.jsonl,240580,EXCLUDE,gitignored_raw_cache_binary_or_local,data/raw/,
data/raw/morpho_full_window/shards/range_002553_451567376_451647376.jsonl,254989,EXCLUDE,gitignored_raw_cache_binary_or_local,data/raw/,
data/raw/morpho_full_window/shards/range_002554_451647376_451727376.jsonl,223745,EXCLUDE,gitignored_raw_cache_binary_or_local,data/raw/,
data/raw/morpho_full_window/shards/range_002555_451727376_451807376.jsonl,268540,EXCLUDE,gitignored_raw_cache_binary_or_local,data/raw/,
data/raw/morpho_full_window/shards/range_002556_451807376_451887376.jsonl,135462,EXCLUDE,gitignored_raw_cache_binary_or_local,data/raw/,
data/raw/morpho_full_window/shards/range_002557_451887376_451967376.jsonl,221584,EXCLUDE,gitignored_raw_cache_binary_or_local,data/raw/,
data/raw/morpho_full_window/shards/range_002558_451967376_452047376.jsonl,411462,EXCLUDE,gitignored_raw_cache_binary_or_local,data/raw/,
data/raw/morpho_full_window/shards/range_002559_452047376_452127376.jsonl,540358,EXCLUDE,gitignored_raw_cache_binary_or_local,data/raw/,
data/raw/morpho_full_window/shards/range_002560_452127376_452207376.jsonl,478144,EXCLUDE,gitignored_raw_cache_binary_or_local,data/raw/,
data/raw/morpho_full_window/shards/range_002561_452207376_452287376.jsonl,587341,EXCLUDE,gitignored_raw_cache_binary_or_local,data/raw/,
data/raw/morpho_full_window/shards/range_002562_452287376_452367376.jsonl,523164,EXCLUDE,gitignored_raw_cache_binary_or_local,data/raw/,
data/raw/morpho_full_window/shards/range_002563_452367376_452447376.jsonl,591600,EXCLUDE,gitignored_raw_cache_binary_or_local,data/raw/,
data/raw/morpho_full_window/shards/range_002564_452447376_452527376.jsonl,393688,EXCLUDE,gitignored_raw_cache_binary_or_local,data/raw/,
data/raw/morpho_full_window/shards/range_002565_452527376_452607376.jsonl,395615,EXCLUDE,gitignored_raw_cache_binary_or_local,data/raw/,
data/raw/morpho_full_window/shards/range_002566_452607376_452687376.jsonl,537631,EXCLUDE,gitignored_raw_cache_binary_or_local,data/raw/,
data/raw/morpho_full_window/shards/range_002567_452687376_452767376.jsonl,542714,EXCLUDE,gitignored_raw_cache_binary_or_local,data/raw/,
data/raw/morpho_full_window/shards/range_002568_452767376_452847376.jsonl,584468,EXCLUDE,gitignored_raw_cache_binary_or_local,data/raw/,
data/raw/morpho_full_window/shards/range_002569_452847376_452927376.jsonl,562232,EXCLUDE,gitignored_raw_cache_binary_or_local,data/raw/,
data/raw/morpho_full_window/shards/range_002570_452927376_453007376.jsonl,430964,EXCLUDE,gitignored_raw_cache_binary_or_local,data/raw/,
data/raw/morpho_full_window/shards/range_002571_453007376_453087376.jsonl,380665,EXCLUDE,gitignored_raw_cache_binary_or_local,data/raw/,
data/raw/morpho_full_window/shards/range_002572_453087376_453167376.jsonl,545095,EXCLUDE,gitignored_raw_cache_binary_or_local,data/raw/,
data/raw/morpho_full_window/shards/range_002573_453167376_453247376.jsonl,401418,EXCLUDE,gitignored_raw_cache_binary_or_local,data/raw/,
data/raw/morpho_full_window/shards/range_002574_453247376_453327376.jsonl,403451,EXCLUDE,gitignored_raw_cache_binary_or_local,data/raw/,
data/raw/morpho_full_window/shards/range_002575_453327376_453407376.jsonl,345799,EXCLUDE,gitignored_raw_cache_binary_or_local,data/raw/,
data/raw/morpho_full_window/shards/range_002576_453407376_453487376.jsonl,653850,EXCLUDE,gitignored_raw_cache_binary_or_local,data/raw/,
data/raw/morpho_full_window/shards/range_002577_453487376_453527376.jsonl,281324,EXCLUDE,gitignored_raw_cache_binary_or_local,data/raw/,
data/raw/morpho_full_window/shards/range_002578_453527376_453567376.jsonl,217324,EXCLUDE,gitignored_raw_cache_binary_or_local,data/raw/,
data/raw/morpho_full_window/shards/range_002579_453567376_453607376.jsonl,202026,EXCLUDE,gitignored_raw_cache_binary_or_local,data/raw/,
data/raw/morpho_full_window/shards/range_002580_453607376_453647376.jsonl,223258,EXCLUDE,gitignored_raw_cache_binary_or_local,data/raw/,
data/raw/morpho_full_window/shards/range_002581_453647376_453687376.jsonl,205970,EXCLUDE,gitignored_raw_cache_binary_or_local,data/raw/,
data/raw/morpho_full_window/shards/range_002582_453687376_453727376.jsonl,443331,EXCLUDE,gitignored_raw_cache_binary_or_local,data/raw/,
data/raw/morpho_full_window/shards/range_002583_453727376_453767376.jsonl,273160,EXCLUDE,gitignored_raw_cache_binary_or_local,data/raw/,
data/raw/morpho_full_window/shards/range_002584_453767376_453807376.jsonl,298863,EXCLUDE,gitignored_raw_cache_binary_or_local,data/raw/,
data/raw/morpho_full_window/shards/range_002585_453807376_453847376.jsonl,242788,EXCLUDE,gitignored_raw_cache_binary_or_local,data/raw/,
data/raw/morpho_full_window/shards/range_002586_453847376_453887376.jsonl,268274,EXCLUDE,gitignored_raw_cache_binary_or_local,data/raw/,
data/raw/morpho_full_window/shards/range_002587_453887376_453927376.jsonl,286714,EXCLUDE,gitignored_raw_cache_binary_or_local,data/raw/,
data/raw/morpho_full_window/shards/range_002588_453927376_453967376.jsonl,139186,EXCLUDE,gitignored_raw_cache_binary_or_local,data/raw/,
data/raw/morpho_full_window/shards/range_002589_453967376_454007376.jsonl,128387,EXCLUDE,gitignored_raw_cache_binary_or_local,data/raw/,
data/raw/morpho_full_window/shards/range_002590_454007376_454047376.jsonl,302320,EXCLUDE,gitignored_raw_cache_binary_or_local,data/raw/,
data/raw/morpho_full_window/shards/range_002591_454047376_454087376.jsonl,188874,EXCLUDE,gitignored_raw_cache_binary_or_local,data/raw/,
data/raw/morpho_full_window/shards/range_002592_454087376_454127376.jsonl,173861,EXCLUDE,gitignored_raw_cache_binary_or_local,data/raw/,
data/raw/morpho_full_window/shards/range_002593_454127376_454167376.jsonl,189538,EXCLUDE,gitignored_raw_cache_binary_or_local,data/raw/,
data/raw/morpho_full_window/shards/range_002594_454167376_454207376.jsonl,232745,EXCLUDE,gitignored_raw_cache_binary_or_local,data/raw/,
data/raw/morpho_full_window/shards/range_002595_454207376_454247376.jsonl,163805,EXCLUDE,gitignored_raw_cache_binary_or_local,data/raw/,
data/raw/morpho_full_window/shards/range_002596_454247376_454287376.jsonl,121278,EXCLUDE,gitignored_raw_cache_binary_or_local,data/raw/,
data/raw/morpho_full_window/shards/range_002597_454287376_454327376.jsonl,137830,EXCLUDE,gitignored_raw_cache_binary_or_local,data/raw/,
data/raw/morpho_full_window/shards/range_002598_454327376_454367376.jsonl,128454,EXCLUDE,gitignored_raw_cache_binary_or_local,data/raw/,
data/raw/morpho_full_window/shards/range_002599_454367376_454407376.jsonl,201067,EXCLUDE,gitignored_raw_cache_binary_or_local,data/raw/,
data/raw/morpho_full_window/shards/range_002600_454407376_454447376.jsonl,154859,EXCLUDE,gitignored_raw_cache_binary_or_local,data/raw/,
data/raw/morpho_full_window/shards/range_002601_454447376_454487376.jsonl,185699,EXCLUDE,gitignored_raw_cache_binary_or_local,data/raw/,
data/raw/morpho_full_window/shards/range_002602_454487376_454527376.jsonl,125287,EXCLUDE,gitignored_raw_cache_binary_or_local,data/raw/,
data/raw/morpho_full_window/shards/range_002603_454527376_454567376.jsonl,150080,EXCLUDE,gitignored_raw_cache_binary_or_local,data/raw/,
data/raw/morpho_full_window/shards/range_002604_454567376_454607376.jsonl,139811,EXCLUDE,gitignored_raw_cache_binary_or_local,data/raw/,
data/raw/morpho_full_window/shards/range_002605_454607376_454647376.jsonl,101357,EXCLUDE,gitignored_raw_cache_binary_or_local,data/raw/,
data/raw/morpho_full_window/shards/range_002606_454647376_454687376.jsonl,189878,EXCLUDE,gitignored_raw_cache_binary_or_local,data/raw/,
data/raw/morpho_full_window/shards/range_002607_454687376_454727376.jsonl,221147,EXCLUDE,gitignored_raw_cache_binary_or_local,data/raw/,
data/raw/morpho_full_window/shards/range_002608_454727376_454767376.jsonl,252348,EXCLUDE,gitignored_raw_cache_binary_or_local,data/raw/,
data/raw/morpho_full_window/shards/range_002609_454767376_454807376.jsonl,133537,EXCLUDE,gitignored_raw_cache_binary_or_local,data/raw/,
data/raw/morpho_full_window/shards/range_002610_454807376_454847376.jsonl,271259,EXCLUDE,gitignored_raw_cache_binary_or_local,data/raw/,
data/raw/morpho_full_window/shards/range_002611_454847376_454887376.jsonl,373555,EXCLUDE,gitignored_raw_cache_binary_or_local,data/raw/,
data/raw/morpho_full_window/shards/range_002612_454887376_454927376.jsonl,265773,EXCLUDE,gitignored_raw_cache_binary_or_local,data/raw/,
data/raw/morpho_full_window/shards/range_002613_454927376_454967376.jsonl,287354,EXCLUDE,gitignored_raw_cache_binary_or_local,data/raw/,
data/raw/morpho_full_window/shards/range_002614_454967376_455007376.jsonl,298920,EXCLUDE,gitignored_raw_cache_binary_or_local,data/raw/,
data/raw/morpho_full_window/shards/range_002615_455007376_455047376.jsonl,340691,EXCLUDE,gitignored_raw_cache_binary_or_local,data/raw/,
data/raw/morpho_full_window/shards/range_002616_455047376_455087376.jsonl,325283,EXCLUDE,gitignored_raw_cache_binary_or_local,data/raw/,
data/raw/morpho_full_window/shards/range_002617_455087376_455127376.jsonl,314067,EXCLUDE,gitignored_raw_cache_binary_or_local,data/raw/,
data/raw/morpho_full_window/shards/range_002618_455127376_455167376.jsonl,226845,EXCLUDE,gitignored_raw_cache_binary_or_local,data/raw/,
data/raw/morpho_full_window/shards/range_002619_455167376_455207376.jsonl,363057,EXCLUDE,gitignored_raw_cache_binary_or_local,data/raw/,
data/raw/morpho_full_window/shards/range_002620_455207376_455247376.jsonl,349542,EXCLUDE,gitignored_raw_cache_binary_or_local,data/raw/,
data/raw/morpho_full_window/shards/range_002621_455247376_455287376.jsonl,399086,EXCLUDE,gitignored_raw_cache_binary_or_local,data/raw/,
data/raw/morpho_full_window/shards/range_002622_455287376_455327376.jsonl,350722,EXCLUDE,gitignored_raw_cache_binary_or_local,data/raw/,
data/raw/morpho_full_window/shards/range_002623_455327376_455367376.jsonl,311837,EXCLUDE,gitignored_raw_cache_binary_or_local,data/raw/,
data/raw/morpho_full_window/shards/range_002624_455367376_455407376.jsonl,287521,EXCLUDE,gitignored_raw_cache_binary_or_local,data/raw/,
data/raw/morpho_full_window/shards/range_002625_455407376_455447376.jsonl,355814,EXCLUDE,gitignored_raw_cache_binary_or_local,data/raw/,
data/raw/morpho_full_window/shards/range_002626_455447376_455487376.jsonl,310765,EXCLUDE,gitignored_raw_cache_binary_or_local,data/raw/,
data/raw/morpho_full_window/shards/range_002627_455487376_455527376.jsonl,351428,EXCLUDE,gitignored_raw_cache_binary_or_local,data/raw/,
data/raw/morpho_full_window/shards/range_002628_455527376_455567376.jsonl,163734,EXCLUDE,gitignored_raw_cache_binary_or_local,data/raw/,
data/raw/morpho_full_window/shards/range_002629_455567376_455607376.jsonl,246652,EXCLUDE,gitignored_raw_cache_binary_or_local,data/raw/,
data/raw/morpho_full_window/shards/range_002630_455607376_455647376.jsonl,254218,EXCLUDE,gitignored_raw_cache_binary_or_local,data/raw/,
data/raw/morpho_full_window/shards/range_002631_455647376_455687376.jsonl,369901,EXCLUDE,gitignored_raw_cache_binary_or_local,data/raw/,
data/raw/morpho_full_window/shards/range_002632_455687376_455727376.jsonl,281991,EXCLUDE,gitignored_raw_cache_binary_or_local,data/raw/,
data/raw/morpho_full_window/shards/range_002633_455727376_455767376.jsonl,345328,EXCLUDE,gitignored_raw_cache_binary_or_local,data/raw/,
data/raw/morpho_full_window/shards/range_002634_455767376_455807376.jsonl,374440,EXCLUDE,gitignored_raw_cache_binary_or_local,data/raw/,
data/raw/morpho_full_window/shards/range_002635_455807376_455847376.jsonl,292386,EXCLUDE,gitignored_raw_cache_binary_or_local,data/raw/,
data/raw/morpho_full_window/shards/range_002636_455847376_455887376.jsonl,272093,EXCLUDE,gitignored_raw_cache_binary_or_local,data/raw/,
data/raw/morpho_full_window/shards/range_002637_455887376_455927376.jsonl,328655,EXCLUDE,gitignored_raw_cache_binary_or_local,data/raw/,
data/raw/morpho_full_window/shards/range_002638_455927376_455967376.jsonl,208075,EXCLUDE,gitignored_raw_cache_binary_or_local,data/raw/,
data/raw/morpho_full_window/shards/range_002639_455967376_456007376.jsonl,203474,EXCLUDE,gitignored_raw_cache_binary_or_local,data/raw/,
data/raw/morpho_full_window/shards/range_002640_456007376_456047376.jsonl,77815,EXCLUDE,gitignored_raw_cache_binary_or_local,data/raw/,
data/raw/morpho_full_window/shards/range_002641_456047376_456127376.jsonl,295838,EXCLUDE,gitignored_raw_cache_binary_or_local,data/raw/,
data/raw/morpho_full_window/shards/range_002642_456127376_456207376.jsonl,524401,EXCLUDE,gitignored_raw_cache_binary_or_local,data/raw/,
data/raw/morpho_full_window/shards/range_002643_456207376_456287376.jsonl,471764,EXCLUDE,gitignored_raw_cache_binary_or_local,data/raw/,
data/raw/morpho_full_window/shards/range_002644_456287376_456367376.jsonl,468602,EXCLUDE,gitignored_raw_cache_binary_or_local,data/raw/,
data/raw/morpho_full_window/shards/range_002645_456367376_456447376.jsonl,209233,EXCLUDE,gitignored_raw_cache_binary_or_local,data/raw/,
data/raw/morpho_full_window/shards/range_002646_456447376_456527376.jsonl,430415,EXCLUDE,gitignored_raw_cache_binary_or_local,data/raw/,
data/raw/morpho_full_window/shards/range_002647_456527376_456607376.jsonl,597230,EXCLUDE,gitignored_raw_cache_binary_or_local,data/raw/,
data/raw/morpho_full_window/shards/range_002648_456607376_456687376.jsonl,99063,EXCLUDE,gitignored_raw_cache_binary_or_local,data/raw/,
data/raw/morpho_full_window/shards/range_002649_456687376_456767376.jsonl,142573,EXCLUDE,gitignored_raw_cache_binary_or_local,data/raw/,
data/raw/morpho_full_window/shards/range_002650_456767376_456847376.jsonl,244285,EXCLUDE,gitignored_raw_cache_binary_or_local,data/raw/,
data/raw/morpho_full_window/shards/range_002651_456847376_456927376.jsonl,167764,EXCLUDE,gitignored_raw_cache_binary_or_local,data/raw/,
data/raw/morpho_full_window/shards/range_002652_456927376_457007376.jsonl,101194,EXCLUDE,gitignored_raw_cache_binary_or_local,data/raw/,
data/raw/morpho_full_window/shards/range_002653_457007376_457087376.jsonl,89846,EXCLUDE,gitignored_raw_cache_binary_or_local,data/raw/,
data/raw/morpho_full_window/shards/range_002654_457087376_457167376.jsonl,115273,EXCLUDE,gitignored_raw_cache_binary_or_local,data/raw/,
data/raw/morpho_full_window/shards/range_002655_457167376_457247376.jsonl,286874,EXCLUDE,gitignored_raw_cache_binary_or_local,data/raw/,
data/raw/morpho_full_window/shards/range_002656_457247376_457327376.jsonl,334016,EXCLUDE,gitignored_raw_cache_binary_or_local,data/raw/,
data/raw/morpho_full_window/shards/range_002657_457327376_457407376.jsonl,609710,EXCLUDE,gitignored_raw_cache_binary_or_local,data/raw/,
data/raw/morpho_full_window/shards/range_002658_457407376_457487376.jsonl,401440,EXCLUDE,gitignored_raw_cache_binary_or_local,data/raw/,
data/raw/morpho_full_window/shards/range_002659_457487376_457567376.jsonl,279418,EXCLUDE,gitignored_raw_cache_binary_or_local,data/raw/,
data/raw/morpho_full_window/shards/range_002660_457567376_457647376.jsonl,205246,EXCLUDE,gitignored_raw_cache_binary_or_local,data/raw/,
data/raw/morpho_full_window/shards/range_002661_457647376_457727376.jsonl,254218,EXCLUDE,gitignored_raw_cache_binary_or_local,data/raw/,
data/raw/morpho_full_window/shards/range_002662_457727376_457807376.jsonl,127950,EXCLUDE,gitignored_raw_cache_binary_or_local,data/raw/,
data/raw/morpho_full_window/shards/range_002663_457807376_457887376.jsonl,137377,EXCLUDE,gitignored_raw_cache_binary_or_local,data/raw/,
data/raw/morpho_full_window/shards/range_002664_457887376_457967376.jsonl,121123,EXCLUDE,gitignored_raw_cache_binary_or_local,data/raw/,
data/raw/morpho_full_window/shards/range_002665_457967376_458047376.jsonl,139492,EXCLUDE,gitignored_raw_cache_binary_or_local,data/raw/,
data/raw/morpho_full_window/shards/range_002666_458047376_458127376.jsonl,185533,EXCLUDE,gitignored_raw_cache_binary_or_local,data/raw/,
data/raw/morpho_full_window/shards/range_002667_458127376_458207376.jsonl,158931,EXCLUDE,gitignored_raw_cache_binary_or_local,data/raw/,
data/raw/morpho_full_window/shards/range_002668_458207376_458287376.jsonl,351941,EXCLUDE,gitignored_raw_cache_binary_or_local,data/raw/,
data/raw/morpho_full_window/shards/range_002669_458287376_458367376.jsonl,309396,EXCLUDE,gitignored_raw_cache_binary_or_local,data/raw/,
data/raw/morpho_full_window/shards/range_002670_458367376_458447376.jsonl,219945,EXCLUDE,gitignored_raw_cache_binary_or_local,data/raw/,
data/raw/morpho_full_window/shards/range_002671_458447376_458527376.jsonl,207744,EXCLUDE,gitignored_raw_cache_binary_or_local,data/raw/,
data/raw/morpho_full_window/shards/range_002672_458527376_458607376.jsonl,110510,EXCLUDE,gitignored_raw_cache_binary_or_local,data/raw/,
data/raw/morpho_full_window/shards/range_002673_458607376_458687376.jsonl,188879,EXCLUDE,gitignored_raw_cache_binary_or_local,data/raw/,
data/raw/morpho_full_window/shards/range_002674_458687376_458767376.jsonl,125823,EXCLUDE,gitignored_raw_cache_binary_or_local,data/raw/,
data/raw/morpho_full_window/shards/range_002675_458767376_458847376.jsonl,83508,EXCLUDE,gitignored_raw_cache_binary_or_local,data/raw/,
data/raw/morpho_full_window/shards/range_002676_458847376_458927376.jsonl,164203,EXCLUDE,gitignored_raw_cache_binary_or_local,data/raw/,
data/raw/morpho_full_window/shards/range_002677_458927376_459007376.jsonl,414904,EXCLUDE,gitignored_raw_cache_binary_or_local,data/raw/,
data/raw/morpho_full_window/shards/range_002678_459007376_459087376.jsonl,112364,EXCLUDE,gitignored_raw_cache_binary_or_local,data/raw/,
data/raw/morpho_full_window/shards/range_002679_459087376_459167376.jsonl,132378,EXCLUDE,gitignored_raw_cache_binary_or_local,data/raw/,
data/raw/morpho_full_window/shards/range_002680_459167376_459247376.jsonl,278063,EXCLUDE,gitignored_raw_cache_binary_or_local,data/raw/,
data/raw/morpho_full_window/shards/range_002681_459247376_459327376.jsonl,212208,EXCLUDE,gitignored_raw_cache_binary_or_local,data/raw/,
data/raw/morpho_full_window/shards/range_002682_459327376_459407376.jsonl,437130,EXCLUDE,gitignored_raw_cache_binary_or_local,data/raw/,
data/raw/morpho_full_window/shards/range_002683_459407376_459487376.jsonl,278086,EXCLUDE,gitignored_raw_cache_binary_or_local,data/raw/,
data/raw/morpho_full_window/shards/range_002684_459487376_459567376.jsonl,239720,EXCLUDE,gitignored_raw_cache_binary_or_local,data/raw/,
data/raw/morpho_full_window/shards/range_002685_459567376_459647376.jsonl,271830,EXCLUDE,gitignored_raw_cache_binary_or_local,data/raw/,
data/raw/morpho_full_window/shards/range_002686_459647376_459727376.jsonl,406584,EXCLUDE,gitignored_raw_cache_binary_or_local,data/raw/,
data/raw/morpho_full_window/shards/range_002687_459727376_459807376.jsonl,432334,EXCLUDE,gitignored_raw_cache_binary_or_local,data/raw/,
data/raw/morpho_full_window/shards/range_002688_459807376_459887376.jsonl,477036,EXCLUDE,gitignored_raw_cache_binary_or_local,data/raw/,
data/raw/morpho_full_window/shards/range_002689_459887376_459967376.jsonl,427490,EXCLUDE,gitignored_raw_cache_binary_or_local,data/raw/,
data/raw/morpho_full_window/shards/range_002690_459967376_460047376.jsonl,544254,EXCLUDE,gitignored_raw_cache_binary_or_local,data/raw/,
data/raw/morpho_full_window/shards/range_002691_460047376_460127376.jsonl,233786,EXCLUDE,gitignored_raw_cache_binary_or_local,data/raw/,
data/raw/morpho_full_window/shards/range_002692_460127376_460207376.jsonl,314056,EXCLUDE,gitignored_raw_cache_binary_or_local,data/raw/,
data/raw/morpho_full_window/shards/range_002693_460207376_460287376.jsonl,302757,EXCLUDE,gitignored_raw_cache_binary_or_local,data/raw/,
data/raw/morpho_full_window/shards/range_002694_460287376_460367376.jsonl,482873,EXCLUDE,gitignored_raw_cache_binary_or_local,data/raw/,
data/raw/morpho_full_window/shards/range_002695_460367376_460447376.jsonl,159036,EXCLUDE,gitignored_raw_cache_binary_or_local,data/raw/,
data/raw/morpho_full_window/shards/range_002696_460447376_460527376.jsonl,97026,EXCLUDE,gitignored_raw_cache_binary_or_local,data/raw/,
data/raw/morpho_full_window/shards/range_002697_460527376_460607376.jsonl,256628,EXCLUDE,gitignored_raw_cache_binary_or_local,data/raw/,
data/raw/morpho_full_window/shards/range_002698_460607376_460687376.jsonl,377652,EXCLUDE,gitignored_raw_cache_binary_or_local,data/raw/,
data/raw/morpho_full_window/shards/range_002699_460687376_460767376.jsonl,456419,EXCLUDE,gitignored_raw_cache_binary_or_local,data/raw/,
data/raw/morpho_full_window/shards/range_002700_460767376_460847376.jsonl,361750,EXCLUDE,gitignored_raw_cache_binary_or_local,data/raw/,
data/raw/morpho_full_window/shards/range_002701_460847376_460927376.jsonl,401465,EXCLUDE,gitignored_raw_cache_binary_or_local,data/raw/,
data/raw/morpho_full_window/shards/range_002702_460927376_461007376.jsonl,286805,EXCLUDE,gitignored_raw_cache_binary_or_local,data/raw/,
data/raw/morpho_full_window/shards/range_002703_461007376_461087376.jsonl,439789,EXCLUDE,gitignored_raw_cache_binary_or_local,data/raw/,
data/raw/morpho_full_window/shards/range_002704_461087376_461167376.jsonl,579738,EXCLUDE,gitignored_raw_cache_binary_or_local,data/raw/,
data/raw/morpho_full_window/shards/range_002705_461167376_461247376.jsonl,449771,EXCLUDE,gitignored_raw_cache_binary_or_local,data/raw/,
data/raw/morpho_full_window/shards/range_002706_461247376_461327376.jsonl,244808,EXCLUDE,gitignored_raw_cache_binary_or_local,data/raw/,
data/raw/morpho_full_window/shards/range_002707_461327376_461407376.jsonl,256253,EXCLUDE,gitignored_raw_cache_binary_or_local,data/raw/,
data/raw/morpho_full_window/shards/range_002708_461407376_461487376.jsonl,244242,EXCLUDE,gitignored_raw_cache_binary_or_local,data/raw/,
data/raw/morpho_full_window/shards/range_002709_461487376_461567376.jsonl,268407,EXCLUDE,gitignored_raw_cache_binary_or_local,data/raw/,
data/raw/morpho_full_window/shards/range_002710_461567376_461647376.jsonl,140099,EXCLUDE,gitignored_raw_cache_binary_or_local,data/raw/,
data/raw/morpho_full_window/shards/range_002711_461647376_461727376.jsonl,277471,EXCLUDE,gitignored_raw_cache_binary_or_local,data/raw/,
data/raw/morpho_full_window/shards/range_002712_461727376_461807376.jsonl,314606,EXCLUDE,gitignored_raw_cache_binary_or_local,data/raw/,
data/raw/morpho_full_window/shards/range_002713_461807376_461887376.jsonl,131712,EXCLUDE,gitignored_raw_cache_binary_or_local,data/raw/,
data/raw/morpho_full_window/shards/range_002714_461887376_461967376.jsonl,138220,EXCLUDE,gitignored_raw_cache_binary_or_local,data/raw/,
data/raw/morpho_full_window/shards/range_002715_461967376_462047376.jsonl,189298,EXCLUDE,gitignored_raw_cache_binary_or_local,data/raw/,
data/raw/morpho_full_window/shards/range_002716_462047376_462127376.jsonl,173624,EXCLUDE,gitignored_raw_cache_binary_or_local,data/raw/,
data/raw/morpho_full_window/shards/range_002717_462127376_462207376.jsonl,238993,EXCLUDE,gitignored_raw_cache_binary_or_local,data/raw/,
data/raw/morpho_full_window/shards/range_002718_462207376_462287376.jsonl,282204,EXCLUDE,gitignored_raw_cache_binary_or_local,data/raw/,
data/raw/morpho_full_window/shards/range_002719_462287376_462367376.jsonl,298891,EXCLUDE,gitignored_raw_cache_binary_or_local,data/raw/,
data/raw/morpho_full_window/shards/range_002720_462367376_462447376.jsonl,350358,EXCLUDE,gitignored_raw_cache_binary_or_local,data/raw/,
data/raw/morpho_full_window/shards/range_002721_462447376_462527376.jsonl,295341,EXCLUDE,gitignored_raw_cache_binary_or_local,data/raw/,
data/raw/morpho_full_window/shards/range_002722_462527376_462607376.jsonl,143263,EXCLUDE,gitignored_raw_cache_binary_or_local,data/raw/,
data/raw/morpho_full_window/shards/range_002723_462607376_462687376.jsonl,143012,EXCLUDE,gitignored_raw_cache_binary_or_local,data/raw/,
data/raw/morpho_full_window/shards/range_002724_462687376_462767376.jsonl,220751,EXCLUDE,gitignored_raw_cache_binary_or_local,data/raw/,
data/raw/morpho_full_window/shards/range_002725_462767376_462847376.jsonl,232333,EXCLUDE,gitignored_raw_cache_binary_or_local,data/raw/,
data/raw/morpho_full_window/shards/range_002726_462847376_462927376.jsonl,219924,EXCLUDE,gitignored_raw_cache_binary_or_local,data/raw/,
data/raw/morpho_full_window/shards/range_002727_462927376_463007376.jsonl,183489,EXCLUDE,gitignored_raw_cache_binary_or_local,data/raw/,
data/raw/morpho_full_window/shards/range_002728_463007376_463087376.jsonl,104991,EXCLUDE,gitignored_raw_cache_binary_or_local,data/raw/,
data/raw/morpho_full_window/shards/range_002729_463087376_463167376.jsonl,193247,EXCLUDE,gitignored_raw_cache_binary_or_local,data/raw/,
data/raw/morpho_full_window/shards/range_002730_463167376_463247376.jsonl,225404,EXCLUDE,gitignored_raw_cache_binary_or_local,data/raw/,
data/raw/morpho_full_window/shards/range_002731_463247376_463327376.jsonl,208756,EXCLUDE,gitignored_raw_cache_binary_or_local,data/raw/,
data/raw/morpho_full_window/shards/range_002732_463327376_463407376.jsonl,239610,EXCLUDE,gitignored_raw_cache_binary_or_local,data/raw/,
data/raw/morpho_full_window/shards/range_002733_463407376_463487376.jsonl,223040,EXCLUDE,gitignored_raw_cache_binary_or_local,data/raw/,
data/raw/morpho_full_window/shards/range_002734_463487376_463567376.jsonl,257719,EXCLUDE,gitignored_raw_cache_binary_or_local,data/raw/,
data/raw/morpho_full_window/shards/range_002735_463567376_463647376.jsonl,186463,EXCLUDE,gitignored_raw_cache_binary_or_local,data/raw/,
data/raw/morpho_full_window/shards/range_002736_463647376_463727376.jsonl,240685,EXCLUDE,gitignored_raw_cache_binary_or_local,data/raw/,
data/raw/morpho_full_window/shards/range_002737_463727376_463807376.jsonl,129087,EXCLUDE,gitignored_raw_cache_binary_or_local,data/raw/,
data/raw/morpho_full_window/shards/range_002738_463807376_463887376.jsonl,237920,EXCLUDE,gitignored_raw_cache_binary_or_local,data/raw/,
data/raw/morpho_full_window/shards/range_002739_463887376_463967376.jsonl,289991,EXCLUDE,gitignored_raw_cache_binary_or_local,data/raw/,
data/raw/morpho_full_window/shards/range_002740_463967376_464047376.jsonl,84240,EXCLUDE,gitignored_raw_cache_binary_or_local,data/raw/,
data/raw/morpho_full_window/shards/range_002741_464047376_464127376.jsonl,186175,EXCLUDE,gitignored_raw_cache_binary_or_local,data/raw/,
data/raw/morpho_full_window/shards/range_002742_464127376_464207376.jsonl,230957,EXCLUDE,gitignored_raw_cache_binary_or_local,data/raw/,
data/raw/morpho_full_window/shards/range_002743_464207376_464287376.jsonl,328034,EXCLUDE,gitignored_raw_cache_binary_or_local,data/raw/,
data/raw/morpho_full_window/shards/range_002744_464287376_464367376.jsonl,163944,EXCLUDE,gitignored_raw_cache_binary_or_local,data/raw/,
data/raw/morpho_full_window/shards/range_002745_464367376_464447376.jsonl,244824,EXCLUDE,gitignored_raw_cache_binary_or_local,data/raw/,
data/raw/morpho_full_window/shards/range_002746_464447376_464527376.jsonl,172120,EXCLUDE,gitignored_raw_cache_binary_or_local,data/raw/,
data/raw/morpho_full_window/shards/range_002747_464527376_464607376.jsonl,88597,EXCLUDE,gitignored_raw_cache_binary_or_local,data/raw/,
data/raw/morpho_full_window/shards/range_002748_464607376_464687376.jsonl,64060,EXCLUDE,gitignored_raw_cache_binary_or_local,data/raw/,
data/raw/morpho_full_window/shards/range_002749_464687376_464767376.jsonl,103824,EXCLUDE,gitignored_raw_cache_binary_or_local,data/raw/,
data/raw/morpho_full_window/shards/range_002750_464767376_464847376.jsonl,278631,EXCLUDE,gitignored_raw_cache_binary_or_local,data/raw/,
data/raw/morpho_full_window/shards/range_002751_464847376_464927376.jsonl,519114,EXCLUDE,gitignored_raw_cache_binary_or_local,data/raw/,
data/raw/morpho_full_window/shards/range_002752_464927376_465007376.jsonl,414566,EXCLUDE,gitignored_raw_cache_binary_or_local,data/raw/,
data/raw/morpho_full_window/shards/range_002753_465007376_465087376.jsonl,382777,EXCLUDE,gitignored_raw_cache_binary_or_local,data/raw/,
data/raw/morpho_full_window/shards/range_002754_465087376_465167376.jsonl,401197,EXCLUDE,gitignored_raw_cache_binary_or_local,data/raw/,
data/raw/morpho_full_window/shards/range_002755_465167376_465247376.jsonl,454465,EXCLUDE,gitignored_raw_cache_binary_or_local,data/raw/,
data/raw/morpho_full_window/shards/range_002756_465247376_465327376.jsonl,175132,EXCLUDE,gitignored_raw_cache_binary_or_local,data/raw/,
data/raw/morpho_full_window/shards/range_002757_465327376_465407376.jsonl,225929,EXCLUDE,gitignored_raw_cache_binary_or_local,data/raw/,
data/raw/morpho_full_window/shards/range_002758_465407376_465487376.jsonl,259001,EXCLUDE,gitignored_raw_cache_binary_or_local,data/raw/,
data/raw/morpho_full_window/shards/range_002759_465487376_465567376.jsonl,156254,EXCLUDE,gitignored_raw_cache_binary_or_local,data/raw/,
data/raw/morpho_full_window/shards/range_002760_465567376_465647376.jsonl,363938,EXCLUDE,gitignored_raw_cache_binary_or_local,data/raw/,
data/raw/morpho_full_window/shards/range_002761_465647376_465727376.jsonl,405571,EXCLUDE,gitignored_raw_cache_binary_or_local,data/raw/,
data/raw/morpho_full_window/shards/range_002762_465727376_465807376.jsonl,267566,EXCLUDE,gitignored_raw_cache_binary_or_local,data/raw/,
data/raw/morpho_full_window/shards/range_002763_465807376_465887376.jsonl,224368,EXCLUDE,gitignored_raw_cache_binary_or_local,data/raw/,
data/raw/morpho_full_window/shards/range_002764_465887376_465967376.jsonl,350021,EXCLUDE,gitignored_raw_cache_binary_or_local,data/raw/,
data/raw/morpho_full_window/shards/range_002765_465967376_466047376.jsonl,254347,EXCLUDE,gitignored_raw_cache_binary_or_local,data/raw/,
data/raw/morpho_full_window/shards/range_002766_466047376_466127376.jsonl,65223,EXCLUDE,gitignored_raw_cache_binary_or_local,data/raw/,
data/raw/morpho_full_window/shards/range_002767_466127376_466207376.jsonl,96562,EXCLUDE,gitignored_raw_cache_binary_or_local,data/raw/,
data/raw/morpho_full_window/shards/range_002768_466207376_466287376.jsonl,73581,EXCLUDE,gitignored_raw_cache_binary_or_local,data/raw/,
data/raw/morpho_full_window/shards/range_002769_466287376_466367376.jsonl,196523,EXCLUDE,gitignored_raw_cache_binary_or_local,data/raw/,
data/raw/morpho_full_window/shards/range_002770_466367376_466447376.jsonl,165208,EXCLUDE,gitignored_raw_cache_binary_or_local,data/raw/,
data/raw/morpho_full_window/shards/range_002771_466447376_466527376.jsonl,366572,EXCLUDE,gitignored_raw_cache_binary_or_local,data/raw/,
data/raw/morpho_full_window/shards/range_002772_466527376_466607376.jsonl,308354,EXCLUDE,gitignored_raw_cache_binary_or_local,data/raw/,
data/raw/morpho_full_window/shards/range_002773_466607376_466687376.jsonl,233423,EXCLUDE,gitignored_raw_cache_binary_or_local,data/raw/,
data/raw/morpho_full_window/shards/range_002774_466687376_466767376.jsonl,290962,EXCLUDE,gitignored_raw_cache_binary_or_local,data/raw/,
data/raw/morpho_full_window/shards/range_002775_466767376_466847376.jsonl,233558,EXCLUDE,gitignored_raw_cache_binary_or_local,data/raw/,
data/raw/morpho_full_window/shards/range_002776_466847376_466927376.jsonl,281221,EXCLUDE,gitignored_raw_cache_binary_or_local,data/raw/,
data/raw/morpho_full_window/shards/range_002777_466927376_467007376.jsonl,201570,EXCLUDE,gitignored_raw_cache_binary_or_local,data/raw/,
data/raw/morpho_full_window/shards/range_002778_467007376_467087376.jsonl,75713,EXCLUDE,gitignored_raw_cache_binary_or_local,data/raw/,
data/raw/morpho_full_window/shards/range_002779_467087376_467167376.jsonl,243260,EXCLUDE,gitignored_raw_cache_binary_or_local,data/raw/,
data/raw/morpho_full_window/shards/range_002780_467167376_467247376.jsonl,353120,EXCLUDE,gitignored_raw_cache_binary_or_local,data/raw/,
data/raw/morpho_full_window/shards/range_002781_467247376_467327376.jsonl,91622,EXCLUDE,gitignored_raw_cache_binary_or_local,data/raw/,
data/raw/morpho_full_window/shards/range_002782_467327376_467407376.jsonl,117456,EXCLUDE,gitignored_raw_cache_binary_or_local,data/raw/,
data/raw/morpho_full_window/shards/range_002783_467407376_467487376.jsonl,178351,EXCLUDE,gitignored_raw_cache_binary_or_local,data/raw/,
data/raw/morpho_full_window/shards/range_002784_467487376_467567376.jsonl,90448,EXCLUDE,gitignored_raw_cache_binary_or_local,data/raw/,
data/raw/morpho_full_window/shards/range_002785_467567376_467647376.jsonl,132497,EXCLUDE,gitignored_raw_cache_binary_or_local,data/raw/,
data/raw/morpho_full_window/shards/range_002786_467647376_467727376.jsonl,75549,EXCLUDE,gitignored_raw_cache_binary_or_local,data/raw/,
data/raw/morpho_full_window/shards/range_002787_467727376_467807376.jsonl,30091,EXCLUDE,gitignored_raw_cache_binary_or_local,data/raw/,
data/raw/morpho_full_window/shards/range_002788_467807376_467887376.jsonl,68659,EXCLUDE,gitignored_raw_cache_binary_or_local,data/raw/,
data/raw/morpho_full_window/shards/range_002789_467887376_467967376.jsonl,48720,EXCLUDE,gitignored_raw_cache_binary_or_local,data/raw/,
data/raw/morpho_full_window/shards/range_002790_467967376_468047376.jsonl,32507,EXCLUDE,gitignored_raw_cache_binary_or_local,data/raw/,
data/raw/morpho_full_window/shards/range_002791_468047376_468127376.jsonl,88792,EXCLUDE,gitignored_raw_cache_binary_or_local,data/raw/,
data/raw/morpho_full_window/shards/range_002792_468127376_468207376.jsonl,19535,EXCLUDE,gitignored_raw_cache_binary_or_local,data/raw/,
data/raw/morpho_full_window/shards/range_002793_468207376_468287376.jsonl,33476,EXCLUDE,gitignored_raw_cache_binary_or_local,data/raw/,
data/raw/morpho_full_window/shards/range_002794_468287376_468367376.jsonl,15277,EXCLUDE,gitignored_raw_cache_binary_or_local,data/raw/,
data/raw/morpho_full_window/shards/range_002795_468367376_468447376.jsonl,34486,EXCLUDE,gitignored_raw_cache_binary_or_local,data/raw/,
data/raw/morpho_full_window/shards/range_002796_468447376_468527376.jsonl,32549,EXCLUDE,gitignored_raw_cache_binary_or_local,data/raw/,
data/raw/morpho_full_window/shards/range_002797_468527376_468607376.jsonl,17258,EXCLUDE,gitignored_raw_cache_binary_or_local,data/raw/,
data/raw/morpho_full_window/shards/range_002798_468607376_468687376.jsonl,39695,EXCLUDE,gitignored_raw_cache_binary_or_local,data/raw/,
data/raw/morpho_full_window/shards/range_002799_468687376_468767376.jsonl,35523,EXCLUDE,gitignored_raw_cache_binary_or_local,data/raw/,
data/raw/morpho_full_window/shards/range_002800_468767376_468847376.jsonl,79424,EXCLUDE,gitignored_raw_cache_binary_or_local,data/raw/,
data/raw/morpho_full_window/shards/range_002801_468847376_468927376.jsonl,70059,EXCLUDE,gitignored_raw_cache_binary_or_local,data/raw/,
data/raw/morpho_full_window/shards/range_002802_468927376_469007376.jsonl,80111,EXCLUDE,gitignored_raw_cache_binary_or_local,data/raw/,
data/raw/morpho_full_window/shards/range_002803_469007376_469087376.jsonl,42212,EXCLUDE,gitignored_raw_cache_binary_or_local,data/raw/,
data/raw/morpho_full_window/shards/range_002804_469087376_469167376.jsonl,44093,EXCLUDE,gitignored_raw_cache_binary_or_local,data/raw/,
data/raw/morpho_full_window/shards/range_002805_469167376_469247376.jsonl,72157,EXCLUDE,gitignored_raw_cache_binary_or_local,data/raw/,
data/raw/morpho_full_window/shards/range_002806_469247376_469327376.jsonl,555465,EXCLUDE,gitignored_raw_cache_binary_or_local,data/raw/,
data/raw/morpho_full_window/shards/range_002807_469327376_469407376.jsonl,198761,EXCLUDE,gitignored_raw_cache_binary_or_local,data/raw/,
data/raw/morpho_full_window/shards/range_002808_469407376_469487376.jsonl,135040,EXCLUDE,gitignored_raw_cache_binary_or_local,data/raw/,
data/raw/morpho_full_window/shards/range_002809_469487376_469567376.jsonl,427599,EXCLUDE,gitignored_raw_cache_binary_or_local,data/raw/,
data/raw/morpho_full_window/shards/range_002810_469567376_469647376.jsonl,327518,EXCLUDE,gitignored_raw_cache_binary_or_local,data/raw/,
data/raw/morpho_full_window/shards/range_002811_469647376_469727376.jsonl,588530,EXCLUDE,gitignored_raw_cache_binary_or_local,data/raw/,
data/raw/morpho_full_window/shards/range_002812_469727376_469807376.jsonl,847503,EXCLUDE,gitignored_raw_cache_binary_or_local,data/raw/,
data/raw/morpho_full_window/shards/range_002813_469807376_469847376.jsonl,406940,EXCLUDE,gitignored_raw_cache_binary_or_local,data/raw/,
data/raw/morpho_full_window/shards/range_002814_469847376_469887376.jsonl,596737,EXCLUDE,gitignored_raw_cache_binary_or_local,data/raw/,
data/raw/morpho_full_window/shards/range_002815_469887376_469927376.jsonl,187722,EXCLUDE,gitignored_raw_cache_binary_or_local,data/raw/,
data/raw/morpho_full_window/shards/range_002816_469927376_469967376.jsonl,158532,EXCLUDE,gitignored_raw_cache_binary_or_local,data/raw/,
data/raw/morpho_full_window/shards/range_002817_469967376_470007376.jsonl,157077,EXCLUDE,gitignored_raw_cache_binary_or_local,data/raw/,
data/raw/morpho_full_window/shards/range_002818_470007376_470047376.jsonl,130948,EXCLUDE,gitignored_raw_cache_binary_or_local,data/raw/,
data/raw/morpho_full_window/shards/range_002819_470047376_470087376.jsonl,88834,EXCLUDE,gitignored_raw_cache_binary_or_local,data/raw/,
data/raw/morpho_full_window/shards/range_002820_470087376_470167376.jsonl,393480,EXCLUDE,gitignored_raw_cache_binary_or_local,data/raw/,
data/raw/morpho_full_window/shards/range_002821_470167376_470247376.jsonl,295764,EXCLUDE,gitignored_raw_cache_binary_or_local,data/raw/,
data/raw/morpho_full_window/shards/range_002822_470247376_470327376.jsonl,165207,EXCLUDE,gitignored_raw_cache_binary_or_local,data/raw/,
data/raw/morpho_full_window/shards/range_002823_470327376_470407376.jsonl,233067,EXCLUDE,gitignored_raw_cache_binary_or_local,data/raw/,
data/raw/morpho_full_window/shards/range_002824_470407376_470487376.jsonl,143961,EXCLUDE,gitignored_raw_cache_binary_or_local,data/raw/,
data/raw/morpho_full_window/shards/range_002825_470487376_470567376.jsonl,375969,EXCLUDE,gitignored_raw_cache_binary_or_local,data/raw/,
data/raw/morpho_full_window/shards/range_002826_470567376_470647376.jsonl,385690,EXCLUDE,gitignored_raw_cache_binary_or_local,data/raw/,
data/raw/morpho_full_window/shards/range_002827_470647376_470727376.jsonl,397021,EXCLUDE,gitignored_raw_cache_binary_or_local,data/raw/,
data/raw/morpho_full_window/shards/range_002828_470727376_470807376.jsonl,248596,EXCLUDE,gitignored_raw_cache_binary_or_local,data/raw/,
data/raw/morpho_full_window/shards/range_002829_470807376_470887376.jsonl,140528,EXCLUDE,gitignored_raw_cache_binary_or_local,data/raw/,
data/raw/morpho_full_window/shards/range_002830_470887376_470967376.jsonl,168144,EXCLUDE,gitignored_raw_cache_binary_or_local,data/raw/,
data/raw/morpho_full_window/shards/range_002831_470967376_471047376.jsonl,343141,EXCLUDE,gitignored_raw_cache_binary_or_local,data/raw/,
data/raw/morpho_full_window/shards/range_002832_471047376_471127376.jsonl,385694,EXCLUDE,gitignored_raw_cache_binary_or_local,data/raw/,
data/raw/morpho_full_window/shards/range_002833_471127376_471207376.jsonl,397714,EXCLUDE,gitignored_raw_cache_binary_or_local,data/raw/,
data/raw/morpho_full_window/shards/range_002834_471207376_471287376.jsonl,609279,EXCLUDE,gitignored_raw_cache_binary_or_local,data/raw/,
data/raw/morpho_full_window/shards/range_002835_471287376_471367376.jsonl,344111,EXCLUDE,gitignored_raw_cache_binary_or_local,data/raw/,
data/raw/morpho_full_window/shards/range_002836_471367376_471447376.jsonl,288680,EXCLUDE,gitignored_raw_cache_binary_or_local,data/raw/,
data/raw/morpho_full_window/shards/range_002837_471447376_471527376.jsonl,410552,EXCLUDE,gitignored_raw_cache_binary_or_local,data/raw/,
data/raw/morpho_full_window/shards/range_002838_471527376_471607376.jsonl,245490,EXCLUDE,gitignored_raw_cache_binary_or_local,data/raw/,
data/raw/morpho_full_window/shards/range_002839_471607376_471687376.jsonl,336334,EXCLUDE,gitignored_raw_cache_binary_or_local,data/raw/,
data/raw/morpho_full_window/shards/range_002840_471687376_471767376.jsonl,596435,EXCLUDE,gitignored_raw_cache_binary_or_local,data/raw/,
data/raw/morpho_full_window/shards/range_002841_471767376_471847376.jsonl,386055,EXCLUDE,gitignored_raw_cache_binary_or_local,data/raw/,
data/raw/morpho_full_window/shards/range_002842_471847376_471927376.jsonl,189051,EXCLUDE,gitignored_raw_cache_binary_or_local,data/raw/,
data/raw/morpho_full_window/shards/range_002843_471927376_472007376.jsonl,232704,EXCLUDE,gitignored_raw_cache_binary_or_local,data/raw/,
data/raw/morpho_full_window/shards/range_002844_472007376_472087376.jsonl,399576,EXCLUDE,gitignored_raw_cache_binary_or_local,data/raw/,
data/raw/morpho_full_window/shards/range_002845_472087376_472167376.jsonl,344501,EXCLUDE,gitignored_raw_cache_binary_or_local,data/raw/,
data/raw/morpho_full_window/shards/range_002846_472167376_472247376.jsonl,343179,EXCLUDE,gitignored_raw_cache_binary_or_local,data/raw/,
data/raw/morpho_full_window/shards/range_002847_472247376_472327376.jsonl,349867,EXCLUDE,gitignored_raw_cache_binary_or_local,data/raw/,
data/raw/morpho_full_window/shards/range_002848_472327376_472407376.jsonl,351239,EXCLUDE,gitignored_raw_cache_binary_or_local,data/raw/,
data/raw/morpho_full_window/shards/range_002849_472407376_472487376.jsonl,396786,EXCLUDE,gitignored_raw_cache_binary_or_local,data/raw/,
data/raw/morpho_full_window/shards/range_002850_472487376_472567376.jsonl,484394,EXCLUDE,gitignored_raw_cache_binary_or_local,data/raw/,
data/raw/morpho_full_window/shards/range_002851_472567376_472647376.jsonl,591250,EXCLUDE,gitignored_raw_cache_binary_or_local,data/raw/,
data/raw/morpho_full_window/shards/range_002852_472647376_472727376.jsonl,431614,EXCLUDE,gitignored_raw_cache_binary_or_local,data/raw/,
data/raw/morpho_full_window/shards/range_002853_472727376_472807376.jsonl,411924,EXCLUDE,gitignored_raw_cache_binary_or_local,data/raw/,
data/raw/morpho_full_window/shards/range_002854_472807376_472887376.jsonl,473782,EXCLUDE,gitignored_raw_cache_binary_or_local,data/raw/,
data/raw/morpho_full_window/shards/range_002855_472887376_472967376.jsonl,346008,EXCLUDE,gitignored_raw_cache_binary_or_local,data/raw/,
data/raw/morpho_full_window/shards/range_002856_472967376_473047376.jsonl,301846,EXCLUDE,gitignored_raw_cache_binary_or_local,data/raw/,
data/raw/morpho_full_window/shards/range_002857_473047376_473127376.jsonl,470939,EXCLUDE,gitignored_raw_cache_binary_or_local,data/raw/,
data/raw/morpho_full_window/shards/range_002858_473127376_473207376.jsonl,163053,EXCLUDE,gitignored_raw_cache_binary_or_local,data/raw/,
data/raw/morpho_full_window/shards/range_002859_473207376_473287376.jsonl,431111,EXCLUDE,gitignored_raw_cache_binary_or_local,data/raw/,
data/raw/morpho_full_window/shards/range_002860_473287376_473367376.jsonl,295485,EXCLUDE,gitignored_raw_cache_binary_or_local,data/raw/,
data/raw/morpho_full_window/shards/range_002861_473367376_473447376.jsonl,339380,EXCLUDE,gitignored_raw_cache_binary_or_local,data/raw/,
data/raw/morpho_full_window/shards/range_002862_473447376_473527376.jsonl,361859,EXCLUDE,gitignored_raw_cache_binary_or_local,data/raw/,
data/raw/morpho_full_window/shards/range_002863_473527376_473607376.jsonl,227564,EXCLUDE,gitignored_raw_cache_binary_or_local,data/raw/,
data/raw/morpho_full_window/shards/range_002864_473607376_473687376.jsonl,124849,EXCLUDE,gitignored_raw_cache_binary_or_local,data/raw/,
data/raw/morpho_full_window/shards/range_002865_473687376_473767376.jsonl,408937,EXCLUDE,gitignored_raw_cache_binary_or_local,data/raw/,
data/raw/morpho_full_window/shards/range_002866_473767376_473847376.jsonl,375671,EXCLUDE,gitignored_raw_cache_binary_or_local,data/raw/,
data/raw/morpho_full_window/shards/range_002867_473847376_473927376.jsonl,718411,EXCLUDE,gitignored_raw_cache_binary_or_local,data/raw/,
data/raw/morpho_full_window/shards/range_002868_473927376_473967376.jsonl,352543,EXCLUDE,gitignored_raw_cache_binary_or_local,data/raw/,
data/raw/morpho_full_window/shards/range_002869_473967376_474007376.jsonl,165661,EXCLUDE,gitignored_raw_cache_binary_or_local,data/raw/,
data/raw/morpho_full_window/shards/range_002870_474007376_474047376.jsonl,315410,EXCLUDE,gitignored_raw_cache_binary_or_local,data/raw/,
data/raw/morpho_full_window/shards/range_002871_474047376_474087376.jsonl,279188,EXCLUDE,gitignored_raw_cache_binary_or_local,data/raw/,
data/raw/morpho_full_window/shards/range_002872_474087376_474127376.jsonl,302668,EXCLUDE,gitignored_raw_cache_binary_or_local,data/raw/,
data/raw/morpho_full_window/shards/range_002873_474127376_474167376.jsonl,364750,EXCLUDE,gitignored_raw_cache_binary_or_local,data/raw/,
data/raw/morpho_full_window/shards/range_002874_474167376_474207376.jsonl,249513,EXCLUDE,gitignored_raw_cache_binary_or_local,data/raw/,
data/raw/morpho_full_window/shards/range_002875_474207376_474247376.jsonl,187121,EXCLUDE,gitignored_raw_cache_binary_or_local,data/raw/,
data/raw/morpho_full_window/shards/range_002876_474247376_474287376.jsonl,249518,EXCLUDE,gitignored_raw_cache_binary_or_local,data/raw/,
data/raw/morpho_full_window/shards/range_002877_474287376_474327376.jsonl,310673,EXCLUDE,gitignored_raw_cache_binary_or_local,data/raw/,
data/raw/morpho_full_window/shards/range_002878_474327376_474367376.jsonl,274944,EXCLUDE,gitignored_raw_cache_binary_or_local,data/raw/,
data/raw/morpho_full_window/shards/range_002879_474367376_474407376.jsonl,295247,EXCLUDE,gitignored_raw_cache_binary_or_local,data/raw/,
data/raw/morpho_full_window/shards/range_002880_474407376_474447376.jsonl,295683,EXCLUDE,gitignored_raw_cache_binary_or_local,data/raw/,
data/raw/morpho_full_window/shards/range_002881_474447376_474487376.jsonl,220597,EXCLUDE,gitignored_raw_cache_binary_or_local,data/raw/,
data/raw/morpho_full_window/shards/range_002882_474487376_474527376.jsonl,246468,EXCLUDE,gitignored_raw_cache_binary_or_local,data/raw/,
data/raw/morpho_full_window/shards/range_002883_474527376_474567376.jsonl,145056,EXCLUDE,gitignored_raw_cache_binary_or_local,data/raw/,
data/raw/morpho_full_window/shards/range_002884_474567376_474607376.jsonl,152133,EXCLUDE,gitignored_raw_cache_binary_or_local,data/raw/,
data/raw/morpho_full_window/shards/range_002885_474607376_474647376.jsonl,186700,EXCLUDE,gitignored_raw_cache_binary_or_local,data/raw/,
data/raw/morpho_full_window/shards/range_002886_474647376_474687376.jsonl,107650,EXCLUDE,gitignored_raw_cache_binary_or_local,data/raw/,
data/raw/morpho_full_window/shards/range_002887_474687376_474727376.jsonl,236526,EXCLUDE,gitignored_raw_cache_binary_or_local,data/raw/,
data/raw/morpho_full_window/shards/range_002888_474727376_474767376.jsonl,182595,EXCLUDE,gitignored_raw_cache_binary_or_local,data/raw/,
data/raw/morpho_full_window/shards/range_002889_474767376_474807376.jsonl,200595,EXCLUDE,gitignored_raw_cache_binary_or_local,data/raw/,
data/raw/morpho_full_window/shards/range_002890_474807376_474847376.jsonl,122392,EXCLUDE,gitignored_raw_cache_binary_or_local,data/raw/,
data/raw/morpho_full_window/shards/range_002891_474847376_474887376.jsonl,47847,EXCLUDE,gitignored_raw_cache_binary_or_local,data/raw/,
data/raw/morpho_full_window/shards/range_002892_474887376_474967376.jsonl,82710,EXCLUDE,gitignored_raw_cache_binary_or_local,data/raw/,
data/raw/morpho_full_window/shards/range_002893_474967376_475047376.jsonl,76762,EXCLUDE,gitignored_raw_cache_binary_or_local,data/raw/,
data/raw/morpho_full_window/shards/range_002894_475047376_475127376.jsonl,147900,EXCLUDE,gitignored_raw_cache_binary_or_local,data/raw/,
data/raw/morpho_full_window/shards/range_002895_475127376_475207376.jsonl,107709,EXCLUDE,gitignored_raw_cache_binary_or_local,data/raw/,
data/raw/morpho_full_window/shards/range_002896_475207376_475287376.jsonl,78158,EXCLUDE,gitignored_raw_cache_binary_or_local,data/raw/,
data/raw/morpho_full_window/shards/range_002897_475287376_475367376.jsonl,78463,EXCLUDE,gitignored_raw_cache_binary_or_local,data/raw/,
data/raw/morpho_full_window/shards/range_002898_475367376_475447376.jsonl,132103,EXCLUDE,gitignored_raw_cache_binary_or_local,data/raw/,
data/raw/morpho_full_window/shards/range_002899_475447376_475527376.jsonl,146938,EXCLUDE,gitignored_raw_cache_binary_or_local,data/raw/,
data/raw/morpho_full_window/shards/range_002900_475527376_475607376.jsonl,119802,EXCLUDE,gitignored_raw_cache_binary_or_local,data/raw/,
data/raw/morpho_full_window/shards/range_002901_475607376_475687376.jsonl,137792,EXCLUDE,gitignored_raw_cache_binary_or_local,data/raw/,
data/raw/morpho_full_window/shards/range_002902_475687376_475767376.jsonl,133246,EXCLUDE,gitignored_raw_cache_binary_or_local,data/raw/,
data/raw/morpho_full_window/shards/range_002903_475767376_475847376.jsonl,142372,EXCLUDE,gitignored_raw_cache_binary_or_local,data/raw/,
data/raw/morpho_full_window/shards/range_002904_475847376_475927376.jsonl,139260,EXCLUDE,gitignored_raw_cache_binary_or_local,data/raw/,
data/raw/morpho_full_window/shards/range_002905_475927376_476007376.jsonl,184383,EXCLUDE,gitignored_raw_cache_binary_or_local,data/raw/,
data/raw/morpho_full_window/shards/range_002906_476007376_476087376.jsonl,131734,EXCLUDE,gitignored_raw_cache_binary_or_local,data/raw/,
data/raw/morpho_full_window/shards/range_002907_476087376_476167376.jsonl,388444,EXCLUDE,gitignored_raw_cache_binary_or_local,data/raw/,
data/raw/morpho_full_window/shards/range_002908_476167376_476247376.jsonl,371053,EXCLUDE,gitignored_raw_cache_binary_or_local,data/raw/,
data/raw/morpho_full_window/shards/range_002909_476247376_476327376.jsonl,300688,EXCLUDE,gitignored_raw_cache_binary_or_local,data/raw/,
data/raw/morpho_full_window/shards/range_002910_476327376_476407376.jsonl,385091,EXCLUDE,gitignored_raw_cache_binary_or_local,data/raw/,
data/raw/morpho_full_window/shards/range_002911_476407376_476487376.jsonl,329392,EXCLUDE,gitignored_raw_cache_binary_or_local,data/raw/,
data/raw/morpho_full_window/shards/range_002912_476487376_476567376.jsonl,258871,EXCLUDE,gitignored_raw_cache_binary_or_local,data/raw/,
data/raw/morpho_full_window/shards/range_002913_476567376_476647376.jsonl,302919,EXCLUDE,gitignored_raw_cache_binary_or_local,data/raw/,
data/raw/morpho_full_window/shards/range_002914_476647376_476727376.jsonl,233904,EXCLUDE,gitignored_raw_cache_binary_or_local,data/raw/,
data/raw/morpho_full_window/shards/range_002915_476727376_476807376.jsonl,343296,EXCLUDE,gitignored_raw_cache_binary_or_local,data/raw/,
data/raw/morpho_full_window/shards/range_002916_476807376_476887376.jsonl,314509,EXCLUDE,gitignored_raw_cache_binary_or_local,data/raw/,
data/raw/morpho_full_window/shards/range_002917_476887376_476967376.jsonl,355747,EXCLUDE,gitignored_raw_cache_binary_or_local,data/raw/,
data/raw/morpho_full_window/shards/range_002918_476967376_477047376.jsonl,314204,EXCLUDE,gitignored_raw_cache_binary_or_local,data/raw/,
data/raw/morpho_full_window/shards/range_002919_477047376_477127376.jsonl,382085,EXCLUDE,gitignored_raw_cache_binary_or_local,data/raw/,
data/raw/morpho_full_window/shards/range_002920_477127376_477207376.jsonl,413685,EXCLUDE,gitignored_raw_cache_binary_or_local,data/raw/,
data/raw/morpho_full_window/shards/range_002921_477207376_477287376.jsonl,964991,EXCLUDE,gitignored_raw_cache_binary_or_local,data/raw/,
data/raw/morpho_full_window/shards/range_002922_477287376_477327376.jsonl,307123,EXCLUDE,gitignored_raw_cache_binary_or_local,data/raw/,
data/raw/morpho_full_window/shards/range_002923_477327376_477367376.jsonl,188327,EXCLUDE,gitignored_raw_cache_binary_or_local,data/raw/,
data/raw/morpho_full_window/shards/range_002924_477367376_477407376.jsonl,225297,EXCLUDE,gitignored_raw_cache_binary_or_local,data/raw/,
data/raw/morpho_full_window/shards/range_002925_477407376_477447376.jsonl,206588,EXCLUDE,gitignored_raw_cache_binary_or_local,data/raw/,
data/raw/morpho_full_window/shards/range_002926_477447376_477487376.jsonl,218654,EXCLUDE,gitignored_raw_cache_binary_or_local,data/raw/,
data/raw/morpho_full_window/shards/range_002927_477487376_477527376.jsonl,156964,EXCLUDE,gitignored_raw_cache_binary_or_local,data/raw/,
data/raw/morpho_full_window/shards/range_002928_477527376_477567376.jsonl,149258,EXCLUDE,gitignored_raw_cache_binary_or_local,data/raw/,
data/raw/morpho_full_window/shards/range_002929_477567376_477607376.jsonl,186922,EXCLUDE,gitignored_raw_cache_binary_or_local,data/raw/,
data/raw/morpho_full_window/shards/range_002930_477607376_477647376.jsonl,161047,EXCLUDE,gitignored_raw_cache_binary_or_local,data/raw/,
data/raw/morpho_full_window/shards/range_002931_477647376_477687376.jsonl,99320,EXCLUDE,gitignored_raw_cache_binary_or_local,data/raw/,
data/raw/morpho_full_window/shards/range_002932_477687376_477727376.jsonl,108651,EXCLUDE,gitignored_raw_cache_binary_or_local,data/raw/,
data/raw/morpho_full_window/shards/range_002933_477727376_477767376.jsonl,93232,EXCLUDE,gitignored_raw_cache_binary_or_local,data/raw/,
data/raw/morpho_full_window/shards/range_002934_477767376_477847376.jsonl,206854,EXCLUDE,gitignored_raw_cache_binary_or_local,data/raw/,
data/raw/morpho_full_window/shards/range_002935_477847376_477927376.jsonl,294482,EXCLUDE,gitignored_raw_cache_binary_or_local,data/raw/,
data/raw/morpho_full_window/shards/range_002936_477927376_478007376.jsonl,231438,EXCLUDE,gitignored_raw_cache_binary_or_local,data/raw/,
data/raw/morpho_full_window/shards/range_002937_478007376_478087376.jsonl,233064,EXCLUDE,gitignored_raw_cache_binary_or_local,data/raw/,
data/raw/morpho_full_window/shards/range_002938_478087376_478167376.jsonl,171326,EXCLUDE,gitignored_raw_cache_binary_or_local,data/raw/,
data/raw/morpho_full_window/shards/range_002939_478167376_478247376.jsonl,220218,EXCLUDE,gitignored_raw_cache_binary_or_local,data/raw/,
data/raw/morpho_full_window/shards/range_002940_478247376_478327376.jsonl,195610,EXCLUDE,gitignored_raw_cache_binary_or_local,data/raw/,
data/raw/morpho_full_window/shards/range_002941_478327376_478407376.jsonl,215148,EXCLUDE,gitignored_raw_cache_binary_or_local,data/raw/,
data/raw/morpho_full_window/shards/range_002942_478407376_478487376.jsonl,203224,EXCLUDE,gitignored_raw_cache_binary_or_local,data/raw/,
data/raw/morpho_full_window/shards/range_002943_478487376_478567376.jsonl,194490,EXCLUDE,gitignored_raw_cache_binary_or_local,data/raw/,
data/raw/morpho_full_window/shards/range_002944_478567376_478647376.jsonl,260922,EXCLUDE,gitignored_raw_cache_binary_or_local,data/raw/,
data/raw/morpho_full_window/shards/range_002945_478647376_478727376.jsonl,150334,EXCLUDE,gitignored_raw_cache_binary_or_local,data/raw/,
data/raw/morpho_full_window/shards/range_002946_478727376_478807376.jsonl,160235,EXCLUDE,gitignored_raw_cache_binary_or_local,data/raw/,
data/raw/morpho_full_window/shards/range_002947_478807376_478887376.jsonl,261543,EXCLUDE,gitignored_raw_cache_binary_or_local,data/raw/,
data/raw/morpho_full_window/shards/range_002948_478887376_478967376.jsonl,287487,EXCLUDE,gitignored_raw_cache_binary_or_local,data/raw/,
data/raw/morpho_full_window/shards/range_002949_478967376_479047376.jsonl,286304,EXCLUDE,gitignored_raw_cache_binary_or_local,data/raw/,
data/raw/morpho_full_window/shards/range_002950_479047376_479127376.jsonl,192357,EXCLUDE,gitignored_raw_cache_binary_or_local,data/raw/,
data/raw/morpho_full_window/shards/range_002951_479127376_479207376.jsonl,187986,EXCLUDE,gitignored_raw_cache_binary_or_local,data/raw/,
data/raw/morpho_full_window/shards/range_002952_479207376_479287376.jsonl,224016,EXCLUDE,gitignored_raw_cache_binary_or_local,data/raw/,
data/raw/morpho_full_window/shards/range_002953_479287376_479367376.jsonl,216458,EXCLUDE,gitignored_raw_cache_binary_or_local,data/raw/,
data/raw/morpho_full_window/shards/range_002954_479367376_479447376.jsonl,218630,EXCLUDE,gitignored_raw_cache_binary_or_local,data/raw/,
data/raw/morpho_full_window/shards/range_002955_479447376_479527376.jsonl,170840,EXCLUDE,gitignored_raw_cache_binary_or_local,data/raw/,
data/raw/morpho_full_window/shards/range_002956_479527376_479607376.jsonl,180010,EXCLUDE,gitignored_raw_cache_binary_or_local,data/raw/,
data/raw/morpho_full_window/shards/range_002957_479607376_479687376.jsonl,371354,EXCLUDE,gitignored_raw_cache_binary_or_local,data/raw/,
data/raw/morpho_full_window/shards/range_002958_479687376_479767376.jsonl,466369,EXCLUDE,gitignored_raw_cache_binary_or_local,data/raw/,
data/raw/morpho_full_window/shards/range_002959_479767376_479847376.jsonl,106303,EXCLUDE,gitignored_raw_cache_binary_or_local,data/raw/,
data/raw/morpho_full_window/shards/range_002960_479847376_479927376.jsonl,160049,EXCLUDE,gitignored_raw_cache_binary_or_local,data/raw/,
data/raw/morpho_full_window/shards/range_002961_479927376_480007376.jsonl,269358,EXCLUDE,gitignored_raw_cache_binary_or_local,data/raw/,
data/raw/morpho_full_window/shards/range_002962_480007376_480087376.jsonl,383273,EXCLUDE,gitignored_raw_cache_binary_or_local,data/raw/,
data/raw/morpho_full_window/shards/range_002963_480087376_480167376.jsonl,342728,EXCLUDE,gitignored_raw_cache_binary_or_local,data/raw/,
data/raw/morpho_full_window/shards/range_002964_480167376_480247376.jsonl,345344,EXCLUDE,gitignored_raw_cache_binary_or_local,data/raw/,
data/raw/morpho_full_window/shards/range_002965_480247376_480327376.jsonl,136172,EXCLUDE,gitignored_raw_cache_binary_or_local,data/raw/,
data/raw/morpho_full_window/shards/range_002966_480327376_480407376.jsonl,278460,EXCLUDE,gitignored_raw_cache_binary_or_local,data/raw/,
data/raw/morpho_full_window/shards/range_002967_480407376_480487376.jsonl,219498,EXCLUDE,gitignored_raw_cache_binary_or_local,data/raw/,
data/raw/morpho_full_window/shards/range_002968_480487376_480567376.jsonl,93964,EXCLUDE,gitignored_raw_cache_binary_or_local,data/raw/,
data/raw/morpho_full_window/shards/range_002969_480567376_480647376.jsonl,83592,EXCLUDE,gitignored_raw_cache_binary_or_local,data/raw/,
data/raw/morpho_full_window/shards/range_002970_480647376_480727376.jsonl,64967,EXCLUDE,gitignored_raw_cache_binary_or_local,data/raw/,
data/raw/morpho_full_window/shards/range_002971_480727376_480807376.jsonl,65215,EXCLUDE,gitignored_raw_cache_binary_or_local,data/raw/,
data/raw/morpho_full_window/shards/range_002972_480807376_480887376.jsonl,224804,EXCLUDE,gitignored_raw_cache_binary_or_local,data/raw/,
data/raw/morpho_full_window/shards/range_002973_480887376_480967376.jsonl,254075,EXCLUDE,gitignored_raw_cache_binary_or_local,data/raw/,
data/raw/morpho_full_window/shards/range_002974_480967376_481047376.jsonl,119113,EXCLUDE,gitignored_raw_cache_binary_or_local,data/raw/,
data/raw/morpho_full_window/shards/range_002975_481047376_481127376.jsonl,150301,EXCLUDE,gitignored_raw_cache_binary_or_local,data/raw/,
data/raw/morpho_full_window/shards/range_002976_481127376_481207376.jsonl,64485,EXCLUDE,gitignored_raw_cache_binary_or_local,data/raw/,
data/raw/morpho_full_window/shards/range_002977_481207376_481287376.jsonl,43293,EXCLUDE,gitignored_raw_cache_binary_or_local,data/raw/,
data/raw/morpho_full_window/shards/range_002978_481287376_481367376.jsonl,283785,EXCLUDE,gitignored_raw_cache_binary_or_local,data/raw/,
data/raw/morpho_full_window/shards/range_002979_481367376_481447376.jsonl,335092,EXCLUDE,gitignored_raw_cache_binary_or_local,data/raw/,
data/raw/morpho_full_window/shards/range_002980_481447376_481527376.jsonl,195740,EXCLUDE,gitignored_raw_cache_binary_or_local,data/raw/,
data/raw/morpho_full_window/shards/range_002981_481527376_481607376.jsonl,172420,EXCLUDE,gitignored_raw_cache_binary_or_local,data/raw/,
data/raw/morpho_full_window/shards/range_002982_481607376_481687376.jsonl,252114,EXCLUDE,gitignored_raw_cache_binary_or_local,data/raw/,
data/raw/morpho_full_window/shards/range_002983_481687376_481767376.jsonl,192330,EXCLUDE,gitignored_raw_cache_binary_or_local,data/raw/,
data/raw/morpho_full_window/shards/range_002984_481767376_481847376.jsonl,162908,EXCLUDE,gitignored_raw_cache_binary_or_local,data/raw/,
data/raw/morpho_full_window/shards/range_002985_481847376_481927376.jsonl,122132,EXCLUDE,gitignored_raw_cache_binary_or_local,data/raw/,
data/raw/morpho_full_window/shards/range_002986_481927376_482007376.jsonl,235995,EXCLUDE,gitignored_raw_cache_binary_or_local,data/raw/,
data/raw/morpho_full_window/shards/range_002987_482007376_482087376.jsonl,224700,EXCLUDE,gitignored_raw_cache_binary_or_local,data/raw/,
data/raw/morpho_full_window/shards/range_002988_482087376_482167376.jsonl,76761,EXCLUDE,gitignored_raw_cache_binary_or_local,data/raw/,
data/raw/morpho_full_window/shards/range_002989_482167376_482247376.jsonl,113640,EXCLUDE,gitignored_raw_cache_binary_or_local,data/raw/,
data/raw/morpho_full_window/shards/range_002990_482247376_482327376.jsonl,148530,EXCLUDE,gitignored_raw_cache_binary_or_local,data/raw/,
data/raw/morpho_full_window/shards/range_002991_482327376_482407376.jsonl,234287,EXCLUDE,gitignored_raw_cache_binary_or_local,data/raw/,
data/raw/morpho_full_window/shards/range_002992_482407376_482487376.jsonl,237942,EXCLUDE,gitignored_raw_cache_binary_or_local,data/raw/,
data/raw/morpho_full_window/shards/range_002993_482487376_482567376.jsonl,139076,EXCLUDE,gitignored_raw_cache_binary_or_local,data/raw/,
data/raw/morpho_full_window/shards/range_002994_482567376_482647376.jsonl,111693,EXCLUDE,gitignored_raw_cache_binary_or_local,data/raw/,
data/raw/morpho_full_window/shards/range_002995_482647376_482727376.jsonl,175648,EXCLUDE,gitignored_raw_cache_binary_or_local,data/raw/,
data/raw/morpho_full_window/shards/range_002996_482727376_482807376.jsonl,125691,EXCLUDE,gitignored_raw_cache_binary_or_local,data/raw/,
data/raw/morpho_full_window/shards/range_002997_482807376_482887376.jsonl,67982,EXCLUDE,gitignored_raw_cache_binary_or_local,data/raw/,
data/raw/morpho_full_window/shards/range_002998_482887376_482967376.jsonl,81579,EXCLUDE,gitignored_raw_cache_binary_or_local,data/raw/,
data/raw/morpho_full_window/shards/range_002999_482967376_483047376.jsonl,72189,EXCLUDE,gitignored_raw_cache_binary_or_local,data/raw/,
data/raw/morpho_full_window/shards/range_003000_483047376_483127376.jsonl,177697,EXCLUDE,gitignored_raw_cache_binary_or_local,data/raw/,
data/raw/morpho_full_window/shards/range_003001_483127376_483207376.jsonl,107613,EXCLUDE,gitignored_raw_cache_binary_or_local,data/raw/,
data/raw/morpho_full_window/shards/range_003002_483207376_483287376.jsonl,123480,EXCLUDE,gitignored_raw_cache_binary_or_local,data/raw/,
data/raw/morpho_full_window/shards/range_003003_483287376_483367376.jsonl,144056,EXCLUDE,gitignored_raw_cache_binary_or_local,data/raw/,
data/raw/morpho_full_window/shards/range_003004_483367376_483447376.jsonl,207715,EXCLUDE,gitignored_raw_cache_binary_or_local,data/raw/,
data/raw/morpho_full_window/shards/range_003005_483447376_483527376.jsonl,302961,EXCLUDE,gitignored_raw_cache_binary_or_local,data/raw/,
data/raw/morpho_full_window/shards/range_003006_483527376_483607376.jsonl,107073,EXCLUDE,gitignored_raw_cache_binary_or_local,data/raw/,
data/raw/morpho_full_window/shards/range_003007_483607376_483687376.jsonl,130554,EXCLUDE,gitignored_raw_cache_binary_or_local,data/raw/,
data/raw/morpho_full_window/shards/range_003008_483687376_483767376.jsonl,281876,EXCLUDE,gitignored_raw_cache_binary_or_local,data/raw/,
data/raw/morpho_full_window/shards/range_003009_483767376_483847376.jsonl,195102,EXCLUDE,gitignored_raw_cache_binary_or_local,data/raw/,
data/raw/morpho_full_window/shards/range_003010_483847376_483927376.jsonl,313008,EXCLUDE,gitignored_raw_cache_binary_or_local,data/raw/,
data/raw/morpho_full_window/shards/range_003011_483927376_484007376.jsonl,231669,EXCLUDE,gitignored_raw_cache_binary_or_local,data/raw/,
data/raw/morpho_full_window/shards/range_003012_484007376_484087376.jsonl,267977,EXCLUDE,gitignored_raw_cache_binary_or_local,data/raw/,
data/raw/morpho_full_window/shards/range_003013_484087376_484167376.jsonl,173320,EXCLUDE,gitignored_raw_cache_binary_or_local,data/raw/,
data/raw/morpho_full_window/shards/range_003014_484167376_484247376.jsonl,157457,EXCLUDE,gitignored_raw_cache_binary_or_local,data/raw/,
data/raw/morpho_full_window/shards/range_003015_484247376_484327376.jsonl,91311,EXCLUDE,gitignored_raw_cache_binary_or_local,data/raw/,
data/raw/morpho_full_window/shards/range_003016_484327376_484407376.jsonl,158771,EXCLUDE,gitignored_raw_cache_binary_or_local,data/raw/,
data/raw/morpho_full_window/shards/range_003017_484407376_484487376.jsonl,224433,EXCLUDE,gitignored_raw_cache_binary_or_local,data/raw/,
data/raw/morpho_full_window/shards/range_003018_484487376_484567376.jsonl,280502,EXCLUDE,gitignored_raw_cache_binary_or_local,data/raw/,
data/raw/morpho_full_window/shards/range_003019_484567376_484647376.jsonl,140178,EXCLUDE,gitignored_raw_cache_binary_or_local,data/raw/,
data/raw/morpho_full_window/shards/range_003020_484647376_484727376.jsonl,181065,EXCLUDE,gitignored_raw_cache_binary_or_local,data/raw/,
data/raw/morpho_full_window/shards/range_003021_484727376_484807376.jsonl,214791,EXCLUDE,gitignored_raw_cache_binary_or_local,data/raw/,
data/raw/morpho_full_window/shards/range_003022_484807376_484887376.jsonl,218675,EXCLUDE,gitignored_raw_cache_binary_or_local,data/raw/,
data/raw/morpho_full_window/shards/range_003023_484887376_484967376.jsonl,188010,EXCLUDE,gitignored_raw_cache_binary_or_local,data/raw/,
data/raw/morpho_full_window/shards/range_003024_484967376_485047376.jsonl,72274,EXCLUDE,gitignored_raw_cache_binary_or_local,data/raw/,
data/raw/morpho_full_window/shards/range_003025_485047376_485127376.jsonl,167416,EXCLUDE,gitignored_raw_cache_binary_or_local,data/raw/,
data/raw/morpho_full_window/shards/range_003026_485127376_485207376.jsonl,152842,EXCLUDE,gitignored_raw_cache_binary_or_local,data/raw/,
data/raw/morpho_full_window/shards/range_003027_485207376_485287376.jsonl,185743,EXCLUDE,gitignored_raw_cache_binary_or_local,data/raw/,
data/raw/morpho_full_window/shards/range_003028_485287376_485367376.jsonl,182206,EXCLUDE,gitignored_raw_cache_binary_or_local,data/raw/,
data/raw/morpho_full_window/shards/range_003029_485367376_485447376.jsonl,161460,EXCLUDE,gitignored_raw_cache_binary_or_local,data/raw/,
data/raw/morpho_full_window/shards/range_003030_485447376_485527376.jsonl,161967,EXCLUDE,gitignored_raw_cache_binary_or_local,data/raw/,
data/raw/morpho_full_window/shards/range_003031_485527376_485607376.jsonl,133467,EXCLUDE,gitignored_raw_cache_binary_or_local,data/raw/,
data/raw/morpho_full_window/shards/range_003032_485607376_485687376.jsonl,111980,EXCLUDE,gitignored_raw_cache_binary_or_local,data/raw/,
data/raw/morpho_full_window/shards/range_003033_485687376_485767376.jsonl,118900,EXCLUDE,gitignored_raw_cache_binary_or_local,data/raw/,
data/raw/morpho_full_window/shards/range_003034_485767376_485847376.jsonl,463183,EXCLUDE,gitignored_raw_cache_binary_or_local,data/raw/,
data/raw/morpho_full_window/shards/range_003035_485847376_485927376.jsonl,183975,EXCLUDE,gitignored_raw_cache_binary_or_local,data/raw/,
data/raw/morpho_full_window/shards/range_003036_485927376_486007376.jsonl,86445,EXCLUDE,gitignored_raw_cache_binary_or_local,data/raw/,
data/raw/morpho_full_window/shards/range_003037_486007376_486087376.jsonl,77814,EXCLUDE,gitignored_raw_cache_binary_or_local,data/raw/,
data/raw/morpho_full_window/shards/range_003038_486087376_486167376.jsonl,100127,EXCLUDE,gitignored_raw_cache_binary_or_local,data/raw/,
data/raw/morpho_full_window/shards/range_003039_486167376_486247376.jsonl,89087,EXCLUDE,gitignored_raw_cache_binary_or_local,data/raw/,
data/raw/morpho_full_window/shards/range_003040_486247376_486327376.jsonl,95588,EXCLUDE,gitignored_raw_cache_binary_or_local,data/raw/,
data/raw/morpho_full_window/shards/range_003041_486327376_486407376.jsonl,84387,EXCLUDE,gitignored_raw_cache_binary_or_local,data/raw/,
data/raw/morpho_full_window/shards/range_003042_486407376_486487376.jsonl,64771,EXCLUDE,gitignored_raw_cache_binary_or_local,data/raw/,
data/raw/morpho_full_window/shards/range_003043_486487376_486567376.jsonl,107443,EXCLUDE,gitignored_raw_cache_binary_or_local,data/raw/,
data/raw/morpho_full_window/shards/range_003044_486567376_486647376.jsonl,199954,EXCLUDE,gitignored_raw_cache_binary_or_local,data/raw/,
data/raw/morpho_full_window/shards/range_003045_486647376_486727376.jsonl,140821,EXCLUDE,gitignored_raw_cache_binary_or_local,data/raw/,
data/raw/morpho_full_window/shards/range_003046_486727376_486807376.jsonl,87799,EXCLUDE,gitignored_raw_cache_binary_or_local,data/raw/,
data/raw/morpho_full_window/shards/range_003047_486807376_486887376.jsonl,115458,EXCLUDE,gitignored_raw_cache_binary_or_local,data/raw/,
data/raw/morpho_full_window/shards/range_003048_486887376_486967376.jsonl,376218,EXCLUDE,gitignored_raw_cache_binary_or_local,data/raw/,
data/raw/morpho_full_window/shards/range_003049_486967376_487047376.jsonl,100011,EXCLUDE,gitignored_raw_cache_binary_or_local,data/raw/,
data/raw/morpho_full_window/shards/range_003050_487047376_487127376.jsonl,105769,EXCLUDE,gitignored_raw_cache_binary_or_local,data/raw/,
data/raw/morpho_full_window/shards/range_003051_487127376_487207376.jsonl,169318,EXCLUDE,gitignored_raw_cache_binary_or_local,data/raw/,
data/raw/morpho_full_window/shards/range_003052_487207376_487287376.jsonl,441234,EXCLUDE,gitignored_raw_cache_binary_or_local,data/raw/,
data/raw/morpho_full_window/shards/range_003053_487287376_487367376.jsonl,445645,EXCLUDE,gitignored_raw_cache_binary_or_local,data/raw/,
data/raw/morpho_full_window/shards/range_003054_487367376_487447376.jsonl,260233,EXCLUDE,gitignored_raw_cache_binary_or_local,data/raw/,
data/raw/morpho_full_window/shards/range_003055_487447376_487527376.jsonl,332934,EXCLUDE,gitignored_raw_cache_binary_or_local,data/raw/,
data/raw/morpho_full_window/shards/range_003056_487527376_487607376.jsonl,341421,EXCLUDE,gitignored_raw_cache_binary_or_local,data/raw/,
data/raw/morpho_full_window/shards/range_003057_487607376_487687376.jsonl,208964,EXCLUDE,gitignored_raw_cache_binary_or_local,data/raw/,
data/raw/morpho_full_window/shards/range_003058_487687376_487767376.jsonl,173296,EXCLUDE,gitignored_raw_cache_binary_or_local,data/raw/,
data/raw/morpho_full_window/shards/range_003059_487767376_487847376.jsonl,114014,EXCLUDE,gitignored_raw_cache_binary_or_local,data/raw/,
data/raw/morpho_full_window/shards/range_003060_487847376_487927376.jsonl,108321,EXCLUDE,gitignored_raw_cache_binary_or_local,data/raw/,
data/raw/morpho_full_window/shards/range_003061_487927376_488007376.jsonl,137904,EXCLUDE,gitignored_raw_cache_binary_or_local,data/raw/,
data/raw/morpho_full_window/shards/range_003062_488007376_488087376.jsonl,137462,EXCLUDE,gitignored_raw_cache_binary_or_local,data/raw/,
data/raw/morpho_full_window/shards/range_003063_488087376_488167376.jsonl,178193,EXCLUDE,gitignored_raw_cache_binary_or_local,data/raw/,
data/raw/morpho_full_window/shards/range_003064_488167376_488247376.jsonl,120315,EXCLUDE,gitignored_raw_cache_binary_or_local,data/raw/,
data/raw/morpho_full_window/shards/range_003065_488247376_488327376.jsonl,120441,EXCLUDE,gitignored_raw_cache_binary_or_local,data/raw/,
data/raw/morpho_full_window/shards/range_003066_488327376_488407376.jsonl,155887,EXCLUDE,gitignored_raw_cache_binary_or_local,data/raw/,
data/raw/morpho_full_window/shards/range_003067_488407376_488487376.jsonl,230990,EXCLUDE,gitignored_raw_cache_binary_or_local,data/raw/,
data/raw/morpho_full_window/shards/range_003068_488487376_488567376.jsonl,264157,EXCLUDE,gitignored_raw_cache_binary_or_local,data/raw/,
data/raw/morpho_full_window/shards/range_003069_488567376_488647376.jsonl,375926,EXCLUDE,gitignored_raw_cache_binary_or_local,data/raw/,
data/raw/morpho_full_window/shards/range_003070_488647376_488727376.jsonl,111073,EXCLUDE,gitignored_raw_cache_binary_or_local,data/raw/,
data/raw/morpho_full_window/shards/range_003071_488727376_488807376.jsonl,73914,EXCLUDE,gitignored_raw_cache_binary_or_local,data/raw/,
data/raw/morpho_full_window/shards/range_003072_488807376_488887376.jsonl,76751,EXCLUDE,gitignored_raw_cache_binary_or_local,data/raw/,
data/raw/morpho_full_window/shards/range_003073_488887376_488967376.jsonl,119132,EXCLUDE,gitignored_raw_cache_binary_or_local,data/raw/,
data/raw/morpho_full_window/shards/range_003074_488967376_489047376.jsonl,334146,EXCLUDE,gitignored_raw_cache_binary_or_local,data/raw/,
data/raw/morpho_full_window/shards/range_003075_489047376_489127376.jsonl,289854,EXCLUDE,gitignored_raw_cache_binary_or_local,data/raw/,
data/raw/morpho_full_window/shards/range_003076_489127376_489207376.jsonl,136702,EXCLUDE,gitignored_raw_cache_binary_or_local,data/raw/,
data/raw/morpho_full_window/shards/range_003077_489207376_489287376.jsonl,362540,EXCLUDE,gitignored_raw_cache_binary_or_local,data/raw/,
data/raw/morpho_full_window/shards/range_003078_489287376_489367376.jsonl,190217,EXCLUDE,gitignored_raw_cache_binary_or_local,data/raw/,
data/raw/morpho_full_window/shards/range_003079_489367376_489447376.jsonl,137467,EXCLUDE,gitignored_raw_cache_binary_or_local,data/raw/,
data/raw/morpho_full_window/shards/range_003080_489447376_489527376.jsonl,137816,EXCLUDE,gitignored_raw_cache_binary_or_local,data/raw/,
data/raw/morpho_full_window/shards/range_003081_489527376_489607376.jsonl,338224,EXCLUDE,gitignored_raw_cache_binary_or_local,data/raw/,
data/raw/morpho_full_window/shards/range_003082_489607376_489687376.jsonl,292769,EXCLUDE,gitignored_raw_cache_binary_or_local,data/raw/,
data/raw/morpho_full_window/shards/range_003083_489687376_489767376.jsonl,218999,EXCLUDE,gitignored_raw_cache_binary_or_local,data/raw/,
data/raw/morpho_full_window/shards/range_003084_489767376_489847376.jsonl,309654,EXCLUDE,gitignored_raw_cache_binary_or_local,data/raw/,
data/raw/morpho_full_window/shards/range_003085_489847376_489927376.jsonl,323717,EXCLUDE,gitignored_raw_cache_binary_or_local,data/raw/,
data/raw/morpho_full_window/shards/range_003086_489927376_490007376.jsonl,303615,EXCLUDE,gitignored_raw_cache_binary_or_local,data/raw/,
data/raw/morpho_full_window/shards/range_003087_490007376_490087376.jsonl,199618,EXCLUDE,gitignored_raw_cache_binary_or_local,data/raw/,
data/raw/morpho_full_window/shards/range_003088_490087376_490167376.jsonl,141824,EXCLUDE,gitignored_raw_cache_binary_or_local,data/raw/,
data/raw/morpho_full_window/shards/range_003089_490167376_490247376.jsonl,136817,EXCLUDE,gitignored_raw_cache_binary_or_local,data/raw/,
data/raw/morpho_full_window/shards/range_003090_490247376_490327376.jsonl,168512,EXCLUDE,gitignored_raw_cache_binary_or_local,data/raw/,
data/raw/morpho_full_window/shards/range_003091_490327376_490407376.jsonl,192892,EXCLUDE,gitignored_raw_cache_binary_or_local,data/raw/,
data/raw/morpho_full_window/shards/range_003092_490407376_490487376.jsonl,161573,EXCLUDE,gitignored_raw_cache_binary_or_local,data/raw/,
data/raw/morpho_full_window/shards/range_003093_490487376_490567376.jsonl,157064,EXCLUDE,gitignored_raw_cache_binary_or_local,data/raw/,
data/raw/morpho_full_window/shards/range_003094_490567376_490647376.jsonl,178651,EXCLUDE,gitignored_raw_cache_binary_or_local,data/raw/,
data/raw/morpho_full_window/shards/range_003095_490647376_490727376.jsonl,147311,EXCLUDE,gitignored_raw_cache_binary_or_local,data/raw/,
data/raw/morpho_full_window/shards/range_003096_490727376_490807376.jsonl,96043,EXCLUDE,gitignored_raw_cache_binary_or_local,data/raw/,
data/raw/morpho_full_window/shards/range_003097_490807376_490887376.jsonl,63798,EXCLUDE,gitignored_raw_cache_binary_or_local,data/raw/,
data/raw/morpho_full_window/shards/range_003098_490887376_490967376.jsonl,185054,EXCLUDE,gitignored_raw_cache_binary_or_local,data/raw/,
data/raw/morpho_full_window/shards/range_003099_490967376_491047376.jsonl,337907,EXCLUDE,gitignored_raw_cache_binary_or_local,data/raw/,
data/raw/morpho_full_window/shards/range_003100_491047376_491127376.jsonl,152190,EXCLUDE,gitignored_raw_cache_binary_or_local,data/raw/,
data/raw/morpho_full_window/shards/range_003101_491127376_491207376.jsonl,58632,EXCLUDE,gitignored_raw_cache_binary_or_local,data/raw/,
data/raw/morpho_full_window/shards/range_003102_491207376_491287376.jsonl,63859,EXCLUDE,gitignored_raw_cache_binary_or_local,data/raw/,
data/raw/morpho_full_window/shards/range_003103_491287376_491367376.jsonl,114933,EXCLUDE,gitignored_raw_cache_binary_or_local,data/raw/,
data/raw/morpho_full_window/shards/range_003104_491367376_491447376.jsonl,153973,EXCLUDE,gitignored_raw_cache_binary_or_local,data/raw/,
data/raw/morpho_full_window/shards/range_003105_491447376_491527376.jsonl,17123,EXCLUDE,gitignored_raw_cache_binary_or_local,data/raw/,
data/raw/morpho_full_window/shards/range_003106_491527376_491607376.jsonl,1905,EXCLUDE,gitignored_raw_cache_binary_or_local,data/raw/,
data/raw/morpho_full_window/shards/range_003107_491607376_491687376.jsonl,29035,EXCLUDE,gitignored_raw_cache_binary_or_local,data/raw/,
data/raw/morpho_full_window/shards/range_003108_491687376_491767376.jsonl,72450,EXCLUDE,gitignored_raw_cache_binary_or_local,data/raw/,
data/raw/morpho_full_window/shards/range_003109_491767376_491847376.jsonl,44594,EXCLUDE,gitignored_raw_cache_binary_or_local,data/raw/,
data/raw/morpho_full_window/shards/range_003110_491847376_491927376.jsonl,39627,EXCLUDE,gitignored_raw_cache_binary_or_local,data/raw/,
data/raw/morpho_full_window/shards/range_003111_491927376_492007376.jsonl,85405,EXCLUDE,gitignored_raw_cache_binary_or_local,data/raw/,
data/raw/morpho_full_window/shards/range_003112_492007376_492087376.jsonl,63380,EXCLUDE,gitignored_raw_cache_binary_or_local,data/raw/,
data/raw/morpho_full_window/shards/range_003113_492087376_492167376.jsonl,92377,EXCLUDE,gitignored_raw_cache_binary_or_local,data/raw/,
data/raw/morpho_full_window/shards/range_003114_492167376_492247376.jsonl,30377,EXCLUDE,gitignored_raw_cache_binary_or_local,data/raw/,
data/raw/morpho_full_window/shards/range_003115_492247376_492327376.jsonl,32539,EXCLUDE,gitignored_raw_cache_binary_or_local,data/raw/,
data/raw/morpho_full_window/shards/range_003116_492327376_492407376.jsonl,90902,EXCLUDE,gitignored_raw_cache_binary_or_local,data/raw/,
data/raw/morpho_full_window/shards/range_003117_492407376_492487376.jsonl,176081,EXCLUDE,gitignored_raw_cache_binary_or_local,data/raw/,
data/raw/morpho_full_window/shards/range_003118_492487376_492567376.jsonl,145176,EXCLUDE,gitignored_raw_cache_binary_or_local,data/raw/,
data/raw/morpho_full_window/shards/range_003119_492567376_492647376.jsonl,65812,EXCLUDE,gitignored_raw_cache_binary_or_local,data/raw/,
data/raw/morpho_full_window/shards/range_003120_492647376_492727376.jsonl,133891,EXCLUDE,gitignored_raw_cache_binary_or_local,data/raw/,
data/raw/morpho_full_window/shards/range_003121_492727376_492807376.jsonl,82075,EXCLUDE,gitignored_raw_cache_binary_or_local,data/raw/,
data/raw/morpho_full_window/shards/range_003122_492807376_492887376.jsonl,217679,EXCLUDE,gitignored_raw_cache_binary_or_local,data/raw/,
data/raw/morpho_full_window/shards/range_003123_492887376_492967376.jsonl,241635,EXCLUDE,gitignored_raw_cache_binary_or_local,data/raw/,
data/raw/morpho_full_window/shards/range_003124_492967376_493047376.jsonl,176064,EXCLUDE,gitignored_raw_cache_binary_or_local,data/raw/,
data/raw/morpho_full_window/shards/range_003125_493047376_493127376.jsonl,230650,EXCLUDE,gitignored_raw_cache_binary_or_local,data/raw/,
data/raw/morpho_full_window/shards/range_003126_493127376_493207376.jsonl,475036,EXCLUDE,gitignored_raw_cache_binary_or_local,data/raw/,
data/raw/morpho_full_window/shards/range_003127_493207376_493287376.jsonl,166932,EXCLUDE,gitignored_raw_cache_binary_or_local,data/raw/,
data/raw/morpho_full_window/shards/range_003128_493287376_493367376.jsonl,251844,EXCLUDE,gitignored_raw_cache_binary_or_local,data/raw/,
data/raw/morpho_full_window/shards/range_003129_493367376_493447376.jsonl,471462,EXCLUDE,gitignored_raw_cache_binary_or_local,data/raw/,
data/raw/morpho_full_window/shards/range_003130_493447376_493527376.jsonl,279362,EXCLUDE,gitignored_raw_cache_binary_or_local,data/raw/,
data/raw/morpho_full_window/shards/range_003131_493527376_493607376.jsonl,301929,EXCLUDE,gitignored_raw_cache_binary_or_local,data/raw/,
data/raw/morpho_full_window/shards/range_003132_493607376_493687376.jsonl,357370,EXCLUDE,gitignored_raw_cache_binary_or_local,data/raw/,
data/raw/morpho_full_window/shards/range_003133_493687376_493767376.jsonl,393901,EXCLUDE,gitignored_raw_cache_binary_or_local,data/raw/,
data/raw/morpho_full_window/shards/range_003134_493767376_493847376.jsonl,453526,EXCLUDE,gitignored_raw_cache_binary_or_local,data/raw/,
data/raw/morpho_full_window/shards/range_003135_493847376_493927376.jsonl,244109,EXCLUDE,gitignored_raw_cache_binary_or_local,data/raw/,
data/raw/morpho_full_window/shards/range_003136_493927376_494007376.jsonl,282655,EXCLUDE,gitignored_raw_cache_binary_or_local,data/raw/,
data/raw/morpho_full_window/shards/range_003137_494007376_494087376.jsonl,124916,EXCLUDE,gitignored_raw_cache_binary_or_local,data/raw/,
data/raw/morpho_full_window/shards/range_003138_494087376_494167376.jsonl,41982,EXCLUDE,gitignored_raw_cache_binary_or_local,data/raw/,
data/raw/morpho_full_window/shards/range_003139_494167376_494247376.jsonl,38610,EXCLUDE,gitignored_raw_cache_binary_or_local,data/raw/,
data/raw/morpho_full_window/shards/range_003140_494247376_494327376.jsonl,26488,EXCLUDE,gitignored_raw_cache_binary_or_local,data/raw/,
data/raw/morpho_full_window/shards/range_003141_494327376_494407376.jsonl,81348,EXCLUDE,gitignored_raw_cache_binary_or_local,data/raw/,
data/raw/morpho_full_window/shards/range_003142_494407376_494487376.jsonl,34879,EXCLUDE,gitignored_raw_cache_binary_or_local,data/raw/,
data/raw/morpho_full_window/shards/range_003143_494487376_494567376.jsonl,112459,EXCLUDE,gitignored_raw_cache_binary_or_local,data/raw/,
data/raw/morpho_full_window/shards/range_003144_494567376_494647376.jsonl,371006,EXCLUDE,gitignored_raw_cache_binary_or_local,data/raw/,
data/raw/morpho_full_window/shards/range_003145_494647376_494727376.jsonl,375439,EXCLUDE,gitignored_raw_cache_binary_or_local,data/raw/,
data/raw/morpho_full_window/shards/range_003146_494727376_494807376.jsonl,403045,EXCLUDE,gitignored_raw_cache_binary_or_local,data/raw/,
data/raw/morpho_full_window/shards/range_003147_494807376_494887376.jsonl,343548,EXCLUDE,gitignored_raw_cache_binary_or_local,data/raw/,
data/raw/morpho_full_window/shards/range_003148_494887376_494967376.jsonl,296071,EXCLUDE,gitignored_raw_cache_binary_or_local,data/raw/,
data/raw/morpho_full_window/shards/range_003149_494967376_495047376.jsonl,573996,EXCLUDE,gitignored_raw_cache_binary_or_local,data/raw/,
data/raw/morpho_full_window/shards/range_003150_495047376_495127376.jsonl,449116,EXCLUDE,gitignored_raw_cache_binary_or_local,data/raw/,
data/raw/morpho_full_window/shards/range_003151_495127376_495207376.jsonl,408181,EXCLUDE,gitignored_raw_cache_binary_or_local,data/raw/,
data/raw/morpho_full_window/shards/range_003152_495207376_495287376.jsonl,392721,EXCLUDE,gitignored_raw_cache_binary_or_local,data/raw/,
data/raw/morpho_full_window/shards/range_003153_495287376_495367376.jsonl,333191,EXCLUDE,gitignored_raw_cache_binary_or_local,data/raw/,
data/raw/morpho_full_window/shards/range_003154_495367376_495447376.jsonl,342648,EXCLUDE,gitignored_raw_cache_binary_or_local,data/raw/,
data/raw/morpho_full_window/shards/range_003155_495447376_495527376.jsonl,380335,EXCLUDE,gitignored_raw_cache_binary_or_local,data/raw/,
data/raw/morpho_full_window/shards/range_003156_495527376_495607376.jsonl,323894,EXCLUDE,gitignored_raw_cache_binary_or_local,data/raw/,
data/raw/morpho_full_window/shards/range_003157_495607376_495647034.jsonl,36379,EXCLUDE,gitignored_raw_cache_binary_or_local,data/raw/,
data/README.md,15452,INCLUDE,compact_code_document_or_reviewed_evidence,,cb4a0cb343989736faa0376e672374221dd6c81ec8ab80f91ac7c81c278e453f
data/release/phase8_headline_verification.json,4964,INCLUDE,compact_code_document_or_reviewed_evidence,,81d09a46ccca323d90e0e6c11fa7bb345bd295dba25ba95c8ff13c8106baf222
data/release/phase8_markdown_build.json,4169,INCLUDE,compact_code_document_or_reviewed_evidence,,92ca35513ea35bcca2191cb9f702c0a33cb3e5e3ac56e2cfab8ed6fca0b5b9c0
data/release/phase8_reproduction_qa.json,3758,INCLUDE,compact_code_document_or_reviewed_evidence,,4b4cd0b8e47a76868a5bc65d881714bd73490c05dc12508e42bd54f282f9bfa0
data/tmp/drip_morpho_scope_candidate/drip_morpho_epoch_campaigns.csv,11576,EXCLUDE,gitignored_raw_cache_binary_or_local,tmp/,
data/tmp/drip_morpho_scope_candidate/drip_morpho_markets.csv,9662,EXCLUDE,gitignored_raw_cache_binary_or_local,tmp/,
data/tmp/morpho_market_day_full_v1.sqlite,1878016000,EXCLUDE,gitignored_raw_cache_binary_or_local,tmp/,
data/tmp/morpho_phase3_archive_rpc.sqlite,30224384,EXCLUDE,gitignored_raw_cache_binary_or_local,tmp/,
data/tmp/morpho_phase3_archive_rpc.sqlite-shm,32768,EXCLUDE,gitignored_raw_cache_binary_or_local,tmp/,
data/tmp/morpho_phase3_archive_rpc.sqlite-wal,0,EXCLUDE,gitignored_raw_cache_binary_or_local,tmp/,
data/tmp/morpho_phase3_bounded_cache.sqlite,94208,EXCLUDE,gitignored_raw_cache_binary_or_local,tmp/,
data/tmp/morpho_phase3_one_position_rpc.sqlite,24576,EXCLUDE,gitignored_raw_cache_binary_or_local,tmp/,
data/tmp/morpho_phase4_market_day_prototype.sqlite,415236096,EXCLUDE,gitignored_raw_cache_binary_or_local,tmp/,
data/tmp/morpho_phase4_market_day_rpc.sqlite,36864,EXCLUDE,gitignored_raw_cache_binary_or_local,tmp/,
data/tmp/morpho_phase6_rpc_checkpoints_v1.sqlite,110592,EXCLUDE,gitignored_raw_cache_binary_or_local,tmp/,
data/tmp/morpho_phase7_boundary_cache_v1.sqlite,1495040,EXCLUDE,gitignored_raw_cache_binary_or_local,tmp/,
data/tmp/phase4_restore_qa.json,35283,EXCLUDE,gitignored_raw_cache_binary_or_local,tmp/,
data/tmp/phase4_restore_rpc_evidence.json,8049,EXCLUDE,gitignored_raw_cache_binary_or_local,tmp/,
data/tmp/phase4_restore_sample.csv,6676,EXCLUDE,gitignored_raw_cache_binary_or_local,tmp/,
data/tmp/phase8_markdown_preview/docs__HEADLINE_PROVENANCE.md.html,8345,EXCLUDE,gitignored_raw_cache_binary_or_local,tmp/,
data/tmp/phase8_markdown_preview/docs__RELEASE_CANDIDATE_QA.md.html,7334,EXCLUDE,gitignored_raw_cache_binary_or_local,tmp/,
data/tmp/phase8_markdown_preview/docs__RELEASE_CHECKLIST.md.html,4355,EXCLUDE,gitignored_raw_cache_binary_or_local,tmp/,
data/tmp/phase8_markdown_preview/docs__RELEASE_LIMITATIONS.md.html,4868,EXCLUDE,gitignored_raw_cache_binary_or_local,tmp/,
data/tmp/phase8_markdown_preview/docs__REPRODUCTION.md.html,9134,EXCLUDE,gitignored_raw_cache_binary_or_local,tmp/,
data/tmp/phase8_markdown_preview/docs__REVIEWER_BRIEF.md.html,5728,EXCLUDE,gitignored_raw_cache_binary_or_local,tmp/,
data/tmp/phase8_markdown_preview/README.md.html,616518,EXCLUDE,gitignored_raw_cache_binary_or_local,tmp/,
data/tmp/phase8_markdown_preview/reports__DISTRIBUTION_DRAFTS.md.html,3330,EXCLUDE,gitignored_raw_cache_binary_or_local,tmp/,
data/tmp/phase8_markdown_preview/reports__DRIP_LENDING_DEMAND_REPORT.md.html,5205,EXCLUDE,gitignored_raw_cache_binary_or_local,tmp/,
data/tmp/phase8_reproduction_20260903T184107147755Z/data/drip_morpho_eligibility_bridge.csv,133541,EXCLUDE,gitignored_raw_cache_binary_or_local,tmp/,
data/tmp/phase8_reproduction_20260903T184107147755Z/data/drip_morpho_markets.csv,9662,EXCLUDE,gitignored_raw_cache_binary_or_local,tmp/,
data/tmp/phase8_reproduction_20260903T184107147755Z/data/drip_morpho_scope_reproducibility_manifest.json,2344,EXCLUDE,gitignored_raw_cache_binary_or_local,tmp/,
data/tmp/phase8_reproduction_20260903T184107147755Z/data/morpho_market_day_full_qa.json,29992,EXCLUDE,gitignored_raw_cache_binary_or_local,tmp/,
data/tmp/phase8_reproduction_20260903T184107147755Z/data/morpho_phase7_analysis_manifest.json,3958,EXCLUDE,gitignored_raw_cache_binary_or_local,tmp/,
data/tmp/phase8_reproduction_20260903T184107147755Z/data/morpho_phase7_analysis_qa.json,8527,EXCLUDE,gitignored_raw_cache_binary_or_local,tmp/,
data/tmp/phase8_reproduction_20260903T184107147755Z/data/morpho_phase7_boundary_manifest.json,2459,EXCLUDE,gitignored_raw_cache_binary_or_local,tmp/,
data/tmp/phase8_reproduction_20260903T184107147755Z/data/morpho_phase7_boundary_map.csv,66463,EXCLUDE,gitignored_raw_cache_binary_or_local,tmp/,
data/tmp/phase8_reproduction_20260903T184107147755Z/data/morpho_phase7_boundary_map.json,239778,EXCLUDE,gitignored_raw_cache_binary_or_local,tmp/,
data/tmp/phase8_reproduction_20260903T184107147755Z/data/morpho_phase7_boundary_qa.json,3669,EXCLUDE,gitignored_raw_cache_binary_or_local,tmp/,
data/tmp/phase8_reproduction_20260903T184107147755Z/data/morpho_phase7_checkpoint_series.csv,491812,EXCLUDE,gitignored_raw_cache_binary_or_local,tmp/,
data/tmp/phase8_reproduction_20260903T184107147755Z/data/morpho_phase7_market_concentration.csv,26621,EXCLUDE,gitignored_raw_cache_binary_or_local,tmp/,
data/tmp/phase8_reproduction_20260903T184107147755Z/data/morpho_phase7_market_retained_uplift.csv,305276,EXCLUDE,gitignored_raw_cache_binary_or_local,tmp/,
data/tmp/phase8_reproduction_20260903T184107147755Z/data/morpho_phase7_period_flows.csv,58100,EXCLUDE,gitignored_raw_cache_binary_or_local,tmp/,
data/tmp/phase8_reproduction_20260903T184107147755Z/data/morpho_phase7_portfolio_retained_uplift.csv,56260,EXCLUDE,gitignored_raw_cache_binary_or_local,tmp/,
data/tmp/phase8_reproduction_20260903T184107147755Z/data/raw/drip_morpho_scope/merkl_opportunities_20260902T115959247853Z.json,1236207,EXCLUDE,gitignored_raw_cache_binary_or_local,tmp/,
data/tmp/phase8_reproduction_20260903T184107147755Z/data/tmp/morpho_market_day_full_v1.sqlite,1878016000,EXCLUDE,gitignored_raw_cache_binary_or_local,tmp/,
data/tmp/phase8_reproduction_20260903T184107147755Z/docs/METRICS.md,13310,EXCLUDE,gitignored_raw_cache_binary_or_local,tmp/,
data/tmp/phase8_reproduction_20260903T184107147755Z/figures/phase7_active_borrowers.png,49444,EXCLUDE,gitignored_raw_cache_binary_or_local,tmp/,
data/tmp/phase8_reproduction_20260903T184107147755Z/figures/phase7_archetype_borrowed_assets.png,108667,EXCLUDE,gitignored_raw_cache_binary_or_local,tmp/,
data/tmp/phase8_reproduction_20260903T184107147755Z/figures/phase7_borrowed_assets_checkpoints.png,78291,EXCLUDE,gitignored_raw_cache_binary_or_local,tmp/,
data/tmp/phase8_reproduction_20260903T184107147755Z/figures/phase7_debt_flow_decomposition.png,68492,EXCLUDE,gitignored_raw_cache_binary_or_local,tmp/,
data/tmp/phase8_reproduction_20260903T184107147755Z/figures/phase7_market_concentration.png,101743,EXCLUDE,gitignored_raw_cache_binary_or_local,tmp/,
data/tmp/phase8_reproduction_20260903T184107147755Z/figures/phase7_retained_uplift.png,48435,EXCLUDE,gitignored_raw_cache_binary_or_local,tmp/,
data/tmp/phase8_reproduction_20260903T184107147755Z/scripts/analyze_phase7_metrics.py,80568,EXCLUDE,gitignored_raw_cache_binary_or_local,tmp/,
data/tmp/rpc_feasibility_2025-07-09/checkpoint.json,872,EXCLUDE,gitignored_raw_cache_binary_or_local,tmp/,
data/tmp/rpc_feasibility_2025-07-09/errors.csv,492,EXCLUDE,gitignored_raw_cache_binary_or_local,tmp/,
data/tmp/rpc_feasibility_2025-07-09/gba_query.stderr.txt,0,EXCLUDE,gitignored_raw_cache_binary_or_local,tmp/,
data/tmp/rpc_feasibility_2025-07-09/gba_reference.csv,130,EXCLUDE,gitignored_raw_cache_binary_or_local,tmp/,
data/tmp/rpc_feasibility_2025-07-09/ranges.csv,501,EXCLUDE,gitignored_raw_cache_binary_or_local,tmp/,
data/tmp/rpc_feasibility_2025-07-09/rpc_logs.json,2,EXCLUDE,gitignored_raw_cache_binary_or_local,tmp/,
data/tmp/rpc_feasibility_2026-02-18/checkpoint.json,884,EXCLUDE,gitignored_raw_cache_binary_or_local,tmp/,
data/tmp/rpc_feasibility_2026-02-18/errors.csv,48,EXCLUDE,gitignored_raw_cache_binary_or_local,tmp/,
data/tmp/rpc_feasibility_2026-02-18/gba_query.stderr.txt,0,EXCLUDE,gitignored_raw_cache_binary_or_local,tmp/,
data/tmp/rpc_feasibility_2026-02-18/gba_reference.csv,3504843,EXCLUDE,gitignored_raw_cache_binary_or_local,tmp/,
data/tmp/rpc_feasibility_2026-02-18/ranges.csv,817,EXCLUDE,gitignored_raw_cache_binary_or_local,tmp/,
data/tmp/rpc_feasibility_2026-02-18/rpc_logs.json,4490224,EXCLUDE,gitignored_raw_cache_binary_or_local,tmp/,
data/tmp/rpc_feasibility_2026-02-18_resume/checkpoint.json,884,EXCLUDE,gitignored_raw_cache_binary_or_local,tmp/,
data/tmp/rpc_feasibility_2026-02-18_resume/errors.csv,643,EXCLUDE,gitignored_raw_cache_binary_or_local,tmp/,
data/tmp/rpc_feasibility_2026-02-18_resume/gba_reference.csv,3504843,EXCLUDE,gitignored_raw_cache_binary_or_local,tmp/,
data/tmp/rpc_feasibility_2026-02-18_resume/ranges.csv,817,EXCLUDE,gitignored_raw_cache_binary_or_local,tmp/,
data/tmp/rpc_feasibility_2026-02-18_resume/rpc_logs.json,4490224,EXCLUDE,gitignored_raw_cache_binary_or_local,tmp/,
data/tmp/rpc_feasibility_2026-02-18_shard_resume/errors.csv,48,EXCLUDE,gitignored_raw_cache_binary_or_local,tmp/,
data/tmp/rpc_feasibility_2026-02-18_shard_resume/gba_reference.csv,3504843,EXCLUDE,gitignored_raw_cache_binary_or_local,tmp/,
data/tmp/rpc_feasibility_2026-02-18_shard_resume/manifest.json,7330,EXCLUDE,gitignored_raw_cache_binary_or_local,tmp/,
data/tmp/rpc_feasibility_2026-02-18_shard_resume/shards/range_000001_433213243_433233243.jsonl,173265,EXCLUDE,gitignored_raw_cache_binary_or_local,tmp/,
data/tmp/rpc_feasibility_2026-02-18_shard_resume/shards/range_000002_433233243_433253243.jsonl,94052,EXCLUDE,gitignored_raw_cache_binary_or_local,tmp/,
data/tmp/rpc_feasibility_2026-02-18_shard_resume/shards/range_000003_433253243_433293243.jsonl,320147,EXCLUDE,gitignored_raw_cache_binary_or_local,tmp/,
data/tmp/rpc_feasibility_2026-02-18_shard_resume/shards/range_000004_433293243_433333243.jsonl,341582,EXCLUDE,gitignored_raw_cache_binary_or_local,tmp/,
data/tmp/rpc_feasibility_2026-02-18_shard_resume/shards/range_000005_433333243_433373243.jsonl,481612,EXCLUDE,gitignored_raw_cache_binary_or_local,tmp/,
data/tmp/rpc_feasibility_2026-02-18_shard_resume/shards/range_000006_433373243_433413243.jsonl,579203,EXCLUDE,gitignored_raw_cache_binary_or_local,tmp/,
data/tmp/rpc_feasibility_2026-02-18_shard_resume/shards/range_000007_433413243_433453243.jsonl,643741,EXCLUDE,gitignored_raw_cache_binary_or_local,tmp/,
data/tmp/rpc_feasibility_2026-02-18_shard_resume/shards/range_000008_433453243_433493243.jsonl,498233,EXCLUDE,gitignored_raw_cache_binary_or_local,tmp/,
data/tmp/rpc_feasibility_2026-02-18_shard_resume/shards/range_000009_433493243_433533243.jsonl,607929,EXCLUDE,gitignored_raw_cache_binary_or_local,tmp/,
data/tmp/rpc_feasibility_2026-02-18_shard_resume/shards/range_000010_433533243_433559875.jsonl,349903,EXCLUDE,gitignored_raw_cache_binary_or_local,tmp/,
data/tmp/rpc_feasibility_2026-08-17/checkpoint.json,884,EXCLUDE,gitignored_raw_cache_binary_or_local,tmp/,
data/tmp/rpc_feasibility_2026-08-17/errors.csv,501,EXCLUDE,gitignored_raw_cache_binary_or_local,tmp/,
data/tmp/rpc_feasibility_2026-08-17/gba_query.stderr.txt,0,EXCLUDE,gitignored_raw_cache_binary_or_local,tmp/,
data/tmp/rpc_feasibility_2026-08-17/gba_reference.csv,1162100,EXCLUDE,gitignored_raw_cache_binary_or_local,tmp/,
data/tmp/rpc_feasibility_2026-08-17/ranges.csv,811,EXCLUDE,gitignored_raw_cache_binary_or_local,tmp/,
data/tmp/rpc_feasibility_2026-08-17/rpc_logs.json,1485476,EXCLUDE,gitignored_raw_cache_binary_or_local,tmp/,
DECISIONS.md,44746,EXCLUDE,internal_tracker_or_checkpoint,,1fcba7f5eda41307a7a36bd0fec5a72f071dff8dd3556142ff3ecfb64a25c950
docs/DATA_QA.md,1957,INCLUDE,compact_code_document_or_reviewed_evidence,,eeb978bbbc740e53c49edef800a4acf47ed7f4370c29aa6744b22da0d613da91
docs/DRIP_MARKET_SCOPE.md,7739,INCLUDE,compact_code_document_or_reviewed_evidence,,7aedc0a6d94f0012b9f5d1965d9ef0601129ffd8cf764defea201a729e45e84e
docs/HEADLINE_PROVENANCE.md,5608,INCLUDE,compact_code_document_or_reviewed_evidence,,ef3a0bf789bb6e08a9260be1de6e5edd497183e7a88cba80f40816e69b9f11ea
docs/MARKET_DAY_FULL_QA.md,6544,INCLUDE,compact_code_document_or_reviewed_evidence,,12e66be654ed94e9d5b7ee047d58265a0452d106502a3cb328a6fd7753b330ac
docs/MARKET_DAY_PROTOTYPE.md,10773,INCLUDE,compact_code_document_or_reviewed_evidence,,1ae1fc060b8dd64a6b7a7de96eadab6f09e99f52fe2ba95cc89dd37a31c94051
docs/METRICS.md,13310,INCLUDE,compact_code_document_or_reviewed_evidence,,2774c0856ca66da4611523289a7e1c4da937ce208cad9799c2f008753eca2ba2
docs/MORPHO_ACCOUNTING_MODEL.md,15848,INCLUDE,compact_code_document_or_reviewed_evidence,,57c00094c892e4003842956c968f747e4570a18f5aa632cf2319e7e01aebec12
docs/MORPHO_EVENT_COVERAGE.md,10186,INCLUDE,compact_code_document_or_reviewed_evidence,,6b2e5a89b701c5f3779e8c320a94a39967723f1e81a5f474e003e1b506e28724
docs/MORPHO_FULL_WINDOW_RPC_QA.md,6983,INCLUDE,compact_code_document_or_reviewed_evidence,,4e97864dc261c0e266f282ac38c37feaa14cb935c536949c8c18fb3350cc2805
docs/MORPHO_ONE_POSITION_RECONSTRUCTION.md,8778,INCLUDE,compact_code_document_or_reviewed_evidence,,2bf542bffe2ca757cca4861dc6d156ae04003fee36611c67599fdfa03f137462
docs/MORPHO_RPC_APPEND_ONLY_RESUME.md,3833,INCLUDE,compact_code_document_or_reviewed_evidence,,e67dd5e60279e6fbc12d85d48d49c7404a257d4067b64b4797901ead7cf33245
docs/MORPHO_RPC_FEASIBILITY.md,6070,INCLUDE,compact_code_document_or_reviewed_evidence,,24a1e6f3311db64b0083d0338cd9f334c928832cf440e3d39204f2dab2a9615c
docs/MORPHO_RPC_STRATIFIED_PILOT.md,7446,INCLUDE,compact_code_document_or_reviewed_evidence,,4eb8ca972fb54a67c9ad9905a8b4304ffe0596e0a88d85c6499ca855536d3205
docs/PHASE4_MARKET_ARCHETYPES.md,5962,INCLUDE,compact_code_document_or_reviewed_evidence,,8295e754c915ee5c7aaa4baebcf325cfb890a2701d0b3ee2fa1f2eb0a82bb474
docs/PHASE6_PREFLIGHT.md,5597,INCLUDE,compact_code_document_or_reviewed_evidence,,79ce027f6334cdcf9f32e2c49b618628406760de254648aa9ab79395ef497795
docs/PHASE7_ANALYSIS_QA.md,7547,INCLUDE,compact_code_document_or_reviewed_evidence,,864f30a0f738cb839bf990f15f9c86fda28d4986e534a586e4cb11ef190402cf
docs/PHASE7_BOUNDARY_MAP.md,5726,INCLUDE,compact_code_document_or_reviewed_evidence,,6f2b83fb62de8cceedbc15d5a1e018584cacdc6dff802ced1d6a19f9f5e2b20f
docs/PROJECT_BRIEF.md,1940,INCLUDE,compact_code_document_or_reviewed_evidence,,883f7cdd2c168fb6d604d32b8a78c484e37705c8d032ba9c6591e5c1dc845307
docs/RELEASE_CANDIDATE_QA.md,5910,INCLUDE,compact_code_document_or_reviewed_evidence,,da9fe9b884b373e34ae9eb5dc4e75d8f265b5a5e4b95ee75b4cb2db53a9d62ca
docs/RELEASE_CHECKLIST.md,2645,INCLUDE,compact_code_document_or_reviewed_evidence,,abaf400abdac52699654113ddae83839767a3ff817f72ada4deffaa2cf4ff5d6
docs/RELEASE_LIMITATIONS.md,3811,INCLUDE,compact_code_document_or_reviewed_evidence,,c34201908a5b55cc1ef0e970d48ecff27aa1f89020b4440e7efda17c55043692
docs/REPRODUCTION.md,7184,INCLUDE,compact_code_document_or_reviewed_evidence,,e368effe8199db61a54b676762338f4b8807ec4abab02339c98f5f46f85d46f4
docs/REVIEWER_BRIEF.md,4408,INCLUDE,compact_code_document_or_reviewed_evidence,,908d0d7e0bd1b68712caefe70e360ce082c7b31fabff5968c002040f1140721c
docs/SOURCES.md,18856,INCLUDE,compact_code_document_or_reviewed_evidence,,27717469894f5aed0e5009eadf262e5d356fc5a9fc1b15938e58b36f19a4f9c8
figures/phase7_active_borrowers.png,49444,INCLUDE,compact_code_document_or_reviewed_evidence,,19b812d361889f0578580b7a0eea03e1261f1fba3cd3d71ba4ffacc4b91001d1
figures/phase7_archetype_borrowed_assets.png,108667,INCLUDE,compact_code_document_or_reviewed_evidence,,eb850ddfbac8d4180da96830c34afeedf09d9156936ef7ee8b55de73c96a8b24
figures/phase7_borrowed_assets_checkpoints.png,78291,INCLUDE,compact_code_document_or_reviewed_evidence,,0d9449e00e6cc8db8b161fddde6255e951f04dc8913bdb39e3b9c9ec4378fe89
figures/phase7_debt_flow_decomposition.png,68492,INCLUDE,compact_code_document_or_reviewed_evidence,,80176ae25d29168c69dffb22ff5112808b545e7366027a20f1661aad65d20172
figures/phase7_market_concentration.png,101743,INCLUDE,compact_code_document_or_reviewed_evidence,,b66df03d755257966cc5b1dd796809d6eef39a565b27b6acbdd930a82fdc14b9
figures/phase7_retained_uplift.png,48435,INCLUDE,compact_code_document_or_reviewed_evidence,,42802ffd49ae48d86a9c5f444d49a8137052374cc2be43d5e73cd0c7f393179c
figures/README.md,1161,INCLUDE,compact_code_document_or_reviewed_evidence,,e722b93787e9811729f9c605d5b2794dd5574f461fbe1e93526892721c74375e
FULL_WINDOW_CHECKPOINT.md,2043,EXCLUDE,absolute_local_path_pending_sanitization,,88ed9c3b336800d1c5ce34dbd423f58d62ae56273c2d1e2038c5615a85e1abe8
PHASE3_RPC_CACHE_HANDOFF.md,5328,EXCLUDE,internal_tracker_or_checkpoint,,2f4b0fc00beebe70e0b58dc5f0cc9de6091ce694c822867220755df6b76a5241
PHASE3_SELECTION_CHECKPOINT.md,4949,EXCLUDE,internal_tracker_or_checkpoint,,8d2ba762300972b14e3bae61bb318a55be161c3f739fabd0e2a5b868ceeb9a90
PHASE7_ANALYSIS_CHECKPOINT.md,3619,EXCLUDE,internal_tracker_or_checkpoint,,f02326cca67d6270006706e63b2b50f229c8e655ff32df8f1a6e43cdd330d313
PLAN.md,36781,EXCLUDE,internal_tracker_or_checkpoint,,71a584c5a302896edfb0b705cdd1c05cd42f7fe48ef05c1352d7fafd98514913
README.md,8087,INCLUDE,compact_code_document_or_reviewed_evidence,,10ece034e773f364fe475818c4977052b0cb81e48df4d220bc57add1a1fb2167
reports/DISTRIBUTION_DRAFTS.md,2338,INCLUDE,compact_code_document_or_reviewed_evidence,,b0569663049ccb05cdf91aa2985c1fe5d9fd1626458bd577006fdfbb066caf40
reports/DRIP_LENDING_DEMAND_REPORT.md,4095,INCLUDE,compact_code_document_or_reviewed_evidence,,c3c8ecea88bef8810f05bf628c168a101975ce70b1ee6728d1ef856f2939457b
reports/PHASE7_FINDINGS.md,7428,INCLUDE,compact_code_document_or_reviewed_evidence,,cadd00fdd5d8a92bd28b2fef7f994d1da4639335d8516d9bac61b0f0cd9a681b
reports/README.md,1162,INCLUDE,compact_code_document_or_reviewed_evidence,,9dad220fbf8487bab7c4b1e070cb2146b2f649450ea2a70fcc6f202f1b612b4f
requirements-release.txt,107,INCLUDE,compact_code_document_or_reviewed_evidence,,e2dd9b73418a479cc13fd2485d0f327c5469e29f74fe22d30cd63925fe335eb4
scripts/__pycache__/analyze_phase7_metrics.cpython-312.pyc,106029,EXCLUDE,gitignored_raw_cache_binary_or_local,*.py[cod],
scripts/__pycache__/build_morpho_market_day_full.cpython-314.pyc,60578,EXCLUDE,gitignored_raw_cache_binary_or_local,*.py[cod],
scripts/__pycache__/build_morpho_market_day_prototype.cpython-314.pyc,58970,EXCLUDE,gitignored_raw_cache_binary_or_local,*.py[cod],
scripts/__pycache__/build_phase7_frozen_boundaries.cpython-312.pyc,69805,EXCLUDE,gitignored_raw_cache_binary_or_local,*.py[cod],
scripts/__pycache__/extract_drip_morpho_scope.cpython-314.pyc,31700,EXCLUDE,gitignored_raw_cache_binary_or_local,*.py[cod],
scripts/__pycache__/morpho_archive_rpc_cache.cpython-314.pyc,30670,EXCLUDE,gitignored_raw_cache_binary_or_local,*.py[cod],
scripts/__pycache__/prepare_morpho_bounded_candidates.cpython-314.pyc,10236,EXCLUDE,gitignored_raw_cache_binary_or_local,*.py[cod],
scripts/__pycache__/prepare_phase6_preflight.cpython-314.pyc,29835,EXCLUDE,gitignored_raw_cache_binary_or_local,*.py[cod],
scripts/__pycache__/qa_morpho_full_window.cpython-314.pyc,30023,EXCLUDE,gitignored_raw_cache_binary_or_local,*.py[cod],
scripts/__pycache__/reconstruct_morpho_one_position.cpython-314.pyc,64961,EXCLUDE,gitignored_raw_cache_binary_or_local,*.py[cod],
scripts/__pycache__/review_phase7_headlines.cpython-312.pyc,18488,EXCLUDE,gitignored_raw_cache_binary_or_local,*.py[cod],
scripts/__pycache__/select_morpho_one_position.cpython-314.pyc,68464,EXCLUDE,gitignored_raw_cache_binary_or_local,*.py[cod],
scripts/__pycache__/test_morpho_archive_rpc_cache.cpython-314.pyc,15398,EXCLUDE,gitignored_raw_cache_binary_or_local,*.py[cod],
scripts/analyze_phase7_metrics.py,80568,EXCLUDE,absolute_local_path_pending_sanitization,,de4924a97c4b8beccdfdba6b6e3d327dce36c3d9dc5ca6515d2ab478fead2712
scripts/build_morpho_market_day_full.py,44634,INCLUDE,compact_code_document_or_reviewed_evidence,,fb7fc737cb954fab1dae7621c008c6c5edb9656352499257b2e908fa7b18eb36
scripts/build_morpho_market_day_prototype.py,40738,INCLUDE,compact_code_document_or_reviewed_evidence,,a298a1f2e00f9751dbf89be4e9b3dac4c89a074f31fd4bcab13e383954fa9c45
scripts/build_phase7_frozen_boundaries.py,54538,INCLUDE,compact_code_document_or_reviewed_evidence,,70aba65954308eb5bbea83434e2b2ea339024e53e317b79617f5f93afa4e427c
scripts/build_release_preview.cjs,4322,INCLUDE,compact_code_document_or_reviewed_evidence,,b39057ced8c431332c0f66ece9e17a36d28337ec2a3a2375a89b3a6d8b4cbe19
scripts/extract_drip_morpho_scope.py,21644,INCLUDE,compact_code_document_or_reviewed_evidence,,2373752ef88507b8141a81cfe832b647660bc53d78e6fd50d622aeb6f6e891cc
scripts/morpho_archive_rpc_cache.py,20342,INCLUDE,compact_code_document_or_reviewed_evidence,,d12ec44f02dab89572b9865cbf5eb0b1388b81b49af216fe6f1f068a1e7874bf
scripts/preflight_phase8_release.py,10995,INCLUDE,compact_code_document_or_reviewed_evidence,,2e5f5ae9b17472976f80c86b79c496535236c67353dadc414d22087ac6b2d618
scripts/prepare_morpho_bounded_candidates.py,7638,INCLUDE,compact_code_document_or_reviewed_evidence,,205352964421fff48c47eb65b705589d9a0cc2e117adc94051760a77c9f3a237
scripts/prepare_phase6_preflight.py,21477,INCLUDE,compact_code_document_or_reviewed_evidence,,da7a4b2b5e64696e7f2e3aa0419c226eb788b8abc6e48e79a24e96d2bcb3c400
scripts/qa_morpho_full_window.py,25102,INCLUDE,compact_code_document_or_reviewed_evidence,,013fdaebf5e352c84b9bb6424be4a7c6c1258da77a47f95d1bbbdcfa61b10136
scripts/README.md,9128,INCLUDE,compact_code_document_or_reviewed_evidence,,708977bfefdf49f5aca8f88bd4ea4f6ae1a3b6e054985255e60f9ce35e5b9cae
scripts/reconstruct_morpho_one_position.py,47499,INCLUDE,compact_code_document_or_reviewed_evidence,,46b092a716c48cbb801fd7e94b8221ef48bb3904081912a914a0bec53aa04299
scripts/reproduce_phase7_isolated.py,4493,INCLUDE,compact_code_document_or_reviewed_evidence,,25511fffda565009a768646eaa96fc563583561b0579eb60887080eaf52b2fd8
scripts/review_phase7_headlines.py,12137,INCLUDE,compact_code_document_or_reviewed_evidence,,d22d7c4a177c5066de64133a6e53ee13fe76d34e429fc4c2ee1289ed02b263cf
scripts/rpc_morpho_event_feasibility.ps1,39726,INCLUDE,compact_code_document_or_reviewed_evidence,,44e9874accda6ea2ce69bda4ea92214ea006ca5cc1742cdcd1d674be6f6e8e86
scripts/rpc_morpho_full_window.ps1,29442,INCLUDE,compact_code_document_or_reviewed_evidence,,e97fde9ccf6427446d352f13cb043274642e27494aff34df1553f8c837924200
scripts/select_morpho_one_position.py,48034,INCLUDE,compact_code_document_or_reviewed_evidence,,e3afac8813c5e39e28a5639ab0acf2866943c385600ba1e3152bf637732ee583
scripts/test_morpho_archive_rpc_cache.py,7110,INCLUDE,compact_code_document_or_reviewed_evidence,,53566bcd6c2f914f3c159018e64c51ec93150ca643f041c957151da6724c814b
sql/00_feasibility_morpho_event_coverage.sql,15006,INCLUDE,compact_code_document_or_reviewed_evidence,,10e3aef8bedb705da47ae95477f136fc98f7e0e3b70344e466fc6c1bc847b7c0
sql/01_feasibility_one_position.sql,13906,INCLUDE,compact_code_document_or_reviewed_evidence,,53e8a5dcb2cfcdac442dd4eeaa81510988cda003f31c62b43007f03d7e504e3f
sql/01_rpc_feasibility_gba_reference.sql,6099,INCLUDE,compact_code_document_or_reviewed_evidence,,65c8e121539a829c9ed1d252437064df082c992f1f1eceed7ec866c28a7554ed
sql/02_rpc_stratified_gba_reference.sql,6216,INCLUDE,compact_code_document_or_reviewed_evidence,,c42d4c9a2186598d299545512b569447683f814be63d1170148f69cd88c4e341
sql/10_market_day_prototype.sql,11895,INCLUDE,compact_code_document_or_reviewed_evidence,,c989c4d9985785c53ce8dfa6006d5898e5d64348e946f22e08ccbc15c3be035f
sql/20_market_day_full.sql,2837,INCLUDE,compact_code_document_or_reviewed_evidence,,9fafe1c722b1b79cf9aea540eb2f807983216d3bc2757da0242bd6ba0e05cf89
sql/90_qa_market_day_full.sql,5451,INCLUDE,compact_code_document_or_reviewed_evidence,,c4346a5fe77e4a48501990baf453cbb9d591fbd8e149d74b2e9e6130a395ae05
sql/90_qa_market_day_prototype.sql,16893,INCLUDE,compact_code_document_or_reviewed_evidence,,ff43c5ce72aac30052e766db635770f3e69c1cb285ba8db8ee5c79c4197e5272
sql/README.md,1938,INCLUDE,compact_code_document_or_reviewed_evidence,,d74a4a79834084f64510a24ccba3cd29df2b300fde6815297d7c1b3210a4fc66
STATUS.md,45165,EXCLUDE,internal_tracker_or_checkpoint,,bf92f94b813a0f257f32aa38389d84b9d332626c3641148be8403f934cfd45af
TASKS.md,1518,EXCLUDE,internal_tracker_or_checkpoint,,6f846702ffde5a4da6dee61c4b57c0cb42ce01ab5198439f741c326f570155d4
