market_id,epoch,side,epoch_start_utc,epoch_end_utc,loan_symbol,loan_address,collateral_symbol,collateral_address,lltv_1e18,eligibility_mode,shared_pool_eligible,dedicated_market_eligible,shared_campaign_db_id,dedicated_campaign_db_id,dedicated_market_allocation_arb
0x06a5954e8222a1f4719934d370ac558b657c6a5321d6cae615127b6596d10d32,1,borrow,2025-09-03T13:00:00Z,2025-09-17T13:00:00Z,USDC,0xaf88d065e77c8cc2239327c5edb3a432268e5831,wstUSR,0x66cfbd79257dc5217903a36293120282548e2254,915000000000000000,shared_market_pool,1,0,303609946611817849,,
0x06a5954e8222a1f4719934d370ac558b657c6a5321d6cae615127b6596d10d32,1,supply,2025-09-03T13:00:00Z,2025-09-17T13:00:00Z,USDC,0xaf88d065e77c8cc2239327c5edb3a432268e5831,wstUSR,0x66cfbd79257dc5217903a36293120282548e2254,915000000000000000,shared_market_pool,1,0,18214077999762913454,,
0x06a5954e8222a1f4719934d370ac558b657c6a5321d6cae615127b6596d10d32,2,borrow,2025-09-17T13:00:00Z,2025-10-01T13:00:00Z,USDC,0xaf88d065e77c8cc2239327c5edb3a432268e5831,wstUSR,0x66cfbd79257dc5217903a36293120282548e2254,915000000000000000,shared_market_pool,1,0,375214974642195408,,
0x06a5954e8222a1f4719934d370ac558b657c6a5321d6cae615127b6596d10d32,2,supply,2025-09-17T13:00:00Z,2025-10-01T13:00:00Z,USDC,0xaf88d065e77c8cc2239327c5edb3a432268e5831,wstUSR,0x66cfbd79257dc5217903a36293120282548e2254,915000000000000000,shared_market_pool,1,0,5414838473121375382,,
0x06a5954e8222a1f4719934d370ac558b657c6a5321d6cae615127b6596d10d32,3,borrow,2025-10-01T13:00:00Z,2025-10-15T13:00:00Z,USDC,0xaf88d065e77c8cc2239327c5edb3a432268e5831,wstUSR,0x66cfbd79257dc5217903a36293120282548e2254,915000000000000000,shared_market_pool,1,0,17137598212722994375,,
0x06a5954e8222a1f4719934d370ac558b657c6a5321d6cae615127b6596d10d32,3,supply,2025-10-01T13:00:00Z,2025-10-15T13:00:00Z,USDC,0xaf88d065e77c8cc2239327c5edb3a432268e5831,wstUSR,0x66cfbd79257dc5217903a36293120282548e2254,915000000000000000,shared_market_pool,1,0,7035763710649696845,,
0x06a5954e8222a1f4719934d370ac558b657c6a5321d6cae615127b6596d10d32,4,borrow,2025-10-15T13:00:00Z,2025-10-29T13:00:00Z,USDC,0xaf88d065e77c8cc2239327c5edb3a432268e5831,wstUSR,0x66cfbd79257dc5217903a36293120282548e2254,915000000000000000,shared_market_pool,1,0,6654923927173484081,,
0x06a5954e8222a1f4719934d370ac558b657c6a5321d6cae615127b6596d10d32,4,supply,2025-10-15T13:00:00Z,2025-10-29T13:00:00Z,USDC,0xaf88d065e77c8cc2239327c5edb3a432268e5831,wstUSR,0x66cfbd79257dc5217903a36293120282548e2254,915000000000000000,shared_market_pool,1,0,16150703777321717055,,
0x06a5954e8222a1f4719934d370ac558b657c6a5321d6cae615127b6596d10d32,5,borrow,2025-10-29T13:00:00Z,2025-11-12T13:00:00Z,USDC,0xaf88d065e77c8cc2239327c5edb3a432268e5831,wstUSR,0x66cfbd79257dc5217903a36293120282548e2254,915000000000000000,shared_market_pool,1,0,865602104468975376,,
0x06a5954e8222a1f4719934d370ac558b657c6a5321d6cae615127b6596d10d32,5,supply,2025-10-29T13:00:00Z,2025-11-12T13:00:00Z,USDC,0xaf88d065e77c8cc2239327c5edb3a432268e5831,wstUSR,0x66cfbd79257dc5217903a36293120282548e2254,915000000000000000,shared_market_pool,1,0,11054087518202090923,,
0x06a5954e8222a1f4719934d370ac558b657c6a5321d6cae615127b6596d10d32,6,borrow,2025-11-12T13:00:00Z,2025-11-26T13:00:00Z,USDC,0xaf88d065e77c8cc2239327c5edb3a432268e5831,wstUSR,0x66cfbd79257dc5217903a36293120282548e2254,915000000000000000,shared_market_pool,1,0,9740198745351917553,,
0x06a5954e8222a1f4719934d370ac558b657c6a5321d6cae615127b6596d10d32,6,supply,2025-11-12T13:00:00Z,2025-11-26T13:00:00Z,USDC,0xaf88d065e77c8cc2239327c5edb3a432268e5831,wstUSR,0x66cfbd79257dc5217903a36293120282548e2254,915000000000000000,shared_market_pool,1,0,16371896546455148731,,
0x06a5954e8222a1f4719934d370ac558b657c6a5321d6cae615127b6596d10d32,7,borrow,2025-11-26T13:00:00Z,2025-12-10T13:00:00Z,USDC,0xaf88d065e77c8cc2239327c5edb3a432268e5831,wstUSR,0x66cfbd79257dc5217903a36293120282548e2254,915000000000000000,shared_market_pool,1,0,14844593645084346657,,
0x06a5954e8222a1f4719934d370ac558b657c6a5321d6cae615127b6596d10d32,7,supply,2025-11-26T13:00:00Z,2025-12-10T13:00:00Z,USDC,0xaf88d065e77c8cc2239327c5edb3a432268e5831,wstUSR,0x66cfbd79257dc5217903a36293120282548e2254,915000000000000000,shared_market_pool,1,0,1453975958288072887,,
0x06a5954e8222a1f4719934d370ac558b657c6a5321d6cae615127b6596d10d32,8,borrow,2025-12-10T13:00:00Z,2025-12-24T13:00:00Z,USDC,0xaf88d065e77c8cc2239327c5edb3a432268e5831,wstUSR,0x66cfbd79257dc5217903a36293120282548e2254,915000000000000000,shared_market_pool,1,0,2424983120607151158,,
0x06a5954e8222a1f4719934d370ac558b657c6a5321d6cae615127b6596d10d32,8,supply,2025-12-10T13:00:00Z,2025-12-24T13:00:00Z,USDC,0xaf88d065e77c8cc2239327c5edb3a432268e5831,wstUSR,0x66cfbd79257dc5217903a36293120282548e2254,915000000000000000,shared_market_pool,1,0,1695825053467459259,,
0x06a5954e8222a1f4719934d370ac558b657c6a5321d6cae615127b6596d10d32,9,borrow,2025-12-24T13:00:00Z,2026-01-07T13:00:00Z,USDC,0xaf88d065e77c8cc2239327c5edb3a432268e5831,wstUSR,0x66cfbd79257dc5217903a36293120282548e2254,915000000000000000,shared_market_pool,1,0,12482204345182185278,,
0x06a5954e8222a1f4719934d370ac558b657c6a5321d6cae615127b6596d10d32,9,supply,2025-12-24T13:00:00Z,2026-01-07T13:00:00Z,USDC,0xaf88d065e77c8cc2239327c5edb3a432268e5831,wstUSR,0x66cfbd79257dc5217903a36293120282548e2254,915000000000000000,shared_market_pool,1,0,2173420697471906676,,
0x06a5954e8222a1f4719934d370ac558b657c6a5321d6cae615127b6596d10d32,10,supply,2026-01-07T13:00:00Z,2026-01-21T13:00:00Z,USDC,0xaf88d065e77c8cc2239327c5edb3a432268e5831,wstUSR,0x66cfbd79257dc5217903a36293120282548e2254,915000000000000000,shared_market_pool,1,0,787173404906941585,,
0x06a5954e8222a1f4719934d370ac558b657c6a5321d6cae615127b6596d10d32,11,supply,2026-01-21T13:00:00Z,2026-02-04T13:00:00Z,USDC,0xaf88d065e77c8cc2239327c5edb3a432268e5831,wstUSR,0x66cfbd79257dc5217903a36293120282548e2254,915000000000000000,shared_market_pool,1,0,9226587987773725264,,
0x06a5954e8222a1f4719934d370ac558b657c6a5321d6cae615127b6596d10d32,12,supply,2026-02-04T13:00:00Z,2026-02-18T13:00:00Z,USDC,0xaf88d065e77c8cc2239327c5edb3a432268e5831,wstUSR,0x66cfbd79257dc5217903a36293120282548e2254,915000000000000000,shared_market_pool,1,0,12959691339003126968,,
0x090ff0cd57a258b342c870691a180bb79691e97b31ddda2b7cdd4b5a362c3cca,9,borrow,2025-12-24T13:00:00Z,2026-01-07T13:00:00Z,USD₮0,0xfd086bc7cd5c481dcc9c85ebe478a1c0b69fcbb9,PT-USDai-19FEB2026,0x5b2c615e22272234aacf187632a0531ca1243279,915000000000000000,shared_market_pool,1,0,9082969400500464754,,
0x090ff0cd57a258b342c870691a180bb79691e97b31ddda2b7cdd4b5a362c3cca,10,borrow,2026-01-07T13:00:00Z,2026-01-21T13:00:00Z,USD₮0,0xfd086bc7cd5c481dcc9c85ebe478a1c0b69fcbb9,PT-USDai-19FEB2026,0x5b2c615e22272234aacf187632a0531ca1243279,915000000000000000,shared_market_pool,1,0,3294927492158074606,,
0x090ff0cd57a258b342c870691a180bb79691e97b31ddda2b7cdd4b5a362c3cca,11,borrow,2026-01-21T13:00:00Z,2026-02-04T13:00:00Z,USD₮0,0xfd086bc7cd5c481dcc9c85ebe478a1c0b69fcbb9,PT-USDai-19FEB2026,0x5b2c615e22272234aacf187632a0531ca1243279,915000000000000000,shared_market_pool,1,0,165940246193060100,,
0x090ff0cd57a258b342c870691a180bb79691e97b31ddda2b7cdd4b5a362c3cca,12,borrow,2026-02-04T13:00:00Z,2026-02-18T13:00:00Z,USD₮0,0xfd086bc7cd5c481dcc9c85ebe478a1c0b69fcbb9,PT-USDai-19FEB2026,0x5b2c615e22272234aacf187632a0531ca1243279,915000000000000000,shared_market_pool,1,0,13473045056384107541,,
0x11d3bca0d1a9af8bf2982ef802f2971cf86043df1b31a044cacb35a8048156c6,10,supply,2026-01-07T13:00:00Z,2026-01-21T13:00:00Z,USDC,0xaf88d065e77c8cc2239327c5edb3a432268e5831,wsrUSD,0x4809010926aec940b550d34a46a52739f996d75d,915000000000000000,shared_market_pool,1,0,787173404906941585,,
0x11d3bca0d1a9af8bf2982ef802f2971cf86043df1b31a044cacb35a8048156c6,11,supply,2026-01-21T13:00:00Z,2026-02-04T13:00:00Z,USDC,0xaf88d065e77c8cc2239327c5edb3a432268e5831,wsrUSD,0x4809010926aec940b550d34a46a52739f996d75d,915000000000000000,shared_market_pool,1,0,9226587987773725264,,
0x11d3bca0d1a9af8bf2982ef802f2971cf86043df1b31a044cacb35a8048156c6,12,supply,2026-02-04T13:00:00Z,2026-02-18T13:00:00Z,USDC,0xaf88d065e77c8cc2239327c5edb3a432268e5831,wsrUSD,0x4809010926aec940b550d34a46a52739f996d75d,915000000000000000,shared_market_pool,1,0,12959691339003126968,,
0x14982da64b67967ef3a70c2f3b7d05518f7dd4ba98d850c40c46618c75059a64,4,borrow,2025-10-15T13:00:00Z,2025-10-29T13:00:00Z,USDC,0xaf88d065e77c8cc2239327c5edb3a432268e5831,GLV [WETH-USDC],0x528a5bac7e746c9a509a1f4f6df58a03d44279f9,770000000000000000,shared_market_pool,1,0,6654923927173484081,,
0x14982da64b67967ef3a70c2f3b7d05518f7dd4ba98d850c40c46618c75059a64,4,supply,2025-10-15T13:00:00Z,2025-10-29T13:00:00Z,USDC,0xaf88d065e77c8cc2239327c5edb3a432268e5831,GLV [WETH-USDC],0x528a5bac7e746c9a509a1f4f6df58a03d44279f9,770000000000000000,shared_market_pool,1,0,16150703777321717055,,
0x14982da64b67967ef3a70c2f3b7d05518f7dd4ba98d850c40c46618c75059a64,5,borrow,2025-10-29T13:00:00Z,2025-11-12T13:00:00Z,USDC,0xaf88d065e77c8cc2239327c5edb3a432268e5831,GLV [WETH-USDC],0x528a5bac7e746c9a509a1f4f6df58a03d44279f9,770000000000000000,shared_market_pool,1,0,865602104468975376,,
0x14982da64b67967ef3a70c2f3b7d05518f7dd4ba98d850c40c46618c75059a64,5,supply,2025-10-29T13:00:00Z,2025-11-12T13:00:00Z,USDC,0xaf88d065e77c8cc2239327c5edb3a432268e5831,GLV [WETH-USDC],0x528a5bac7e746c9a509a1f4f6df58a03d44279f9,770000000000000000,shared_market_pool,1,0,11054087518202090923,,
0x14982da64b67967ef3a70c2f3b7d05518f7dd4ba98d850c40c46618c75059a64,6,borrow,2025-11-12T13:00:00Z,2025-11-26T13:00:00Z,USDC,0xaf88d065e77c8cc2239327c5edb3a432268e5831,GLV [WETH-USDC],0x528a5bac7e746c9a509a1f4f6df58a03d44279f9,770000000000000000,shared_market_pool,1,0,9740198745351917553,,
0x14982da64b67967ef3a70c2f3b7d05518f7dd4ba98d850c40c46618c75059a64,6,supply,2025-11-12T13:00:00Z,2025-11-26T13:00:00Z,USDC,0xaf88d065e77c8cc2239327c5edb3a432268e5831,GLV [WETH-USDC],0x528a5bac7e746c9a509a1f4f6df58a03d44279f9,770000000000000000,shared_market_pool,1,0,16371896546455148731,,
0x14982da64b67967ef3a70c2f3b7d05518f7dd4ba98d850c40c46618c75059a64,7,borrow,2025-11-26T13:00:00Z,2025-12-10T13:00:00Z,USDC,0xaf88d065e77c8cc2239327c5edb3a432268e5831,GLV [WETH-USDC],0x528a5bac7e746c9a509a1f4f6df58a03d44279f9,770000000000000000,shared_market_pool,1,0,14844593645084346657,,
0x14982da64b67967ef3a70c2f3b7d05518f7dd4ba98d850c40c46618c75059a64,7,supply,2025-11-26T13:00:00Z,2025-12-10T13:00:00Z,USDC,0xaf88d065e77c8cc2239327c5edb3a432268e5831,GLV [WETH-USDC],0x528a5bac7e746c9a509a1f4f6df58a03d44279f9,770000000000000000,shared_market_pool,1,0,1453975958288072887,,
0x14982da64b67967ef3a70c2f3b7d05518f7dd4ba98d850c40c46618c75059a64,8,borrow,2025-12-10T13:00:00Z,2025-12-24T13:00:00Z,USDC,0xaf88d065e77c8cc2239327c5edb3a432268e5831,GLV [WETH-USDC],0x528a5bac7e746c9a509a1f4f6df58a03d44279f9,770000000000000000,shared_market_pool,1,0,2424983120607151158,,
0x14982da64b67967ef3a70c2f3b7d05518f7dd4ba98d850c40c46618c75059a64,8,supply,2025-12-10T13:00:00Z,2025-12-24T13:00:00Z,USDC,0xaf88d065e77c8cc2239327c5edb3a432268e5831,GLV [WETH-USDC],0x528a5bac7e746c9a509a1f4f6df58a03d44279f9,770000000000000000,shared_market_pool,1,0,1695825053467459259,,
0x14982da64b67967ef3a70c2f3b7d05518f7dd4ba98d850c40c46618c75059a64,9,borrow,2025-12-24T13:00:00Z,2026-01-07T13:00:00Z,USDC,0xaf88d065e77c8cc2239327c5edb3a432268e5831,GLV [WETH-USDC],0x528a5bac7e746c9a509a1f4f6df58a03d44279f9,770000000000000000,shared_market_pool,1,0,12482204345182185278,,
0x14982da64b67967ef3a70c2f3b7d05518f7dd4ba98d850c40c46618c75059a64,9,supply,2025-12-24T13:00:00Z,2026-01-07T13:00:00Z,USDC,0xaf88d065e77c8cc2239327c5edb3a432268e5831,GLV [WETH-USDC],0x528a5bac7e746c9a509a1f4f6df58a03d44279f9,770000000000000000,shared_market_pool,1,0,2173420697471906676,,
0x14982da64b67967ef3a70c2f3b7d05518f7dd4ba98d850c40c46618c75059a64,10,supply,2026-01-07T13:00:00Z,2026-01-21T13:00:00Z,USDC,0xaf88d065e77c8cc2239327c5edb3a432268e5831,GLV [WETH-USDC],0x528a5bac7e746c9a509a1f4f6df58a03d44279f9,770000000000000000,shared_market_pool,1,0,787173404906941585,,
0x14982da64b67967ef3a70c2f3b7d05518f7dd4ba98d850c40c46618c75059a64,11,supply,2026-01-21T13:00:00Z,2026-02-04T13:00:00Z,USDC,0xaf88d065e77c8cc2239327c5edb3a432268e5831,GLV [WETH-USDC],0x528a5bac7e746c9a509a1f4f6df58a03d44279f9,770000000000000000,shared_market_pool,1,0,9226587987773725264,,
0x14982da64b67967ef3a70c2f3b7d05518f7dd4ba98d850c40c46618c75059a64,12,supply,2026-02-04T13:00:00Z,2026-02-18T13:00:00Z,USDC,0xaf88d065e77c8cc2239327c5edb3a432268e5831,GLV [WETH-USDC],0x528a5bac7e746c9a509a1f4f6df58a03d44279f9,770000000000000000,shared_market_pool,1,0,12959691339003126968,,
0x1a926ab8add08dca634f8d6cecd8c866e166a4affc65801beda9f239d21b622a,1,borrow,2025-09-03T13:00:00Z,2025-09-17T13:00:00Z,USDC,0xaf88d065e77c8cc2239327c5edb3a432268e5831,GM,0x70d95587d40a2caf56bd97485ab3eec10bee6336,770000000000000000,shared_market_pool,1,0,303609946611817849,,
0x1a926ab8add08dca634f8d6cecd8c866e166a4affc65801beda9f239d21b622a,1,supply,2025-09-03T13:00:00Z,2025-09-17T13:00:00Z,USDC,0xaf88d065e77c8cc2239327c5edb3a432268e5831,GM,0x70d95587d40a2caf56bd97485ab3eec10bee6336,770000000000000000,shared_market_pool,1,0,18214077999762913454,,
0x1a926ab8add08dca634f8d6cecd8c866e166a4affc65801beda9f239d21b622a,2,borrow,2025-09-17T13:00:00Z,2025-10-01T13:00:00Z,USDC,0xaf88d065e77c8cc2239327c5edb3a432268e5831,GM,0x70d95587d40a2caf56bd97485ab3eec10bee6336,770000000000000000,shared_market_pool,1,0,375214974642195408,,
0x1a926ab8add08dca634f8d6cecd8c866e166a4affc65801beda9f239d21b622a,2,supply,2025-09-17T13:00:00Z,2025-10-01T13:00:00Z,USDC,0xaf88d065e77c8cc2239327c5edb3a432268e5831,GM,0x70d95587d40a2caf56bd97485ab3eec10bee6336,770000000000000000,shared_market_pool,1,0,5414838473121375382,,
0x1a926ab8add08dca634f8d6cecd8c866e166a4affc65801beda9f239d21b622a,3,borrow,2025-10-01T13:00:00Z,2025-10-15T13:00:00Z,USDC,0xaf88d065e77c8cc2239327c5edb3a432268e5831,GM,0x70d95587d40a2caf56bd97485ab3eec10bee6336,770000000000000000,shared_market_pool,1,0,17137598212722994375,,
0x1a926ab8add08dca634f8d6cecd8c866e166a4affc65801beda9f239d21b622a,3,supply,2025-10-01T13:00:00Z,2025-10-15T13:00:00Z,USDC,0xaf88d065e77c8cc2239327c5edb3a432268e5831,GM,0x70d95587d40a2caf56bd97485ab3eec10bee6336,770000000000000000,shared_market_pool,1,0,7035763710649696845,,
0x1a926ab8add08dca634f8d6cecd8c866e166a4affc65801beda9f239d21b622a,4,borrow,2025-10-15T13:00:00Z,2025-10-29T13:00:00Z,USDC,0xaf88d065e77c8cc2239327c5edb3a432268e5831,GM,0x70d95587d40a2caf56bd97485ab3eec10bee6336,770000000000000000,shared_market_pool,1,0,6654923927173484081,,
0x1a926ab8add08dca634f8d6cecd8c866e166a4affc65801beda9f239d21b622a,4,supply,2025-10-15T13:00:00Z,2025-10-29T13:00:00Z,USDC,0xaf88d065e77c8cc2239327c5edb3a432268e5831,GM,0x70d95587d40a2caf56bd97485ab3eec10bee6336,770000000000000000,shared_market_pool,1,0,16150703777321717055,,
0x1a926ab8add08dca634f8d6cecd8c866e166a4affc65801beda9f239d21b622a,5,borrow,2025-10-29T13:00:00Z,2025-11-12T13:00:00Z,USDC,0xaf88d065e77c8cc2239327c5edb3a432268e5831,GM,0x70d95587d40a2caf56bd97485ab3eec10bee6336,770000000000000000,shared_market_pool,1,0,865602104468975376,,
0x1a926ab8add08dca634f8d6cecd8c866e166a4affc65801beda9f239d21b622a,5,supply,2025-10-29T13:00:00Z,2025-11-12T13:00:00Z,USDC,0xaf88d065e77c8cc2239327c5edb3a432268e5831,GM,0x70d95587d40a2caf56bd97485ab3eec10bee6336,770000000000000000,shared_market_pool,1,0,11054087518202090923,,
0x1a926ab8add08dca634f8d6cecd8c866e166a4affc65801beda9f239d21b622a,6,borrow,2025-11-12T13:00:00Z,2025-11-26T13:00:00Z,USDC,0xaf88d065e77c8cc2239327c5edb3a432268e5831,GM,0x70d95587d40a2caf56bd97485ab3eec10bee6336,770000000000000000,shared_market_pool,1,0,9740198745351917553,,
0x1a926ab8add08dca634f8d6cecd8c866e166a4affc65801beda9f239d21b622a,6,supply,2025-11-12T13:00:00Z,2025-11-26T13:00:00Z,USDC,0xaf88d065e77c8cc2239327c5edb3a432268e5831,GM,0x70d95587d40a2caf56bd97485ab3eec10bee6336,770000000000000000,shared_market_pool,1,0,16371896546455148731,,
0x1a926ab8add08dca634f8d6cecd8c866e166a4affc65801beda9f239d21b622a,7,borrow,2025-11-26T13:00:00Z,2025-12-10T13:00:00Z,USDC,0xaf88d065e77c8cc2239327c5edb3a432268e5831,GM,0x70d95587d40a2caf56bd97485ab3eec10bee6336,770000000000000000,shared_market_pool,1,0,14844593645084346657,,
0x1a926ab8add08dca634f8d6cecd8c866e166a4affc65801beda9f239d21b622a,7,supply,2025-11-26T13:00:00Z,2025-12-10T13:00:00Z,USDC,0xaf88d065e77c8cc2239327c5edb3a432268e5831,GM,0x70d95587d40a2caf56bd97485ab3eec10bee6336,770000000000000000,shared_market_pool,1,0,1453975958288072887,,
0x1a926ab8add08dca634f8d6cecd8c866e166a4affc65801beda9f239d21b622a,8,borrow,2025-12-10T13:00:00Z,2025-12-24T13:00:00Z,USDC,0xaf88d065e77c8cc2239327c5edb3a432268e5831,GM,0x70d95587d40a2caf56bd97485ab3eec10bee6336,770000000000000000,shared_market_pool,1,0,2424983120607151158,,
0x1a926ab8add08dca634f8d6cecd8c866e166a4affc65801beda9f239d21b622a,8,supply,2025-12-10T13:00:00Z,2025-12-24T13:00:00Z,USDC,0xaf88d065e77c8cc2239327c5edb3a432268e5831,GM,0x70d95587d40a2caf56bd97485ab3eec10bee6336,770000000000000000,shared_market_pool,1,0,1695825053467459259,,
0x1a926ab8add08dca634f8d6cecd8c866e166a4affc65801beda9f239d21b622a,9,borrow,2025-12-24T13:00:00Z,2026-01-07T13:00:00Z,USDC,0xaf88d065e77c8cc2239327c5edb3a432268e5831,GM,0x70d95587d40a2caf56bd97485ab3eec10bee6336,770000000000000000,shared_market_pool,1,0,12482204345182185278,,
0x1a926ab8add08dca634f8d6cecd8c866e166a4affc65801beda9f239d21b622a,9,supply,2025-12-24T13:00:00Z,2026-01-07T13:00:00Z,USDC,0xaf88d065e77c8cc2239327c5edb3a432268e5831,GM,0x70d95587d40a2caf56bd97485ab3eec10bee6336,770000000000000000,shared_market_pool,1,0,2173420697471906676,,
0x1a926ab8add08dca634f8d6cecd8c866e166a4affc65801beda9f239d21b622a,10,supply,2026-01-07T13:00:00Z,2026-01-21T13:00:00Z,USDC,0xaf88d065e77c8cc2239327c5edb3a432268e5831,GM,0x70d95587d40a2caf56bd97485ab3eec10bee6336,770000000000000000,shared_market_pool,1,0,787173404906941585,,
0x1a926ab8add08dca634f8d6cecd8c866e166a4affc65801beda9f239d21b622a,11,supply,2026-01-21T13:00:00Z,2026-02-04T13:00:00Z,USDC,0xaf88d065e77c8cc2239327c5edb3a432268e5831,GM,0x70d95587d40a2caf56bd97485ab3eec10bee6336,770000000000000000,shared_market_pool,1,0,9226587987773725264,,
0x1a926ab8add08dca634f8d6cecd8c866e166a4affc65801beda9f239d21b622a,12,supply,2026-02-04T13:00:00Z,2026-02-18T13:00:00Z,USDC,0xaf88d065e77c8cc2239327c5edb3a432268e5831,GM,0x70d95587d40a2caf56bd97485ab3eec10bee6336,770000000000000000,shared_market_pool,1,0,12959691339003126968,,
0x1d094624063756fc61aaf061c7da056aebe3b3ad0ae0395b22e00db6c074de7c,12,borrow,2026-02-04T13:00:00Z,2026-02-18T13:00:00Z,USD₮0,0xfd086bc7cd5c481dcc9c85ebe478a1c0b69fcbb9,XAUt0,0x40461291347e1ecbb09499f3371d3f17f10d7159,770000000000000000,shared_market_pool,1,0,13473045056384107541,,
0x209fa1520640f664f59f7c1f955d52e8b81ead826edf439b48254d21d24b97a9,9,borrow,2025-12-24T13:00:00Z,2026-01-07T13:00:00Z,USD₮0,0xfd086bc7cd5c481dcc9c85ebe478a1c0b69fcbb9,wstETH,0x5979d7b546e38e414f7e9822514be443a4800529,860000000000000000,shared_market_pool,1,0,9082969400500464754,,
0x209fa1520640f664f59f7c1f955d52e8b81ead826edf439b48254d21d24b97a9,10,borrow,2026-01-07T13:00:00Z,2026-01-21T13:00:00Z,USD₮0,0xfd086bc7cd5c481dcc9c85ebe478a1c0b69fcbb9,wstETH,0x5979d7b546e38e414f7e9822514be443a4800529,860000000000000000,shared_market_pool,1,0,3294927492158074606,,
0x209fa1520640f664f59f7c1f955d52e8b81ead826edf439b48254d21d24b97a9,11,borrow,2026-01-21T13:00:00Z,2026-02-04T13:00:00Z,USD₮0,0xfd086bc7cd5c481dcc9c85ebe478a1c0b69fcbb9,wstETH,0x5979d7b546e38e414f7e9822514be443a4800529,860000000000000000,shared_market_pool,1,0,165940246193060100,,
0x209fa1520640f664f59f7c1f955d52e8b81ead826edf439b48254d21d24b97a9,12,borrow,2026-02-04T13:00:00Z,2026-02-18T13:00:00Z,USD₮0,0xfd086bc7cd5c481dcc9c85ebe478a1c0b69fcbb9,wstETH,0x5979d7b546e38e414f7e9822514be443a4800529,860000000000000000,shared_market_pool,1,0,13473045056384107541,,
0x30c505b1ce479157e1035bdc5de3d4c811cf3e427c31db0b81b5c27a09054e97,3,borrow,2025-10-01T13:00:00Z,2025-10-15T13:00:00Z,USDC,0xaf88d065e77c8cc2239327c5edb3a432268e5831,PT-thBILL-27NOV2025,0x5a791652f3b140d357df072d355a98ab754877d1,915000000000000000,shared_market_pool,1,0,17137598212722994375,,
0x30c505b1ce479157e1035bdc5de3d4c811cf3e427c31db0b81b5c27a09054e97,3,supply,2025-10-01T13:00:00Z,2025-10-15T13:00:00Z,USDC,0xaf88d065e77c8cc2239327c5edb3a432268e5831,PT-thBILL-27NOV2025,0x5a791652f3b140d357df072d355a98ab754877d1,915000000000000000,shared_market_pool,1,0,7035763710649696845,,
0x30c505b1ce479157e1035bdc5de3d4c811cf3e427c31db0b81b5c27a09054e97,4,borrow,2025-10-15T13:00:00Z,2025-10-29T13:00:00Z,USDC,0xaf88d065e77c8cc2239327c5edb3a432268e5831,PT-thBILL-27NOV2025,0x5a791652f3b140d357df072d355a98ab754877d1,915000000000000000,shared_market_pool,1,0,6654923927173484081,,
0x30c505b1ce479157e1035bdc5de3d4c811cf3e427c31db0b81b5c27a09054e97,4,supply,2025-10-15T13:00:00Z,2025-10-29T13:00:00Z,USDC,0xaf88d065e77c8cc2239327c5edb3a432268e5831,PT-thBILL-27NOV2025,0x5a791652f3b140d357df072d355a98ab754877d1,915000000000000000,shared_market_pool,1,0,16150703777321717055,,
0x30c505b1ce479157e1035bdc5de3d4c811cf3e427c31db0b81b5c27a09054e97,5,borrow,2025-10-29T13:00:00Z,2025-11-12T13:00:00Z,USDC,0xaf88d065e77c8cc2239327c5edb3a432268e5831,PT-thBILL-27NOV2025,0x5a791652f3b140d357df072d355a98ab754877d1,915000000000000000,shared_market_pool,1,0,865602104468975376,,
0x30c505b1ce479157e1035bdc5de3d4c811cf3e427c31db0b81b5c27a09054e97,5,supply,2025-10-29T13:00:00Z,2025-11-12T13:00:00Z,USDC,0xaf88d065e77c8cc2239327c5edb3a432268e5831,PT-thBILL-27NOV2025,0x5a791652f3b140d357df072d355a98ab754877d1,915000000000000000,shared_market_pool,1,0,11054087518202090923,,
0x30c505b1ce479157e1035bdc5de3d4c811cf3e427c31db0b81b5c27a09054e97,6,borrow,2025-11-12T13:00:00Z,2025-11-26T13:00:00Z,USDC,0xaf88d065e77c8cc2239327c5edb3a432268e5831,PT-thBILL-27NOV2025,0x5a791652f3b140d357df072d355a98ab754877d1,915000000000000000,shared_market_pool,1,0,9740198745351917553,,
0x30c505b1ce479157e1035bdc5de3d4c811cf3e427c31db0b81b5c27a09054e97,6,supply,2025-11-12T13:00:00Z,2025-11-26T13:00:00Z,USDC,0xaf88d065e77c8cc2239327c5edb3a432268e5831,PT-thBILL-27NOV2025,0x5a791652f3b140d357df072d355a98ab754877d1,915000000000000000,shared_market_pool,1,0,16371896546455148731,,
0x33e0c8ab132390822b07e5dc95033cf250c963153320b7ffca73220664da2ea0,1,borrow,2025-09-03T13:00:00Z,2025-09-17T13:00:00Z,USDC,0xaf88d065e77c8cc2239327c5edb3a432268e5831,wstETH,0x5979d7b546e38e414f7e9822514be443a4800529,860000000000000000,shared_market_pool,1,0,303609946611817849,,
0x33e0c8ab132390822b07e5dc95033cf250c963153320b7ffca73220664da2ea0,1,supply,2025-09-03T13:00:00Z,2025-09-17T13:00:00Z,USDC,0xaf88d065e77c8cc2239327c5edb3a432268e5831,wstETH,0x5979d7b546e38e414f7e9822514be443a4800529,860000000000000000,shared_market_pool,1,0,18214077999762913454,,
0x33e0c8ab132390822b07e5dc95033cf250c963153320b7ffca73220664da2ea0,2,borrow,2025-09-17T13:00:00Z,2025-10-01T13:00:00Z,USDC,0xaf88d065e77c8cc2239327c5edb3a432268e5831,wstETH,0x5979d7b546e38e414f7e9822514be443a4800529,860000000000000000,shared_market_pool,1,0,375214974642195408,,
0x33e0c8ab132390822b07e5dc95033cf250c963153320b7ffca73220664da2ea0,2,supply,2025-09-17T13:00:00Z,2025-10-01T13:00:00Z,USDC,0xaf88d065e77c8cc2239327c5edb3a432268e5831,wstETH,0x5979d7b546e38e414f7e9822514be443a4800529,860000000000000000,shared_market_pool,1,0,5414838473121375382,,
0x33e0c8ab132390822b07e5dc95033cf250c963153320b7ffca73220664da2ea0,3,borrow,2025-10-01T13:00:00Z,2025-10-15T13:00:00Z,USDC,0xaf88d065e77c8cc2239327c5edb3a432268e5831,wstETH,0x5979d7b546e38e414f7e9822514be443a4800529,860000000000000000,shared_market_pool,1,0,17137598212722994375,,
0x33e0c8ab132390822b07e5dc95033cf250c963153320b7ffca73220664da2ea0,3,supply,2025-10-01T13:00:00Z,2025-10-15T13:00:00Z,USDC,0xaf88d065e77c8cc2239327c5edb3a432268e5831,wstETH,0x5979d7b546e38e414f7e9822514be443a4800529,860000000000000000,shared_market_pool,1,0,7035763710649696845,,
0x33e0c8ab132390822b07e5dc95033cf250c963153320b7ffca73220664da2ea0,4,borrow,2025-10-15T13:00:00Z,2025-10-29T13:00:00Z,USDC,0xaf88d065e77c8cc2239327c5edb3a432268e5831,wstETH,0x5979d7b546e38e414f7e9822514be443a4800529,860000000000000000,shared_market_pool,1,0,6654923927173484081,,
0x33e0c8ab132390822b07e5dc95033cf250c963153320b7ffca73220664da2ea0,4,supply,2025-10-15T13:00:00Z,2025-10-29T13:00:00Z,USDC,0xaf88d065e77c8cc2239327c5edb3a432268e5831,wstETH,0x5979d7b546e38e414f7e9822514be443a4800529,860000000000000000,shared_market_pool,1,0,16150703777321717055,,
0x33e0c8ab132390822b07e5dc95033cf250c963153320b7ffca73220664da2ea0,5,borrow,2025-10-29T13:00:00Z,2025-11-12T13:00:00Z,USDC,0xaf88d065e77c8cc2239327c5edb3a432268e5831,wstETH,0x5979d7b546e38e414f7e9822514be443a4800529,860000000000000000,shared_market_pool,1,0,865602104468975376,,
0x33e0c8ab132390822b07e5dc95033cf250c963153320b7ffca73220664da2ea0,5,supply,2025-10-29T13:00:00Z,2025-11-12T13:00:00Z,USDC,0xaf88d065e77c8cc2239327c5edb3a432268e5831,wstETH,0x5979d7b546e38e414f7e9822514be443a4800529,860000000000000000,shared_market_pool,1,0,11054087518202090923,,
0x33e0c8ab132390822b07e5dc95033cf250c963153320b7ffca73220664da2ea0,6,borrow,2025-11-12T13:00:00Z,2025-11-26T13:00:00Z,USDC,0xaf88d065e77c8cc2239327c5edb3a432268e5831,wstETH,0x5979d7b546e38e414f7e9822514be443a4800529,860000000000000000,shared_market_pool,1,0,9740198745351917553,,
0x33e0c8ab132390822b07e5dc95033cf250c963153320b7ffca73220664da2ea0,6,supply,2025-11-12T13:00:00Z,2025-11-26T13:00:00Z,USDC,0xaf88d065e77c8cc2239327c5edb3a432268e5831,wstETH,0x5979d7b546e38e414f7e9822514be443a4800529,860000000000000000,shared_market_pool,1,0,16371896546455148731,,
0x33e0c8ab132390822b07e5dc95033cf250c963153320b7ffca73220664da2ea0,7,borrow,2025-11-26T13:00:00Z,2025-12-10T13:00:00Z,USDC,0xaf88d065e77c8cc2239327c5edb3a432268e5831,wstETH,0x5979d7b546e38e414f7e9822514be443a4800529,860000000000000000,shared_market_pool,1,0,14844593645084346657,,
0x33e0c8ab132390822b07e5dc95033cf250c963153320b7ffca73220664da2ea0,7,supply,2025-11-26T13:00:00Z,2025-12-10T13:00:00Z,USDC,0xaf88d065e77c8cc2239327c5edb3a432268e5831,wstETH,0x5979d7b546e38e414f7e9822514be443a4800529,860000000000000000,shared_market_pool,1,0,1453975958288072887,,
0x33e0c8ab132390822b07e5dc95033cf250c963153320b7ffca73220664da2ea0,8,borrow,2025-12-10T13:00:00Z,2025-12-24T13:00:00Z,USDC,0xaf88d065e77c8cc2239327c5edb3a432268e5831,wstETH,0x5979d7b546e38e414f7e9822514be443a4800529,860000000000000000,shared_market_pool,1,0,2424983120607151158,,
0x33e0c8ab132390822b07e5dc95033cf250c963153320b7ffca73220664da2ea0,8,supply,2025-12-10T13:00:00Z,2025-12-24T13:00:00Z,USDC,0xaf88d065e77c8cc2239327c5edb3a432268e5831,wstETH,0x5979d7b546e38e414f7e9822514be443a4800529,860000000000000000,shared_market_pool,1,0,1695825053467459259,,
0x33e0c8ab132390822b07e5dc95033cf250c963153320b7ffca73220664da2ea0,9,borrow,2025-12-24T13:00:00Z,2026-01-07T13:00:00Z,USDC,0xaf88d065e77c8cc2239327c5edb3a432268e5831,wstETH,0x5979d7b546e38e414f7e9822514be443a4800529,860000000000000000,shared_market_pool,1,0,12482204345182185278,,
0x33e0c8ab132390822b07e5dc95033cf250c963153320b7ffca73220664da2ea0,9,supply,2025-12-24T13:00:00Z,2026-01-07T13:00:00Z,USDC,0xaf88d065e77c8cc2239327c5edb3a432268e5831,wstETH,0x5979d7b546e38e414f7e9822514be443a4800529,860000000000000000,shared_market_pool,1,0,2173420697471906676,,
0x33e0c8ab132390822b07e5dc95033cf250c963153320b7ffca73220664da2ea0,10,supply,2026-01-07T13:00:00Z,2026-01-21T13:00:00Z,USDC,0xaf88d065e77c8cc2239327c5edb3a432268e5831,wstETH,0x5979d7b546e38e414f7e9822514be443a4800529,860000000000000000,shared_market_pool,1,0,787173404906941585,,
0x33e0c8ab132390822b07e5dc95033cf250c963153320b7ffca73220664da2ea0,11,supply,2026-01-21T13:00:00Z,2026-02-04T13:00:00Z,USDC,0xaf88d065e77c8cc2239327c5edb3a432268e5831,wstETH,0x5979d7b546e38e414f7e9822514be443a4800529,860000000000000000,shared_market_pool,1,0,9226587987773725264,,
0x33e0c8ab132390822b07e5dc95033cf250c963153320b7ffca73220664da2ea0,12,supply,2026-02-04T13:00:00Z,2026-02-18T13:00:00Z,USDC,0xaf88d065e77c8cc2239327c5edb3a432268e5831,wstETH,0x5979d7b546e38e414f7e9822514be443a4800529,860000000000000000,shared_market_pool,1,0,12959691339003126968,,
0x52f4d5038749565658a51f43d214e811c328c00c8b58c544accfb8924e8be8f8,1,borrow,2025-09-03T13:00:00Z,2025-09-17T13:00:00Z,USDC,0xaf88d065e77c8cc2239327c5edb3a432268e5831,PT-sUSDai-20NOV2025,0x936f210d277bf489a3211cef9ab4bc47a7b69c96,860000000000000000,shared_market_pool,1,0,303609946611817849,,
0x52f4d5038749565658a51f43d214e811c328c00c8b58c544accfb8924e8be8f8,1,supply,2025-09-03T13:00:00Z,2025-09-17T13:00:00Z,USDC,0xaf88d065e77c8cc2239327c5edb3a432268e5831,PT-sUSDai-20NOV2025,0x936f210d277bf489a3211cef9ab4bc47a7b69c96,860000000000000000,shared_market_pool,1,0,18214077999762913454,,
0x551dbcdcceaf9322986e0cddde993d49840522a9532dc441359acd98af8badff,1,borrow,2025-09-03T13:00:00Z,2025-09-17T13:00:00Z,USDC,0xaf88d065e77c8cc2239327c5edb3a432268e5831,thBILL,0xfdd22ce6d1f66bc0ec89b20bf16ccb6670f55a5a,945000000000000000,shared_market_pool,1,0,303609946611817849,,
0x551dbcdcceaf9322986e0cddde993d49840522a9532dc441359acd98af8badff,1,supply,2025-09-03T13:00:00Z,2025-09-17T13:00:00Z,USDC,0xaf88d065e77c8cc2239327c5edb3a432268e5831,thBILL,0xfdd22ce6d1f66bc0ec89b20bf16ccb6670f55a5a,945000000000000000,shared_market_pool,1,0,18214077999762913454,,
0x551dbcdcceaf9322986e0cddde993d49840522a9532dc441359acd98af8badff,2,borrow,2025-09-17T13:00:00Z,2025-10-01T13:00:00Z,USDC,0xaf88d065e77c8cc2239327c5edb3a432268e5831,thBILL,0xfdd22ce6d1f66bc0ec89b20bf16ccb6670f55a5a,945000000000000000,shared_market_pool,1,0,375214974642195408,,
0x551dbcdcceaf9322986e0cddde993d49840522a9532dc441359acd98af8badff,2,supply,2025-09-17T13:00:00Z,2025-10-01T13:00:00Z,USDC,0xaf88d065e77c8cc2239327c5edb3a432268e5831,thBILL,0xfdd22ce6d1f66bc0ec89b20bf16ccb6670f55a5a,945000000000000000,shared_market_pool,1,0,5414838473121375382,,
0x551dbcdcceaf9322986e0cddde993d49840522a9532dc441359acd98af8badff,3,borrow,2025-10-01T13:00:00Z,2025-10-15T13:00:00Z,USDC,0xaf88d065e77c8cc2239327c5edb3a432268e5831,thBILL,0xfdd22ce6d1f66bc0ec89b20bf16ccb6670f55a5a,945000000000000000,shared_market_pool,1,0,17137598212722994375,,
0x551dbcdcceaf9322986e0cddde993d49840522a9532dc441359acd98af8badff,3,supply,2025-10-01T13:00:00Z,2025-10-15T13:00:00Z,USDC,0xaf88d065e77c8cc2239327c5edb3a432268e5831,thBILL,0xfdd22ce6d1f66bc0ec89b20bf16ccb6670f55a5a,945000000000000000,shared_market_pool,1,0,7035763710649696845,,
0x551dbcdcceaf9322986e0cddde993d49840522a9532dc441359acd98af8badff,4,borrow,2025-10-15T13:00:00Z,2025-10-29T13:00:00Z,USDC,0xaf88d065e77c8cc2239327c5edb3a432268e5831,thBILL,0xfdd22ce6d1f66bc0ec89b20bf16ccb6670f55a5a,945000000000000000,shared_market_pool,1,0,6654923927173484081,,
0x551dbcdcceaf9322986e0cddde993d49840522a9532dc441359acd98af8badff,4,supply,2025-10-15T13:00:00Z,2025-10-29T13:00:00Z,USDC,0xaf88d065e77c8cc2239327c5edb3a432268e5831,thBILL,0xfdd22ce6d1f66bc0ec89b20bf16ccb6670f55a5a,945000000000000000,shared_market_pool,1,0,16150703777321717055,,
0x551dbcdcceaf9322986e0cddde993d49840522a9532dc441359acd98af8badff,5,borrow,2025-10-29T13:00:00Z,2025-11-12T13:00:00Z,USDC,0xaf88d065e77c8cc2239327c5edb3a432268e5831,thBILL,0xfdd22ce6d1f66bc0ec89b20bf16ccb6670f55a5a,945000000000000000,shared_market_pool,1,0,865602104468975376,,
0x551dbcdcceaf9322986e0cddde993d49840522a9532dc441359acd98af8badff,5,supply,2025-10-29T13:00:00Z,2025-11-12T13:00:00Z,USDC,0xaf88d065e77c8cc2239327c5edb3a432268e5831,thBILL,0xfdd22ce6d1f66bc0ec89b20bf16ccb6670f55a5a,945000000000000000,shared_market_pool,1,0,11054087518202090923,,
0x551dbcdcceaf9322986e0cddde993d49840522a9532dc441359acd98af8badff,6,borrow,2025-11-12T13:00:00Z,2025-11-26T13:00:00Z,USDC,0xaf88d065e77c8cc2239327c5edb3a432268e5831,thBILL,0xfdd22ce6d1f66bc0ec89b20bf16ccb6670f55a5a,945000000000000000,shared_market_pool,1,0,9740198745351917553,,
0x551dbcdcceaf9322986e0cddde993d49840522a9532dc441359acd98af8badff,6,supply,2025-11-12T13:00:00Z,2025-11-26T13:00:00Z,USDC,0xaf88d065e77c8cc2239327c5edb3a432268e5831,thBILL,0xfdd22ce6d1f66bc0ec89b20bf16ccb6670f55a5a,945000000000000000,shared_market_pool,1,0,16371896546455148731,,
0x551dbcdcceaf9322986e0cddde993d49840522a9532dc441359acd98af8badff,7,borrow,2025-11-26T13:00:00Z,2025-12-10T13:00:00Z,USDC,0xaf88d065e77c8cc2239327c5edb3a432268e5831,thBILL,0xfdd22ce6d1f66bc0ec89b20bf16ccb6670f55a5a,945000000000000000,shared_market_pool,1,0,14844593645084346657,,
0x551dbcdcceaf9322986e0cddde993d49840522a9532dc441359acd98af8badff,7,supply,2025-11-26T13:00:00Z,2025-12-10T13:00:00Z,USDC,0xaf88d065e77c8cc2239327c5edb3a432268e5831,thBILL,0xfdd22ce6d1f66bc0ec89b20bf16ccb6670f55a5a,945000000000000000,shared_market_pool,1,0,1453975958288072887,,
0x551dbcdcceaf9322986e0cddde993d49840522a9532dc441359acd98af8badff,8,borrow,2025-12-10T13:00:00Z,2025-12-24T13:00:00Z,USDC,0xaf88d065e77c8cc2239327c5edb3a432268e5831,thBILL,0xfdd22ce6d1f66bc0ec89b20bf16ccb6670f55a5a,945000000000000000,shared_market_pool,1,0,2424983120607151158,,
0x551dbcdcceaf9322986e0cddde993d49840522a9532dc441359acd98af8badff,8,supply,2025-12-10T13:00:00Z,2025-12-24T13:00:00Z,USDC,0xaf88d065e77c8cc2239327c5edb3a432268e5831,thBILL,0xfdd22ce6d1f66bc0ec89b20bf16ccb6670f55a5a,945000000000000000,shared_market_pool,1,0,1695825053467459259,,
0x551dbcdcceaf9322986e0cddde993d49840522a9532dc441359acd98af8badff,9,borrow,2025-12-24T13:00:00Z,2026-01-07T13:00:00Z,USDC,0xaf88d065e77c8cc2239327c5edb3a432268e5831,thBILL,0xfdd22ce6d1f66bc0ec89b20bf16ccb6670f55a5a,945000000000000000,shared_market_pool,1,0,12482204345182185278,,
0x551dbcdcceaf9322986e0cddde993d49840522a9532dc441359acd98af8badff,9,supply,2025-12-24T13:00:00Z,2026-01-07T13:00:00Z,USDC,0xaf88d065e77c8cc2239327c5edb3a432268e5831,thBILL,0xfdd22ce6d1f66bc0ec89b20bf16ccb6670f55a5a,945000000000000000,shared_market_pool,1,0,2173420697471906676,,
0x551dbcdcceaf9322986e0cddde993d49840522a9532dc441359acd98af8badff,10,supply,2026-01-07T13:00:00Z,2026-01-21T13:00:00Z,USDC,0xaf88d065e77c8cc2239327c5edb3a432268e5831,thBILL,0xfdd22ce6d1f66bc0ec89b20bf16ccb6670f55a5a,945000000000000000,shared_market_pool,1,0,787173404906941585,,
0x551dbcdcceaf9322986e0cddde993d49840522a9532dc441359acd98af8badff,11,supply,2026-01-21T13:00:00Z,2026-02-04T13:00:00Z,USDC,0xaf88d065e77c8cc2239327c5edb3a432268e5831,thBILL,0xfdd22ce6d1f66bc0ec89b20bf16ccb6670f55a5a,945000000000000000,shared_market_pool,1,0,9226587987773725264,,
0x551dbcdcceaf9322986e0cddde993d49840522a9532dc441359acd98af8badff,12,supply,2026-02-04T13:00:00Z,2026-02-18T13:00:00Z,USDC,0xaf88d065e77c8cc2239327c5edb3a432268e5831,thBILL,0xfdd22ce6d1f66bc0ec89b20bf16ccb6670f55a5a,945000000000000000,shared_market_pool,1,0,12959691339003126968,,
0x571cb3ac535d61d92026c071ef1df4794d0bbbe1755f916ff640746f81b52af4,9,borrow,2025-12-24T13:00:00Z,2026-01-07T13:00:00Z,USD₮0,0xfd086bc7cd5c481dcc9c85ebe478a1c0b69fcbb9,syrupUSDC,0x41ca7586cc1311807b4605fbb748a3b8862b42b5,915000000000000000,shared_market_pool,1,0,9082969400500464754,,
0x571cb3ac535d61d92026c071ef1df4794d0bbbe1755f916ff640746f81b52af4,10,borrow,2026-01-07T13:00:00Z,2026-01-21T13:00:00Z,USD₮0,0xfd086bc7cd5c481dcc9c85ebe478a1c0b69fcbb9,syrupUSDC,0x41ca7586cc1311807b4605fbb748a3b8862b42b5,915000000000000000,shared_market_pool,1,0,3294927492158074606,,
0x571cb3ac535d61d92026c071ef1df4794d0bbbe1755f916ff640746f81b52af4,11,borrow,2026-01-21T13:00:00Z,2026-02-04T13:00:00Z,USD₮0,0xfd086bc7cd5c481dcc9c85ebe478a1c0b69fcbb9,syrupUSDC,0x41ca7586cc1311807b4605fbb748a3b8862b42b5,915000000000000000,shared_market_pool,1,0,165940246193060100,,
0x571cb3ac535d61d92026c071ef1df4794d0bbbe1755f916ff640746f81b52af4,12,borrow,2026-02-04T13:00:00Z,2026-02-18T13:00:00Z,USD₮0,0xfd086bc7cd5c481dcc9c85ebe478a1c0b69fcbb9,syrupUSDC,0x41ca7586cc1311807b4605fbb748a3b8862b42b5,915000000000000000,shared_market_pool,1,0,13473045056384107541,,
0x582c92d5ea0ab48eba3a1ee88c8884e34f7fc61c57fb821f3f6d9e474574c6e3,10,supply,2026-01-07T13:00:00Z,2026-01-21T13:00:00Z,USDC,0xaf88d065e77c8cc2239327c5edb3a432268e5831,wstUSR,0x66cfbd79257dc5217903a36293120282548e2254,915000000000000000,shared_market_pool,1,0,787173404906941585,,
0x582c92d5ea0ab48eba3a1ee88c8884e34f7fc61c57fb821f3f6d9e474574c6e3,11,supply,2026-01-21T13:00:00Z,2026-02-04T13:00:00Z,USDC,0xaf88d065e77c8cc2239327c5edb3a432268e5831,wstUSR,0x66cfbd79257dc5217903a36293120282548e2254,915000000000000000,shared_market_pool,1,0,9226587987773725264,,
0x582c92d5ea0ab48eba3a1ee88c8884e34f7fc61c57fb821f3f6d9e474574c6e3,12,supply,2026-02-04T13:00:00Z,2026-02-18T13:00:00Z,USDC,0xaf88d065e77c8cc2239327c5edb3a432268e5831,wstUSR,0x66cfbd79257dc5217903a36293120282548e2254,915000000000000000,shared_market_pool,1,0,12959691339003126968,,
0x58df3ad9cf719b1ca97365db634a11b770785517f409ecbe85eefdb34803de1f,2,borrow,2025-09-17T13:00:00Z,2025-10-01T13:00:00Z,USDC,0xaf88d065e77c8cc2239327c5edb3a432268e5831,PT-sUSDai-20NOV2025,0x936f210d277bf489a3211cef9ab4bc47a7b69c96,860000000000000000,shared_market_pool,1,0,375214974642195408,,
0x58df3ad9cf719b1ca97365db634a11b770785517f409ecbe85eefdb34803de1f,2,supply,2025-09-17T13:00:00Z,2025-10-01T13:00:00Z,USDC,0xaf88d065e77c8cc2239327c5edb3a432268e5831,PT-sUSDai-20NOV2025,0x936f210d277bf489a3211cef9ab4bc47a7b69c96,860000000000000000,shared_market_pool,1,0,5414838473121375382,,
0x58df3ad9cf719b1ca97365db634a11b770785517f409ecbe85eefdb34803de1f,3,borrow,2025-10-01T13:00:00Z,2025-10-15T13:00:00Z,USDC,0xaf88d065e77c8cc2239327c5edb3a432268e5831,PT-sUSDai-20NOV2025,0x936f210d277bf489a3211cef9ab4bc47a7b69c96,860000000000000000,shared_market_pool,1,0,17137598212722994375,,
0x58df3ad9cf719b1ca97365db634a11b770785517f409ecbe85eefdb34803de1f,3,supply,2025-10-01T13:00:00Z,2025-10-15T13:00:00Z,USDC,0xaf88d065e77c8cc2239327c5edb3a432268e5831,PT-sUSDai-20NOV2025,0x936f210d277bf489a3211cef9ab4bc47a7b69c96,860000000000000000,shared_market_pool,1,0,7035763710649696845,,
0x58df3ad9cf719b1ca97365db634a11b770785517f409ecbe85eefdb34803de1f,4,borrow,2025-10-15T13:00:00Z,2025-10-29T13:00:00Z,USDC,0xaf88d065e77c8cc2239327c5edb3a432268e5831,PT-sUSDai-20NOV2025,0x936f210d277bf489a3211cef9ab4bc47a7b69c96,860000000000000000,shared_market_pool,1,0,6654923927173484081,,
0x58df3ad9cf719b1ca97365db634a11b770785517f409ecbe85eefdb34803de1f,4,supply,2025-10-15T13:00:00Z,2025-10-29T13:00:00Z,USDC,0xaf88d065e77c8cc2239327c5edb3a432268e5831,PT-sUSDai-20NOV2025,0x936f210d277bf489a3211cef9ab4bc47a7b69c96,860000000000000000,shared_market_pool,1,0,16150703777321717055,,
0x58df3ad9cf719b1ca97365db634a11b770785517f409ecbe85eefdb34803de1f,5,borrow,2025-10-29T13:00:00Z,2025-11-12T13:00:00Z,USDC,0xaf88d065e77c8cc2239327c5edb3a432268e5831,PT-sUSDai-20NOV2025,0x936f210d277bf489a3211cef9ab4bc47a7b69c96,860000000000000000,shared_market_pool,1,0,865602104468975376,,
0x58df3ad9cf719b1ca97365db634a11b770785517f409ecbe85eefdb34803de1f,5,supply,2025-10-29T13:00:00Z,2025-11-12T13:00:00Z,USDC,0xaf88d065e77c8cc2239327c5edb3a432268e5831,PT-sUSDai-20NOV2025,0x936f210d277bf489a3211cef9ab4bc47a7b69c96,860000000000000000,shared_market_pool,1,0,11054087518202090923,,
0x58df3ad9cf719b1ca97365db634a11b770785517f409ecbe85eefdb34803de1f,6,borrow,2025-11-12T13:00:00Z,2025-11-26T13:00:00Z,USDC,0xaf88d065e77c8cc2239327c5edb3a432268e5831,PT-sUSDai-20NOV2025,0x936f210d277bf489a3211cef9ab4bc47a7b69c96,860000000000000000,shared_market_pool,1,0,9740198745351917553,,
0x58df3ad9cf719b1ca97365db634a11b770785517f409ecbe85eefdb34803de1f,6,supply,2025-11-12T13:00:00Z,2025-11-26T13:00:00Z,USDC,0xaf88d065e77c8cc2239327c5edb3a432268e5831,PT-sUSDai-20NOV2025,0x936f210d277bf489a3211cef9ab4bc47a7b69c96,860000000000000000,shared_market_pool,1,0,16371896546455148731,,
0x678b525f162b499b17d8fd71f3129bd3a5a10d4c728e6af02ee7c644ae262d01,6,borrow,2025-11-12T13:00:00Z,2025-11-26T13:00:00Z,USDC,0xaf88d065e77c8cc2239327c5edb3a432268e5831,RLP,0x35e5db674d8e93a03d814fa0ada70731efe8a4b9,915000000000000000,shared_market_pool,1,0,9740198745351917553,,
0x678b525f162b499b17d8fd71f3129bd3a5a10d4c728e6af02ee7c644ae262d01,6,supply,2025-11-12T13:00:00Z,2025-11-26T13:00:00Z,USDC,0xaf88d065e77c8cc2239327c5edb3a432268e5831,RLP,0x35e5db674d8e93a03d814fa0ada70731efe8a4b9,915000000000000000,shared_market_pool,1,0,16371896546455148731,,
0x678b525f162b499b17d8fd71f3129bd3a5a10d4c728e6af02ee7c644ae262d01,8,borrow,2025-12-10T13:00:00Z,2025-12-24T13:00:00Z,USDC,0xaf88d065e77c8cc2239327c5edb3a432268e5831,RLP,0x35e5db674d8e93a03d814fa0ada70731efe8a4b9,915000000000000000,shared_market_pool,1,0,2424983120607151158,,
0x678b525f162b499b17d8fd71f3129bd3a5a10d4c728e6af02ee7c644ae262d01,9,borrow,2025-12-24T13:00:00Z,2026-01-07T13:00:00Z,USDC,0xaf88d065e77c8cc2239327c5edb3a432268e5831,RLP,0x35e5db674d8e93a03d814fa0ada70731efe8a4b9,915000000000000000,shared_market_pool,1,0,12482204345182185278,,
0x678b525f162b499b17d8fd71f3129bd3a5a10d4c728e6af02ee7c644ae262d01,10,supply,2026-01-07T13:00:00Z,2026-01-21T13:00:00Z,USDC,0xaf88d065e77c8cc2239327c5edb3a432268e5831,RLP,0x35e5db674d8e93a03d814fa0ada70731efe8a4b9,915000000000000000,shared_market_pool,1,0,787173404906941585,,
0x678b525f162b499b17d8fd71f3129bd3a5a10d4c728e6af02ee7c644ae262d01,11,supply,2026-01-21T13:00:00Z,2026-02-04T13:00:00Z,USDC,0xaf88d065e77c8cc2239327c5edb3a432268e5831,RLP,0x35e5db674d8e93a03d814fa0ada70731efe8a4b9,915000000000000000,shared_market_pool,1,0,9226587987773725264,,
0x678b525f162b499b17d8fd71f3129bd3a5a10d4c728e6af02ee7c644ae262d01,12,supply,2026-02-04T13:00:00Z,2026-02-18T13:00:00Z,USDC,0xaf88d065e77c8cc2239327c5edb3a432268e5831,RLP,0x35e5db674d8e93a03d814fa0ada70731efe8a4b9,915000000000000000,shared_market_pool,1,0,12959691339003126968,,
0x6a2b0c23c79dde84628314d21797f7bd5b06ae36e6bde6924ece64ef4821d2df,8,borrow,2025-12-10T13:00:00Z,2025-12-24T13:00:00Z,USDC,0xaf88d065e77c8cc2239327c5edb3a432268e5831,PT-sUSDai-19FEB2026,0x1bf1311fcf914a69dd5805c9b06b72f80539cb3f,860000000000000000,shared_market_pool,1,0,2424983120607151158,,
0x6a2b0c23c79dde84628314d21797f7bd5b06ae36e6bde6924ece64ef4821d2df,8,supply,2025-12-10T13:00:00Z,2025-12-24T13:00:00Z,USDC,0xaf88d065e77c8cc2239327c5edb3a432268e5831,PT-sUSDai-19FEB2026,0x1bf1311fcf914a69dd5805c9b06b72f80539cb3f,860000000000000000,shared_market_pool,1,0,1695825053467459259,,
0x6a2b0c23c79dde84628314d21797f7bd5b06ae36e6bde6924ece64ef4821d2df,9,borrow,2025-12-24T13:00:00Z,2026-01-07T13:00:00Z,USDC,0xaf88d065e77c8cc2239327c5edb3a432268e5831,PT-sUSDai-19FEB2026,0x1bf1311fcf914a69dd5805c9b06b72f80539cb3f,860000000000000000,shared_market_pool,1,0,12482204345182185278,,
0x6a2b0c23c79dde84628314d21797f7bd5b06ae36e6bde6924ece64ef4821d2df,9,supply,2025-12-24T13:00:00Z,2026-01-07T13:00:00Z,USDC,0xaf88d065e77c8cc2239327c5edb3a432268e5831,PT-sUSDai-19FEB2026,0x1bf1311fcf914a69dd5805c9b06b72f80539cb3f,860000000000000000,shared_market_pool,1,0,2173420697471906676,,
0x6a2b0c23c79dde84628314d21797f7bd5b06ae36e6bde6924ece64ef4821d2df,10,supply,2026-01-07T13:00:00Z,2026-01-21T13:00:00Z,USDC,0xaf88d065e77c8cc2239327c5edb3a432268e5831,PT-sUSDai-19FEB2026,0x1bf1311fcf914a69dd5805c9b06b72f80539cb3f,860000000000000000,shared_market_pool,1,0,787173404906941585,,
0x6a2b0c23c79dde84628314d21797f7bd5b06ae36e6bde6924ece64ef4821d2df,11,supply,2026-01-21T13:00:00Z,2026-02-04T13:00:00Z,USDC,0xaf88d065e77c8cc2239327c5edb3a432268e5831,PT-sUSDai-19FEB2026,0x1bf1311fcf914a69dd5805c9b06b72f80539cb3f,860000000000000000,shared_market_pool,1,0,9226587987773725264,,
0x6a2b0c23c79dde84628314d21797f7bd5b06ae36e6bde6924ece64ef4821d2df,12,supply,2026-02-04T13:00:00Z,2026-02-18T13:00:00Z,USDC,0xaf88d065e77c8cc2239327c5edb3a432268e5831,PT-sUSDai-19FEB2026,0x1bf1311fcf914a69dd5805c9b06b72f80539cb3f,860000000000000000,shared_market_pool,1,0,12959691339003126968,,
0x6c831dcc45a7c0af00b751da651bd874b96653c587615d11aafade7b357c4b43,7,borrow,2025-11-26T13:00:00Z,2025-12-10T13:00:00Z,USDC,0xaf88d065e77c8cc2239327c5edb3a432268e5831,PT-thBILL-19FEB2026,0x9b3924f9652cabf3db48b7b4c92e474c571b3ab4,915000000000000000,shared_market_pool,1,0,14844593645084346657,,
0x6c831dcc45a7c0af00b751da651bd874b96653c587615d11aafade7b357c4b43,7,supply,2025-11-26T13:00:00Z,2025-12-10T13:00:00Z,USDC,0xaf88d065e77c8cc2239327c5edb3a432268e5831,PT-thBILL-19FEB2026,0x9b3924f9652cabf3db48b7b4c92e474c571b3ab4,915000000000000000,shared_market_pool,1,0,1453975958288072887,,
0x6c831dcc45a7c0af00b751da651bd874b96653c587615d11aafade7b357c4b43,8,borrow,2025-12-10T13:00:00Z,2025-12-24T13:00:00Z,USDC,0xaf88d065e77c8cc2239327c5edb3a432268e5831,PT-thBILL-19FEB2026,0x9b3924f9652cabf3db48b7b4c92e474c571b3ab4,915000000000000000,shared_market_pool,1,0,2424983120607151158,,
0x6c831dcc45a7c0af00b751da651bd874b96653c587615d11aafade7b357c4b43,8,supply,2025-12-10T13:00:00Z,2025-12-24T13:00:00Z,USDC,0xaf88d065e77c8cc2239327c5edb3a432268e5831,PT-thBILL-19FEB2026,0x9b3924f9652cabf3db48b7b4c92e474c571b3ab4,915000000000000000,shared_market_pool,1,0,1695825053467459259,,
0x6c831dcc45a7c0af00b751da651bd874b96653c587615d11aafade7b357c4b43,9,borrow,2025-12-24T13:00:00Z,2026-01-07T13:00:00Z,USDC,0xaf88d065e77c8cc2239327c5edb3a432268e5831,PT-thBILL-19FEB2026,0x9b3924f9652cabf3db48b7b4c92e474c571b3ab4,915000000000000000,shared_market_pool,1,0,12482204345182185278,,
0x6c831dcc45a7c0af00b751da651bd874b96653c587615d11aafade7b357c4b43,9,supply,2025-12-24T13:00:00Z,2026-01-07T13:00:00Z,USDC,0xaf88d065e77c8cc2239327c5edb3a432268e5831,PT-thBILL-19FEB2026,0x9b3924f9652cabf3db48b7b4c92e474c571b3ab4,915000000000000000,shared_market_pool,1,0,2173420697471906676,,
0x6c831dcc45a7c0af00b751da651bd874b96653c587615d11aafade7b357c4b43,10,supply,2026-01-07T13:00:00Z,2026-01-21T13:00:00Z,USDC,0xaf88d065e77c8cc2239327c5edb3a432268e5831,PT-thBILL-19FEB2026,0x9b3924f9652cabf3db48b7b4c92e474c571b3ab4,915000000000000000,shared_market_pool,1,0,787173404906941585,,
0x6c831dcc45a7c0af00b751da651bd874b96653c587615d11aafade7b357c4b43,11,supply,2026-01-21T13:00:00Z,2026-02-04T13:00:00Z,USDC,0xaf88d065e77c8cc2239327c5edb3a432268e5831,PT-thBILL-19FEB2026,0x9b3924f9652cabf3db48b7b4c92e474c571b3ab4,915000000000000000,shared_market_pool,1,0,9226587987773725264,,
0x6c831dcc45a7c0af00b751da651bd874b96653c587615d11aafade7b357c4b43,12,supply,2026-02-04T13:00:00Z,2026-02-18T13:00:00Z,USDC,0xaf88d065e77c8cc2239327c5edb3a432268e5831,PT-thBILL-19FEB2026,0x9b3924f9652cabf3db48b7b4c92e474c571b3ab4,915000000000000000,shared_market_pool,1,0,12959691339003126968,,
0x71c2954e00c8f72864600c9d1d1cd70fa15202c4294cd938d80add3be2eced26,4,borrow,2025-10-15T13:00:00Z,2025-10-29T13:00:00Z,USDC,0xaf88d065e77c8cc2239327c5edb3a432268e5831,sUSDai,0x0b2b2b2076d95dda7817e785989fe353fe955ef9,915000000000000000,shared_market_pool,1,0,6654923927173484081,,
0x71c2954e00c8f72864600c9d1d1cd70fa15202c4294cd938d80add3be2eced26,4,supply,2025-10-15T13:00:00Z,2025-10-29T13:00:00Z,USDC,0xaf88d065e77c8cc2239327c5edb3a432268e5831,sUSDai,0x0b2b2b2076d95dda7817e785989fe353fe955ef9,915000000000000000,shared_market_pool,1,0,16150703777321717055,,
0x71c2954e00c8f72864600c9d1d1cd70fa15202c4294cd938d80add3be2eced26,5,borrow,2025-10-29T13:00:00Z,2025-11-12T13:00:00Z,USDC,0xaf88d065e77c8cc2239327c5edb3a432268e5831,sUSDai,0x0b2b2b2076d95dda7817e785989fe353fe955ef9,915000000000000000,shared_market_pool,1,0,865602104468975376,,
0x71c2954e00c8f72864600c9d1d1cd70fa15202c4294cd938d80add3be2eced26,5,supply,2025-10-29T13:00:00Z,2025-11-12T13:00:00Z,USDC,0xaf88d065e77c8cc2239327c5edb3a432268e5831,sUSDai,0x0b2b2b2076d95dda7817e785989fe353fe955ef9,915000000000000000,shared_market_pool,1,0,11054087518202090923,,
0x71c2954e00c8f72864600c9d1d1cd70fa15202c4294cd938d80add3be2eced26,6,borrow,2025-11-12T13:00:00Z,2025-11-26T13:00:00Z,USDC,0xaf88d065e77c8cc2239327c5edb3a432268e5831,sUSDai,0x0b2b2b2076d95dda7817e785989fe353fe955ef9,915000000000000000,shared_market_pool,1,0,9740198745351917553,,
0x71c2954e00c8f72864600c9d1d1cd70fa15202c4294cd938d80add3be2eced26,6,supply,2025-11-12T13:00:00Z,2025-11-26T13:00:00Z,USDC,0xaf88d065e77c8cc2239327c5edb3a432268e5831,sUSDai,0x0b2b2b2076d95dda7817e785989fe353fe955ef9,915000000000000000,shared_market_pool,1,0,16371896546455148731,,
0x71c2954e00c8f72864600c9d1d1cd70fa15202c4294cd938d80add3be2eced26,7,borrow,2025-11-26T13:00:00Z,2025-12-10T13:00:00Z,USDC,0xaf88d065e77c8cc2239327c5edb3a432268e5831,sUSDai,0x0b2b2b2076d95dda7817e785989fe353fe955ef9,915000000000000000,shared_market_pool,1,0,14844593645084346657,,
0x71c2954e00c8f72864600c9d1d1cd70fa15202c4294cd938d80add3be2eced26,7,supply,2025-11-26T13:00:00Z,2025-12-10T13:00:00Z,USDC,0xaf88d065e77c8cc2239327c5edb3a432268e5831,sUSDai,0x0b2b2b2076d95dda7817e785989fe353fe955ef9,915000000000000000,shared_market_pool,1,0,1453975958288072887,,
0x71c2954e00c8f72864600c9d1d1cd70fa15202c4294cd938d80add3be2eced26,8,borrow,2025-12-10T13:00:00Z,2025-12-24T13:00:00Z,USDC,0xaf88d065e77c8cc2239327c5edb3a432268e5831,sUSDai,0x0b2b2b2076d95dda7817e785989fe353fe955ef9,915000000000000000,shared_market_pool,1,0,2424983120607151158,,
0x71c2954e00c8f72864600c9d1d1cd70fa15202c4294cd938d80add3be2eced26,8,supply,2025-12-10T13:00:00Z,2025-12-24T13:00:00Z,USDC,0xaf88d065e77c8cc2239327c5edb3a432268e5831,sUSDai,0x0b2b2b2076d95dda7817e785989fe353fe955ef9,915000000000000000,shared_market_pool,1,0,1695825053467459259,,
0x71c2954e00c8f72864600c9d1d1cd70fa15202c4294cd938d80add3be2eced26,9,borrow,2025-12-24T13:00:00Z,2026-01-07T13:00:00Z,USDC,0xaf88d065e77c8cc2239327c5edb3a432268e5831,sUSDai,0x0b2b2b2076d95dda7817e785989fe353fe955ef9,915000000000000000,shared_market_pool,1,0,12482204345182185278,,
0x71c2954e00c8f72864600c9d1d1cd70fa15202c4294cd938d80add3be2eced26,9,supply,2025-12-24T13:00:00Z,2026-01-07T13:00:00Z,USDC,0xaf88d065e77c8cc2239327c5edb3a432268e5831,sUSDai,0x0b2b2b2076d95dda7817e785989fe353fe955ef9,915000000000000000,shared_market_pool,1,0,2173420697471906676,,
0x71c2954e00c8f72864600c9d1d1cd70fa15202c4294cd938d80add3be2eced26,10,supply,2026-01-07T13:00:00Z,2026-01-21T13:00:00Z,USDC,0xaf88d065e77c8cc2239327c5edb3a432268e5831,sUSDai,0x0b2b2b2076d95dda7817e785989fe353fe955ef9,915000000000000000,shared_market_pool,1,0,787173404906941585,,
0x71c2954e00c8f72864600c9d1d1cd70fa15202c4294cd938d80add3be2eced26,11,supply,2026-01-21T13:00:00Z,2026-02-04T13:00:00Z,USDC,0xaf88d065e77c8cc2239327c5edb3a432268e5831,sUSDai,0x0b2b2b2076d95dda7817e785989fe353fe955ef9,915000000000000000,shared_market_pool,1,0,9226587987773725264,,
0x71c2954e00c8f72864600c9d1d1cd70fa15202c4294cd938d80add3be2eced26,12,supply,2026-02-04T13:00:00Z,2026-02-18T13:00:00Z,USDC,0xaf88d065e77c8cc2239327c5edb3a432268e5831,sUSDai,0x0b2b2b2076d95dda7817e785989fe353fe955ef9,915000000000000000,shared_market_pool,1,0,12959691339003126968,,
0x729e4ab1f1613a55f4dc6444cb073a2f9ba4c402f8c59e93e1d725f9ce45f23a,2,borrow,2025-09-17T13:00:00Z,2025-10-01T13:00:00Z,USDC,0xaf88d065e77c8cc2239327c5edb3a432268e5831,PT-USDe-11DEC2025,0xf9921bc1837a97b8f853c83521122c3fbf3f365f,915000000000000000,shared_market_pool,1,0,375214974642195408,,
0x729e4ab1f1613a55f4dc6444cb073a2f9ba4c402f8c59e93e1d725f9ce45f23a,2,supply,2025-09-17T13:00:00Z,2025-10-01T13:00:00Z,USDC,0xaf88d065e77c8cc2239327c5edb3a432268e5831,PT-USDe-11DEC2025,0xf9921bc1837a97b8f853c83521122c3fbf3f365f,915000000000000000,shared_market_pool,1,0,5414838473121375382,,
0x729e4ab1f1613a55f4dc6444cb073a2f9ba4c402f8c59e93e1d725f9ce45f23a,3,borrow,2025-10-01T13:00:00Z,2025-10-15T13:00:00Z,USDC,0xaf88d065e77c8cc2239327c5edb3a432268e5831,PT-USDe-11DEC2025,0xf9921bc1837a97b8f853c83521122c3fbf3f365f,915000000000000000,shared_market_pool,1,0,17137598212722994375,,
0x729e4ab1f1613a55f4dc6444cb073a2f9ba4c402f8c59e93e1d725f9ce45f23a,3,supply,2025-10-01T13:00:00Z,2025-10-15T13:00:00Z,USDC,0xaf88d065e77c8cc2239327c5edb3a432268e5831,PT-USDe-11DEC2025,0xf9921bc1837a97b8f853c83521122c3fbf3f365f,915000000000000000,shared_market_pool,1,0,7035763710649696845,,
0x729e4ab1f1613a55f4dc6444cb073a2f9ba4c402f8c59e93e1d725f9ce45f23a,4,borrow,2025-10-15T13:00:00Z,2025-10-29T13:00:00Z,USDC,0xaf88d065e77c8cc2239327c5edb3a432268e5831,PT-USDe-11DEC2025,0xf9921bc1837a97b8f853c83521122c3fbf3f365f,915000000000000000,shared_market_pool,1,0,6654923927173484081,,
0x729e4ab1f1613a55f4dc6444cb073a2f9ba4c402f8c59e93e1d725f9ce45f23a,4,supply,2025-10-15T13:00:00Z,2025-10-29T13:00:00Z,USDC,0xaf88d065e77c8cc2239327c5edb3a432268e5831,PT-USDe-11DEC2025,0xf9921bc1837a97b8f853c83521122c3fbf3f365f,915000000000000000,shared_market_pool,1,0,16150703777321717055,,
0x729e4ab1f1613a55f4dc6444cb073a2f9ba4c402f8c59e93e1d725f9ce45f23a,5,borrow,2025-10-29T13:00:00Z,2025-11-12T13:00:00Z,USDC,0xaf88d065e77c8cc2239327c5edb3a432268e5831,PT-USDe-11DEC2025,0xf9921bc1837a97b8f853c83521122c3fbf3f365f,915000000000000000,shared_market_pool,1,0,865602104468975376,,
0x729e4ab1f1613a55f4dc6444cb073a2f9ba4c402f8c59e93e1d725f9ce45f23a,5,supply,2025-10-29T13:00:00Z,2025-11-12T13:00:00Z,USDC,0xaf88d065e77c8cc2239327c5edb3a432268e5831,PT-USDe-11DEC2025,0xf9921bc1837a97b8f853c83521122c3fbf3f365f,915000000000000000,shared_market_pool,1,0,11054087518202090923,,
0x729e4ab1f1613a55f4dc6444cb073a2f9ba4c402f8c59e93e1d725f9ce45f23a,6,borrow,2025-11-12T13:00:00Z,2025-11-26T13:00:00Z,USDC,0xaf88d065e77c8cc2239327c5edb3a432268e5831,PT-USDe-11DEC2025,0xf9921bc1837a97b8f853c83521122c3fbf3f365f,915000000000000000,shared_market_pool,1,0,9740198745351917553,,
0x729e4ab1f1613a55f4dc6444cb073a2f9ba4c402f8c59e93e1d725f9ce45f23a,6,supply,2025-11-12T13:00:00Z,2025-11-26T13:00:00Z,USDC,0xaf88d065e77c8cc2239327c5edb3a432268e5831,PT-USDe-11DEC2025,0xf9921bc1837a97b8f853c83521122c3fbf3f365f,915000000000000000,shared_market_pool,1,0,16371896546455148731,,
0x729e4ab1f1613a55f4dc6444cb073a2f9ba4c402f8c59e93e1d725f9ce45f23a,7,borrow,2025-11-26T13:00:00Z,2025-12-10T13:00:00Z,USDC,0xaf88d065e77c8cc2239327c5edb3a432268e5831,PT-USDe-11DEC2025,0xf9921bc1837a97b8f853c83521122c3fbf3f365f,915000000000000000,shared_market_pool,1,0,14844593645084346657,,
0x729e4ab1f1613a55f4dc6444cb073a2f9ba4c402f8c59e93e1d725f9ce45f23a,7,supply,2025-11-26T13:00:00Z,2025-12-10T13:00:00Z,USDC,0xaf88d065e77c8cc2239327c5edb3a432268e5831,PT-USDe-11DEC2025,0xf9921bc1837a97b8f853c83521122c3fbf3f365f,915000000000000000,shared_market_pool,1,0,1453975958288072887,,
0x729e4ab1f1613a55f4dc6444cb073a2f9ba4c402f8c59e93e1d725f9ce45f23a,8,borrow,2025-12-10T13:00:00Z,2025-12-24T13:00:00Z,USDC,0xaf88d065e77c8cc2239327c5edb3a432268e5831,PT-USDe-11DEC2025,0xf9921bc1837a97b8f853c83521122c3fbf3f365f,915000000000000000,shared_market_pool,1,0,2424983120607151158,,
0x729e4ab1f1613a55f4dc6444cb073a2f9ba4c402f8c59e93e1d725f9ce45f23a,8,supply,2025-12-10T13:00:00Z,2025-12-24T13:00:00Z,USDC,0xaf88d065e77c8cc2239327c5edb3a432268e5831,PT-USDe-11DEC2025,0xf9921bc1837a97b8f853c83521122c3fbf3f365f,915000000000000000,shared_market_pool,1,0,1695825053467459259,,
0x729e4ab1f1613a55f4dc6444cb073a2f9ba4c402f8c59e93e1d725f9ce45f23a,9,borrow,2025-12-24T13:00:00Z,2026-01-07T13:00:00Z,USDC,0xaf88d065e77c8cc2239327c5edb3a432268e5831,PT-USDe-11DEC2025,0xf9921bc1837a97b8f853c83521122c3fbf3f365f,915000000000000000,shared_market_pool,1,0,12482204345182185278,,
0x729e4ab1f1613a55f4dc6444cb073a2f9ba4c402f8c59e93e1d725f9ce45f23a,9,supply,2025-12-24T13:00:00Z,2026-01-07T13:00:00Z,USDC,0xaf88d065e77c8cc2239327c5edb3a432268e5831,PT-USDe-11DEC2025,0xf9921bc1837a97b8f853c83521122c3fbf3f365f,915000000000000000,shared_market_pool,1,0,2173420697471906676,,
0x729e4ab1f1613a55f4dc6444cb073a2f9ba4c402f8c59e93e1d725f9ce45f23a,10,supply,2026-01-07T13:00:00Z,2026-01-21T13:00:00Z,USDC,0xaf88d065e77c8cc2239327c5edb3a432268e5831,PT-USDe-11DEC2025,0xf9921bc1837a97b8f853c83521122c3fbf3f365f,915000000000000000,shared_market_pool,1,0,787173404906941585,,
0x729e4ab1f1613a55f4dc6444cb073a2f9ba4c402f8c59e93e1d725f9ce45f23a,11,supply,2026-01-21T13:00:00Z,2026-02-04T13:00:00Z,USDC,0xaf88d065e77c8cc2239327c5edb3a432268e5831,PT-USDe-11DEC2025,0xf9921bc1837a97b8f853c83521122c3fbf3f365f,915000000000000000,shared_market_pool,1,0,9226587987773725264,,
0x729e4ab1f1613a55f4dc6444cb073a2f9ba4c402f8c59e93e1d725f9ce45f23a,12,supply,2026-02-04T13:00:00Z,2026-02-18T13:00:00Z,USDC,0xaf88d065e77c8cc2239327c5edb3a432268e5831,PT-USDe-11DEC2025,0xf9921bc1837a97b8f853c83521122c3fbf3f365f,915000000000000000,shared_market_pool,1,0,12959691339003126968,,
0x7717f1e04510390518811b3133ea47c298094ddd1d806ed8f8867d88c727bad7,7,borrow,2025-11-26T13:00:00Z,2025-12-10T13:00:00Z,USDC,0xaf88d065e77c8cc2239327c5edb3a432268e5831,PT-sUSDai-19FEB2026,0x1bf1311fcf914a69dd5805c9b06b72f80539cb3f,860000000000000000,shared_market_pool,1,0,14844593645084346657,,
0x7717f1e04510390518811b3133ea47c298094ddd1d806ed8f8867d88c727bad7,7,supply,2025-11-26T13:00:00Z,2025-12-10T13:00:00Z,USDC,0xaf88d065e77c8cc2239327c5edb3a432268e5831,PT-sUSDai-19FEB2026,0x1bf1311fcf914a69dd5805c9b06b72f80539cb3f,860000000000000000,shared_market_pool,1,0,1453975958288072887,,
0x7717f1e04510390518811b3133ea47c298094ddd1d806ed8f8867d88c727bad7,8,borrow,2025-12-10T13:00:00Z,2025-12-24T13:00:00Z,USDC,0xaf88d065e77c8cc2239327c5edb3a432268e5831,PT-sUSDai-19FEB2026,0x1bf1311fcf914a69dd5805c9b06b72f80539cb3f,860000000000000000,shared_market_pool,1,0,2424983120607151158,,
0x7717f1e04510390518811b3133ea47c298094ddd1d806ed8f8867d88c727bad7,8,supply,2025-12-10T13:00:00Z,2025-12-24T13:00:00Z,USDC,0xaf88d065e77c8cc2239327c5edb3a432268e5831,PT-sUSDai-19FEB2026,0x1bf1311fcf914a69dd5805c9b06b72f80539cb3f,860000000000000000,shared_market_pool,1,0,1695825053467459259,,
0x7717f1e04510390518811b3133ea47c298094ddd1d806ed8f8867d88c727bad7,9,borrow,2025-12-24T13:00:00Z,2026-01-07T13:00:00Z,USDC,0xaf88d065e77c8cc2239327c5edb3a432268e5831,PT-sUSDai-19FEB2026,0x1bf1311fcf914a69dd5805c9b06b72f80539cb3f,860000000000000000,shared_market_pool,1,0,12482204345182185278,,
0x7717f1e04510390518811b3133ea47c298094ddd1d806ed8f8867d88c727bad7,9,supply,2025-12-24T13:00:00Z,2026-01-07T13:00:00Z,USDC,0xaf88d065e77c8cc2239327c5edb3a432268e5831,PT-sUSDai-19FEB2026,0x1bf1311fcf914a69dd5805c9b06b72f80539cb3f,860000000000000000,shared_market_pool,1,0,2173420697471906676,,
0x7717f1e04510390518811b3133ea47c298094ddd1d806ed8f8867d88c727bad7,10,supply,2026-01-07T13:00:00Z,2026-01-21T13:00:00Z,USDC,0xaf88d065e77c8cc2239327c5edb3a432268e5831,PT-sUSDai-19FEB2026,0x1bf1311fcf914a69dd5805c9b06b72f80539cb3f,860000000000000000,shared_market_pool,1,0,787173404906941585,,
0x7717f1e04510390518811b3133ea47c298094ddd1d806ed8f8867d88c727bad7,11,supply,2026-01-21T13:00:00Z,2026-02-04T13:00:00Z,USDC,0xaf88d065e77c8cc2239327c5edb3a432268e5831,PT-sUSDai-19FEB2026,0x1bf1311fcf914a69dd5805c9b06b72f80539cb3f,860000000000000000,shared_market_pool,1,0,9226587987773725264,,
0x7717f1e04510390518811b3133ea47c298094ddd1d806ed8f8867d88c727bad7,12,supply,2026-02-04T13:00:00Z,2026-02-18T13:00:00Z,USDC,0xaf88d065e77c8cc2239327c5edb3a432268e5831,PT-sUSDai-19FEB2026,0x1bf1311fcf914a69dd5805c9b06b72f80539cb3f,860000000000000000,shared_market_pool,1,0,12959691339003126968,,
0x77fe2f7c2dd6f4da6bc5f445b06052ff8df55cb70cfce9afc16ec3c69a5fd3a3,1,borrow,2025-09-03T13:00:00Z,2025-09-17T13:00:00Z,USDC,0xaf88d065e77c8cc2239327c5edb3a432268e5831,sUSDS,0xddb46999f8891663a8f2828d25298f70416d7610,945000000000000000,shared_market_pool,1,0,303609946611817849,,
0x77fe2f7c2dd6f4da6bc5f445b06052ff8df55cb70cfce9afc16ec3c69a5fd3a3,1,supply,2025-09-03T13:00:00Z,2025-09-17T13:00:00Z,USDC,0xaf88d065e77c8cc2239327c5edb3a432268e5831,sUSDS,0xddb46999f8891663a8f2828d25298f70416d7610,945000000000000000,shared_market_pool,1,0,18214077999762913454,,
0x77fe2f7c2dd6f4da6bc5f445b06052ff8df55cb70cfce9afc16ec3c69a5fd3a3,2,borrow,2025-09-17T13:00:00Z,2025-10-01T13:00:00Z,USDC,0xaf88d065e77c8cc2239327c5edb3a432268e5831,sUSDS,0xddb46999f8891663a8f2828d25298f70416d7610,945000000000000000,shared_market_pool,1,0,375214974642195408,,
0x77fe2f7c2dd6f4da6bc5f445b06052ff8df55cb70cfce9afc16ec3c69a5fd3a3,2,supply,2025-09-17T13:00:00Z,2025-10-01T13:00:00Z,USDC,0xaf88d065e77c8cc2239327c5edb3a432268e5831,sUSDS,0xddb46999f8891663a8f2828d25298f70416d7610,945000000000000000,shared_market_pool,1,0,5414838473121375382,,
0x77fe2f7c2dd6f4da6bc5f445b06052ff8df55cb70cfce9afc16ec3c69a5fd3a3,3,borrow,2025-10-01T13:00:00Z,2025-10-15T13:00:00Z,USDC,0xaf88d065e77c8cc2239327c5edb3a432268e5831,sUSDS,0xddb46999f8891663a8f2828d25298f70416d7610,945000000000000000,shared_market_pool,1,0,17137598212722994375,,
0x77fe2f7c2dd6f4da6bc5f445b06052ff8df55cb70cfce9afc16ec3c69a5fd3a3,3,supply,2025-10-01T13:00:00Z,2025-10-15T13:00:00Z,USDC,0xaf88d065e77c8cc2239327c5edb3a432268e5831,sUSDS,0xddb46999f8891663a8f2828d25298f70416d7610,945000000000000000,shared_market_pool,1,0,7035763710649696845,,
0x77fe2f7c2dd6f4da6bc5f445b06052ff8df55cb70cfce9afc16ec3c69a5fd3a3,4,borrow,2025-10-15T13:00:00Z,2025-10-29T13:00:00Z,USDC,0xaf88d065e77c8cc2239327c5edb3a432268e5831,sUSDS,0xddb46999f8891663a8f2828d25298f70416d7610,945000000000000000,shared_market_pool,1,0,6654923927173484081,,
0x77fe2f7c2dd6f4da6bc5f445b06052ff8df55cb70cfce9afc16ec3c69a5fd3a3,4,supply,2025-10-15T13:00:00Z,2025-10-29T13:00:00Z,USDC,0xaf88d065e77c8cc2239327c5edb3a432268e5831,sUSDS,0xddb46999f8891663a8f2828d25298f70416d7610,945000000000000000,shared_market_pool,1,0,16150703777321717055,,
0x77fe2f7c2dd6f4da6bc5f445b06052ff8df55cb70cfce9afc16ec3c69a5fd3a3,5,borrow,2025-10-29T13:00:00Z,2025-11-12T13:00:00Z,USDC,0xaf88d065e77c8cc2239327c5edb3a432268e5831,sUSDS,0xddb46999f8891663a8f2828d25298f70416d7610,945000000000000000,shared_market_pool,1,0,865602104468975376,,
0x77fe2f7c2dd6f4da6bc5f445b06052ff8df55cb70cfce9afc16ec3c69a5fd3a3,5,supply,2025-10-29T13:00:00Z,2025-11-12T13:00:00Z,USDC,0xaf88d065e77c8cc2239327c5edb3a432268e5831,sUSDS,0xddb46999f8891663a8f2828d25298f70416d7610,945000000000000000,shared_market_pool,1,0,11054087518202090923,,
0x77fe2f7c2dd6f4da6bc5f445b06052ff8df55cb70cfce9afc16ec3c69a5fd3a3,6,borrow,2025-11-12T13:00:00Z,2025-11-26T13:00:00Z,USDC,0xaf88d065e77c8cc2239327c5edb3a432268e5831,sUSDS,0xddb46999f8891663a8f2828d25298f70416d7610,945000000000000000,shared_market_pool,1,0,9740198745351917553,,
0x77fe2f7c2dd6f4da6bc5f445b06052ff8df55cb70cfce9afc16ec3c69a5fd3a3,6,supply,2025-11-12T13:00:00Z,2025-11-26T13:00:00Z,USDC,0xaf88d065e77c8cc2239327c5edb3a432268e5831,sUSDS,0xddb46999f8891663a8f2828d25298f70416d7610,945000000000000000,shared_market_pool,1,0,16371896546455148731,,
0x77fe2f7c2dd6f4da6bc5f445b06052ff8df55cb70cfce9afc16ec3c69a5fd3a3,7,borrow,2025-11-26T13:00:00Z,2025-12-10T13:00:00Z,USDC,0xaf88d065e77c8cc2239327c5edb3a432268e5831,sUSDS,0xddb46999f8891663a8f2828d25298f70416d7610,945000000000000000,shared_market_pool,1,0,14844593645084346657,,
0x77fe2f7c2dd6f4da6bc5f445b06052ff8df55cb70cfce9afc16ec3c69a5fd3a3,7,supply,2025-11-26T13:00:00Z,2025-12-10T13:00:00Z,USDC,0xaf88d065e77c8cc2239327c5edb3a432268e5831,sUSDS,0xddb46999f8891663a8f2828d25298f70416d7610,945000000000000000,shared_market_pool,1,0,1453975958288072887,,
0x77fe2f7c2dd6f4da6bc5f445b06052ff8df55cb70cfce9afc16ec3c69a5fd3a3,8,borrow,2025-12-10T13:00:00Z,2025-12-24T13:00:00Z,USDC,0xaf88d065e77c8cc2239327c5edb3a432268e5831,sUSDS,0xddb46999f8891663a8f2828d25298f70416d7610,945000000000000000,shared_market_pool,1,0,2424983120607151158,,
0x77fe2f7c2dd6f4da6bc5f445b06052ff8df55cb70cfce9afc16ec3c69a5fd3a3,8,supply,2025-12-10T13:00:00Z,2025-12-24T13:00:00Z,USDC,0xaf88d065e77c8cc2239327c5edb3a432268e5831,sUSDS,0xddb46999f8891663a8f2828d25298f70416d7610,945000000000000000,shared_market_pool,1,0,1695825053467459259,,
0x77fe2f7c2dd6f4da6bc5f445b06052ff8df55cb70cfce9afc16ec3c69a5fd3a3,9,borrow,2025-12-24T13:00:00Z,2026-01-07T13:00:00Z,USDC,0xaf88d065e77c8cc2239327c5edb3a432268e5831,sUSDS,0xddb46999f8891663a8f2828d25298f70416d7610,945000000000000000,shared_market_pool,1,0,12482204345182185278,,
0x77fe2f7c2dd6f4da6bc5f445b06052ff8df55cb70cfce9afc16ec3c69a5fd3a3,9,supply,2025-12-24T13:00:00Z,2026-01-07T13:00:00Z,USDC,0xaf88d065e77c8cc2239327c5edb3a432268e5831,sUSDS,0xddb46999f8891663a8f2828d25298f70416d7610,945000000000000000,shared_market_pool,1,0,2173420697471906676,,
0x77fe2f7c2dd6f4da6bc5f445b06052ff8df55cb70cfce9afc16ec3c69a5fd3a3,10,supply,2026-01-07T13:00:00Z,2026-01-21T13:00:00Z,USDC,0xaf88d065e77c8cc2239327c5edb3a432268e5831,sUSDS,0xddb46999f8891663a8f2828d25298f70416d7610,945000000000000000,shared_market_pool,1,0,787173404906941585,,
0x77fe2f7c2dd6f4da6bc5f445b06052ff8df55cb70cfce9afc16ec3c69a5fd3a3,11,supply,2026-01-21T13:00:00Z,2026-02-04T13:00:00Z,USDC,0xaf88d065e77c8cc2239327c5edb3a432268e5831,sUSDS,0xddb46999f8891663a8f2828d25298f70416d7610,945000000000000000,shared_market_pool,1,0,9226587987773725264,,
0x77fe2f7c2dd6f4da6bc5f445b06052ff8df55cb70cfce9afc16ec3c69a5fd3a3,12,supply,2026-02-04T13:00:00Z,2026-02-18T13:00:00Z,USDC,0xaf88d065e77c8cc2239327c5edb3a432268e5831,sUSDS,0xddb46999f8891663a8f2828d25298f70416d7610,945000000000000000,shared_market_pool,1,0,12959691339003126968,,
0x7d4799e15dcaad9da49ab8edf46d647db2da2ff419db52e8ec0984d0c49e8b9b,7,borrow,2025-11-26T13:00:00Z,2025-12-10T13:00:00Z,USDC,0xaf88d065e77c8cc2239327c5edb3a432268e5831,PT-USDai-19FEB2026,0x5b2c615e22272234aacf187632a0531ca1243279,915000000000000000,shared_market_pool,1,0,14844593645084346657,,
0x7d4799e15dcaad9da49ab8edf46d647db2da2ff419db52e8ec0984d0c49e8b9b,7,supply,2025-11-26T13:00:00Z,2025-12-10T13:00:00Z,USDC,0xaf88d065e77c8cc2239327c5edb3a432268e5831,PT-USDai-19FEB2026,0x5b2c615e22272234aacf187632a0531ca1243279,915000000000000000,shared_market_pool,1,0,1453975958288072887,,
0x7d4799e15dcaad9da49ab8edf46d647db2da2ff419db52e8ec0984d0c49e8b9b,8,borrow,2025-12-10T13:00:00Z,2025-12-24T13:00:00Z,USDC,0xaf88d065e77c8cc2239327c5edb3a432268e5831,PT-USDai-19FEB2026,0x5b2c615e22272234aacf187632a0531ca1243279,915000000000000000,shared_market_pool,1,0,2424983120607151158,,
0x7d4799e15dcaad9da49ab8edf46d647db2da2ff419db52e8ec0984d0c49e8b9b,8,supply,2025-12-10T13:00:00Z,2025-12-24T13:00:00Z,USDC,0xaf88d065e77c8cc2239327c5edb3a432268e5831,PT-USDai-19FEB2026,0x5b2c615e22272234aacf187632a0531ca1243279,915000000000000000,shared_market_pool,1,0,1695825053467459259,,
0x7d4799e15dcaad9da49ab8edf46d647db2da2ff419db52e8ec0984d0c49e8b9b,9,borrow,2025-12-24T13:00:00Z,2026-01-07T13:00:00Z,USDC,0xaf88d065e77c8cc2239327c5edb3a432268e5831,PT-USDai-19FEB2026,0x5b2c615e22272234aacf187632a0531ca1243279,915000000000000000,shared_market_pool,1,0,12482204345182185278,,
0x7d4799e15dcaad9da49ab8edf46d647db2da2ff419db52e8ec0984d0c49e8b9b,9,supply,2025-12-24T13:00:00Z,2026-01-07T13:00:00Z,USDC,0xaf88d065e77c8cc2239327c5edb3a432268e5831,PT-USDai-19FEB2026,0x5b2c615e22272234aacf187632a0531ca1243279,915000000000000000,shared_market_pool,1,0,2173420697471906676,,
0x7d4799e15dcaad9da49ab8edf46d647db2da2ff419db52e8ec0984d0c49e8b9b,10,supply,2026-01-07T13:00:00Z,2026-01-21T13:00:00Z,USDC,0xaf88d065e77c8cc2239327c5edb3a432268e5831,PT-USDai-19FEB2026,0x5b2c615e22272234aacf187632a0531ca1243279,915000000000000000,shared_market_pool,1,0,787173404906941585,,
0x7d4799e15dcaad9da49ab8edf46d647db2da2ff419db52e8ec0984d0c49e8b9b,11,supply,2026-01-21T13:00:00Z,2026-02-04T13:00:00Z,USDC,0xaf88d065e77c8cc2239327c5edb3a432268e5831,PT-USDai-19FEB2026,0x5b2c615e22272234aacf187632a0531ca1243279,915000000000000000,shared_market_pool,1,0,9226587987773725264,,
0x7d4799e15dcaad9da49ab8edf46d647db2da2ff419db52e8ec0984d0c49e8b9b,12,supply,2026-02-04T13:00:00Z,2026-02-18T13:00:00Z,USDC,0xaf88d065e77c8cc2239327c5edb3a432268e5831,PT-USDai-19FEB2026,0x5b2c615e22272234aacf187632a0531ca1243279,915000000000000000,shared_market_pool,1,0,12959691339003126968,,
0x7e7c08f2d8bb6821408ac6b4e2f322d73ba1fb8ce20b3b65087f440ef3b2f8f1,1,borrow,2025-09-03T13:00:00Z,2025-09-17T13:00:00Z,USDC,0xaf88d065e77c8cc2239327c5edb3a432268e5831,sUSDe,0x211cc4dd073734da055fbf44a2b4667d5e5fe5d2,915000000000000000,shared_market_pool,1,0,303609946611817849,,
0x7e7c08f2d8bb6821408ac6b4e2f322d73ba1fb8ce20b3b65087f440ef3b2f8f1,1,supply,2025-09-03T13:00:00Z,2025-09-17T13:00:00Z,USDC,0xaf88d065e77c8cc2239327c5edb3a432268e5831,sUSDe,0x211cc4dd073734da055fbf44a2b4667d5e5fe5d2,915000000000000000,shared_market_pool,1,0,18214077999762913454,,
0x7e7c08f2d8bb6821408ac6b4e2f322d73ba1fb8ce20b3b65087f440ef3b2f8f1,2,borrow,2025-09-17T13:00:00Z,2025-10-01T13:00:00Z,USDC,0xaf88d065e77c8cc2239327c5edb3a432268e5831,sUSDe,0x211cc4dd073734da055fbf44a2b4667d5e5fe5d2,915000000000000000,shared_market_pool,1,0,375214974642195408,,
0x7e7c08f2d8bb6821408ac6b4e2f322d73ba1fb8ce20b3b65087f440ef3b2f8f1,2,supply,2025-09-17T13:00:00Z,2025-10-01T13:00:00Z,USDC,0xaf88d065e77c8cc2239327c5edb3a432268e5831,sUSDe,0x211cc4dd073734da055fbf44a2b4667d5e5fe5d2,915000000000000000,shared_market_pool,1,0,5414838473121375382,,
0x7e7c08f2d8bb6821408ac6b4e2f322d73ba1fb8ce20b3b65087f440ef3b2f8f1,3,borrow,2025-10-01T13:00:00Z,2025-10-15T13:00:00Z,USDC,0xaf88d065e77c8cc2239327c5edb3a432268e5831,sUSDe,0x211cc4dd073734da055fbf44a2b4667d5e5fe5d2,915000000000000000,shared_market_pool,1,0,17137598212722994375,,
0x7e7c08f2d8bb6821408ac6b4e2f322d73ba1fb8ce20b3b65087f440ef3b2f8f1,3,supply,2025-10-01T13:00:00Z,2025-10-15T13:00:00Z,USDC,0xaf88d065e77c8cc2239327c5edb3a432268e5831,sUSDe,0x211cc4dd073734da055fbf44a2b4667d5e5fe5d2,915000000000000000,shared_market_pool,1,0,7035763710649696845,,
0x7e7c08f2d8bb6821408ac6b4e2f322d73ba1fb8ce20b3b65087f440ef3b2f8f1,4,borrow,2025-10-15T13:00:00Z,2025-10-29T13:00:00Z,USDC,0xaf88d065e77c8cc2239327c5edb3a432268e5831,sUSDe,0x211cc4dd073734da055fbf44a2b4667d5e5fe5d2,915000000000000000,shared_market_pool,1,0,6654923927173484081,,
0x7e7c08f2d8bb6821408ac6b4e2f322d73ba1fb8ce20b3b65087f440ef3b2f8f1,4,supply,2025-10-15T13:00:00Z,2025-10-29T13:00:00Z,USDC,0xaf88d065e77c8cc2239327c5edb3a432268e5831,sUSDe,0x211cc4dd073734da055fbf44a2b4667d5e5fe5d2,915000000000000000,shared_market_pool,1,0,16150703777321717055,,
0x7e7c08f2d8bb6821408ac6b4e2f322d73ba1fb8ce20b3b65087f440ef3b2f8f1,5,borrow,2025-10-29T13:00:00Z,2025-11-12T13:00:00Z,USDC,0xaf88d065e77c8cc2239327c5edb3a432268e5831,sUSDe,0x211cc4dd073734da055fbf44a2b4667d5e5fe5d2,915000000000000000,shared_market_pool,1,0,865602104468975376,,
0x7e7c08f2d8bb6821408ac6b4e2f322d73ba1fb8ce20b3b65087f440ef3b2f8f1,5,supply,2025-10-29T13:00:00Z,2025-11-12T13:00:00Z,USDC,0xaf88d065e77c8cc2239327c5edb3a432268e5831,sUSDe,0x211cc4dd073734da055fbf44a2b4667d5e5fe5d2,915000000000000000,shared_market_pool,1,0,11054087518202090923,,
0x7e7c08f2d8bb6821408ac6b4e2f322d73ba1fb8ce20b3b65087f440ef3b2f8f1,6,borrow,2025-11-12T13:00:00Z,2025-11-26T13:00:00Z,USDC,0xaf88d065e77c8cc2239327c5edb3a432268e5831,sUSDe,0x211cc4dd073734da055fbf44a2b4667d5e5fe5d2,915000000000000000,shared_market_pool,1,0,9740198745351917553,,
0x7e7c08f2d8bb6821408ac6b4e2f322d73ba1fb8ce20b3b65087f440ef3b2f8f1,6,supply,2025-11-12T13:00:00Z,2025-11-26T13:00:00Z,USDC,0xaf88d065e77c8cc2239327c5edb3a432268e5831,sUSDe,0x211cc4dd073734da055fbf44a2b4667d5e5fe5d2,915000000000000000,shared_market_pool,1,0,16371896546455148731,,
0x7e7c08f2d8bb6821408ac6b4e2f322d73ba1fb8ce20b3b65087f440ef3b2f8f1,7,borrow,2025-11-26T13:00:00Z,2025-12-10T13:00:00Z,USDC,0xaf88d065e77c8cc2239327c5edb3a432268e5831,sUSDe,0x211cc4dd073734da055fbf44a2b4667d5e5fe5d2,915000000000000000,shared_market_pool,1,0,14844593645084346657,,
0x7e7c08f2d8bb6821408ac6b4e2f322d73ba1fb8ce20b3b65087f440ef3b2f8f1,7,supply,2025-11-26T13:00:00Z,2025-12-10T13:00:00Z,USDC,0xaf88d065e77c8cc2239327c5edb3a432268e5831,sUSDe,0x211cc4dd073734da055fbf44a2b4667d5e5fe5d2,915000000000000000,shared_market_pool,1,0,1453975958288072887,,
0x7e7c08f2d8bb6821408ac6b4e2f322d73ba1fb8ce20b3b65087f440ef3b2f8f1,8,borrow,2025-12-10T13:00:00Z,2025-12-24T13:00:00Z,USDC,0xaf88d065e77c8cc2239327c5edb3a432268e5831,sUSDe,0x211cc4dd073734da055fbf44a2b4667d5e5fe5d2,915000000000000000,shared_market_pool,1,0,2424983120607151158,,
0x7e7c08f2d8bb6821408ac6b4e2f322d73ba1fb8ce20b3b65087f440ef3b2f8f1,8,supply,2025-12-10T13:00:00Z,2025-12-24T13:00:00Z,USDC,0xaf88d065e77c8cc2239327c5edb3a432268e5831,sUSDe,0x211cc4dd073734da055fbf44a2b4667d5e5fe5d2,915000000000000000,shared_market_pool,1,0,1695825053467459259,,
0x7e7c08f2d8bb6821408ac6b4e2f322d73ba1fb8ce20b3b65087f440ef3b2f8f1,9,borrow,2025-12-24T13:00:00Z,2026-01-07T13:00:00Z,USDC,0xaf88d065e77c8cc2239327c5edb3a432268e5831,sUSDe,0x211cc4dd073734da055fbf44a2b4667d5e5fe5d2,915000000000000000,shared_market_pool,1,0,12482204345182185278,,
0x7e7c08f2d8bb6821408ac6b4e2f322d73ba1fb8ce20b3b65087f440ef3b2f8f1,9,supply,2025-12-24T13:00:00Z,2026-01-07T13:00:00Z,USDC,0xaf88d065e77c8cc2239327c5edb3a432268e5831,sUSDe,0x211cc4dd073734da055fbf44a2b4667d5e5fe5d2,915000000000000000,shared_market_pool,1,0,2173420697471906676,,
0x7e7c08f2d8bb6821408ac6b4e2f322d73ba1fb8ce20b3b65087f440ef3b2f8f1,10,supply,2026-01-07T13:00:00Z,2026-01-21T13:00:00Z,USDC,0xaf88d065e77c8cc2239327c5edb3a432268e5831,sUSDe,0x211cc4dd073734da055fbf44a2b4667d5e5fe5d2,915000000000000000,shared_market_pool,1,0,787173404906941585,,
0x7e7c08f2d8bb6821408ac6b4e2f322d73ba1fb8ce20b3b65087f440ef3b2f8f1,11,supply,2026-01-21T13:00:00Z,2026-02-04T13:00:00Z,USDC,0xaf88d065e77c8cc2239327c5edb3a432268e5831,sUSDe,0x211cc4dd073734da055fbf44a2b4667d5e5fe5d2,915000000000000000,shared_market_pool,1,0,9226587987773725264,,
0x7e7c08f2d8bb6821408ac6b4e2f322d73ba1fb8ce20b3b65087f440ef3b2f8f1,12,supply,2026-02-04T13:00:00Z,2026-02-18T13:00:00Z,USDC,0xaf88d065e77c8cc2239327c5edb3a432268e5831,sUSDe,0x211cc4dd073734da055fbf44a2b4667d5e5fe5d2,915000000000000000,shared_market_pool,1,0,12959691339003126968,,
0x8147c63f3f6f5a0825c84bf2cb11443c72b609fa39cf9a362e3d4dc2c5ca76c4,8,borrow,2025-12-10T13:00:00Z,2025-12-24T13:00:00Z,USDC,0xaf88d065e77c8cc2239327c5edb3a432268e5831,PT-USDai-19FEB2026,0x5b2c615e22272234aacf187632a0531ca1243279,915000000000000000,shared_market_pool,1,0,2424983120607151158,,
0x8147c63f3f6f5a0825c84bf2cb11443c72b609fa39cf9a362e3d4dc2c5ca76c4,8,supply,2025-12-10T13:00:00Z,2025-12-24T13:00:00Z,USDC,0xaf88d065e77c8cc2239327c5edb3a432268e5831,PT-USDai-19FEB2026,0x5b2c615e22272234aacf187632a0531ca1243279,915000000000000000,shared_market_pool,1,0,1695825053467459259,,
0x8147c63f3f6f5a0825c84bf2cb11443c72b609fa39cf9a362e3d4dc2c5ca76c4,9,borrow,2025-12-24T13:00:00Z,2026-01-07T13:00:00Z,USDC,0xaf88d065e77c8cc2239327c5edb3a432268e5831,PT-USDai-19FEB2026,0x5b2c615e22272234aacf187632a0531ca1243279,915000000000000000,shared_market_pool,1,0,12482204345182185278,,
0x8147c63f3f6f5a0825c84bf2cb11443c72b609fa39cf9a362e3d4dc2c5ca76c4,9,supply,2025-12-24T13:00:00Z,2026-01-07T13:00:00Z,USDC,0xaf88d065e77c8cc2239327c5edb3a432268e5831,PT-USDai-19FEB2026,0x5b2c615e22272234aacf187632a0531ca1243279,915000000000000000,shared_market_pool,1,0,2173420697471906676,,
0x8147c63f3f6f5a0825c84bf2cb11443c72b609fa39cf9a362e3d4dc2c5ca76c4,10,supply,2026-01-07T13:00:00Z,2026-01-21T13:00:00Z,USDC,0xaf88d065e77c8cc2239327c5edb3a432268e5831,PT-USDai-19FEB2026,0x5b2c615e22272234aacf187632a0531ca1243279,915000000000000000,shared_market_pool,1,0,787173404906941585,,
0x8147c63f3f6f5a0825c84bf2cb11443c72b609fa39cf9a362e3d4dc2c5ca76c4,11,supply,2026-01-21T13:00:00Z,2026-02-04T13:00:00Z,USDC,0xaf88d065e77c8cc2239327c5edb3a432268e5831,PT-USDai-19FEB2026,0x5b2c615e22272234aacf187632a0531ca1243279,915000000000000000,shared_market_pool,1,0,9226587987773725264,,
0x8147c63f3f6f5a0825c84bf2cb11443c72b609fa39cf9a362e3d4dc2c5ca76c4,12,supply,2026-02-04T13:00:00Z,2026-02-18T13:00:00Z,USDC,0xaf88d065e77c8cc2239327c5edb3a432268e5831,PT-USDai-19FEB2026,0x5b2c615e22272234aacf187632a0531ca1243279,915000000000000000,shared_market_pool,1,0,12959691339003126968,,
0x84367e5bc5df26437618f749d5beb793746e620560721fec15518d684191ebc6,3,borrow,2025-10-01T13:00:00Z,2025-10-15T13:00:00Z,USDC,0xaf88d065e77c8cc2239327c5edb3a432268e5831,PT-syrupUSDC-29JAN2026,0x1ef58a7af39883cc95c59a2c106b726c64c2ecc6,915000000000000000,shared_market_pool,1,0,17137598212722994375,,
0x84367e5bc5df26437618f749d5beb793746e620560721fec15518d684191ebc6,3,supply,2025-10-01T13:00:00Z,2025-10-15T13:00:00Z,USDC,0xaf88d065e77c8cc2239327c5edb3a432268e5831,PT-syrupUSDC-29JAN2026,0x1ef58a7af39883cc95c59a2c106b726c64c2ecc6,915000000000000000,shared_market_pool,1,0,7035763710649696845,,
0x84367e5bc5df26437618f749d5beb793746e620560721fec15518d684191ebc6,4,borrow,2025-10-15T13:00:00Z,2025-10-29T13:00:00Z,USDC,0xaf88d065e77c8cc2239327c5edb3a432268e5831,PT-syrupUSDC-29JAN2026,0x1ef58a7af39883cc95c59a2c106b726c64c2ecc6,915000000000000000,shared_market_pool,1,0,6654923927173484081,,
0x84367e5bc5df26437618f749d5beb793746e620560721fec15518d684191ebc6,4,supply,2025-10-15T13:00:00Z,2025-10-29T13:00:00Z,USDC,0xaf88d065e77c8cc2239327c5edb3a432268e5831,PT-syrupUSDC-29JAN2026,0x1ef58a7af39883cc95c59a2c106b726c64c2ecc6,915000000000000000,shared_market_pool,1,0,16150703777321717055,,
0x84367e5bc5df26437618f749d5beb793746e620560721fec15518d684191ebc6,5,borrow,2025-10-29T13:00:00Z,2025-11-12T13:00:00Z,USDC,0xaf88d065e77c8cc2239327c5edb3a432268e5831,PT-syrupUSDC-29JAN2026,0x1ef58a7af39883cc95c59a2c106b726c64c2ecc6,915000000000000000,shared_market_pool,1,0,865602104468975376,,
0x84367e5bc5df26437618f749d5beb793746e620560721fec15518d684191ebc6,5,supply,2025-10-29T13:00:00Z,2025-11-12T13:00:00Z,USDC,0xaf88d065e77c8cc2239327c5edb3a432268e5831,PT-syrupUSDC-29JAN2026,0x1ef58a7af39883cc95c59a2c106b726c64c2ecc6,915000000000000000,shared_market_pool,1,0,11054087518202090923,,
0x84367e5bc5df26437618f749d5beb793746e620560721fec15518d684191ebc6,6,borrow,2025-11-12T13:00:00Z,2025-11-26T13:00:00Z,USDC,0xaf88d065e77c8cc2239327c5edb3a432268e5831,PT-syrupUSDC-29JAN2026,0x1ef58a7af39883cc95c59a2c106b726c64c2ecc6,915000000000000000,shared_market_pool,1,0,9740198745351917553,,
0x84367e5bc5df26437618f749d5beb793746e620560721fec15518d684191ebc6,6,supply,2025-11-12T13:00:00Z,2025-11-26T13:00:00Z,USDC,0xaf88d065e77c8cc2239327c5edb3a432268e5831,PT-syrupUSDC-29JAN2026,0x1ef58a7af39883cc95c59a2c106b726c64c2ecc6,915000000000000000,shared_market_pool,1,0,16371896546455148731,,
0x84367e5bc5df26437618f749d5beb793746e620560721fec15518d684191ebc6,7,borrow,2025-11-26T13:00:00Z,2025-12-10T13:00:00Z,USDC,0xaf88d065e77c8cc2239327c5edb3a432268e5831,PT-syrupUSDC-29JAN2026,0x1ef58a7af39883cc95c59a2c106b726c64c2ecc6,915000000000000000,shared_market_pool,1,0,14844593645084346657,,
0x84367e5bc5df26437618f749d5beb793746e620560721fec15518d684191ebc6,7,supply,2025-11-26T13:00:00Z,2025-12-10T13:00:00Z,USDC,0xaf88d065e77c8cc2239327c5edb3a432268e5831,PT-syrupUSDC-29JAN2026,0x1ef58a7af39883cc95c59a2c106b726c64c2ecc6,915000000000000000,shared_market_pool,1,0,1453975958288072887,,
0x84367e5bc5df26437618f749d5beb793746e620560721fec15518d684191ebc6,8,borrow,2025-12-10T13:00:00Z,2025-12-24T13:00:00Z,USDC,0xaf88d065e77c8cc2239327c5edb3a432268e5831,PT-syrupUSDC-29JAN2026,0x1ef58a7af39883cc95c59a2c106b726c64c2ecc6,915000000000000000,shared_market_pool,1,0,2424983120607151158,,
0x84367e5bc5df26437618f749d5beb793746e620560721fec15518d684191ebc6,8,supply,2025-12-10T13:00:00Z,2025-12-24T13:00:00Z,USDC,0xaf88d065e77c8cc2239327c5edb3a432268e5831,PT-syrupUSDC-29JAN2026,0x1ef58a7af39883cc95c59a2c106b726c64c2ecc6,915000000000000000,shared_market_pool,1,0,1695825053467459259,,
0x84367e5bc5df26437618f749d5beb793746e620560721fec15518d684191ebc6,9,borrow,2025-12-24T13:00:00Z,2026-01-07T13:00:00Z,USDC,0xaf88d065e77c8cc2239327c5edb3a432268e5831,PT-syrupUSDC-29JAN2026,0x1ef58a7af39883cc95c59a2c106b726c64c2ecc6,915000000000000000,shared_market_pool,1,0,12482204345182185278,,
0x84367e5bc5df26437618f749d5beb793746e620560721fec15518d684191ebc6,9,supply,2025-12-24T13:00:00Z,2026-01-07T13:00:00Z,USDC,0xaf88d065e77c8cc2239327c5edb3a432268e5831,PT-syrupUSDC-29JAN2026,0x1ef58a7af39883cc95c59a2c106b726c64c2ecc6,915000000000000000,shared_market_pool,1,0,2173420697471906676,,
0x84367e5bc5df26437618f749d5beb793746e620560721fec15518d684191ebc6,10,supply,2026-01-07T13:00:00Z,2026-01-21T13:00:00Z,USDC,0xaf88d065e77c8cc2239327c5edb3a432268e5831,PT-syrupUSDC-29JAN2026,0x1ef58a7af39883cc95c59a2c106b726c64c2ecc6,915000000000000000,shared_market_pool,1,0,787173404906941585,,
0x84367e5bc5df26437618f749d5beb793746e620560721fec15518d684191ebc6,11,supply,2026-01-21T13:00:00Z,2026-02-04T13:00:00Z,USDC,0xaf88d065e77c8cc2239327c5edb3a432268e5831,PT-syrupUSDC-29JAN2026,0x1ef58a7af39883cc95c59a2c106b726c64c2ecc6,915000000000000000,shared_market_pool,1,0,9226587987773725264,,
0x84367e5bc5df26437618f749d5beb793746e620560721fec15518d684191ebc6,12,supply,2026-02-04T13:00:00Z,2026-02-18T13:00:00Z,USDC,0xaf88d065e77c8cc2239327c5edb3a432268e5831,PT-syrupUSDC-29JAN2026,0x1ef58a7af39883cc95c59a2c106b726c64c2ecc6,915000000000000000,shared_market_pool,1,0,12959691339003126968,,
0x8e58f0dea27f877db258ecbbe16e57c9bb3541448ac0d578ef08c5b93ea9b84b,10,borrow,2026-01-07T13:00:00Z,2026-01-21T13:00:00Z,USD₮0,0xfd086bc7cd5c481dcc9c85ebe478a1c0b69fcbb9,sUSDe,0x211cc4dd073734da055fbf44a2b4667d5e5fe5d2,915000000000000000,shared_market_pool,1,0,3294927492158074606,,
0x8e58f0dea27f877db258ecbbe16e57c9bb3541448ac0d578ef08c5b93ea9b84b,11,borrow,2026-01-21T13:00:00Z,2026-02-04T13:00:00Z,USD₮0,0xfd086bc7cd5c481dcc9c85ebe478a1c0b69fcbb9,sUSDe,0x211cc4dd073734da055fbf44a2b4667d5e5fe5d2,915000000000000000,shared_market_pool,1,0,165940246193060100,,
0x8e58f0dea27f877db258ecbbe16e57c9bb3541448ac0d578ef08c5b93ea9b84b,12,borrow,2026-02-04T13:00:00Z,2026-02-18T13:00:00Z,USD₮0,0xfd086bc7cd5c481dcc9c85ebe478a1c0b69fcbb9,sUSDe,0x211cc4dd073734da055fbf44a2b4667d5e5fe5d2,915000000000000000,shared_market_pool,1,0,13473045056384107541,,
0x989ddb4f5b09e6d02e7f5f2f8efb846fd2de1f3f3dfd96e1939455abe7dd5a48,1,borrow,2025-09-03T13:00:00Z,2025-09-17T13:00:00Z,USDC,0xaf88d065e77c8cc2239327c5edb3a432268e5831,sUSDC,0x940098b108fb7d0a7e374f6eded7760787464609,915000000000000000,shared_market_pool,1,0,303609946611817849,,
0x989ddb4f5b09e6d02e7f5f2f8efb846fd2de1f3f3dfd96e1939455abe7dd5a48,1,supply,2025-09-03T13:00:00Z,2025-09-17T13:00:00Z,USDC,0xaf88d065e77c8cc2239327c5edb3a432268e5831,sUSDC,0x940098b108fb7d0a7e374f6eded7760787464609,915000000000000000,shared_market_pool,1,0,18214077999762913454,,
0x989ddb4f5b09e6d02e7f5f2f8efb846fd2de1f3f3dfd96e1939455abe7dd5a48,2,borrow,2025-09-17T13:00:00Z,2025-10-01T13:00:00Z,USDC,0xaf88d065e77c8cc2239327c5edb3a432268e5831,sUSDC,0x940098b108fb7d0a7e374f6eded7760787464609,915000000000000000,shared_market_pool,1,0,375214974642195408,,
0x989ddb4f5b09e6d02e7f5f2f8efb846fd2de1f3f3dfd96e1939455abe7dd5a48,2,supply,2025-09-17T13:00:00Z,2025-10-01T13:00:00Z,USDC,0xaf88d065e77c8cc2239327c5edb3a432268e5831,sUSDC,0x940098b108fb7d0a7e374f6eded7760787464609,915000000000000000,shared_market_pool,1,0,5414838473121375382,,
0x989ddb4f5b09e6d02e7f5f2f8efb846fd2de1f3f3dfd96e1939455abe7dd5a48,3,borrow,2025-10-01T13:00:00Z,2025-10-15T13:00:00Z,USDC,0xaf88d065e77c8cc2239327c5edb3a432268e5831,sUSDC,0x940098b108fb7d0a7e374f6eded7760787464609,915000000000000000,shared_market_pool,1,0,17137598212722994375,,
0x989ddb4f5b09e6d02e7f5f2f8efb846fd2de1f3f3dfd96e1939455abe7dd5a48,3,supply,2025-10-01T13:00:00Z,2025-10-15T13:00:00Z,USDC,0xaf88d065e77c8cc2239327c5edb3a432268e5831,sUSDC,0x940098b108fb7d0a7e374f6eded7760787464609,915000000000000000,shared_market_pool,1,0,7035763710649696845,,
0x989ddb4f5b09e6d02e7f5f2f8efb846fd2de1f3f3dfd96e1939455abe7dd5a48,4,borrow,2025-10-15T13:00:00Z,2025-10-29T13:00:00Z,USDC,0xaf88d065e77c8cc2239327c5edb3a432268e5831,sUSDC,0x940098b108fb7d0a7e374f6eded7760787464609,915000000000000000,shared_market_pool,1,0,6654923927173484081,,
0x989ddb4f5b09e6d02e7f5f2f8efb846fd2de1f3f3dfd96e1939455abe7dd5a48,4,supply,2025-10-15T13:00:00Z,2025-10-29T13:00:00Z,USDC,0xaf88d065e77c8cc2239327c5edb3a432268e5831,sUSDC,0x940098b108fb7d0a7e374f6eded7760787464609,915000000000000000,shared_market_pool,1,0,16150703777321717055,,
0x989ddb4f5b09e6d02e7f5f2f8efb846fd2de1f3f3dfd96e1939455abe7dd5a48,5,borrow,2025-10-29T13:00:00Z,2025-11-12T13:00:00Z,USDC,0xaf88d065e77c8cc2239327c5edb3a432268e5831,sUSDC,0x940098b108fb7d0a7e374f6eded7760787464609,915000000000000000,shared_market_pool,1,0,865602104468975376,,
0x989ddb4f5b09e6d02e7f5f2f8efb846fd2de1f3f3dfd96e1939455abe7dd5a48,5,supply,2025-10-29T13:00:00Z,2025-11-12T13:00:00Z,USDC,0xaf88d065e77c8cc2239327c5edb3a432268e5831,sUSDC,0x940098b108fb7d0a7e374f6eded7760787464609,915000000000000000,shared_market_pool,1,0,11054087518202090923,,
0x989ddb4f5b09e6d02e7f5f2f8efb846fd2de1f3f3dfd96e1939455abe7dd5a48,6,borrow,2025-11-12T13:00:00Z,2025-11-26T13:00:00Z,USDC,0xaf88d065e77c8cc2239327c5edb3a432268e5831,sUSDC,0x940098b108fb7d0a7e374f6eded7760787464609,915000000000000000,shared_market_pool,1,0,9740198745351917553,,
0x989ddb4f5b09e6d02e7f5f2f8efb846fd2de1f3f3dfd96e1939455abe7dd5a48,6,supply,2025-11-12T13:00:00Z,2025-11-26T13:00:00Z,USDC,0xaf88d065e77c8cc2239327c5edb3a432268e5831,sUSDC,0x940098b108fb7d0a7e374f6eded7760787464609,915000000000000000,shared_market_pool,1,0,16371896546455148731,,
0x989ddb4f5b09e6d02e7f5f2f8efb846fd2de1f3f3dfd96e1939455abe7dd5a48,7,borrow,2025-11-26T13:00:00Z,2025-12-10T13:00:00Z,USDC,0xaf88d065e77c8cc2239327c5edb3a432268e5831,sUSDC,0x940098b108fb7d0a7e374f6eded7760787464609,915000000000000000,shared_market_pool,1,0,14844593645084346657,,
0x989ddb4f5b09e6d02e7f5f2f8efb846fd2de1f3f3dfd96e1939455abe7dd5a48,7,supply,2025-11-26T13:00:00Z,2025-12-10T13:00:00Z,USDC,0xaf88d065e77c8cc2239327c5edb3a432268e5831,sUSDC,0x940098b108fb7d0a7e374f6eded7760787464609,915000000000000000,shared_market_pool,1,0,1453975958288072887,,
0x989ddb4f5b09e6d02e7f5f2f8efb846fd2de1f3f3dfd96e1939455abe7dd5a48,8,borrow,2025-12-10T13:00:00Z,2025-12-24T13:00:00Z,USDC,0xaf88d065e77c8cc2239327c5edb3a432268e5831,sUSDC,0x940098b108fb7d0a7e374f6eded7760787464609,915000000000000000,shared_market_pool,1,0,2424983120607151158,,
0x989ddb4f5b09e6d02e7f5f2f8efb846fd2de1f3f3dfd96e1939455abe7dd5a48,8,supply,2025-12-10T13:00:00Z,2025-12-24T13:00:00Z,USDC,0xaf88d065e77c8cc2239327c5edb3a432268e5831,sUSDC,0x940098b108fb7d0a7e374f6eded7760787464609,915000000000000000,shared_market_pool,1,0,1695825053467459259,,
0x989ddb4f5b09e6d02e7f5f2f8efb846fd2de1f3f3dfd96e1939455abe7dd5a48,9,borrow,2025-12-24T13:00:00Z,2026-01-07T13:00:00Z,USDC,0xaf88d065e77c8cc2239327c5edb3a432268e5831,sUSDC,0x940098b108fb7d0a7e374f6eded7760787464609,915000000000000000,shared_market_pool,1,0,12482204345182185278,,
0x989ddb4f5b09e6d02e7f5f2f8efb846fd2de1f3f3dfd96e1939455abe7dd5a48,9,supply,2025-12-24T13:00:00Z,2026-01-07T13:00:00Z,USDC,0xaf88d065e77c8cc2239327c5edb3a432268e5831,sUSDC,0x940098b108fb7d0a7e374f6eded7760787464609,915000000000000000,shared_market_pool,1,0,2173420697471906676,,
0x989ddb4f5b09e6d02e7f5f2f8efb846fd2de1f3f3dfd96e1939455abe7dd5a48,10,supply,2026-01-07T13:00:00Z,2026-01-21T13:00:00Z,USDC,0xaf88d065e77c8cc2239327c5edb3a432268e5831,sUSDC,0x940098b108fb7d0a7e374f6eded7760787464609,915000000000000000,shared_market_pool,1,0,787173404906941585,,
0x989ddb4f5b09e6d02e7f5f2f8efb846fd2de1f3f3dfd96e1939455abe7dd5a48,11,supply,2026-01-21T13:00:00Z,2026-02-04T13:00:00Z,USDC,0xaf88d065e77c8cc2239327c5edb3a432268e5831,sUSDC,0x940098b108fb7d0a7e374f6eded7760787464609,915000000000000000,shared_market_pool,1,0,9226587987773725264,,
0x989ddb4f5b09e6d02e7f5f2f8efb846fd2de1f3f3dfd96e1939455abe7dd5a48,12,supply,2026-02-04T13:00:00Z,2026-02-18T13:00:00Z,USDC,0xaf88d065e77c8cc2239327c5edb3a432268e5831,sUSDC,0x940098b108fb7d0a7e374f6eded7760787464609,915000000000000000,shared_market_pool,1,0,12959691339003126968,,
0x9e90aec7d768403dacc9dd0d8320307fda3f980eed4df43e3e52168a1c667709,4,borrow,2025-10-15T13:00:00Z,2025-10-29T13:00:00Z,USDC,0xaf88d065e77c8cc2239327c5edb3a432268e5831,xUSD,0x6eaf19b2fc24552925db245f9ff613157a7dbb4c,915000000000000000,shared_market_pool,1,0,6654923927173484081,,
0x9e90aec7d768403dacc9dd0d8320307fda3f980eed4df43e3e52168a1c667709,4,supply,2025-10-15T13:00:00Z,2025-10-29T13:00:00Z,USDC,0xaf88d065e77c8cc2239327c5edb3a432268e5831,xUSD,0x6eaf19b2fc24552925db245f9ff613157a7dbb4c,915000000000000000,shared_market_pool,1,0,16150703777321717055,,
0xa35d91efb3e284a0ab7098e8c5a65caf58ea0451073e36a544a821fd8f350953,4,borrow,2025-10-15T13:00:00Z,2025-10-29T13:00:00Z,USDC,0xaf88d065e77c8cc2239327c5edb3a432268e5831,GLV [WBTC-USDC],0xdf03eed325b82bc1d4db8b49c30ecc9e05104b96,770000000000000000,shared_market_pool,1,0,6654923927173484081,,
0xa35d91efb3e284a0ab7098e8c5a65caf58ea0451073e36a544a821fd8f350953,4,supply,2025-10-15T13:00:00Z,2025-10-29T13:00:00Z,USDC,0xaf88d065e77c8cc2239327c5edb3a432268e5831,GLV [WBTC-USDC],0xdf03eed325b82bc1d4db8b49c30ecc9e05104b96,770000000000000000,shared_market_pool,1,0,16150703777321717055,,
0xa35d91efb3e284a0ab7098e8c5a65caf58ea0451073e36a544a821fd8f350953,5,borrow,2025-10-29T13:00:00Z,2025-11-12T13:00:00Z,USDC,0xaf88d065e77c8cc2239327c5edb3a432268e5831,GLV [WBTC-USDC],0xdf03eed325b82bc1d4db8b49c30ecc9e05104b96,770000000000000000,shared_market_pool,1,0,865602104468975376,,
0xa35d91efb3e284a0ab7098e8c5a65caf58ea0451073e36a544a821fd8f350953,5,supply,2025-10-29T13:00:00Z,2025-11-12T13:00:00Z,USDC,0xaf88d065e77c8cc2239327c5edb3a432268e5831,GLV [WBTC-USDC],0xdf03eed325b82bc1d4db8b49c30ecc9e05104b96,770000000000000000,shared_market_pool,1,0,11054087518202090923,,
0xa35d91efb3e284a0ab7098e8c5a65caf58ea0451073e36a544a821fd8f350953,6,borrow,2025-11-12T13:00:00Z,2025-11-26T13:00:00Z,USDC,0xaf88d065e77c8cc2239327c5edb3a432268e5831,GLV [WBTC-USDC],0xdf03eed325b82bc1d4db8b49c30ecc9e05104b96,770000000000000000,shared_market_pool,1,0,9740198745351917553,,
0xa35d91efb3e284a0ab7098e8c5a65caf58ea0451073e36a544a821fd8f350953,6,supply,2025-11-12T13:00:00Z,2025-11-26T13:00:00Z,USDC,0xaf88d065e77c8cc2239327c5edb3a432268e5831,GLV [WBTC-USDC],0xdf03eed325b82bc1d4db8b49c30ecc9e05104b96,770000000000000000,shared_market_pool,1,0,16371896546455148731,,
0xa35d91efb3e284a0ab7098e8c5a65caf58ea0451073e36a544a821fd8f350953,7,borrow,2025-11-26T13:00:00Z,2025-12-10T13:00:00Z,USDC,0xaf88d065e77c8cc2239327c5edb3a432268e5831,GLV [WBTC-USDC],0xdf03eed325b82bc1d4db8b49c30ecc9e05104b96,770000000000000000,shared_market_pool,1,0,14844593645084346657,,
0xa35d91efb3e284a0ab7098e8c5a65caf58ea0451073e36a544a821fd8f350953,7,supply,2025-11-26T13:00:00Z,2025-12-10T13:00:00Z,USDC,0xaf88d065e77c8cc2239327c5edb3a432268e5831,GLV [WBTC-USDC],0xdf03eed325b82bc1d4db8b49c30ecc9e05104b96,770000000000000000,shared_market_pool,1,0,1453975958288072887,,
0xa35d91efb3e284a0ab7098e8c5a65caf58ea0451073e36a544a821fd8f350953,8,borrow,2025-12-10T13:00:00Z,2025-12-24T13:00:00Z,USDC,0xaf88d065e77c8cc2239327c5edb3a432268e5831,GLV [WBTC-USDC],0xdf03eed325b82bc1d4db8b49c30ecc9e05104b96,770000000000000000,shared_market_pool,1,0,2424983120607151158,,
0xa35d91efb3e284a0ab7098e8c5a65caf58ea0451073e36a544a821fd8f350953,8,supply,2025-12-10T13:00:00Z,2025-12-24T13:00:00Z,USDC,0xaf88d065e77c8cc2239327c5edb3a432268e5831,GLV [WBTC-USDC],0xdf03eed325b82bc1d4db8b49c30ecc9e05104b96,770000000000000000,shared_market_pool,1,0,1695825053467459259,,
0xa35d91efb3e284a0ab7098e8c5a65caf58ea0451073e36a544a821fd8f350953,9,borrow,2025-12-24T13:00:00Z,2026-01-07T13:00:00Z,USDC,0xaf88d065e77c8cc2239327c5edb3a432268e5831,GLV [WBTC-USDC],0xdf03eed325b82bc1d4db8b49c30ecc9e05104b96,770000000000000000,shared_market_pool,1,0,12482204345182185278,,
0xa35d91efb3e284a0ab7098e8c5a65caf58ea0451073e36a544a821fd8f350953,9,supply,2025-12-24T13:00:00Z,2026-01-07T13:00:00Z,USDC,0xaf88d065e77c8cc2239327c5edb3a432268e5831,GLV [WBTC-USDC],0xdf03eed325b82bc1d4db8b49c30ecc9e05104b96,770000000000000000,shared_market_pool,1,0,2173420697471906676,,
0xa35d91efb3e284a0ab7098e8c5a65caf58ea0451073e36a544a821fd8f350953,10,supply,2026-01-07T13:00:00Z,2026-01-21T13:00:00Z,USDC,0xaf88d065e77c8cc2239327c5edb3a432268e5831,GLV [WBTC-USDC],0xdf03eed325b82bc1d4db8b49c30ecc9e05104b96,770000000000000000,shared_market_pool,1,0,787173404906941585,,
0xa35d91efb3e284a0ab7098e8c5a65caf58ea0451073e36a544a821fd8f350953,11,supply,2026-01-21T13:00:00Z,2026-02-04T13:00:00Z,USDC,0xaf88d065e77c8cc2239327c5edb3a432268e5831,GLV [WBTC-USDC],0xdf03eed325b82bc1d4db8b49c30ecc9e05104b96,770000000000000000,shared_market_pool,1,0,9226587987773725264,,
0xa35d91efb3e284a0ab7098e8c5a65caf58ea0451073e36a544a821fd8f350953,12,supply,2026-02-04T13:00:00Z,2026-02-18T13:00:00Z,USDC,0xaf88d065e77c8cc2239327c5edb3a432268e5831,GLV [WBTC-USDC],0xdf03eed325b82bc1d4db8b49c30ecc9e05104b96,770000000000000000,shared_market_pool,1,0,12959691339003126968,,
0xac6a118134cc4208a22534b041a83f4ac5ca42e2ab9ea732ee53c44b7deebc62,9,borrow,2025-12-24T13:00:00Z,2026-01-07T13:00:00Z,USD₮0,0xfd086bc7cd5c481dcc9c85ebe478a1c0b69fcbb9,WETH,0x82af49447d8a07e3bd95bd0d56f35241523fbab1,860000000000000000,shared_market_pool,1,0,9082969400500464754,,
0xac6a118134cc4208a22534b041a83f4ac5ca42e2ab9ea732ee53c44b7deebc62,10,borrow,2026-01-07T13:00:00Z,2026-01-21T13:00:00Z,USD₮0,0xfd086bc7cd5c481dcc9c85ebe478a1c0b69fcbb9,WETH,0x82af49447d8a07e3bd95bd0d56f35241523fbab1,860000000000000000,shared_market_pool,1,0,3294927492158074606,,
0xac6a118134cc4208a22534b041a83f4ac5ca42e2ab9ea732ee53c44b7deebc62,11,borrow,2026-01-21T13:00:00Z,2026-02-04T13:00:00Z,USD₮0,0xfd086bc7cd5c481dcc9c85ebe478a1c0b69fcbb9,WETH,0x82af49447d8a07e3bd95bd0d56f35241523fbab1,860000000000000000,shared_market_pool,1,0,165940246193060100,,
0xac6a118134cc4208a22534b041a83f4ac5ca42e2ab9ea732ee53c44b7deebc62,12,borrow,2026-02-04T13:00:00Z,2026-02-18T13:00:00Z,USD₮0,0xfd086bc7cd5c481dcc9c85ebe478a1c0b69fcbb9,WETH,0x82af49447d8a07e3bd95bd0d56f35241523fbab1,860000000000000000,shared_market_pool,1,0,13473045056384107541,,
0xadc6897d644a005149d1aa42de72bcb1ff1c9f7c4a8b00db3e2356752995f80e,10,borrow,2026-01-07T13:00:00Z,2026-01-21T13:00:00Z,USD₮0,0xfd086bc7cd5c481dcc9c85ebe478a1c0b69fcbb9,wstUSR,0x66cfbd79257dc5217903a36293120282548e2254,915000000000000000,shared_market_pool,1,0,3294927492158074606,,
0xadc6897d644a005149d1aa42de72bcb1ff1c9f7c4a8b00db3e2356752995f80e,11,borrow,2026-01-21T13:00:00Z,2026-02-04T13:00:00Z,USD₮0,0xfd086bc7cd5c481dcc9c85ebe478a1c0b69fcbb9,wstUSR,0x66cfbd79257dc5217903a36293120282548e2254,915000000000000000,shared_market_pool,1,0,165940246193060100,,
0xadc6897d644a005149d1aa42de72bcb1ff1c9f7c4a8b00db3e2356752995f80e,12,borrow,2026-02-04T13:00:00Z,2026-02-18T13:00:00Z,USD₮0,0xfd086bc7cd5c481dcc9c85ebe478a1c0b69fcbb9,wstUSR,0x66cfbd79257dc5217903a36293120282548e2254,915000000000000000,shared_market_pool,1,0,13473045056384107541,,
0xb7b5729ad332f57a02f4d9f87aa50910ee955d859e2b2ad9b0b8e15ca44d8b7f,1,borrow,2025-09-03T13:00:00Z,2025-09-17T13:00:00Z,USDC,0xaf88d065e77c8cc2239327c5edb3a432268e5831,ezETH,0x2416092f143378750bb29b79ed961ab195cceea5,770000000000000000,shared_market_pool,1,0,303609946611817849,,
0xb7b5729ad332f57a02f4d9f87aa50910ee955d859e2b2ad9b0b8e15ca44d8b7f,1,supply,2025-09-03T13:00:00Z,2025-09-17T13:00:00Z,USDC,0xaf88d065e77c8cc2239327c5edb3a432268e5831,ezETH,0x2416092f143378750bb29b79ed961ab195cceea5,770000000000000000,shared_market_pool,1,0,18214077999762913454,,
0xb7b5729ad332f57a02f4d9f87aa50910ee955d859e2b2ad9b0b8e15ca44d8b7f,2,borrow,2025-09-17T13:00:00Z,2025-10-01T13:00:00Z,USDC,0xaf88d065e77c8cc2239327c5edb3a432268e5831,ezETH,0x2416092f143378750bb29b79ed961ab195cceea5,770000000000000000,shared_market_pool,1,0,375214974642195408,,
0xb7b5729ad332f57a02f4d9f87aa50910ee955d859e2b2ad9b0b8e15ca44d8b7f,2,supply,2025-09-17T13:00:00Z,2025-10-01T13:00:00Z,USDC,0xaf88d065e77c8cc2239327c5edb3a432268e5831,ezETH,0x2416092f143378750bb29b79ed961ab195cceea5,770000000000000000,shared_market_pool,1,0,5414838473121375382,,
0xb7b5729ad332f57a02f4d9f87aa50910ee955d859e2b2ad9b0b8e15ca44d8b7f,3,borrow,2025-10-01T13:00:00Z,2025-10-15T13:00:00Z,USDC,0xaf88d065e77c8cc2239327c5edb3a432268e5831,ezETH,0x2416092f143378750bb29b79ed961ab195cceea5,770000000000000000,shared_market_pool,1,0,17137598212722994375,,
0xb7b5729ad332f57a02f4d9f87aa50910ee955d859e2b2ad9b0b8e15ca44d8b7f,3,supply,2025-10-01T13:00:00Z,2025-10-15T13:00:00Z,USDC,0xaf88d065e77c8cc2239327c5edb3a432268e5831,ezETH,0x2416092f143378750bb29b79ed961ab195cceea5,770000000000000000,shared_market_pool,1,0,7035763710649696845,,
0xb7b5729ad332f57a02f4d9f87aa50910ee955d859e2b2ad9b0b8e15ca44d8b7f,4,borrow,2025-10-15T13:00:00Z,2025-10-29T13:00:00Z,USDC,0xaf88d065e77c8cc2239327c5edb3a432268e5831,ezETH,0x2416092f143378750bb29b79ed961ab195cceea5,770000000000000000,shared_market_pool,1,0,6654923927173484081,,
0xb7b5729ad332f57a02f4d9f87aa50910ee955d859e2b2ad9b0b8e15ca44d8b7f,4,supply,2025-10-15T13:00:00Z,2025-10-29T13:00:00Z,USDC,0xaf88d065e77c8cc2239327c5edb3a432268e5831,ezETH,0x2416092f143378750bb29b79ed961ab195cceea5,770000000000000000,shared_market_pool,1,0,16150703777321717055,,
0xb7b5729ad332f57a02f4d9f87aa50910ee955d859e2b2ad9b0b8e15ca44d8b7f,5,borrow,2025-10-29T13:00:00Z,2025-11-12T13:00:00Z,USDC,0xaf88d065e77c8cc2239327c5edb3a432268e5831,ezETH,0x2416092f143378750bb29b79ed961ab195cceea5,770000000000000000,shared_market_pool,1,0,865602104468975376,,
0xb7b5729ad332f57a02f4d9f87aa50910ee955d859e2b2ad9b0b8e15ca44d8b7f,5,supply,2025-10-29T13:00:00Z,2025-11-12T13:00:00Z,USDC,0xaf88d065e77c8cc2239327c5edb3a432268e5831,ezETH,0x2416092f143378750bb29b79ed961ab195cceea5,770000000000000000,shared_market_pool,1,0,11054087518202090923,,
0xb7b5729ad332f57a02f4d9f87aa50910ee955d859e2b2ad9b0b8e15ca44d8b7f,6,borrow,2025-11-12T13:00:00Z,2025-11-26T13:00:00Z,USDC,0xaf88d065e77c8cc2239327c5edb3a432268e5831,ezETH,0x2416092f143378750bb29b79ed961ab195cceea5,770000000000000000,shared_market_pool,1,0,9740198745351917553,,
0xb7b5729ad332f57a02f4d9f87aa50910ee955d859e2b2ad9b0b8e15ca44d8b7f,6,supply,2025-11-12T13:00:00Z,2025-11-26T13:00:00Z,USDC,0xaf88d065e77c8cc2239327c5edb3a432268e5831,ezETH,0x2416092f143378750bb29b79ed961ab195cceea5,770000000000000000,shared_market_pool,1,0,16371896546455148731,,
0xb7b5729ad332f57a02f4d9f87aa50910ee955d859e2b2ad9b0b8e15ca44d8b7f,7,borrow,2025-11-26T13:00:00Z,2025-12-10T13:00:00Z,USDC,0xaf88d065e77c8cc2239327c5edb3a432268e5831,ezETH,0x2416092f143378750bb29b79ed961ab195cceea5,770000000000000000,shared_market_pool,1,0,14844593645084346657,,
0xb7b5729ad332f57a02f4d9f87aa50910ee955d859e2b2ad9b0b8e15ca44d8b7f,7,supply,2025-11-26T13:00:00Z,2025-12-10T13:00:00Z,USDC,0xaf88d065e77c8cc2239327c5edb3a432268e5831,ezETH,0x2416092f143378750bb29b79ed961ab195cceea5,770000000000000000,shared_market_pool,1,0,1453975958288072887,,
0xb7b5729ad332f57a02f4d9f87aa50910ee955d859e2b2ad9b0b8e15ca44d8b7f,8,borrow,2025-12-10T13:00:00Z,2025-12-24T13:00:00Z,USDC,0xaf88d065e77c8cc2239327c5edb3a432268e5831,ezETH,0x2416092f143378750bb29b79ed961ab195cceea5,770000000000000000,shared_market_pool,1,0,2424983120607151158,,
0xb7b5729ad332f57a02f4d9f87aa50910ee955d859e2b2ad9b0b8e15ca44d8b7f,8,supply,2025-12-10T13:00:00Z,2025-12-24T13:00:00Z,USDC,0xaf88d065e77c8cc2239327c5edb3a432268e5831,ezETH,0x2416092f143378750bb29b79ed961ab195cceea5,770000000000000000,shared_market_pool,1,0,1695825053467459259,,
0xb7b5729ad332f57a02f4d9f87aa50910ee955d859e2b2ad9b0b8e15ca44d8b7f,9,borrow,2025-12-24T13:00:00Z,2026-01-07T13:00:00Z,USDC,0xaf88d065e77c8cc2239327c5edb3a432268e5831,ezETH,0x2416092f143378750bb29b79ed961ab195cceea5,770000000000000000,shared_market_pool,1,0,12482204345182185278,,
0xb7b5729ad332f57a02f4d9f87aa50910ee955d859e2b2ad9b0b8e15ca44d8b7f,9,supply,2025-12-24T13:00:00Z,2026-01-07T13:00:00Z,USDC,0xaf88d065e77c8cc2239327c5edb3a432268e5831,ezETH,0x2416092f143378750bb29b79ed961ab195cceea5,770000000000000000,shared_market_pool,1,0,2173420697471906676,,
0xb7b5729ad332f57a02f4d9f87aa50910ee955d859e2b2ad9b0b8e15ca44d8b7f,10,supply,2026-01-07T13:00:00Z,2026-01-21T13:00:00Z,USDC,0xaf88d065e77c8cc2239327c5edb3a432268e5831,ezETH,0x2416092f143378750bb29b79ed961ab195cceea5,770000000000000000,shared_market_pool,1,0,787173404906941585,,
0xb7b5729ad332f57a02f4d9f87aa50910ee955d859e2b2ad9b0b8e15ca44d8b7f,11,supply,2026-01-21T13:00:00Z,2026-02-04T13:00:00Z,USDC,0xaf88d065e77c8cc2239327c5edb3a432268e5831,ezETH,0x2416092f143378750bb29b79ed961ab195cceea5,770000000000000000,shared_market_pool,1,0,9226587987773725264,,
0xb7b5729ad332f57a02f4d9f87aa50910ee955d859e2b2ad9b0b8e15ca44d8b7f,12,supply,2026-02-04T13:00:00Z,2026-02-18T13:00:00Z,USDC,0xaf88d065e77c8cc2239327c5edb3a432268e5831,ezETH,0x2416092f143378750bb29b79ed961ab195cceea5,770000000000000000,shared_market_pool,1,0,12959691339003126968,,
0xc7670063349ac19dfa324ead7bd7da2985ae931e1b09fb0e31b62c6486b730bd,9,borrow,2025-12-24T13:00:00Z,2026-01-07T13:00:00Z,USDC,0xaf88d065e77c8cc2239327c5edb3a432268e5831,RLP,0x35e5db674d8e93a03d814fa0ada70731efe8a4b9,860000000000000000,shared_market_pool,1,0,12482204345182185278,,
0xc7670063349ac19dfa324ead7bd7da2985ae931e1b09fb0e31b62c6486b730bd,9,supply,2025-12-24T13:00:00Z,2026-01-07T13:00:00Z,USDC,0xaf88d065e77c8cc2239327c5edb3a432268e5831,RLP,0x35e5db674d8e93a03d814fa0ada70731efe8a4b9,860000000000000000,shared_market_pool,1,0,2173420697471906676,,
0xc7670063349ac19dfa324ead7bd7da2985ae931e1b09fb0e31b62c6486b730bd,10,supply,2026-01-07T13:00:00Z,2026-01-21T13:00:00Z,USDC,0xaf88d065e77c8cc2239327c5edb3a432268e5831,RLP,0x35e5db674d8e93a03d814fa0ada70731efe8a4b9,860000000000000000,shared_market_pool,1,0,787173404906941585,,
0xc7670063349ac19dfa324ead7bd7da2985ae931e1b09fb0e31b62c6486b730bd,11,supply,2026-01-21T13:00:00Z,2026-02-04T13:00:00Z,USDC,0xaf88d065e77c8cc2239327c5edb3a432268e5831,RLP,0x35e5db674d8e93a03d814fa0ada70731efe8a4b9,860000000000000000,shared_market_pool,1,0,9226587987773725264,,
0xc7670063349ac19dfa324ead7bd7da2985ae931e1b09fb0e31b62c6486b730bd,12,supply,2026-02-04T13:00:00Z,2026-02-18T13:00:00Z,USDC,0xaf88d065e77c8cc2239327c5edb3a432268e5831,RLP,0x35e5db674d8e93a03d814fa0ada70731efe8a4b9,860000000000000000,shared_market_pool,1,0,12959691339003126968,,
0xd09404e9512e1341321c8ae3bd663fab7087582142ac61486635a6c072c2af12,1,borrow,2025-09-03T13:00:00Z,2025-09-17T13:00:00Z,USDC,0xaf88d065e77c8cc2239327c5edb3a432268e5831,weETH,0x35751007a407ca6feffe80b3cb397736d2cf4dbe,860000000000000000,shared_market_pool,1,0,303609946611817849,,
0xd09404e9512e1341321c8ae3bd663fab7087582142ac61486635a6c072c2af12,1,supply,2025-09-03T13:00:00Z,2025-09-17T13:00:00Z,USDC,0xaf88d065e77c8cc2239327c5edb3a432268e5831,weETH,0x35751007a407ca6feffe80b3cb397736d2cf4dbe,860000000000000000,shared_market_pool,1,0,18214077999762913454,,
0xd09404e9512e1341321c8ae3bd663fab7087582142ac61486635a6c072c2af12,2,borrow,2025-09-17T13:00:00Z,2025-10-01T13:00:00Z,USDC,0xaf88d065e77c8cc2239327c5edb3a432268e5831,weETH,0x35751007a407ca6feffe80b3cb397736d2cf4dbe,860000000000000000,shared_market_pool,1,0,375214974642195408,,
0xd09404e9512e1341321c8ae3bd663fab7087582142ac61486635a6c072c2af12,2,supply,2025-09-17T13:00:00Z,2025-10-01T13:00:00Z,USDC,0xaf88d065e77c8cc2239327c5edb3a432268e5831,weETH,0x35751007a407ca6feffe80b3cb397736d2cf4dbe,860000000000000000,shared_market_pool,1,0,5414838473121375382,,
0xd09404e9512e1341321c8ae3bd663fab7087582142ac61486635a6c072c2af12,3,borrow,2025-10-01T13:00:00Z,2025-10-15T13:00:00Z,USDC,0xaf88d065e77c8cc2239327c5edb3a432268e5831,weETH,0x35751007a407ca6feffe80b3cb397736d2cf4dbe,860000000000000000,shared_market_pool,1,0,17137598212722994375,,
0xd09404e9512e1341321c8ae3bd663fab7087582142ac61486635a6c072c2af12,3,supply,2025-10-01T13:00:00Z,2025-10-15T13:00:00Z,USDC,0xaf88d065e77c8cc2239327c5edb3a432268e5831,weETH,0x35751007a407ca6feffe80b3cb397736d2cf4dbe,860000000000000000,shared_market_pool,1,0,7035763710649696845,,
0xd09404e9512e1341321c8ae3bd663fab7087582142ac61486635a6c072c2af12,4,borrow,2025-10-15T13:00:00Z,2025-10-29T13:00:00Z,USDC,0xaf88d065e77c8cc2239327c5edb3a432268e5831,weETH,0x35751007a407ca6feffe80b3cb397736d2cf4dbe,860000000000000000,shared_market_pool,1,0,6654923927173484081,,
0xd09404e9512e1341321c8ae3bd663fab7087582142ac61486635a6c072c2af12,4,supply,2025-10-15T13:00:00Z,2025-10-29T13:00:00Z,USDC,0xaf88d065e77c8cc2239327c5edb3a432268e5831,weETH,0x35751007a407ca6feffe80b3cb397736d2cf4dbe,860000000000000000,shared_market_pool,1,0,16150703777321717055,,
0xd09404e9512e1341321c8ae3bd663fab7087582142ac61486635a6c072c2af12,5,borrow,2025-10-29T13:00:00Z,2025-11-12T13:00:00Z,USDC,0xaf88d065e77c8cc2239327c5edb3a432268e5831,weETH,0x35751007a407ca6feffe80b3cb397736d2cf4dbe,860000000000000000,shared_market_pool,1,0,865602104468975376,,
0xd09404e9512e1341321c8ae3bd663fab7087582142ac61486635a6c072c2af12,5,supply,2025-10-29T13:00:00Z,2025-11-12T13:00:00Z,USDC,0xaf88d065e77c8cc2239327c5edb3a432268e5831,weETH,0x35751007a407ca6feffe80b3cb397736d2cf4dbe,860000000000000000,shared_market_pool,1,0,11054087518202090923,,
0xd09404e9512e1341321c8ae3bd663fab7087582142ac61486635a6c072c2af12,6,borrow,2025-11-12T13:00:00Z,2025-11-26T13:00:00Z,USDC,0xaf88d065e77c8cc2239327c5edb3a432268e5831,weETH,0x35751007a407ca6feffe80b3cb397736d2cf4dbe,860000000000000000,shared_market_pool,1,0,9740198745351917553,,
0xd09404e9512e1341321c8ae3bd663fab7087582142ac61486635a6c072c2af12,6,supply,2025-11-12T13:00:00Z,2025-11-26T13:00:00Z,USDC,0xaf88d065e77c8cc2239327c5edb3a432268e5831,weETH,0x35751007a407ca6feffe80b3cb397736d2cf4dbe,860000000000000000,shared_market_pool,1,0,16371896546455148731,,
0xd09404e9512e1341321c8ae3bd663fab7087582142ac61486635a6c072c2af12,7,borrow,2025-11-26T13:00:00Z,2025-12-10T13:00:00Z,USDC,0xaf88d065e77c8cc2239327c5edb3a432268e5831,weETH,0x35751007a407ca6feffe80b3cb397736d2cf4dbe,860000000000000000,shared_market_pool,1,0,14844593645084346657,,
0xd09404e9512e1341321c8ae3bd663fab7087582142ac61486635a6c072c2af12,7,supply,2025-11-26T13:00:00Z,2025-12-10T13:00:00Z,USDC,0xaf88d065e77c8cc2239327c5edb3a432268e5831,weETH,0x35751007a407ca6feffe80b3cb397736d2cf4dbe,860000000000000000,shared_market_pool,1,0,1453975958288072887,,
0xd09404e9512e1341321c8ae3bd663fab7087582142ac61486635a6c072c2af12,8,borrow,2025-12-10T13:00:00Z,2025-12-24T13:00:00Z,USDC,0xaf88d065e77c8cc2239327c5edb3a432268e5831,weETH,0x35751007a407ca6feffe80b3cb397736d2cf4dbe,860000000000000000,shared_market_pool,1,0,2424983120607151158,,
0xd09404e9512e1341321c8ae3bd663fab7087582142ac61486635a6c072c2af12,8,supply,2025-12-10T13:00:00Z,2025-12-24T13:00:00Z,USDC,0xaf88d065e77c8cc2239327c5edb3a432268e5831,weETH,0x35751007a407ca6feffe80b3cb397736d2cf4dbe,860000000000000000,shared_market_pool,1,0,1695825053467459259,,
0xd09404e9512e1341321c8ae3bd663fab7087582142ac61486635a6c072c2af12,9,borrow,2025-12-24T13:00:00Z,2026-01-07T13:00:00Z,USDC,0xaf88d065e77c8cc2239327c5edb3a432268e5831,weETH,0x35751007a407ca6feffe80b3cb397736d2cf4dbe,860000000000000000,shared_market_pool,1,0,12482204345182185278,,
0xd09404e9512e1341321c8ae3bd663fab7087582142ac61486635a6c072c2af12,9,supply,2025-12-24T13:00:00Z,2026-01-07T13:00:00Z,USDC,0xaf88d065e77c8cc2239327c5edb3a432268e5831,weETH,0x35751007a407ca6feffe80b3cb397736d2cf4dbe,860000000000000000,shared_market_pool,1,0,2173420697471906676,,
0xd09404e9512e1341321c8ae3bd663fab7087582142ac61486635a6c072c2af12,10,supply,2026-01-07T13:00:00Z,2026-01-21T13:00:00Z,USDC,0xaf88d065e77c8cc2239327c5edb3a432268e5831,weETH,0x35751007a407ca6feffe80b3cb397736d2cf4dbe,860000000000000000,shared_market_pool,1,0,787173404906941585,,
0xd09404e9512e1341321c8ae3bd663fab7087582142ac61486635a6c072c2af12,11,supply,2026-01-21T13:00:00Z,2026-02-04T13:00:00Z,USDC,0xaf88d065e77c8cc2239327c5edb3a432268e5831,weETH,0x35751007a407ca6feffe80b3cb397736d2cf4dbe,860000000000000000,shared_market_pool,1,0,9226587987773725264,,
0xd09404e9512e1341321c8ae3bd663fab7087582142ac61486635a6c072c2af12,12,supply,2026-02-04T13:00:00Z,2026-02-18T13:00:00Z,USDC,0xaf88d065e77c8cc2239327c5edb3a432268e5831,weETH,0x35751007a407ca6feffe80b3cb397736d2cf4dbe,860000000000000000,shared_market_pool,1,0,12959691339003126968,,
0xd478de9c069f12759d3baed9ddd16fe8902128937821af3a3cf77eca1885c7fc,1,borrow,2025-09-03T13:00:00Z,2025-09-17T13:00:00Z,USDC,0xaf88d065e77c8cc2239327c5edb3a432268e5831,rsETH,0x4186bfc76e2e237523cbc30fd220fe055156b41f,770000000000000000,shared_market_pool,1,0,303609946611817849,,
0xd478de9c069f12759d3baed9ddd16fe8902128937821af3a3cf77eca1885c7fc,1,supply,2025-09-03T13:00:00Z,2025-09-17T13:00:00Z,USDC,0xaf88d065e77c8cc2239327c5edb3a432268e5831,rsETH,0x4186bfc76e2e237523cbc30fd220fe055156b41f,770000000000000000,shared_market_pool,1,0,18214077999762913454,,
0xd478de9c069f12759d3baed9ddd16fe8902128937821af3a3cf77eca1885c7fc,2,borrow,2025-09-17T13:00:00Z,2025-10-01T13:00:00Z,USDC,0xaf88d065e77c8cc2239327c5edb3a432268e5831,rsETH,0x4186bfc76e2e237523cbc30fd220fe055156b41f,770000000000000000,shared_market_pool,1,0,375214974642195408,,
0xd478de9c069f12759d3baed9ddd16fe8902128937821af3a3cf77eca1885c7fc,2,supply,2025-09-17T13:00:00Z,2025-10-01T13:00:00Z,USDC,0xaf88d065e77c8cc2239327c5edb3a432268e5831,rsETH,0x4186bfc76e2e237523cbc30fd220fe055156b41f,770000000000000000,shared_market_pool,1,0,5414838473121375382,,
0xd478de9c069f12759d3baed9ddd16fe8902128937821af3a3cf77eca1885c7fc,3,borrow,2025-10-01T13:00:00Z,2025-10-15T13:00:00Z,USDC,0xaf88d065e77c8cc2239327c5edb3a432268e5831,rsETH,0x4186bfc76e2e237523cbc30fd220fe055156b41f,770000000000000000,shared_market_pool,1,0,17137598212722994375,,
0xd478de9c069f12759d3baed9ddd16fe8902128937821af3a3cf77eca1885c7fc,3,supply,2025-10-01T13:00:00Z,2025-10-15T13:00:00Z,USDC,0xaf88d065e77c8cc2239327c5edb3a432268e5831,rsETH,0x4186bfc76e2e237523cbc30fd220fe055156b41f,770000000000000000,shared_market_pool,1,0,7035763710649696845,,
0xd478de9c069f12759d3baed9ddd16fe8902128937821af3a3cf77eca1885c7fc,4,borrow,2025-10-15T13:00:00Z,2025-10-29T13:00:00Z,USDC,0xaf88d065e77c8cc2239327c5edb3a432268e5831,rsETH,0x4186bfc76e2e237523cbc30fd220fe055156b41f,770000000000000000,shared_market_pool,1,0,6654923927173484081,,
0xd478de9c069f12759d3baed9ddd16fe8902128937821af3a3cf77eca1885c7fc,4,supply,2025-10-15T13:00:00Z,2025-10-29T13:00:00Z,USDC,0xaf88d065e77c8cc2239327c5edb3a432268e5831,rsETH,0x4186bfc76e2e237523cbc30fd220fe055156b41f,770000000000000000,shared_market_pool,1,0,16150703777321717055,,
0xd478de9c069f12759d3baed9ddd16fe8902128937821af3a3cf77eca1885c7fc,5,borrow,2025-10-29T13:00:00Z,2025-11-12T13:00:00Z,USDC,0xaf88d065e77c8cc2239327c5edb3a432268e5831,rsETH,0x4186bfc76e2e237523cbc30fd220fe055156b41f,770000000000000000,shared_market_pool,1,0,865602104468975376,,
0xd478de9c069f12759d3baed9ddd16fe8902128937821af3a3cf77eca1885c7fc,5,supply,2025-10-29T13:00:00Z,2025-11-12T13:00:00Z,USDC,0xaf88d065e77c8cc2239327c5edb3a432268e5831,rsETH,0x4186bfc76e2e237523cbc30fd220fe055156b41f,770000000000000000,shared_market_pool,1,0,11054087518202090923,,
0xd478de9c069f12759d3baed9ddd16fe8902128937821af3a3cf77eca1885c7fc,6,borrow,2025-11-12T13:00:00Z,2025-11-26T13:00:00Z,USDC,0xaf88d065e77c8cc2239327c5edb3a432268e5831,rsETH,0x4186bfc76e2e237523cbc30fd220fe055156b41f,770000000000000000,shared_market_pool,1,0,9740198745351917553,,
0xd478de9c069f12759d3baed9ddd16fe8902128937821af3a3cf77eca1885c7fc,6,supply,2025-11-12T13:00:00Z,2025-11-26T13:00:00Z,USDC,0xaf88d065e77c8cc2239327c5edb3a432268e5831,rsETH,0x4186bfc76e2e237523cbc30fd220fe055156b41f,770000000000000000,shared_market_pool,1,0,16371896546455148731,,
0xd478de9c069f12759d3baed9ddd16fe8902128937821af3a3cf77eca1885c7fc,7,borrow,2025-11-26T13:00:00Z,2025-12-10T13:00:00Z,USDC,0xaf88d065e77c8cc2239327c5edb3a432268e5831,rsETH,0x4186bfc76e2e237523cbc30fd220fe055156b41f,770000000000000000,shared_market_pool,1,0,14844593645084346657,,
0xd478de9c069f12759d3baed9ddd16fe8902128937821af3a3cf77eca1885c7fc,7,supply,2025-11-26T13:00:00Z,2025-12-10T13:00:00Z,USDC,0xaf88d065e77c8cc2239327c5edb3a432268e5831,rsETH,0x4186bfc76e2e237523cbc30fd220fe055156b41f,770000000000000000,shared_market_pool,1,0,1453975958288072887,,
0xd478de9c069f12759d3baed9ddd16fe8902128937821af3a3cf77eca1885c7fc,8,borrow,2025-12-10T13:00:00Z,2025-12-24T13:00:00Z,USDC,0xaf88d065e77c8cc2239327c5edb3a432268e5831,rsETH,0x4186bfc76e2e237523cbc30fd220fe055156b41f,770000000000000000,shared_market_pool,1,0,2424983120607151158,,
0xd478de9c069f12759d3baed9ddd16fe8902128937821af3a3cf77eca1885c7fc,8,supply,2025-12-10T13:00:00Z,2025-12-24T13:00:00Z,USDC,0xaf88d065e77c8cc2239327c5edb3a432268e5831,rsETH,0x4186bfc76e2e237523cbc30fd220fe055156b41f,770000000000000000,shared_market_pool,1,0,1695825053467459259,,
0xd478de9c069f12759d3baed9ddd16fe8902128937821af3a3cf77eca1885c7fc,9,borrow,2025-12-24T13:00:00Z,2026-01-07T13:00:00Z,USDC,0xaf88d065e77c8cc2239327c5edb3a432268e5831,rsETH,0x4186bfc76e2e237523cbc30fd220fe055156b41f,770000000000000000,shared_market_pool,1,0,12482204345182185278,,
0xd478de9c069f12759d3baed9ddd16fe8902128937821af3a3cf77eca1885c7fc,9,supply,2025-12-24T13:00:00Z,2026-01-07T13:00:00Z,USDC,0xaf88d065e77c8cc2239327c5edb3a432268e5831,rsETH,0x4186bfc76e2e237523cbc30fd220fe055156b41f,770000000000000000,shared_market_pool,1,0,2173420697471906676,,
0xd478de9c069f12759d3baed9ddd16fe8902128937821af3a3cf77eca1885c7fc,10,supply,2026-01-07T13:00:00Z,2026-01-21T13:00:00Z,USDC,0xaf88d065e77c8cc2239327c5edb3a432268e5831,rsETH,0x4186bfc76e2e237523cbc30fd220fe055156b41f,770000000000000000,shared_market_pool,1,0,787173404906941585,,
0xd478de9c069f12759d3baed9ddd16fe8902128937821af3a3cf77eca1885c7fc,11,supply,2026-01-21T13:00:00Z,2026-02-04T13:00:00Z,USDC,0xaf88d065e77c8cc2239327c5edb3a432268e5831,rsETH,0x4186bfc76e2e237523cbc30fd220fe055156b41f,770000000000000000,shared_market_pool,1,0,9226587987773725264,,
0xd478de9c069f12759d3baed9ddd16fe8902128937821af3a3cf77eca1885c7fc,12,supply,2026-02-04T13:00:00Z,2026-02-18T13:00:00Z,USDC,0xaf88d065e77c8cc2239327c5edb3a432268e5831,rsETH,0x4186bfc76e2e237523cbc30fd220fe055156b41f,770000000000000000,shared_market_pool,1,0,12959691339003126968,,
0xd91052003758145cc53615895c0ce2081c7080b661dbab5652c2b8433b248c2d,11,borrow,2026-01-21T13:00:00Z,2026-02-04T13:00:00Z,USD₮0,0xfd086bc7cd5c481dcc9c85ebe478a1c0b69fcbb9,siUSD,0x51b0f6aed4a421f09d28a5ede1dcf460bcb54d30,915000000000000000,shared_market_pool,1,0,165940246193060100,,
0xd91052003758145cc53615895c0ce2081c7080b661dbab5652c2b8433b248c2d,12,borrow,2026-02-04T13:00:00Z,2026-02-18T13:00:00Z,USD₮0,0xfd086bc7cd5c481dcc9c85ebe478a1c0b69fcbb9,siUSD,0x51b0f6aed4a421f09d28a5ede1dcf460bcb54d30,915000000000000000,shared_market_pool,1,0,13473045056384107541,,
0xde895fd4a9d1ca693485fcfc2ee47d8c3b47f810bbce3c965c60d97b855d4ed2,9,borrow,2025-12-24T13:00:00Z,2026-01-07T13:00:00Z,USD₮0,0xfd086bc7cd5c481dcc9c85ebe478a1c0b69fcbb9,sUSDS,0xddb46999f8891663a8f2828d25298f70416d7610,945000000000000000,shared_market_pool,1,0,9082969400500464754,,
0xde895fd4a9d1ca693485fcfc2ee47d8c3b47f810bbce3c965c60d97b855d4ed2,10,borrow,2026-01-07T13:00:00Z,2026-01-21T13:00:00Z,USD₮0,0xfd086bc7cd5c481dcc9c85ebe478a1c0b69fcbb9,sUSDS,0xddb46999f8891663a8f2828d25298f70416d7610,945000000000000000,shared_market_pool,1,0,3294927492158074606,,
0xde895fd4a9d1ca693485fcfc2ee47d8c3b47f810bbce3c965c60d97b855d4ed2,11,borrow,2026-01-21T13:00:00Z,2026-02-04T13:00:00Z,USD₮0,0xfd086bc7cd5c481dcc9c85ebe478a1c0b69fcbb9,sUSDS,0xddb46999f8891663a8f2828d25298f70416d7610,945000000000000000,shared_market_pool,1,0,165940246193060100,,
0xde895fd4a9d1ca693485fcfc2ee47d8c3b47f810bbce3c965c60d97b855d4ed2,12,borrow,2026-02-04T13:00:00Z,2026-02-18T13:00:00Z,USD₮0,0xfd086bc7cd5c481dcc9c85ebe478a1c0b69fcbb9,sUSDS,0xddb46999f8891663a8f2828d25298f70416d7610,945000000000000000,shared_market_pool,1,0,13473045056384107541,,
0xe0432ceb599fbe41defbd62fe8e914824af9d891a0a92c39de7063176c8e480b,10,borrow,2026-01-07T13:00:00Z,2026-01-21T13:00:00Z,USD₮0,0xfd086bc7cd5c481dcc9c85ebe478a1c0b69fcbb9,weETH,0x35751007a407ca6feffe80b3cb397736d2cf4dbe,860000000000000000,shared_market_pool,1,0,3294927492158074606,,
0xe0432ceb599fbe41defbd62fe8e914824af9d891a0a92c39de7063176c8e480b,11,borrow,2026-01-21T13:00:00Z,2026-02-04T13:00:00Z,USD₮0,0xfd086bc7cd5c481dcc9c85ebe478a1c0b69fcbb9,weETH,0x35751007a407ca6feffe80b3cb397736d2cf4dbe,860000000000000000,shared_market_pool,1,0,165940246193060100,,
0xe0432ceb599fbe41defbd62fe8e914824af9d891a0a92c39de7063176c8e480b,12,borrow,2026-02-04T13:00:00Z,2026-02-18T13:00:00Z,USD₮0,0xfd086bc7cd5c481dcc9c85ebe478a1c0b69fcbb9,weETH,0x35751007a407ca6feffe80b3cb397736d2cf4dbe,860000000000000000,shared_market_pool,1,0,13473045056384107541,,
0xe0de6b571ec913ada63d5327f70c8849ea2363d47f44a190e8fb489db07fee1e,1,borrow,2025-09-03T13:00:00Z,2025-09-17T13:00:00Z,USDC,0xaf88d065e77c8cc2239327c5edb3a432268e5831,USDe,0x5d3a1ff2b6bab83b63cd9ad0787074081a52ef34,915000000000000000,shared_market_pool,1,0,303609946611817849,,
0xe0de6b571ec913ada63d5327f70c8849ea2363d47f44a190e8fb489db07fee1e,1,supply,2025-09-03T13:00:00Z,2025-09-17T13:00:00Z,USDC,0xaf88d065e77c8cc2239327c5edb3a432268e5831,USDe,0x5d3a1ff2b6bab83b63cd9ad0787074081a52ef34,915000000000000000,shared_market_pool,1,0,18214077999762913454,,
0xe0de6b571ec913ada63d5327f70c8849ea2363d47f44a190e8fb489db07fee1e,2,borrow,2025-09-17T13:00:00Z,2025-10-01T13:00:00Z,USDC,0xaf88d065e77c8cc2239327c5edb3a432268e5831,USDe,0x5d3a1ff2b6bab83b63cd9ad0787074081a52ef34,915000000000000000,shared_market_pool,1,0,375214974642195408,,
0xe0de6b571ec913ada63d5327f70c8849ea2363d47f44a190e8fb489db07fee1e,2,supply,2025-09-17T13:00:00Z,2025-10-01T13:00:00Z,USDC,0xaf88d065e77c8cc2239327c5edb3a432268e5831,USDe,0x5d3a1ff2b6bab83b63cd9ad0787074081a52ef34,915000000000000000,shared_market_pool,1,0,5414838473121375382,,
0xe0de6b571ec913ada63d5327f70c8849ea2363d47f44a190e8fb489db07fee1e,3,borrow,2025-10-01T13:00:00Z,2025-10-15T13:00:00Z,USDC,0xaf88d065e77c8cc2239327c5edb3a432268e5831,USDe,0x5d3a1ff2b6bab83b63cd9ad0787074081a52ef34,915000000000000000,shared_market_pool,1,0,17137598212722994375,,
0xe0de6b571ec913ada63d5327f70c8849ea2363d47f44a190e8fb489db07fee1e,3,supply,2025-10-01T13:00:00Z,2025-10-15T13:00:00Z,USDC,0xaf88d065e77c8cc2239327c5edb3a432268e5831,USDe,0x5d3a1ff2b6bab83b63cd9ad0787074081a52ef34,915000000000000000,shared_market_pool,1,0,7035763710649696845,,
0xe0de6b571ec913ada63d5327f70c8849ea2363d47f44a190e8fb489db07fee1e,4,borrow,2025-10-15T13:00:00Z,2025-10-29T13:00:00Z,USDC,0xaf88d065e77c8cc2239327c5edb3a432268e5831,USDe,0x5d3a1ff2b6bab83b63cd9ad0787074081a52ef34,915000000000000000,shared_market_pool,1,0,6654923927173484081,,
0xe0de6b571ec913ada63d5327f70c8849ea2363d47f44a190e8fb489db07fee1e,4,supply,2025-10-15T13:00:00Z,2025-10-29T13:00:00Z,USDC,0xaf88d065e77c8cc2239327c5edb3a432268e5831,USDe,0x5d3a1ff2b6bab83b63cd9ad0787074081a52ef34,915000000000000000,shared_market_pool,1,0,16150703777321717055,,
0xe0de6b571ec913ada63d5327f70c8849ea2363d47f44a190e8fb489db07fee1e,5,borrow,2025-10-29T13:00:00Z,2025-11-12T13:00:00Z,USDC,0xaf88d065e77c8cc2239327c5edb3a432268e5831,USDe,0x5d3a1ff2b6bab83b63cd9ad0787074081a52ef34,915000000000000000,shared_market_pool,1,0,865602104468975376,,
0xe0de6b571ec913ada63d5327f70c8849ea2363d47f44a190e8fb489db07fee1e,5,supply,2025-10-29T13:00:00Z,2025-11-12T13:00:00Z,USDC,0xaf88d065e77c8cc2239327c5edb3a432268e5831,USDe,0x5d3a1ff2b6bab83b63cd9ad0787074081a52ef34,915000000000000000,shared_market_pool,1,0,11054087518202090923,,
0xe0de6b571ec913ada63d5327f70c8849ea2363d47f44a190e8fb489db07fee1e,6,borrow,2025-11-12T13:00:00Z,2025-11-26T13:00:00Z,USDC,0xaf88d065e77c8cc2239327c5edb3a432268e5831,USDe,0x5d3a1ff2b6bab83b63cd9ad0787074081a52ef34,915000000000000000,shared_market_pool,1,0,9740198745351917553,,
0xe0de6b571ec913ada63d5327f70c8849ea2363d47f44a190e8fb489db07fee1e,6,supply,2025-11-12T13:00:00Z,2025-11-26T13:00:00Z,USDC,0xaf88d065e77c8cc2239327c5edb3a432268e5831,USDe,0x5d3a1ff2b6bab83b63cd9ad0787074081a52ef34,915000000000000000,shared_market_pool,1,0,16371896546455148731,,
0xe0de6b571ec913ada63d5327f70c8849ea2363d47f44a190e8fb489db07fee1e,7,borrow,2025-11-26T13:00:00Z,2025-12-10T13:00:00Z,USDC,0xaf88d065e77c8cc2239327c5edb3a432268e5831,USDe,0x5d3a1ff2b6bab83b63cd9ad0787074081a52ef34,915000000000000000,shared_market_pool,1,0,14844593645084346657,,
0xe0de6b571ec913ada63d5327f70c8849ea2363d47f44a190e8fb489db07fee1e,7,supply,2025-11-26T13:00:00Z,2025-12-10T13:00:00Z,USDC,0xaf88d065e77c8cc2239327c5edb3a432268e5831,USDe,0x5d3a1ff2b6bab83b63cd9ad0787074081a52ef34,915000000000000000,shared_market_pool,1,0,1453975958288072887,,
0xe0de6b571ec913ada63d5327f70c8849ea2363d47f44a190e8fb489db07fee1e,8,borrow,2025-12-10T13:00:00Z,2025-12-24T13:00:00Z,USDC,0xaf88d065e77c8cc2239327c5edb3a432268e5831,USDe,0x5d3a1ff2b6bab83b63cd9ad0787074081a52ef34,915000000000000000,shared_market_pool,1,0,2424983120607151158,,
0xe0de6b571ec913ada63d5327f70c8849ea2363d47f44a190e8fb489db07fee1e,8,supply,2025-12-10T13:00:00Z,2025-12-24T13:00:00Z,USDC,0xaf88d065e77c8cc2239327c5edb3a432268e5831,USDe,0x5d3a1ff2b6bab83b63cd9ad0787074081a52ef34,915000000000000000,shared_market_pool,1,0,1695825053467459259,,
0xe0de6b571ec913ada63d5327f70c8849ea2363d47f44a190e8fb489db07fee1e,9,borrow,2025-12-24T13:00:00Z,2026-01-07T13:00:00Z,USDC,0xaf88d065e77c8cc2239327c5edb3a432268e5831,USDe,0x5d3a1ff2b6bab83b63cd9ad0787074081a52ef34,915000000000000000,shared_market_pool,1,0,12482204345182185278,,
0xe0de6b571ec913ada63d5327f70c8849ea2363d47f44a190e8fb489db07fee1e,9,supply,2025-12-24T13:00:00Z,2026-01-07T13:00:00Z,USDC,0xaf88d065e77c8cc2239327c5edb3a432268e5831,USDe,0x5d3a1ff2b6bab83b63cd9ad0787074081a52ef34,915000000000000000,shared_market_pool,1,0,2173420697471906676,,
0xe0de6b571ec913ada63d5327f70c8849ea2363d47f44a190e8fb489db07fee1e,10,supply,2026-01-07T13:00:00Z,2026-01-21T13:00:00Z,USDC,0xaf88d065e77c8cc2239327c5edb3a432268e5831,USDe,0x5d3a1ff2b6bab83b63cd9ad0787074081a52ef34,915000000000000000,shared_market_pool,1,0,787173404906941585,,
0xe0de6b571ec913ada63d5327f70c8849ea2363d47f44a190e8fb489db07fee1e,11,supply,2026-01-21T13:00:00Z,2026-02-04T13:00:00Z,USDC,0xaf88d065e77c8cc2239327c5edb3a432268e5831,USDe,0x5d3a1ff2b6bab83b63cd9ad0787074081a52ef34,915000000000000000,shared_market_pool,1,0,9226587987773725264,,
0xe0de6b571ec913ada63d5327f70c8849ea2363d47f44a190e8fb489db07fee1e,12,supply,2026-02-04T13:00:00Z,2026-02-18T13:00:00Z,USDC,0xaf88d065e77c8cc2239327c5edb3a432268e5831,USDe,0x5d3a1ff2b6bab83b63cd9ad0787074081a52ef34,915000000000000000,shared_market_pool,1,0,12959691339003126968,,
0xe23e15ddd552eb148045e3f4b74e71f4923bc6bea6e5bda0a4cf89a0cecd1a3b,11,supply,2026-01-21T13:00:00Z,2026-02-04T13:00:00Z,USDC,0xaf88d065e77c8cc2239327c5edb3a432268e5831,siUSD,0x51b0f6aed4a421f09d28a5ede1dcf460bcb54d30,915000000000000000,shared_market_pool,1,0,9226587987773725264,,
0xe23e15ddd552eb148045e3f4b74e71f4923bc6bea6e5bda0a4cf89a0cecd1a3b,12,supply,2026-02-04T13:00:00Z,2026-02-18T13:00:00Z,USDC,0xaf88d065e77c8cc2239327c5edb3a432268e5831,siUSD,0x51b0f6aed4a421f09d28a5ede1dcf460bcb54d30,915000000000000000,shared_market_pool,1,0,12959691339003126968,,
0xed06d9e82d7c35ca80d3983194e15462a96202bd875800af18183321f4611868,9,borrow,2025-12-24T13:00:00Z,2026-01-07T13:00:00Z,USD₮0,0xfd086bc7cd5c481dcc9c85ebe478a1c0b69fcbb9,WBTC,0x2f2a2543b76a4166549f7aab2e75bef0aefc5b0f,860000000000000000,shared_market_pool,1,0,9082969400500464754,,
0xed06d9e82d7c35ca80d3983194e15462a96202bd875800af18183321f4611868,10,borrow,2026-01-07T13:00:00Z,2026-01-21T13:00:00Z,USD₮0,0xfd086bc7cd5c481dcc9c85ebe478a1c0b69fcbb9,WBTC,0x2f2a2543b76a4166549f7aab2e75bef0aefc5b0f,860000000000000000,shared_market_pool,1,0,3294927492158074606,,
0xed06d9e82d7c35ca80d3983194e15462a96202bd875800af18183321f4611868,11,borrow,2026-01-21T13:00:00Z,2026-02-04T13:00:00Z,USD₮0,0xfd086bc7cd5c481dcc9c85ebe478a1c0b69fcbb9,WBTC,0x2f2a2543b76a4166549f7aab2e75bef0aefc5b0f,860000000000000000,shared_market_pool,1,0,165940246193060100,,
0xed06d9e82d7c35ca80d3983194e15462a96202bd875800af18183321f4611868,12,borrow,2026-02-04T13:00:00Z,2026-02-18T13:00:00Z,USD₮0,0xfd086bc7cd5c481dcc9c85ebe478a1c0b69fcbb9,WBTC,0x2f2a2543b76a4166549f7aab2e75bef0aefc5b0f,860000000000000000,shared_market_pool,1,0,13473045056384107541,,
0xef62d07c7e29c3864feb6de8945edd82688a2ea558de5a44dc795ad1eb1d9853,10,borrow,2026-01-07T13:00:00Z,2026-01-21T13:00:00Z,USD₮0,0xfd086bc7cd5c481dcc9c85ebe478a1c0b69fcbb9,wsrUSD,0x4809010926aec940b550d34a46a52739f996d75d,915000000000000000,shared_market_pool,1,0,3294927492158074606,,
0xef62d07c7e29c3864feb6de8945edd82688a2ea558de5a44dc795ad1eb1d9853,11,borrow,2026-01-21T13:00:00Z,2026-02-04T13:00:00Z,USD₮0,0xfd086bc7cd5c481dcc9c85ebe478a1c0b69fcbb9,wsrUSD,0x4809010926aec940b550d34a46a52739f996d75d,915000000000000000,shared_market_pool,1,0,165940246193060100,,
0xef62d07c7e29c3864feb6de8945edd82688a2ea558de5a44dc795ad1eb1d9853,12,borrow,2026-02-04T13:00:00Z,2026-02-18T13:00:00Z,USD₮0,0xfd086bc7cd5c481dcc9c85ebe478a1c0b69fcbb9,wsrUSD,0x4809010926aec940b550d34a46a52739f996d75d,915000000000000000,shared_market_pool,1,0,13473045056384107541,,
0xf4ab212f6fcc943e2669cb6307fa4b608b0418ac5255c100e58394822157785c,2,borrow,2025-09-17T13:00:00Z,2025-10-01T13:00:00Z,USDC,0xaf88d065e77c8cc2239327c5edb3a432268e5831,PT-USDai-20NOV2025,0x8b4ca42bb3b1d789859f106222cf7dc5eed48ccb,915000000000000000,shared_market_pool,1,0,375214974642195408,,
0xf4ab212f6fcc943e2669cb6307fa4b608b0418ac5255c100e58394822157785c,2,supply,2025-09-17T13:00:00Z,2025-10-01T13:00:00Z,USDC,0xaf88d065e77c8cc2239327c5edb3a432268e5831,PT-USDai-20NOV2025,0x8b4ca42bb3b1d789859f106222cf7dc5eed48ccb,915000000000000000,shared_market_pool,1,0,5414838473121375382,,
0xf4ab212f6fcc943e2669cb6307fa4b608b0418ac5255c100e58394822157785c,3,borrow,2025-10-01T13:00:00Z,2025-10-15T13:00:00Z,USDC,0xaf88d065e77c8cc2239327c5edb3a432268e5831,PT-USDai-20NOV2025,0x8b4ca42bb3b1d789859f106222cf7dc5eed48ccb,915000000000000000,shared_market_pool,1,0,17137598212722994375,,
0xf4ab212f6fcc943e2669cb6307fa4b608b0418ac5255c100e58394822157785c,3,supply,2025-10-01T13:00:00Z,2025-10-15T13:00:00Z,USDC,0xaf88d065e77c8cc2239327c5edb3a432268e5831,PT-USDai-20NOV2025,0x8b4ca42bb3b1d789859f106222cf7dc5eed48ccb,915000000000000000,shared_market_pool,1,0,7035763710649696845,,
0xf4ab212f6fcc943e2669cb6307fa4b608b0418ac5255c100e58394822157785c,4,borrow,2025-10-15T13:00:00Z,2025-10-29T13:00:00Z,USDC,0xaf88d065e77c8cc2239327c5edb3a432268e5831,PT-USDai-20NOV2025,0x8b4ca42bb3b1d789859f106222cf7dc5eed48ccb,915000000000000000,shared_market_pool,1,0,6654923927173484081,,
0xf4ab212f6fcc943e2669cb6307fa4b608b0418ac5255c100e58394822157785c,4,supply,2025-10-15T13:00:00Z,2025-10-29T13:00:00Z,USDC,0xaf88d065e77c8cc2239327c5edb3a432268e5831,PT-USDai-20NOV2025,0x8b4ca42bb3b1d789859f106222cf7dc5eed48ccb,915000000000000000,shared_market_pool,1,0,16150703777321717055,,
0xf4ab212f6fcc943e2669cb6307fa4b608b0418ac5255c100e58394822157785c,5,borrow,2025-10-29T13:00:00Z,2025-11-12T13:00:00Z,USDC,0xaf88d065e77c8cc2239327c5edb3a432268e5831,PT-USDai-20NOV2025,0x8b4ca42bb3b1d789859f106222cf7dc5eed48ccb,915000000000000000,shared_market_pool,1,0,865602104468975376,,
0xf4ab212f6fcc943e2669cb6307fa4b608b0418ac5255c100e58394822157785c,5,supply,2025-10-29T13:00:00Z,2025-11-12T13:00:00Z,USDC,0xaf88d065e77c8cc2239327c5edb3a432268e5831,PT-USDai-20NOV2025,0x8b4ca42bb3b1d789859f106222cf7dc5eed48ccb,915000000000000000,shared_market_pool,1,0,11054087518202090923,,
0xf4ab212f6fcc943e2669cb6307fa4b608b0418ac5255c100e58394822157785c,6,borrow,2025-11-12T13:00:00Z,2025-11-26T13:00:00Z,USDC,0xaf88d065e77c8cc2239327c5edb3a432268e5831,PT-USDai-20NOV2025,0x8b4ca42bb3b1d789859f106222cf7dc5eed48ccb,915000000000000000,shared_market_pool,1,0,9740198745351917553,,
0xf4ab212f6fcc943e2669cb6307fa4b608b0418ac5255c100e58394822157785c,6,supply,2025-11-12T13:00:00Z,2025-11-26T13:00:00Z,USDC,0xaf88d065e77c8cc2239327c5edb3a432268e5831,PT-USDai-20NOV2025,0x8b4ca42bb3b1d789859f106222cf7dc5eed48ccb,915000000000000000,shared_market_pool,1,0,16371896546455148731,,
0xf86f3edd6f16cd8211f4d206866dc4ecd41be6211063ac11f8508e1b7112ef40,1,borrow,2025-09-03T13:00:00Z,2025-09-17T13:00:00Z,USDC,0xaf88d065e77c8cc2239327c5edb3a432268e5831,syrupUSDC,0x41ca7586cc1311807b4605fbb748a3b8862b42b5,915000000000000000,shared_market_pool,1,0,303609946611817849,,
0xf86f3edd6f16cd8211f4d206866dc4ecd41be6211063ac11f8508e1b7112ef40,1,supply,2025-09-03T13:00:00Z,2025-09-17T13:00:00Z,USDC,0xaf88d065e77c8cc2239327c5edb3a432268e5831,syrupUSDC,0x41ca7586cc1311807b4605fbb748a3b8862b42b5,915000000000000000,shared_market_pool,1,0,18214077999762913454,,
0xf86f3edd6f16cd8211f4d206866dc4ecd41be6211063ac11f8508e1b7112ef40,2,borrow,2025-09-17T13:00:00Z,2025-10-01T13:00:00Z,USDC,0xaf88d065e77c8cc2239327c5edb3a432268e5831,syrupUSDC,0x41ca7586cc1311807b4605fbb748a3b8862b42b5,915000000000000000,shared_market_pool,1,0,375214974642195408,,
0xf86f3edd6f16cd8211f4d206866dc4ecd41be6211063ac11f8508e1b7112ef40,2,supply,2025-09-17T13:00:00Z,2025-10-01T13:00:00Z,USDC,0xaf88d065e77c8cc2239327c5edb3a432268e5831,syrupUSDC,0x41ca7586cc1311807b4605fbb748a3b8862b42b5,915000000000000000,shared_plus_dedicated,1,1,5414838473121375382,4687004388606990803,60000
0xf86f3edd6f16cd8211f4d206866dc4ecd41be6211063ac11f8508e1b7112ef40,3,borrow,2025-10-01T13:00:00Z,2025-10-15T13:00:00Z,USDC,0xaf88d065e77c8cc2239327c5edb3a432268e5831,syrupUSDC,0x41ca7586cc1311807b4605fbb748a3b8862b42b5,915000000000000000,shared_market_pool,1,0,17137598212722994375,,
0xf86f3edd6f16cd8211f4d206866dc4ecd41be6211063ac11f8508e1b7112ef40,3,supply,2025-10-01T13:00:00Z,2025-10-15T13:00:00Z,USDC,0xaf88d065e77c8cc2239327c5edb3a432268e5831,syrupUSDC,0x41ca7586cc1311807b4605fbb748a3b8862b42b5,915000000000000000,shared_plus_dedicated,1,1,7035763710649696845,2892287731180391533,90000
0xf86f3edd6f16cd8211f4d206866dc4ecd41be6211063ac11f8508e1b7112ef40,4,borrow,2025-10-15T13:00:00Z,2025-10-29T13:00:00Z,USDC,0xaf88d065e77c8cc2239327c5edb3a432268e5831,syrupUSDC,0x41ca7586cc1311807b4605fbb748a3b8862b42b5,915000000000000000,shared_market_pool,1,0,6654923927173484081,,
0xf86f3edd6f16cd8211f4d206866dc4ecd41be6211063ac11f8508e1b7112ef40,4,supply,2025-10-15T13:00:00Z,2025-10-29T13:00:00Z,USDC,0xaf88d065e77c8cc2239327c5edb3a432268e5831,syrupUSDC,0x41ca7586cc1311807b4605fbb748a3b8862b42b5,915000000000000000,shared_plus_dedicated,1,1,16150703777321717055,4696799231387755682,90000
0xf86f3edd6f16cd8211f4d206866dc4ecd41be6211063ac11f8508e1b7112ef40,5,borrow,2025-10-29T13:00:00Z,2025-11-12T13:00:00Z,USDC,0xaf88d065e77c8cc2239327c5edb3a432268e5831,syrupUSDC,0x41ca7586cc1311807b4605fbb748a3b8862b42b5,915000000000000000,shared_market_pool,1,0,865602104468975376,,
0xf86f3edd6f16cd8211f4d206866dc4ecd41be6211063ac11f8508e1b7112ef40,5,supply,2025-10-29T13:00:00Z,2025-11-12T13:00:00Z,USDC,0xaf88d065e77c8cc2239327c5edb3a432268e5831,syrupUSDC,0x41ca7586cc1311807b4605fbb748a3b8862b42b5,915000000000000000,shared_plus_dedicated,1,1,11054087518202090923,8392439826952220823,90000
0xf86f3edd6f16cd8211f4d206866dc4ecd41be6211063ac11f8508e1b7112ef40,6,borrow,2025-11-12T13:00:00Z,2025-11-26T13:00:00Z,USDC,0xaf88d065e77c8cc2239327c5edb3a432268e5831,syrupUSDC,0x41ca7586cc1311807b4605fbb748a3b8862b42b5,915000000000000000,shared_market_pool,1,0,9740198745351917553,,
0xf86f3edd6f16cd8211f4d206866dc4ecd41be6211063ac11f8508e1b7112ef40,6,supply,2025-11-12T13:00:00Z,2025-11-26T13:00:00Z,USDC,0xaf88d065e77c8cc2239327c5edb3a432268e5831,syrupUSDC,0x41ca7586cc1311807b4605fbb748a3b8862b42b5,915000000000000000,shared_market_pool,1,0,16371896546455148731,,
0xf86f3edd6f16cd8211f4d206866dc4ecd41be6211063ac11f8508e1b7112ef40,7,borrow,2025-11-26T13:00:00Z,2025-12-10T13:00:00Z,USDC,0xaf88d065e77c8cc2239327c5edb3a432268e5831,syrupUSDC,0x41ca7586cc1311807b4605fbb748a3b8862b42b5,915000000000000000,shared_market_pool,1,0,14844593645084346657,,
0xf86f3edd6f16cd8211f4d206866dc4ecd41be6211063ac11f8508e1b7112ef40,7,supply,2025-11-26T13:00:00Z,2025-12-10T13:00:00Z,USDC,0xaf88d065e77c8cc2239327c5edb3a432268e5831,syrupUSDC,0x41ca7586cc1311807b4605fbb748a3b8862b42b5,915000000000000000,shared_market_pool,1,0,1453975958288072887,,
0xf86f3edd6f16cd8211f4d206866dc4ecd41be6211063ac11f8508e1b7112ef40,8,borrow,2025-12-10T13:00:00Z,2025-12-24T13:00:00Z,USDC,0xaf88d065e77c8cc2239327c5edb3a432268e5831,syrupUSDC,0x41ca7586cc1311807b4605fbb748a3b8862b42b5,915000000000000000,shared_market_pool,1,0,2424983120607151158,,
0xf86f3edd6f16cd8211f4d206866dc4ecd41be6211063ac11f8508e1b7112ef40,8,supply,2025-12-10T13:00:00Z,2025-12-24T13:00:00Z,USDC,0xaf88d065e77c8cc2239327c5edb3a432268e5831,syrupUSDC,0x41ca7586cc1311807b4605fbb748a3b8862b42b5,915000000000000000,shared_market_pool,1,0,1695825053467459259,,
0xf86f3edd6f16cd8211f4d206866dc4ecd41be6211063ac11f8508e1b7112ef40,9,borrow,2025-12-24T13:00:00Z,2026-01-07T13:00:00Z,USDC,0xaf88d065e77c8cc2239327c5edb3a432268e5831,syrupUSDC,0x41ca7586cc1311807b4605fbb748a3b8862b42b5,915000000000000000,shared_market_pool,1,0,12482204345182185278,,
0xf86f3edd6f16cd8211f4d206866dc4ecd41be6211063ac11f8508e1b7112ef40,9,supply,2025-12-24T13:00:00Z,2026-01-07T13:00:00Z,USDC,0xaf88d065e77c8cc2239327c5edb3a432268e5831,syrupUSDC,0x41ca7586cc1311807b4605fbb748a3b8862b42b5,915000000000000000,shared_market_pool,1,0,2173420697471906676,,
0xf86f3edd6f16cd8211f4d206866dc4ecd41be6211063ac11f8508e1b7112ef40,10,supply,2026-01-07T13:00:00Z,2026-01-21T13:00:00Z,USDC,0xaf88d065e77c8cc2239327c5edb3a432268e5831,syrupUSDC,0x41ca7586cc1311807b4605fbb748a3b8862b42b5,915000000000000000,shared_market_pool,1,0,787173404906941585,,
0xf86f3edd6f16cd8211f4d206866dc4ecd41be6211063ac11f8508e1b7112ef40,11,supply,2026-01-21T13:00:00Z,2026-02-04T13:00:00Z,USDC,0xaf88d065e77c8cc2239327c5edb3a432268e5831,syrupUSDC,0x41ca7586cc1311807b4605fbb748a3b8862b42b5,915000000000000000,shared_market_pool,1,0,9226587987773725264,,
0xf86f3edd6f16cd8211f4d206866dc4ecd41be6211063ac11f8508e1b7112ef40,12,supply,2026-02-04T13:00:00Z,2026-02-18T13:00:00Z,USDC,0xaf88d065e77c8cc2239327c5edb3a432268e5831,syrupUSDC,0x41ca7586cc1311807b4605fbb748a3b8862b42b5,915000000000000000,shared_market_pool,1,0,12959691339003126968,,
0xff608e5881ccba3859006b3c01e377314384c3d661d684c3e8b6354146e62155,9,borrow,2025-12-24T13:00:00Z,2026-01-07T13:00:00Z,USD₮0,0xfd086bc7cd5c481dcc9c85ebe478a1c0b69fcbb9,PT-syrupUSDC-29JAN2026,0x1ef58a7af39883cc95c59a2c106b726c64c2ecc6,915000000000000000,shared_market_pool,1,0,9082969400500464754,,
0xff608e5881ccba3859006b3c01e377314384c3d661d684c3e8b6354146e62155,10,borrow,2026-01-07T13:00:00Z,2026-01-21T13:00:00Z,USD₮0,0xfd086bc7cd5c481dcc9c85ebe478a1c0b69fcbb9,PT-syrupUSDC-29JAN2026,0x1ef58a7af39883cc95c59a2c106b726c64c2ecc6,915000000000000000,shared_market_pool,1,0,3294927492158074606,,
0xff608e5881ccba3859006b3c01e377314384c3d661d684c3e8b6354146e62155,11,borrow,2026-01-21T13:00:00Z,2026-02-04T13:00:00Z,USD₮0,0xfd086bc7cd5c481dcc9c85ebe478a1c0b69fcbb9,PT-syrupUSDC-29JAN2026,0x1ef58a7af39883cc95c59a2c106b726c64c2ecc6,915000000000000000,shared_market_pool,1,0,165940246193060100,,
0xff608e5881ccba3859006b3c01e377314384c3d661d684c3e8b6354146e62155,12,borrow,2026-02-04T13:00:00Z,2026-02-18T13:00:00Z,USD₮0,0xfd086bc7cd5c481dcc9c85ebe478a1c0b69fcbb9,PT-syrupUSDC-29JAN2026,0x1ef58a7af39883cc95c59a2c106b726c64c2ecc6,915000000000000000,shared_market_pool,1,0,13473045056384107541,,
