metric_version,scope_type,scope_id,market_count,market_id,archetype,loan_symbol,loan_address,collateral_symbol,collateral_address,metric,unit_symbol,unit_address,unit_decimals,post_checkpoint,post_timestamp_utc,baseline_observation_count,baseline_sum_base_units,baseline_mean_base_units,baseline_mean_native,campaign_end_base_units,campaign_end_native,campaign_peak_base_units,campaign_peak_native,campaign_peak_timestamp_utc,post_value_base_units,post_value_native,campaign_end_uplift_base_units,campaign_end_uplift_native,post_uplift_base_units,post_uplift_native,primary_applicability,primary_retained_uplift,peak_applicability,peak_retained_uplift
v1.0,market,0xff608e5881ccba3859006b3c01e377314384c3d661d684c3e8b6354146e62155,1,0xff608e5881ccba3859006b3c01e377314384c3d661d684c3e8b6354146e62155,full_scope_other,USD₮0,0xfd086bc7cd5c481dcc9c85ebe478a1c0b69fcbb9,PT-syrupUSDC-29JAN2026,0x1ef58a7af39883cc95c59a2c106b726c64c2ecc6,borrowed_assets,USD₮0,0xfd086bc7cd5c481dcc9c85ebe478a1c0b69fcbb9,6,p30,2026-03-20T13:00:00Z,56,0,0,0,1009462,1.009462,1009462,1.009462,2026-02-18T13:00:00Z,1345144,1.345144,1009462,1.009462,1345144,1.345144,applicable,1.332535548639,applicable,1.332535548639
v1.0,market,0xff608e5881ccba3859006b3c01e377314384c3d661d684c3e8b6354146e62155,1,0xff608e5881ccba3859006b3c01e377314384c3d661d684c3e8b6354146e62155,full_scope_other,USD₮0,0xfd086bc7cd5c481dcc9c85ebe478a1c0b69fcbb9,PT-syrupUSDC-29JAN2026,0x1ef58a7af39883cc95c59a2c106b726c64c2ecc6,borrowed_assets,USD₮0,0xfd086bc7cd5c481dcc9c85ebe478a1c0b69fcbb9,6,p90,2026-05-19T13:00:00Z,56,0,0,0,1009462,1.009462,1009462,1.009462,2026-02-18T13:00:00Z,2649548,2.649548,1009462,1.009462,2649548,2.649548,applicable,2.624712965916,applicable,2.624712965916
v1.0,market,0xff608e5881ccba3859006b3c01e377314384c3d661d684c3e8b6354146e62155,1,0xff608e5881ccba3859006b3c01e377314384c3d661d684c3e8b6354146e62155,full_scope_other,USD₮0,0xfd086bc7cd5c481dcc9c85ebe478a1c0b69fcbb9,PT-syrupUSDC-29JAN2026,0x1ef58a7af39883cc95c59a2c106b726c64c2ecc6,borrowed_assets,USD₮0,0xfd086bc7cd5c481dcc9c85ebe478a1c0b69fcbb9,6,p180,2026-08-17T13:00:00Z,56,0,0,0,1009462,1.009462,1009462,1.009462,2026-02-18T13:00:00Z,2649548,2.649548,1009462,1.009462,2649548,2.649548,applicable,2.624712965916,applicable,2.624712965916
v1.0,market,0xff608e5881ccba3859006b3c01e377314384c3d661d684c3e8b6354146e62155,1,0xff608e5881ccba3859006b3c01e377314384c3d661d684c3e8b6354146e62155,full_scope_other,USD₮0,0xfd086bc7cd5c481dcc9c85ebe478a1c0b69fcbb9,PT-syrupUSDC-29JAN2026,0x1ef58a7af39883cc95c59a2c106b726c64c2ecc6,supplied_assets,USD₮0,0xfd086bc7cd5c481dcc9c85ebe478a1c0b69fcbb9,6,p30,2026-03-20T13:00:00Z,56,0,0,0,1009738,1.009738,34872075,34.872075,2026-01-02T13:00:00Z,1345420,1.34542,1009738,1.009738,1345420,1.34542,applicable,1.33244465396,applicable,0.03858158713
v1.0,market,0xff608e5881ccba3859006b3c01e377314384c3d661d684c3e8b6354146e62155,1,0xff608e5881ccba3859006b3c01e377314384c3d661d684c3e8b6354146e62155,full_scope_other,USD₮0,0xfd086bc7cd5c481dcc9c85ebe478a1c0b69fcbb9,PT-syrupUSDC-29JAN2026,0x1ef58a7af39883cc95c59a2c106b726c64c2ecc6,supplied_assets,USD₮0,0xfd086bc7cd5c481dcc9c85ebe478a1c0b69fcbb9,6,p90,2026-05-19T13:00:00Z,56,0,0,0,1009738,1.009738,34872075,34.872075,2026-01-02T13:00:00Z,2659824,2.659824,1009738,1.009738,2659824,2.659824,applicable,2.634172428887,applicable,0.076273751992
v1.0,market,0xff608e5881ccba3859006b3c01e377314384c3d661d684c3e8b6354146e62155,1,0xff608e5881ccba3859006b3c01e377314384c3d661d684c3e8b6354146e62155,full_scope_other,USD₮0,0xfd086bc7cd5c481dcc9c85ebe478a1c0b69fcbb9,PT-syrupUSDC-29JAN2026,0x1ef58a7af39883cc95c59a2c106b726c64c2ecc6,supplied_assets,USD₮0,0xfd086bc7cd5c481dcc9c85ebe478a1c0b69fcbb9,6,p180,2026-08-17T13:00:00Z,56,0,0,0,1009738,1.009738,34872075,34.872075,2026-01-02T13:00:00Z,2659824,2.659824,1009738,1.009738,2659824,2.659824,applicable,2.634172428887,applicable,0.076273751992
v1.0,market,0xff608e5881ccba3859006b3c01e377314384c3d661d684c3e8b6354146e62155,1,0xff608e5881ccba3859006b3c01e377314384c3d661d684c3e8b6354146e62155,full_scope_other,USD₮0,0xfd086bc7cd5c481dcc9c85ebe478a1c0b69fcbb9,PT-syrupUSDC-29JAN2026,0x1ef58a7af39883cc95c59a2c106b726c64c2ecc6,collateral_assets,PT-syrupUSDC-29JAN2026,0x1ef58a7af39883cc95c59a2c106b726c64c2ecc6,6,p30,2026-03-20T13:00:00Z,56,0,0,0,4021171,4.021171,4021171,4.021171,2025-12-23T13:00:00Z,4021171,4.021171,4021171,4.021171,4021171,4.021171,applicable,1,applicable,1
v1.0,market,0xff608e5881ccba3859006b3c01e377314384c3d661d684c3e8b6354146e62155,1,0xff608e5881ccba3859006b3c01e377314384c3d661d684c3e8b6354146e62155,full_scope_other,USD₮0,0xfd086bc7cd5c481dcc9c85ebe478a1c0b69fcbb9,PT-syrupUSDC-29JAN2026,0x1ef58a7af39883cc95c59a2c106b726c64c2ecc6,collateral_assets,PT-syrupUSDC-29JAN2026,0x1ef58a7af39883cc95c59a2c106b726c64c2ecc6,6,p90,2026-05-19T13:00:00Z,56,0,0,0,4021171,4.021171,4021171,4.021171,2025-12-23T13:00:00Z,4021171,4.021171,4021171,4.021171,4021171,4.021171,applicable,1,applicable,1
v1.0,market,0xff608e5881ccba3859006b3c01e377314384c3d661d684c3e8b6354146e62155,1,0xff608e5881ccba3859006b3c01e377314384c3d661d684c3e8b6354146e62155,full_scope_other,USD₮0,0xfd086bc7cd5c481dcc9c85ebe478a1c0b69fcbb9,PT-syrupUSDC-29JAN2026,0x1ef58a7af39883cc95c59a2c106b726c64c2ecc6,collateral_assets,PT-syrupUSDC-29JAN2026,0x1ef58a7af39883cc95c59a2c106b726c64c2ecc6,6,p180,2026-08-17T13:00:00Z,56,0,0,0,4021171,4.021171,4021171,4.021171,2025-12-23T13:00:00Z,4021171,4.021171,4021171,4.021171,4021171,4.021171,applicable,1,applicable,1
v1.0,market,0xff608e5881ccba3859006b3c01e377314384c3d661d684c3e8b6354146e62155,1,0xff608e5881ccba3859006b3c01e377314384c3d661d684c3e8b6354146e62155,full_scope_other,USD₮0,0xfd086bc7cd5c481dcc9c85ebe478a1c0b69fcbb9,PT-syrupUSDC-29JAN2026,0x1ef58a7af39883cc95c59a2c106b726c64c2ecc6,active_borrowers,wallets,,,p30,2026-03-20T13:00:00Z,56,0,0,0,1,1,1,1,2025-12-23T13:00:00Z,1,1,1,1,1,1,applicable,1,applicable,1
v1.0,market,0xff608e5881ccba3859006b3c01e377314384c3d661d684c3e8b6354146e62155,1,0xff608e5881ccba3859006b3c01e377314384c3d661d684c3e8b6354146e62155,full_scope_other,USD₮0,0xfd086bc7cd5c481dcc9c85ebe478a1c0b69fcbb9,PT-syrupUSDC-29JAN2026,0x1ef58a7af39883cc95c59a2c106b726c64c2ecc6,active_borrowers,wallets,,,p90,2026-05-19T13:00:00Z,56,0,0,0,1,1,1,1,2025-12-23T13:00:00Z,1,1,1,1,1,1,applicable,1,applicable,1
v1.0,market,0xff608e5881ccba3859006b3c01e377314384c3d661d684c3e8b6354146e62155,1,0xff608e5881ccba3859006b3c01e377314384c3d661d684c3e8b6354146e62155,full_scope_other,USD₮0,0xfd086bc7cd5c481dcc9c85ebe478a1c0b69fcbb9,PT-syrupUSDC-29JAN2026,0x1ef58a7af39883cc95c59a2c106b726c64c2ecc6,active_borrowers,wallets,,,p180,2026-08-17T13:00:00Z,56,0,0,0,1,1,1,1,2025-12-23T13:00:00Z,1,1,1,1,1,1,applicable,1,applicable,1
v1.0,market,0x090ff0cd57a258b342c870691a180bb79691e97b31ddda2b7cdd4b5a362c3cca,1,0x090ff0cd57a258b342c870691a180bb79691e97b31ddda2b7cdd4b5a362c3cca,full_scope_other,USD₮0,0xfd086bc7cd5c481dcc9c85ebe478a1c0b69fcbb9,PT-USDai-19FEB2026,0x5b2c615e22272234aacf187632a0531ca1243279,borrowed_assets,USD₮0,0xfd086bc7cd5c481dcc9c85ebe478a1c0b69fcbb9,6,p30,2026-03-20T13:00:00Z,56,0,0,0,18179569738144,18179569.738144,30152063141204,30152063.141204,2026-01-15T13:00:00Z,8227481425,8227.481425,18179569738144,18179569.738144,8227481425,8227.481425,applicable,0.000452567445,applicable,0.000272866284
v1.0,market,0x090ff0cd57a258b342c870691a180bb79691e97b31ddda2b7cdd4b5a362c3cca,1,0x090ff0cd57a258b342c870691a180bb79691e97b31ddda2b7cdd4b5a362c3cca,full_scope_other,USD₮0,0xfd086bc7cd5c481dcc9c85ebe478a1c0b69fcbb9,PT-USDai-19FEB2026,0x5b2c615e22272234aacf187632a0531ca1243279,borrowed_assets,USD₮0,0xfd086bc7cd5c481dcc9c85ebe478a1c0b69fcbb9,6,p90,2026-05-19T13:00:00Z,56,0,0,0,18179569738144,18179569.738144,30152063141204,30152063.141204,2026-01-15T13:00:00Z,12115462,12.115462,18179569738144,18179569.738144,12115462,12.115462,applicable,0.000000666433,applicable,0.000000401812
v1.0,market,0x090ff0cd57a258b342c870691a180bb79691e97b31ddda2b7cdd4b5a362c3cca,1,0x090ff0cd57a258b342c870691a180bb79691e97b31ddda2b7cdd4b5a362c3cca,full_scope_other,USD₮0,0xfd086bc7cd5c481dcc9c85ebe478a1c0b69fcbb9,PT-USDai-19FEB2026,0x5b2c615e22272234aacf187632a0531ca1243279,borrowed_assets,USD₮0,0xfd086bc7cd5c481dcc9c85ebe478a1c0b69fcbb9,6,p180,2026-08-17T13:00:00Z,56,0,0,0,18179569738144,18179569.738144,30152063141204,30152063.141204,2026-01-15T13:00:00Z,12262704,12.262704,18179569738144,18179569.738144,12262704,12.262704,applicable,0.000000674532,applicable,0.000000406695
v1.0,market,0x090ff0cd57a258b342c870691a180bb79691e97b31ddda2b7cdd4b5a362c3cca,1,0x090ff0cd57a258b342c870691a180bb79691e97b31ddda2b7cdd4b5a362c3cca,full_scope_other,USD₮0,0xfd086bc7cd5c481dcc9c85ebe478a1c0b69fcbb9,PT-USDai-19FEB2026,0x5b2c615e22272234aacf187632a0531ca1243279,supplied_assets,USD₮0,0xfd086bc7cd5c481dcc9c85ebe478a1c0b69fcbb9,6,p30,2026-03-20T13:00:00Z,56,0,0,0,19537248167191,19537248.167191,34097075247663,34097075.247663,2026-01-05T13:00:00Z,9657192350,9657.19235,19537248167191,19537248.167191,9657192350,9657.19235,applicable,0.000494296447,applicable,0.000283226414
v1.0,market,0x090ff0cd57a258b342c870691a180bb79691e97b31ddda2b7cdd4b5a362c3cca,1,0x090ff0cd57a258b342c870691a180bb79691e97b31ddda2b7cdd4b5a362c3cca,full_scope_other,USD₮0,0xfd086bc7cd5c481dcc9c85ebe478a1c0b69fcbb9,PT-USDai-19FEB2026,0x5b2c615e22272234aacf187632a0531ca1243279,supplied_assets,USD₮0,0xfd086bc7cd5c481dcc9c85ebe478a1c0b69fcbb9,6,p90,2026-05-19T13:00:00Z,56,0,0,0,19537248167191,19537248.167191,34097075247663,34097075.247663,2026-01-05T13:00:00Z,81006006,81.006006,19537248167191,19537248.167191,81006006,81.006006,applicable,0.000004146234,applicable,0.000002375746
v1.0,market,0x090ff0cd57a258b342c870691a180bb79691e97b31ddda2b7cdd4b5a362c3cca,1,0x090ff0cd57a258b342c870691a180bb79691e97b31ddda2b7cdd4b5a362c3cca,full_scope_other,USD₮0,0xfd086bc7cd5c481dcc9c85ebe478a1c0b69fcbb9,PT-USDai-19FEB2026,0x5b2c615e22272234aacf187632a0531ca1243279,supplied_assets,USD₮0,0xfd086bc7cd5c481dcc9c85ebe478a1c0b69fcbb9,6,p180,2026-08-17T13:00:00Z,56,0,0,0,19537248167191,19537248.167191,34097075247663,34097075.247663,2026-01-05T13:00:00Z,12262704,12.262704,19537248167191,19537248.167191,12262704,12.262704,applicable,0.000000627658,applicable,0.000000359641
v1.0,market,0x090ff0cd57a258b342c870691a180bb79691e97b31ddda2b7cdd4b5a362c3cca,1,0x090ff0cd57a258b342c870691a180bb79691e97b31ddda2b7cdd4b5a362c3cca,full_scope_other,USD₮0,0xfd086bc7cd5c481dcc9c85ebe478a1c0b69fcbb9,PT-USDai-19FEB2026,0x5b2c615e22272234aacf187632a0531ca1243279,collateral_assets,PT-USDai-19FEB2026,0x5b2c615e22272234aacf187632a0531ca1243279,18,p30,2026-03-20T13:00:00Z,56,0,0,0,21180485137981149403161395,21180485.137981149403,34654365322019037162239689,34654365.322019037162,2026-01-15T13:00:00Z,10139432123072739445613,10139.432123072739,21180485137981149403161395,21180485.137981149403,10139432123072739445613,10139.432123072739,applicable,0.000478715764,applicable,0.000292587443
v1.0,market,0x090ff0cd57a258b342c870691a180bb79691e97b31ddda2b7cdd4b5a362c3cca,1,0x090ff0cd57a258b342c870691a180bb79691e97b31ddda2b7cdd4b5a362c3cca,full_scope_other,USD₮0,0xfd086bc7cd5c481dcc9c85ebe478a1c0b69fcbb9,PT-USDai-19FEB2026,0x5b2c615e22272234aacf187632a0531ca1243279,collateral_assets,PT-USDai-19FEB2026,0x5b2c615e22272234aacf187632a0531ca1243279,18,p90,2026-05-19T13:00:00Z,56,0,0,0,21180485137981149403161395,21180485.137981149403,34654365322019037162239689,34654365.322019037162,2026-01-15T13:00:00Z,40063096029223014026,40.063096029223,21180485137981149403161395,21180485.137981149403,40063096029223014026,40.063096029223,applicable,0.00000189151,applicable,0.000001156076
v1.0,market,0x090ff0cd57a258b342c870691a180bb79691e97b31ddda2b7cdd4b5a362c3cca,1,0x090ff0cd57a258b342c870691a180bb79691e97b31ddda2b7cdd4b5a362c3cca,full_scope_other,USD₮0,0xfd086bc7cd5c481dcc9c85ebe478a1c0b69fcbb9,PT-USDai-19FEB2026,0x5b2c615e22272234aacf187632a0531ca1243279,collateral_assets,PT-USDai-19FEB2026,0x5b2c615e22272234aacf187632a0531ca1243279,18,p180,2026-08-17T13:00:00Z,56,0,0,0,21180485137981149403161395,21180485.137981149403,34654365322019037162239689,34654365.322019037162,2026-01-15T13:00:00Z,19926157407733831632,19.926157407734,21180485137981149403161395,21180485.137981149403,19926157407733831632,19.926157407734,applicable,0.000000940779,applicable,0.000000574997
v1.0,market,0x090ff0cd57a258b342c870691a180bb79691e97b31ddda2b7cdd4b5a362c3cca,1,0x090ff0cd57a258b342c870691a180bb79691e97b31ddda2b7cdd4b5a362c3cca,full_scope_other,USD₮0,0xfd086bc7cd5c481dcc9c85ebe478a1c0b69fcbb9,PT-USDai-19FEB2026,0x5b2c615e22272234aacf187632a0531ca1243279,active_borrowers,wallets,,,p30,2026-03-20T13:00:00Z,56,0,0,0,50,50,76,76,2026-01-31T13:00:00Z,5,5,50,50,5,5,applicable,0.1,applicable,0.065789473684
v1.0,market,0x090ff0cd57a258b342c870691a180bb79691e97b31ddda2b7cdd4b5a362c3cca,1,0x090ff0cd57a258b342c870691a180bb79691e97b31ddda2b7cdd4b5a362c3cca,full_scope_other,USD₮0,0xfd086bc7cd5c481dcc9c85ebe478a1c0b69fcbb9,PT-USDai-19FEB2026,0x5b2c615e22272234aacf187632a0531ca1243279,active_borrowers,wallets,,,p90,2026-05-19T13:00:00Z,56,0,0,0,50,50,76,76,2026-01-31T13:00:00Z,2,2,50,50,2,2,applicable,0.04,applicable,0.026315789474
v1.0,market,0x090ff0cd57a258b342c870691a180bb79691e97b31ddda2b7cdd4b5a362c3cca,1,0x090ff0cd57a258b342c870691a180bb79691e97b31ddda2b7cdd4b5a362c3cca,full_scope_other,USD₮0,0xfd086bc7cd5c481dcc9c85ebe478a1c0b69fcbb9,PT-USDai-19FEB2026,0x5b2c615e22272234aacf187632a0531ca1243279,active_borrowers,wallets,,,p180,2026-08-17T13:00:00Z,56,0,0,0,50,50,76,76,2026-01-31T13:00:00Z,2,2,50,50,2,2,applicable,0.04,applicable,0.026315789474
v1.0,market,0xd91052003758145cc53615895c0ce2081c7080b661dbab5652c2b8433b248c2d,1,0xd91052003758145cc53615895c0ce2081c7080b661dbab5652c2b8433b248c2d,full_scope_other,USD₮0,0xfd086bc7cd5c481dcc9c85ebe478a1c0b69fcbb9,siUSD,0x51b0f6aed4a421f09d28a5ede1dcf460bcb54d30,borrowed_assets,USD₮0,0xfd086bc7cd5c481dcc9c85ebe478a1c0b69fcbb9,6,p30,2026-03-20T13:00:00Z,56,0,0,0,24241347834,24241.347834,24241347834,24241.347834,2026-02-18T13:00:00Z,40423499978,40423.499978,24241347834,24241.347834,40423499978,40423.499978,applicable,1.667543416101,applicable,1.667543416101
v1.0,market,0xd91052003758145cc53615895c0ce2081c7080b661dbab5652c2b8433b248c2d,1,0xd91052003758145cc53615895c0ce2081c7080b661dbab5652c2b8433b248c2d,full_scope_other,USD₮0,0xfd086bc7cd5c481dcc9c85ebe478a1c0b69fcbb9,siUSD,0x51b0f6aed4a421f09d28a5ede1dcf460bcb54d30,borrowed_assets,USD₮0,0xfd086bc7cd5c481dcc9c85ebe478a1c0b69fcbb9,6,p90,2026-05-19T13:00:00Z,56,0,0,0,24241347834,24241.347834,24241347834,24241.347834,2026-02-18T13:00:00Z,105860069153,105860.069153,24241347834,24241.347834,105860069153,105860.069153,applicable,4.366921751955,applicable,4.366921751955
v1.0,market,0xd91052003758145cc53615895c0ce2081c7080b661dbab5652c2b8433b248c2d,1,0xd91052003758145cc53615895c0ce2081c7080b661dbab5652c2b8433b248c2d,full_scope_other,USD₮0,0xfd086bc7cd5c481dcc9c85ebe478a1c0b69fcbb9,siUSD,0x51b0f6aed4a421f09d28a5ede1dcf460bcb54d30,borrowed_assets,USD₮0,0xfd086bc7cd5c481dcc9c85ebe478a1c0b69fcbb9,6,p180,2026-08-17T13:00:00Z,56,0,0,0,24241347834,24241.347834,24241347834,24241.347834,2026-02-18T13:00:00Z,831136814,831.136814,24241347834,24241.347834,831136814,831.136814,applicable,0.034285915936,applicable,0.034285915936
v1.0,market,0xd91052003758145cc53615895c0ce2081c7080b661dbab5652c2b8433b248c2d,1,0xd91052003758145cc53615895c0ce2081c7080b661dbab5652c2b8433b248c2d,full_scope_other,USD₮0,0xfd086bc7cd5c481dcc9c85ebe478a1c0b69fcbb9,siUSD,0x51b0f6aed4a421f09d28a5ede1dcf460bcb54d30,supplied_assets,USD₮0,0xfd086bc7cd5c481dcc9c85ebe478a1c0b69fcbb9,6,p30,2026-03-20T13:00:00Z,56,0,0,0,26528581472,26528.581472,31065224088,31065.224088,2026-02-10T13:00:00Z,49581205377,49581.205377,26528581472,26528.581472,49581205377,49581.205377,applicable,1.868973108469,applicable,1.596035658283
v1.0,market,0xd91052003758145cc53615895c0ce2081c7080b661dbab5652c2b8433b248c2d,1,0xd91052003758145cc53615895c0ce2081c7080b661dbab5652c2b8433b248c2d,full_scope_other,USD₮0,0xfd086bc7cd5c481dcc9c85ebe478a1c0b69fcbb9,siUSD,0x51b0f6aed4a421f09d28a5ede1dcf460bcb54d30,supplied_assets,USD₮0,0xfd086bc7cd5c481dcc9c85ebe478a1c0b69fcbb9,6,p90,2026-05-19T13:00:00Z,56,0,0,0,26528581472,26528.581472,31065224088,31065.224088,2026-02-10T13:00:00Z,117133028322,117133.028322,26528581472,26528.581472,117133028322,117133.028322,applicable,4.415352115439,applicable,3.770551533451
v1.0,market,0xd91052003758145cc53615895c0ce2081c7080b661dbab5652c2b8433b248c2d,1,0xd91052003758145cc53615895c0ce2081c7080b661dbab5652c2b8433b248c2d,full_scope_other,USD₮0,0xfd086bc7cd5c481dcc9c85ebe478a1c0b69fcbb9,siUSD,0x51b0f6aed4a421f09d28a5ede1dcf460bcb54d30,supplied_assets,USD₮0,0xfd086bc7cd5c481dcc9c85ebe478a1c0b69fcbb9,6,p180,2026-08-17T13:00:00Z,56,0,0,0,26528581472,26528.581472,31065224088,31065.224088,2026-02-10T13:00:00Z,831136814,831.136814,26528581472,26528.581472,831136814,831.136814,applicable,0.031329862657,applicable,0.02675457327
v1.0,market,0xd91052003758145cc53615895c0ce2081c7080b661dbab5652c2b8433b248c2d,1,0xd91052003758145cc53615895c0ce2081c7080b661dbab5652c2b8433b248c2d,full_scope_other,USD₮0,0xfd086bc7cd5c481dcc9c85ebe478a1c0b69fcbb9,siUSD,0x51b0f6aed4a421f09d28a5ede1dcf460bcb54d30,collateral_assets,siUSD,0x51b0f6aed4a421f09d28a5ede1dcf460bcb54d30,18,p30,2026-03-20T13:00:00Z,56,0,0,0,28262324674251086108160,28262.324674251086,28262324674251086108160,28262.324674251086,2026-02-07T13:00:00Z,47504066987251086108160,47504.066987251086,28262324674251086108160,28262.324674251086,47504066987251086108160,47504.066987251086,applicable,1.680826596353,applicable,1.680826596353
v1.0,market,0xd91052003758145cc53615895c0ce2081c7080b661dbab5652c2b8433b248c2d,1,0xd91052003758145cc53615895c0ce2081c7080b661dbab5652c2b8433b248c2d,full_scope_other,USD₮0,0xfd086bc7cd5c481dcc9c85ebe478a1c0b69fcbb9,siUSD,0x51b0f6aed4a421f09d28a5ede1dcf460bcb54d30,collateral_assets,siUSD,0x51b0f6aed4a421f09d28a5ede1dcf460bcb54d30,18,p90,2026-05-19T13:00:00Z,56,0,0,0,28262324674251086108160,28262.324674251086,28262324674251086108160,28262.324674251086,2026-02-07T13:00:00Z,119414387497251086108160,119414.387497251086,28262324674251086108160,28262.324674251086,119414387497251086108160,119414.387497251086,applicable,4.225214623128,applicable,4.225214623128
v1.0,market,0xd91052003758145cc53615895c0ce2081c7080b661dbab5652c2b8433b248c2d,1,0xd91052003758145cc53615895c0ce2081c7080b661dbab5652c2b8433b248c2d,full_scope_other,USD₮0,0xfd086bc7cd5c481dcc9c85ebe478a1c0b69fcbb9,siUSD,0x51b0f6aed4a421f09d28a5ede1dcf460bcb54d30,collateral_assets,siUSD,0x51b0f6aed4a421f09d28a5ede1dcf460bcb54d30,18,p180,2026-08-17T13:00:00Z,56,0,0,0,28262324674251086108160,28262.324674251086,28262324674251086108160,28262.324674251086,2026-02-07T13:00:00Z,1911769199674004704872,1911.769199674005,28262324674251086108160,28262.324674251086,1911769199674004704872,1911.769199674005,applicable,0.067643734962,applicable,0.067643734962
v1.0,market,0xd91052003758145cc53615895c0ce2081c7080b661dbab5652c2b8433b248c2d,1,0xd91052003758145cc53615895c0ce2081c7080b661dbab5652c2b8433b248c2d,full_scope_other,USD₮0,0xfd086bc7cd5c481dcc9c85ebe478a1c0b69fcbb9,siUSD,0x51b0f6aed4a421f09d28a5ede1dcf460bcb54d30,active_borrowers,wallets,,,p30,2026-03-20T13:00:00Z,56,0,0,0,4,4,4,4,2026-01-29T13:00:00Z,5,5,4,4,5,5,applicable,1.25,applicable,1.25
v1.0,market,0xd91052003758145cc53615895c0ce2081c7080b661dbab5652c2b8433b248c2d,1,0xd91052003758145cc53615895c0ce2081c7080b661dbab5652c2b8433b248c2d,full_scope_other,USD₮0,0xfd086bc7cd5c481dcc9c85ebe478a1c0b69fcbb9,siUSD,0x51b0f6aed4a421f09d28a5ede1dcf460bcb54d30,active_borrowers,wallets,,,p90,2026-05-19T13:00:00Z,56,0,0,0,4,4,4,4,2026-01-29T13:00:00Z,8,8,4,4,8,8,applicable,2,applicable,2
v1.0,market,0xd91052003758145cc53615895c0ce2081c7080b661dbab5652c2b8433b248c2d,1,0xd91052003758145cc53615895c0ce2081c7080b661dbab5652c2b8433b248c2d,full_scope_other,USD₮0,0xfd086bc7cd5c481dcc9c85ebe478a1c0b69fcbb9,siUSD,0x51b0f6aed4a421f09d28a5ede1dcf460bcb54d30,active_borrowers,wallets,,,p180,2026-08-17T13:00:00Z,56,0,0,0,4,4,4,4,2026-01-29T13:00:00Z,2,2,4,4,2,2,applicable,0.5,applicable,0.5
v1.0,market,0x8e58f0dea27f877db258ecbbe16e57c9bb3541448ac0d578ef08c5b93ea9b84b,1,0x8e58f0dea27f877db258ecbbe16e57c9bb3541448ac0d578ef08c5b93ea9b84b,full_scope_other,USD₮0,0xfd086bc7cd5c481dcc9c85ebe478a1c0b69fcbb9,sUSDe,0x211cc4dd073734da055fbf44a2b4667d5e5fe5d2,borrowed_assets,USD₮0,0xfd086bc7cd5c481dcc9c85ebe478a1c0b69fcbb9,6,p30,2026-03-20T13:00:00Z,56,0,0,0,36068919,36.068919,41049954,41.049954,2026-02-12T13:00:00Z,46101828,46.101828,36068919,36.068919,46101828,46.101828,applicable,1.278159403668,applicable,1.123066496006
v1.0,market,0x8e58f0dea27f877db258ecbbe16e57c9bb3541448ac0d578ef08c5b93ea9b84b,1,0x8e58f0dea27f877db258ecbbe16e57c9bb3541448ac0d578ef08c5b93ea9b84b,full_scope_other,USD₮0,0xfd086bc7cd5c481dcc9c85ebe478a1c0b69fcbb9,sUSDe,0x211cc4dd073734da055fbf44a2b4667d5e5fe5d2,borrowed_assets,USD₮0,0xfd086bc7cd5c481dcc9c85ebe478a1c0b69fcbb9,6,p90,2026-05-19T13:00:00Z,56,0,0,0,36068919,36.068919,41049954,41.049954,2026-02-12T13:00:00Z,31723923,31.723923,36068919,36.068919,31723923,31.723923,applicable,0.879536284412,applicable,0.772812632141
v1.0,market,0x8e58f0dea27f877db258ecbbe16e57c9bb3541448ac0d578ef08c5b93ea9b84b,1,0x8e58f0dea27f877db258ecbbe16e57c9bb3541448ac0d578ef08c5b93ea9b84b,full_scope_other,USD₮0,0xfd086bc7cd5c481dcc9c85ebe478a1c0b69fcbb9,sUSDe,0x211cc4dd073734da055fbf44a2b4667d5e5fe5d2,borrowed_assets,USD₮0,0xfd086bc7cd5c481dcc9c85ebe478a1c0b69fcbb9,6,p180,2026-08-17T13:00:00Z,56,0,0,0,36068919,36.068919,41049954,41.049954,2026-02-12T13:00:00Z,31990072,31.990072,36068919,36.068919,31990072,31.990072,applicable,0.886915185897,applicable,0.779296171684
v1.0,market,0x8e58f0dea27f877db258ecbbe16e57c9bb3541448ac0d578ef08c5b93ea9b84b,1,0x8e58f0dea27f877db258ecbbe16e57c9bb3541448ac0d578ef08c5b93ea9b84b,full_scope_other,USD₮0,0xfd086bc7cd5c481dcc9c85ebe478a1c0b69fcbb9,sUSDe,0x211cc4dd073734da055fbf44a2b4667d5e5fe5d2,supplied_assets,USD₮0,0xfd086bc7cd5c481dcc9c85ebe478a1c0b69fcbb9,6,p30,2026-03-20T13:00:00Z,56,0,0,0,39423907,39.423907,52367059,52.367059,2026-02-06T13:00:00Z,54106727,54.106727,39423907,39.423907,54106727,54.106727,applicable,1.372434421581,applicable,1.033220654992
v1.0,market,0x8e58f0dea27f877db258ecbbe16e57c9bb3541448ac0d578ef08c5b93ea9b84b,1,0x8e58f0dea27f877db258ecbbe16e57c9bb3541448ac0d578ef08c5b93ea9b84b,full_scope_other,USD₮0,0xfd086bc7cd5c481dcc9c85ebe478a1c0b69fcbb9,sUSDe,0x211cc4dd073734da055fbf44a2b4667d5e5fe5d2,supplied_assets,USD₮0,0xfd086bc7cd5c481dcc9c85ebe478a1c0b69fcbb9,6,p90,2026-05-19T13:00:00Z,56,0,0,0,39423907,39.423907,52367059,52.367059,2026-02-06T13:00:00Z,63054170,63.05417,39423907,39.423907,63054170,63.05417,applicable,1.599389172666,applicable,1.204080794379
v1.0,market,0x8e58f0dea27f877db258ecbbe16e57c9bb3541448ac0d578ef08c5b93ea9b84b,1,0x8e58f0dea27f877db258ecbbe16e57c9bb3541448ac0d578ef08c5b93ea9b84b,full_scope_other,USD₮0,0xfd086bc7cd5c481dcc9c85ebe478a1c0b69fcbb9,sUSDe,0x211cc4dd073734da055fbf44a2b4667d5e5fe5d2,supplied_assets,USD₮0,0xfd086bc7cd5c481dcc9c85ebe478a1c0b69fcbb9,6,p180,2026-08-17T13:00:00Z,56,0,0,0,39423907,39.423907,52367059,52.367059,2026-02-06T13:00:00Z,38019817,38.019817,39423907,39.423907,38019817,38.019817,applicable,0.964384808436,applicable,0.726025439007
v1.0,market,0x8e58f0dea27f877db258ecbbe16e57c9bb3541448ac0d578ef08c5b93ea9b84b,1,0x8e58f0dea27f877db258ecbbe16e57c9bb3541448ac0d578ef08c5b93ea9b84b,full_scope_other,USD₮0,0xfd086bc7cd5c481dcc9c85ebe478a1c0b69fcbb9,sUSDe,0x211cc4dd073734da055fbf44a2b4667d5e5fe5d2,collateral_assets,sUSDe,0x211cc4dd073734da055fbf44a2b4667d5e5fe5d2,18,p30,2026-03-20T13:00:00Z,56,0,0,0,98354870331466609893,98.354870331467,98354870331466609893,98.354870331467,2026-02-13T13:00:00Z,50775883549112754953,50.775883549113,98354870331466609893,98.354870331467,50775883549112754953,50.775883549113,applicable,0.516251847804,applicable,0.516251847804
v1.0,market,0x8e58f0dea27f877db258ecbbe16e57c9bb3541448ac0d578ef08c5b93ea9b84b,1,0x8e58f0dea27f877db258ecbbe16e57c9bb3541448ac0d578ef08c5b93ea9b84b,full_scope_other,USD₮0,0xfd086bc7cd5c481dcc9c85ebe478a1c0b69fcbb9,sUSDe,0x211cc4dd073734da055fbf44a2b4667d5e5fe5d2,collateral_assets,sUSDe,0x211cc4dd073734da055fbf44a2b4667d5e5fe5d2,18,p90,2026-05-19T13:00:00Z,56,0,0,0,98354870331466609893,98.354870331467,98354870331466609893,98.354870331467,2026-02-13T13:00:00Z,35985285239091754953,35.985285239092,98354870331466609893,98.354870331467,35985285239091754953,35.985285239092,applicable,0.365871919894,applicable,0.365871919894
v1.0,market,0x8e58f0dea27f877db258ecbbe16e57c9bb3541448ac0d578ef08c5b93ea9b84b,1,0x8e58f0dea27f877db258ecbbe16e57c9bb3541448ac0d578ef08c5b93ea9b84b,full_scope_other,USD₮0,0xfd086bc7cd5c481dcc9c85ebe478a1c0b69fcbb9,sUSDe,0x211cc4dd073734da055fbf44a2b4667d5e5fe5d2,collateral_assets,sUSDe,0x211cc4dd073734da055fbf44a2b4667d5e5fe5d2,18,p180,2026-08-17T13:00:00Z,56,0,0,0,98354870331466609893,98.354870331467,98354870331466609893,98.354870331467,2026-02-13T13:00:00Z,807590585584091687294,807.590585584092,98354870331466609893,98.354870331467,807590585584091687294,807.590585584092,applicable,8.210987243056,applicable,8.210987243056
v1.0,market,0x8e58f0dea27f877db258ecbbe16e57c9bb3541448ac0d578ef08c5b93ea9b84b,1,0x8e58f0dea27f877db258ecbbe16e57c9bb3541448ac0d578ef08c5b93ea9b84b,full_scope_other,USD₮0,0xfd086bc7cd5c481dcc9c85ebe478a1c0b69fcbb9,sUSDe,0x211cc4dd073734da055fbf44a2b4667d5e5fe5d2,active_borrowers,wallets,,,p30,2026-03-20T13:00:00Z,56,0,0,0,3,3,3,3,2026-02-06T13:00:00Z,3,3,3,3,3,3,applicable,1,applicable,1
v1.0,market,0x8e58f0dea27f877db258ecbbe16e57c9bb3541448ac0d578ef08c5b93ea9b84b,1,0x8e58f0dea27f877db258ecbbe16e57c9bb3541448ac0d578ef08c5b93ea9b84b,full_scope_other,USD₮0,0xfd086bc7cd5c481dcc9c85ebe478a1c0b69fcbb9,sUSDe,0x211cc4dd073734da055fbf44a2b4667d5e5fe5d2,active_borrowers,wallets,,,p90,2026-05-19T13:00:00Z,56,0,0,0,3,3,3,3,2026-02-06T13:00:00Z,2,2,3,3,2,2,applicable,0.666666666667,applicable,0.666666666667
v1.0,market,0x8e58f0dea27f877db258ecbbe16e57c9bb3541448ac0d578ef08c5b93ea9b84b,1,0x8e58f0dea27f877db258ecbbe16e57c9bb3541448ac0d578ef08c5b93ea9b84b,full_scope_other,USD₮0,0xfd086bc7cd5c481dcc9c85ebe478a1c0b69fcbb9,sUSDe,0x211cc4dd073734da055fbf44a2b4667d5e5fe5d2,active_borrowers,wallets,,,p180,2026-08-17T13:00:00Z,56,0,0,0,3,3,3,3,2026-02-06T13:00:00Z,2,2,3,3,2,2,applicable,0.666666666667,applicable,0.666666666667
v1.0,market,0xde895fd4a9d1ca693485fcfc2ee47d8c3b47f810bbce3c965c60d97b855d4ed2,1,0xde895fd4a9d1ca693485fcfc2ee47d8c3b47f810bbce3c965c60d97b855d4ed2,full_scope_other,USD₮0,0xfd086bc7cd5c481dcc9c85ebe478a1c0b69fcbb9,sUSDS,0xddb46999f8891663a8f2828d25298f70416d7610,borrowed_assets,USD₮0,0xfd086bc7cd5c481dcc9c85ebe478a1c0b69fcbb9,6,p30,2026-03-20T13:00:00Z,56,0,0,0,2826633898,2826.633898,1685852836809,1685852.836809,2026-02-14T13:00:00Z,488104807557,488104.807557,2826633898,2826.633898,488104807557,488104.807557,applicable,172.680589411441,applicable,0.289529902551
v1.0,market,0xde895fd4a9d1ca693485fcfc2ee47d8c3b47f810bbce3c965c60d97b855d4ed2,1,0xde895fd4a9d1ca693485fcfc2ee47d8c3b47f810bbce3c965c60d97b855d4ed2,full_scope_other,USD₮0,0xfd086bc7cd5c481dcc9c85ebe478a1c0b69fcbb9,sUSDS,0xddb46999f8891663a8f2828d25298f70416d7610,borrowed_assets,USD₮0,0xfd086bc7cd5c481dcc9c85ebe478a1c0b69fcbb9,6,p90,2026-05-19T13:00:00Z,56,0,0,0,2826633898,2826.633898,1685852836809,1685852.836809,2026-02-14T13:00:00Z,4835203555859,4835203.555859,2826633898,2826.633898,4835203555859,4835203.555859,applicable,1710.587126008845,applicable,2.868105359072
v1.0,market,0xde895fd4a9d1ca693485fcfc2ee47d8c3b47f810bbce3c965c60d97b855d4ed2,1,0xde895fd4a9d1ca693485fcfc2ee47d8c3b47f810bbce3c965c60d97b855d4ed2,full_scope_other,USD₮0,0xfd086bc7cd5c481dcc9c85ebe478a1c0b69fcbb9,sUSDS,0xddb46999f8891663a8f2828d25298f70416d7610,borrowed_assets,USD₮0,0xfd086bc7cd5c481dcc9c85ebe478a1c0b69fcbb9,6,p180,2026-08-17T13:00:00Z,56,0,0,0,2826633898,2826.633898,1685852836809,1685852.836809,2026-02-14T13:00:00Z,150611360061,150611.360061,2826633898,2826.633898,150611360061,150611.360061,applicable,53.282938468815,applicable,0.08933837923
v1.0,market,0xde895fd4a9d1ca693485fcfc2ee47d8c3b47f810bbce3c965c60d97b855d4ed2,1,0xde895fd4a9d1ca693485fcfc2ee47d8c3b47f810bbce3c965c60d97b855d4ed2,full_scope_other,USD₮0,0xfd086bc7cd5c481dcc9c85ebe478a1c0b69fcbb9,sUSDS,0xddb46999f8891663a8f2828d25298f70416d7610,supplied_assets,USD₮0,0xfd086bc7cd5c481dcc9c85ebe478a1c0b69fcbb9,6,p30,2026-03-20T13:00:00Z,56,0,0,0,3045285044,3045.285044,1823400672818,1823400.672818,2026-02-14T13:00:00Z,548812793208,548812.793208,3045285044,3045.285044,548812793208,548812.793208,applicable,180.217216214063,applicable,0.300983103379
v1.0,market,0xde895fd4a9d1ca693485fcfc2ee47d8c3b47f810bbce3c965c60d97b855d4ed2,1,0xde895fd4a9d1ca693485fcfc2ee47d8c3b47f810bbce3c965c60d97b855d4ed2,full_scope_other,USD₮0,0xfd086bc7cd5c481dcc9c85ebe478a1c0b69fcbb9,sUSDS,0xddb46999f8891663a8f2828d25298f70416d7610,supplied_assets,USD₮0,0xfd086bc7cd5c481dcc9c85ebe478a1c0b69fcbb9,6,p90,2026-05-19T13:00:00Z,56,0,0,0,3045285044,3045.285044,1823400672818,1823400.672818,2026-02-14T13:00:00Z,5340254267838,5340254.267838,3045285044,3045.285044,5340254267838,5340254.267838,applicable,1753.613927983419,applicable,2.928733298965
v1.0,market,0xde895fd4a9d1ca693485fcfc2ee47d8c3b47f810bbce3c965c60d97b855d4ed2,1,0xde895fd4a9d1ca693485fcfc2ee47d8c3b47f810bbce3c965c60d97b855d4ed2,full_scope_other,USD₮0,0xfd086bc7cd5c481dcc9c85ebe478a1c0b69fcbb9,sUSDS,0xddb46999f8891663a8f2828d25298f70416d7610,supplied_assets,USD₮0,0xfd086bc7cd5c481dcc9c85ebe478a1c0b69fcbb9,6,p180,2026-08-17T13:00:00Z,56,0,0,0,3045285044,3045.285044,1823400672818,1823400.672818,2026-02-14T13:00:00Z,177716104797,177716.104797,3045285044,3045.285044,177716104797,177716.104797,applicable,58.357789904478,applicable,0.097464099606
v1.0,market,0xde895fd4a9d1ca693485fcfc2ee47d8c3b47f810bbce3c965c60d97b855d4ed2,1,0xde895fd4a9d1ca693485fcfc2ee47d8c3b47f810bbce3c965c60d97b855d4ed2,full_scope_other,USD₮0,0xfd086bc7cd5c481dcc9c85ebe478a1c0b69fcbb9,sUSDS,0xddb46999f8891663a8f2828d25298f70416d7610,collateral_assets,sUSDS,0xddb46999f8891663a8f2828d25298f70416d7610,18,p30,2026-03-20T13:00:00Z,56,0,0,0,3182661515150815848949,3182.661515150816,1676660809290150815848949,1676660.809290150816,2026-02-14T13:00:00Z,498481692020273898937932,498481.692020273899,3182661515150815848949,3182.661515150816,498481692020273898937932,498481.692020273899,applicable,156.624161773814,applicable,0.297306222736
v1.0,market,0xde895fd4a9d1ca693485fcfc2ee47d8c3b47f810bbce3c965c60d97b855d4ed2,1,0xde895fd4a9d1ca693485fcfc2ee47d8c3b47f810bbce3c965c60d97b855d4ed2,full_scope_other,USD₮0,0xfd086bc7cd5c481dcc9c85ebe478a1c0b69fcbb9,sUSDS,0xddb46999f8891663a8f2828d25298f70416d7610,collateral_assets,sUSDS,0xddb46999f8891663a8f2828d25298f70416d7610,18,p90,2026-05-19T13:00:00Z,56,0,0,0,3182661515150815848949,3182.661515150816,1676660809290150815848949,1676660.809290150816,2026-02-14T13:00:00Z,4793878928259314868007928,4793878.928259314868,3182661515150815848949,3182.661515150816,4793878928259314868007928,4793878.928259314868,applicable,1506.248435605993,applicable,2.859182311471
v1.0,market,0xde895fd4a9d1ca693485fcfc2ee47d8c3b47f810bbce3c965c60d97b855d4ed2,1,0xde895fd4a9d1ca693485fcfc2ee47d8c3b47f810bbce3c965c60d97b855d4ed2,full_scope_other,USD₮0,0xfd086bc7cd5c481dcc9c85ebe478a1c0b69fcbb9,sUSDS,0xddb46999f8891663a8f2828d25298f70416d7610,collateral_assets,sUSDS,0xddb46999f8891663a8f2828d25298f70416d7610,18,p180,2026-08-17T13:00:00Z,56,0,0,0,3182661515150815848949,3182.661515150816,1676660809290150815848949,1676660.809290150816,2026-02-14T13:00:00Z,164041326778027426382300,164041.326778027426,3182661515150815848949,3182.661515150816,164041326778027426382300,164041.326778027426,applicable,51.542184425557,applicable,0.097838111244
v1.0,market,0xde895fd4a9d1ca693485fcfc2ee47d8c3b47f810bbce3c965c60d97b855d4ed2,1,0xde895fd4a9d1ca693485fcfc2ee47d8c3b47f810bbce3c965c60d97b855d4ed2,full_scope_other,USD₮0,0xfd086bc7cd5c481dcc9c85ebe478a1c0b69fcbb9,sUSDS,0xddb46999f8891663a8f2828d25298f70416d7610,active_borrowers,wallets,,,p30,2026-03-20T13:00:00Z,56,0,0,0,5,5,6,6,2026-01-12T13:00:00Z,4,4,5,5,4,4,applicable,0.8,applicable,0.666666666667
v1.0,market,0xde895fd4a9d1ca693485fcfc2ee47d8c3b47f810bbce3c965c60d97b855d4ed2,1,0xde895fd4a9d1ca693485fcfc2ee47d8c3b47f810bbce3c965c60d97b855d4ed2,full_scope_other,USD₮0,0xfd086bc7cd5c481dcc9c85ebe478a1c0b69fcbb9,sUSDS,0xddb46999f8891663a8f2828d25298f70416d7610,active_borrowers,wallets,,,p90,2026-05-19T13:00:00Z,56,0,0,0,5,5,6,6,2026-01-12T13:00:00Z,28,28,5,5,28,28,applicable,5.6,applicable,4.666666666667
v1.0,market,0xde895fd4a9d1ca693485fcfc2ee47d8c3b47f810bbce3c965c60d97b855d4ed2,1,0xde895fd4a9d1ca693485fcfc2ee47d8c3b47f810bbce3c965c60d97b855d4ed2,full_scope_other,USD₮0,0xfd086bc7cd5c481dcc9c85ebe478a1c0b69fcbb9,sUSDS,0xddb46999f8891663a8f2828d25298f70416d7610,active_borrowers,wallets,,,p180,2026-08-17T13:00:00Z,56,0,0,0,5,5,6,6,2026-01-12T13:00:00Z,11,11,5,5,11,11,applicable,2.2,applicable,1.833333333333
v1.0,market,0x571cb3ac535d61d92026c071ef1df4794d0bbbe1755f916ff640746f81b52af4,1,0x571cb3ac535d61d92026c071ef1df4794d0bbbe1755f916ff640746f81b52af4,late_usdt0,USD₮0,0xfd086bc7cd5c481dcc9c85ebe478a1c0b69fcbb9,syrupUSDC,0x41ca7586cc1311807b4605fbb748a3b8862b42b5,borrowed_assets,USD₮0,0xfd086bc7cd5c481dcc9c85ebe478a1c0b69fcbb9,6,p30,2026-03-20T13:00:00Z,56,0,0,0,16357636033723,16357636.033723,24702732537078,24702732.537078,2026-02-05T13:00:00Z,34824563030461,34824563.030461,16357636033723,16357636.033723,34824563030461,34824563.030461,applicable,2.128948398086,applicable,1.4097453785
v1.0,market,0x571cb3ac535d61d92026c071ef1df4794d0bbbe1755f916ff640746f81b52af4,1,0x571cb3ac535d61d92026c071ef1df4794d0bbbe1755f916ff640746f81b52af4,late_usdt0,USD₮0,0xfd086bc7cd5c481dcc9c85ebe478a1c0b69fcbb9,syrupUSDC,0x41ca7586cc1311807b4605fbb748a3b8862b42b5,borrowed_assets,USD₮0,0xfd086bc7cd5c481dcc9c85ebe478a1c0b69fcbb9,6,p90,2026-05-19T13:00:00Z,56,0,0,0,16357636033723,16357636.033723,24702732537078,24702732.537078,2026-02-05T13:00:00Z,2335116505664,2335116.505664,16357636033723,16357636.033723,2335116505664,2335116.505664,applicable,0.142753910214,applicable,0.094528672169
v1.0,market,0x571cb3ac535d61d92026c071ef1df4794d0bbbe1755f916ff640746f81b52af4,1,0x571cb3ac535d61d92026c071ef1df4794d0bbbe1755f916ff640746f81b52af4,late_usdt0,USD₮0,0xfd086bc7cd5c481dcc9c85ebe478a1c0b69fcbb9,syrupUSDC,0x41ca7586cc1311807b4605fbb748a3b8862b42b5,borrowed_assets,USD₮0,0xfd086bc7cd5c481dcc9c85ebe478a1c0b69fcbb9,6,p180,2026-08-17T13:00:00Z,56,0,0,0,16357636033723,16357636.033723,24702732537078,24702732.537078,2026-02-05T13:00:00Z,42740965473,42740.965473,16357636033723,16357636.033723,42740965473,42740.965473,applicable,0.002612906008,applicable,0.001730212049
v1.0,market,0x571cb3ac535d61d92026c071ef1df4794d0bbbe1755f916ff640746f81b52af4,1,0x571cb3ac535d61d92026c071ef1df4794d0bbbe1755f916ff640746f81b52af4,late_usdt0,USD₮0,0xfd086bc7cd5c481dcc9c85ebe478a1c0b69fcbb9,syrupUSDC,0x41ca7586cc1311807b4605fbb748a3b8862b42b5,supplied_assets,USD₮0,0xfd086bc7cd5c481dcc9c85ebe478a1c0b69fcbb9,6,p30,2026-03-20T13:00:00Z,56,0,0,0,17759224543710,17759224.54371,27707648734521,27707648.734521,2026-02-04T13:00:00Z,43691680063566,43691680.063566,17759224543710,17759224.54371,43691680063566,43691680.063566,applicable,2.460224541676,applicable,1.576881549286
v1.0,market,0x571cb3ac535d61d92026c071ef1df4794d0bbbe1755f916ff640746f81b52af4,1,0x571cb3ac535d61d92026c071ef1df4794d0bbbe1755f916ff640746f81b52af4,late_usdt0,USD₮0,0xfd086bc7cd5c481dcc9c85ebe478a1c0b69fcbb9,syrupUSDC,0x41ca7586cc1311807b4605fbb748a3b8862b42b5,supplied_assets,USD₮0,0xfd086bc7cd5c481dcc9c85ebe478a1c0b69fcbb9,6,p90,2026-05-19T13:00:00Z,56,0,0,0,17759224543710,17759224.54371,27707648734521,27707648.734521,2026-02-04T13:00:00Z,2917589829421,2917589.829421,17759224543710,17759224.54371,2917589829421,2917589.829421,applicable,0.164285879839,applicable,0.105299076705
v1.0,market,0x571cb3ac535d61d92026c071ef1df4794d0bbbe1755f916ff640746f81b52af4,1,0x571cb3ac535d61d92026c071ef1df4794d0bbbe1755f916ff640746f81b52af4,late_usdt0,USD₮0,0xfd086bc7cd5c481dcc9c85ebe478a1c0b69fcbb9,syrupUSDC,0x41ca7586cc1311807b4605fbb748a3b8862b42b5,supplied_assets,USD₮0,0xfd086bc7cd5c481dcc9c85ebe478a1c0b69fcbb9,6,p180,2026-08-17T13:00:00Z,56,0,0,0,17759224543710,17759224.54371,27707648734521,27707648.734521,2026-02-04T13:00:00Z,52611953301,52611.953301,17759224543710,17759224.54371,52611953301,52611.953301,applicable,0.00296251411,applicable,0.001898824177
v1.0,market,0x571cb3ac535d61d92026c071ef1df4794d0bbbe1755f916ff640746f81b52af4,1,0x571cb3ac535d61d92026c071ef1df4794d0bbbe1755f916ff640746f81b52af4,late_usdt0,USD₮0,0xfd086bc7cd5c481dcc9c85ebe478a1c0b69fcbb9,syrupUSDC,0x41ca7586cc1311807b4605fbb748a3b8862b42b5,collateral_assets,syrupUSDC,0x41ca7586cc1311807b4605fbb748a3b8862b42b5,6,p30,2026-03-20T13:00:00Z,56,0,0,0,17229814929928,17229814.929928,25498948469909,25498948.469909,2026-02-04T13:00:00Z,35040826842446,35040826.842446,17229814929928,17229814.929928,35040826842446,35040826.842446,applicable,2.033732050225,applicable,1.374206739693
v1.0,market,0x571cb3ac535d61d92026c071ef1df4794d0bbbe1755f916ff640746f81b52af4,1,0x571cb3ac535d61d92026c071ef1df4794d0bbbe1755f916ff640746f81b52af4,late_usdt0,USD₮0,0xfd086bc7cd5c481dcc9c85ebe478a1c0b69fcbb9,syrupUSDC,0x41ca7586cc1311807b4605fbb748a3b8862b42b5,collateral_assets,syrupUSDC,0x41ca7586cc1311807b4605fbb748a3b8862b42b5,6,p90,2026-05-19T13:00:00Z,56,0,0,0,17229814929928,17229814.929928,25498948469909,25498948.469909,2026-02-04T13:00:00Z,2341079534035,2341079.534035,17229814929928,17229814.929928,2341079534035,2341079.534035,applicable,0.135873748125,applicable,0.091810826505
v1.0,market,0x571cb3ac535d61d92026c071ef1df4794d0bbbe1755f916ff640746f81b52af4,1,0x571cb3ac535d61d92026c071ef1df4794d0bbbe1755f916ff640746f81b52af4,late_usdt0,USD₮0,0xfd086bc7cd5c481dcc9c85ebe478a1c0b69fcbb9,syrupUSDC,0x41ca7586cc1311807b4605fbb748a3b8862b42b5,collateral_assets,syrupUSDC,0x41ca7586cc1311807b4605fbb748a3b8862b42b5,6,p180,2026-08-17T13:00:00Z,56,0,0,0,17229814929928,17229814.929928,25498948469909,25498948.469909,2026-02-04T13:00:00Z,42506854113,42506.854113,17229814929928,17229814.929928,42506854113,42506.854113,applicable,0.002467052275,applicable,0.001667004197
v1.0,market,0x571cb3ac535d61d92026c071ef1df4794d0bbbe1755f916ff640746f81b52af4,1,0x571cb3ac535d61d92026c071ef1df4794d0bbbe1755f916ff640746f81b52af4,late_usdt0,USD₮0,0xfd086bc7cd5c481dcc9c85ebe478a1c0b69fcbb9,syrupUSDC,0x41ca7586cc1311807b4605fbb748a3b8862b42b5,active_borrowers,wallets,,,p30,2026-03-20T13:00:00Z,56,0,0,0,18,18,25,25,2026-01-15T13:00:00Z,17,17,18,18,17,17,applicable,0.944444444444,applicable,0.68
v1.0,market,0x571cb3ac535d61d92026c071ef1df4794d0bbbe1755f916ff640746f81b52af4,1,0x571cb3ac535d61d92026c071ef1df4794d0bbbe1755f916ff640746f81b52af4,late_usdt0,USD₮0,0xfd086bc7cd5c481dcc9c85ebe478a1c0b69fcbb9,syrupUSDC,0x41ca7586cc1311807b4605fbb748a3b8862b42b5,active_borrowers,wallets,,,p90,2026-05-19T13:00:00Z,56,0,0,0,18,18,25,25,2026-01-15T13:00:00Z,13,13,18,18,13,13,applicable,0.722222222222,applicable,0.52
v1.0,market,0x571cb3ac535d61d92026c071ef1df4794d0bbbe1755f916ff640746f81b52af4,1,0x571cb3ac535d61d92026c071ef1df4794d0bbbe1755f916ff640746f81b52af4,late_usdt0,USD₮0,0xfd086bc7cd5c481dcc9c85ebe478a1c0b69fcbb9,syrupUSDC,0x41ca7586cc1311807b4605fbb748a3b8862b42b5,active_borrowers,wallets,,,p180,2026-08-17T13:00:00Z,56,0,0,0,18,18,25,25,2026-01-15T13:00:00Z,8,8,18,18,8,8,applicable,0.444444444444,applicable,0.32
v1.0,market,0xed06d9e82d7c35ca80d3983194e15462a96202bd875800af18183321f4611868,1,0xed06d9e82d7c35ca80d3983194e15462a96202bd875800af18183321f4611868,full_scope_other,USD₮0,0xfd086bc7cd5c481dcc9c85ebe478a1c0b69fcbb9,WBTC,0x2f2a2543b76a4166549f7aab2e75bef0aefc5b0f,borrowed_assets,USD₮0,0xfd086bc7cd5c481dcc9c85ebe478a1c0b69fcbb9,6,p30,2026-03-20T13:00:00Z,56,312355354,5577774.178571428571,5.577774178571,1242174630325,1242174.630325,4022269534844,4022269.534844,2026-01-15T13:00:00Z,1286194836791,1286194.836791,1242169052550.821428571429,1242169.052550821429,1286189259016.821428571429,1286189.259016821429,applicable,1.035438176773,applicable,0.319767492324
v1.0,market,0xed06d9e82d7c35ca80d3983194e15462a96202bd875800af18183321f4611868,1,0xed06d9e82d7c35ca80d3983194e15462a96202bd875800af18183321f4611868,full_scope_other,USD₮0,0xfd086bc7cd5c481dcc9c85ebe478a1c0b69fcbb9,WBTC,0x2f2a2543b76a4166549f7aab2e75bef0aefc5b0f,borrowed_assets,USD₮0,0xfd086bc7cd5c481dcc9c85ebe478a1c0b69fcbb9,6,p90,2026-05-19T13:00:00Z,56,312355354,5577774.178571428571,5.577774178571,1242174630325,1242174.630325,4022269534844,4022269.534844,2026-01-15T13:00:00Z,1944294804776,1944294.804776,1242169052550.821428571429,1242169.052550821429,1944289227001.821428571429,1944289.227001821429,applicable,1.565237213895,applicable,0.483381808791
v1.0,market,0xed06d9e82d7c35ca80d3983194e15462a96202bd875800af18183321f4611868,1,0xed06d9e82d7c35ca80d3983194e15462a96202bd875800af18183321f4611868,full_scope_other,USD₮0,0xfd086bc7cd5c481dcc9c85ebe478a1c0b69fcbb9,WBTC,0x2f2a2543b76a4166549f7aab2e75bef0aefc5b0f,borrowed_assets,USD₮0,0xfd086bc7cd5c481dcc9c85ebe478a1c0b69fcbb9,6,p180,2026-08-17T13:00:00Z,56,312355354,5577774.178571428571,5.577774178571,1242174630325,1242174.630325,4022269534844,4022269.534844,2026-01-15T13:00:00Z,666777980999,666777.980999,1242169052550.821428571429,1242169.052550821429,666772403224.821428571429,666772.403224821429,applicable,0.536780723892,applicable,0.165770424403
v1.0,market,0xed06d9e82d7c35ca80d3983194e15462a96202bd875800af18183321f4611868,1,0xed06d9e82d7c35ca80d3983194e15462a96202bd875800af18183321f4611868,full_scope_other,USD₮0,0xfd086bc7cd5c481dcc9c85ebe478a1c0b69fcbb9,WBTC,0x2f2a2543b76a4166549f7aab2e75bef0aefc5b0f,supplied_assets,USD₮0,0xfd086bc7cd5c481dcc9c85ebe478a1c0b69fcbb9,6,p30,2026-03-20T13:00:00Z,56,504894625,9015975.446428571429,9.015975446429,1345159911993,1345159.911993,20000019500306,20000019.500306,2025-12-30T13:00:00Z,1484567397967,1484567.397967,1345150896017.553571428571,1345150.896017553571,1484558381991.553571428571,1484558.381991553571,applicable,1.103637061379,applicable,0.074227880188
v1.0,market,0xed06d9e82d7c35ca80d3983194e15462a96202bd875800af18183321f4611868,1,0xed06d9e82d7c35ca80d3983194e15462a96202bd875800af18183321f4611868,full_scope_other,USD₮0,0xfd086bc7cd5c481dcc9c85ebe478a1c0b69fcbb9,WBTC,0x2f2a2543b76a4166549f7aab2e75bef0aefc5b0f,supplied_assets,USD₮0,0xfd086bc7cd5c481dcc9c85ebe478a1c0b69fcbb9,6,p90,2026-05-19T13:00:00Z,56,504894625,9015975.446428571429,9.015975446429,1345159911993,1345159.911993,20000019500306,20000019.500306,2025-12-30T13:00:00Z,2187510759532,2187510.759532,1345150896017.553571428571,1345150.896017553571,2187501743556.553571428571,2187501.743556553571,applicable,1.626212902978,applicable,0.109375029842
v1.0,market,0xed06d9e82d7c35ca80d3983194e15462a96202bd875800af18183321f4611868,1,0xed06d9e82d7c35ca80d3983194e15462a96202bd875800af18183321f4611868,full_scope_other,USD₮0,0xfd086bc7cd5c481dcc9c85ebe478a1c0b69fcbb9,WBTC,0x2f2a2543b76a4166549f7aab2e75bef0aefc5b0f,supplied_assets,USD₮0,0xfd086bc7cd5c481dcc9c85ebe478a1c0b69fcbb9,6,p180,2026-08-17T13:00:00Z,56,504894625,9015975.446428571429,9.015975446429,1345159911993,1345159.911993,20000019500306,20000019.500306,2025-12-30T13:00:00Z,763936173116,763936.173116,1345150896017.553571428571,1345150.896017553571,763927157140.553571428571,763927.157140553571,applicable,0.567911867287,applicable,0.038196337834
v1.0,market,0xed06d9e82d7c35ca80d3983194e15462a96202bd875800af18183321f4611868,1,0xed06d9e82d7c35ca80d3983194e15462a96202bd875800af18183321f4611868,full_scope_other,USD₮0,0xfd086bc7cd5c481dcc9c85ebe478a1c0b69fcbb9,WBTC,0x2f2a2543b76a4166549f7aab2e75bef0aefc5b0f,collateral_assets,WBTC,0x2f2a2543b76a4166549f7aab2e75bef0aefc5b0f,8,p30,2026-03-20T13:00:00Z,56,1736725,31012.946428571429,0.000310129464,2809369190,28.0936919,6600653907,66.00653907,2026-01-14T13:00:00Z,2751852868,27.51852868,2809338177.053571428571,28.093381770536,2751821855.053571428571,27.518218550536,applicable,0.979526736058,applicable,0.416903358853
v1.0,market,0xed06d9e82d7c35ca80d3983194e15462a96202bd875800af18183321f4611868,1,0xed06d9e82d7c35ca80d3983194e15462a96202bd875800af18183321f4611868,full_scope_other,USD₮0,0xfd086bc7cd5c481dcc9c85ebe478a1c0b69fcbb9,WBTC,0x2f2a2543b76a4166549f7aab2e75bef0aefc5b0f,collateral_assets,WBTC,0x2f2a2543b76a4166549f7aab2e75bef0aefc5b0f,8,p90,2026-05-19T13:00:00Z,56,1736725,31012.946428571429,0.000310129464,2809369190,28.0936919,6600653907,66.00653907,2026-01-14T13:00:00Z,4288303208,42.88303208,2809338177.053571428571,28.093381770536,4288272195.053571428571,42.882721950536,applicable,1.526435026612,applicable,0.649676896239
v1.0,market,0xed06d9e82d7c35ca80d3983194e15462a96202bd875800af18183321f4611868,1,0xed06d9e82d7c35ca80d3983194e15462a96202bd875800af18183321f4611868,full_scope_other,USD₮0,0xfd086bc7cd5c481dcc9c85ebe478a1c0b69fcbb9,WBTC,0x2f2a2543b76a4166549f7aab2e75bef0aefc5b0f,collateral_assets,WBTC,0x2f2a2543b76a4166549f7aab2e75bef0aefc5b0f,8,p180,2026-08-17T13:00:00Z,56,1736725,31012.946428571429,0.000310129464,2809369190,28.0936919,6600653907,66.00653907,2026-01-14T13:00:00Z,1967635444,19.67635444,2809338177.053571428571,28.093381770536,1967604431.053571428571,19.676044310536,applicable,0.700380056458,applicable,0.298093750035
v1.0,market,0xed06d9e82d7c35ca80d3983194e15462a96202bd875800af18183321f4611868,1,0xed06d9e82d7c35ca80d3983194e15462a96202bd875800af18183321f4611868,full_scope_other,USD₮0,0xfd086bc7cd5c481dcc9c85ebe478a1c0b69fcbb9,WBTC,0x2f2a2543b76a4166549f7aab2e75bef0aefc5b0f,active_borrowers,wallets,,,p30,2026-03-20T13:00:00Z,56,53,0.946428571429,0.946428571429,37,37,39,39,2026-02-12T13:00:00Z,34,34,36.053571428571,36.053571428571,33.053571428571,33.053571428571,applicable,0.916790490342,applicable,0.868606288128
v1.0,market,0xed06d9e82d7c35ca80d3983194e15462a96202bd875800af18183321f4611868,1,0xed06d9e82d7c35ca80d3983194e15462a96202bd875800af18183321f4611868,full_scope_other,USD₮0,0xfd086bc7cd5c481dcc9c85ebe478a1c0b69fcbb9,WBTC,0x2f2a2543b76a4166549f7aab2e75bef0aefc5b0f,active_borrowers,wallets,,,p90,2026-05-19T13:00:00Z,56,53,0.946428571429,0.946428571429,37,37,39,39,2026-02-12T13:00:00Z,82,82,36.053571428571,36.053571428571,81.053571428571,81.053571428571,applicable,2.248142644874,applicable,2.129985922102
v1.0,market,0xed06d9e82d7c35ca80d3983194e15462a96202bd875800af18183321f4611868,1,0xed06d9e82d7c35ca80d3983194e15462a96202bd875800af18183321f4611868,full_scope_other,USD₮0,0xfd086bc7cd5c481dcc9c85ebe478a1c0b69fcbb9,WBTC,0x2f2a2543b76a4166549f7aab2e75bef0aefc5b0f,active_borrowers,wallets,,,p180,2026-08-17T13:00:00Z,56,53,0.946428571429,0.946428571429,37,37,39,39,2026-02-12T13:00:00Z,93,93,36.053571428571,36.053571428571,92.053571428571,92.053571428571,applicable,2.553244180287,applicable,2.419052088221
v1.0,market,0xe0432ceb599fbe41defbd62fe8e914824af9d891a0a92c39de7063176c8e480b,1,0xe0432ceb599fbe41defbd62fe8e914824af9d891a0a92c39de7063176c8e480b,full_scope_other,USD₮0,0xfd086bc7cd5c481dcc9c85ebe478a1c0b69fcbb9,weETH,0x35751007a407ca6feffe80b3cb397736d2cf4dbe,borrowed_assets,USD₮0,0xfd086bc7cd5c481dcc9c85ebe478a1c0b69fcbb9,6,p30,2026-03-20T13:00:00Z,56,0,0,0,892688,0.892688,100015506237,100015.506237,2026-01-31T13:00:00Z,895701,0.895701,892688,0.892688,895701,0.895701,applicable,1.003375199398,applicable,0.000008955621
v1.0,market,0xe0432ceb599fbe41defbd62fe8e914824af9d891a0a92c39de7063176c8e480b,1,0xe0432ceb599fbe41defbd62fe8e914824af9d891a0a92c39de7063176c8e480b,full_scope_other,USD₮0,0xfd086bc7cd5c481dcc9c85ebe478a1c0b69fcbb9,weETH,0x35751007a407ca6feffe80b3cb397736d2cf4dbe,borrowed_assets,USD₮0,0xfd086bc7cd5c481dcc9c85ebe478a1c0b69fcbb9,6,p90,2026-05-19T13:00:00Z,56,0,0,0,892688,0.892688,100015506237,100015.506237,2026-01-31T13:00:00Z,1717638275856,1717638.275856,892688,0.892688,1717638275856,1717638.275856,applicable,1924119.374132955747,applicable,17.173719760872
v1.0,market,0xe0432ceb599fbe41defbd62fe8e914824af9d891a0a92c39de7063176c8e480b,1,0xe0432ceb599fbe41defbd62fe8e914824af9d891a0a92c39de7063176c8e480b,full_scope_other,USD₮0,0xfd086bc7cd5c481dcc9c85ebe478a1c0b69fcbb9,weETH,0x35751007a407ca6feffe80b3cb397736d2cf4dbe,borrowed_assets,USD₮0,0xfd086bc7cd5c481dcc9c85ebe478a1c0b69fcbb9,6,p180,2026-08-17T13:00:00Z,56,0,0,0,892688,0.892688,100015506237,100015.506237,2026-01-31T13:00:00Z,1567656765311,1567656.765311,892688,0.892688,1567656765311,1567656.765311,applicable,1756108.254296013837,applicable,15.674137184251
v1.0,market,0xe0432ceb599fbe41defbd62fe8e914824af9d891a0a92c39de7063176c8e480b,1,0xe0432ceb599fbe41defbd62fe8e914824af9d891a0a92c39de7063176c8e480b,full_scope_other,USD₮0,0xfd086bc7cd5c481dcc9c85ebe478a1c0b69fcbb9,weETH,0x35751007a407ca6feffe80b3cb397736d2cf4dbe,supplied_assets,USD₮0,0xfd086bc7cd5c481dcc9c85ebe478a1c0b69fcbb9,6,p30,2026-03-20T13:00:00Z,56,0,0,0,1003544,1.003544,109661036879,109661.036879,2026-01-30T13:00:00Z,1006549,1.006549,1003544,1.003544,1006549,1.006549,applicable,1.002994387889,applicable,0.00000917873
v1.0,market,0xe0432ceb599fbe41defbd62fe8e914824af9d891a0a92c39de7063176c8e480b,1,0xe0432ceb599fbe41defbd62fe8e914824af9d891a0a92c39de7063176c8e480b,full_scope_other,USD₮0,0xfd086bc7cd5c481dcc9c85ebe478a1c0b69fcbb9,weETH,0x35751007a407ca6feffe80b3cb397736d2cf4dbe,supplied_assets,USD₮0,0xfd086bc7cd5c481dcc9c85ebe478a1c0b69fcbb9,6,p90,2026-05-19T13:00:00Z,56,0,0,0,1003544,1.003544,109661036879,109661.036879,2026-01-30T13:00:00Z,1973495617185,1973495.617185,1003544,1.003544,1973495617185,1973495.617185,applicable,1966526.248161515589,applicable,17.996324614025
v1.0,market,0xe0432ceb599fbe41defbd62fe8e914824af9d891a0a92c39de7063176c8e480b,1,0xe0432ceb599fbe41defbd62fe8e914824af9d891a0a92c39de7063176c8e480b,full_scope_other,USD₮0,0xfd086bc7cd5c481dcc9c85ebe478a1c0b69fcbb9,weETH,0x35751007a407ca6feffe80b3cb397736d2cf4dbe,supplied_assets,USD₮0,0xfd086bc7cd5c481dcc9c85ebe478a1c0b69fcbb9,6,p180,2026-08-17T13:00:00Z,56,0,0,0,1003544,1.003544,109661036879,109661.036879,2026-01-30T13:00:00Z,1837129266694,1837129.266694,1003544,1.003544,1837129266694,1837129.266694,applicable,1830641.473312580216,applicable,16.752798614526
v1.0,market,0xe0432ceb599fbe41defbd62fe8e914824af9d891a0a92c39de7063176c8e480b,1,0xe0432ceb599fbe41defbd62fe8e914824af9d891a0a92c39de7063176c8e480b,full_scope_other,USD₮0,0xfd086bc7cd5c481dcc9c85ebe478a1c0b69fcbb9,weETH,0x35751007a407ca6feffe80b3cb397736d2cf4dbe,collateral_assets,weETH,0x35751007a407ca6feffe80b3cb397736d2cf4dbe,18,p30,2026-03-20T13:00:00Z,56,0,0,0,1241882141331918,0.001241882141,45966609763363263486,45.966609763363,2026-01-30T13:00:00Z,1241882141331918,0.001241882141,1241882141331918,0.001241882141,1241882141331918,0.001241882141,applicable,1,applicable,0.000027017049
v1.0,market,0xe0432ceb599fbe41defbd62fe8e914824af9d891a0a92c39de7063176c8e480b,1,0xe0432ceb599fbe41defbd62fe8e914824af9d891a0a92c39de7063176c8e480b,full_scope_other,USD₮0,0xfd086bc7cd5c481dcc9c85ebe478a1c0b69fcbb9,weETH,0x35751007a407ca6feffe80b3cb397736d2cf4dbe,collateral_assets,weETH,0x35751007a407ca6feffe80b3cb397736d2cf4dbe,18,p90,2026-05-19T13:00:00Z,56,0,0,0,1241882141331918,0.001241882141,45966609763363263486,45.966609763363,2026-01-30T13:00:00Z,1164653554523355719542,1164.653554523356,1241882141331918,0.001241882141,1164653554523355719542,1164.653554523356,applicable,937813.272098643227,applicable,25.336946982147
v1.0,market,0xe0432ceb599fbe41defbd62fe8e914824af9d891a0a92c39de7063176c8e480b,1,0xe0432ceb599fbe41defbd62fe8e914824af9d891a0a92c39de7063176c8e480b,full_scope_other,USD₮0,0xfd086bc7cd5c481dcc9c85ebe478a1c0b69fcbb9,weETH,0x35751007a407ca6feffe80b3cb397736d2cf4dbe,collateral_assets,weETH,0x35751007a407ca6feffe80b3cb397736d2cf4dbe,18,p180,2026-08-17T13:00:00Z,56,0,0,0,1241882141331918,0.001241882141,45966609763363263486,45.966609763363,2026-01-30T13:00:00Z,1208782452004493974686,1208.782452004494,1241882141331918,0.001241882141,1208782452004493974686,1208.782452004494,applicable,973347.157330143564,applicable,26.296967695188
v1.0,market,0xe0432ceb599fbe41defbd62fe8e914824af9d891a0a92c39de7063176c8e480b,1,0xe0432ceb599fbe41defbd62fe8e914824af9d891a0a92c39de7063176c8e480b,full_scope_other,USD₮0,0xfd086bc7cd5c481dcc9c85ebe478a1c0b69fcbb9,weETH,0x35751007a407ca6feffe80b3cb397736d2cf4dbe,active_borrowers,wallets,,,p30,2026-03-20T13:00:00Z,56,0,0,0,0,0,3,3,2026-01-15T13:00:00Z,0,0,0,0,0,0,not_applicable_no_positive_end_uplift,,applicable,0
v1.0,market,0xe0432ceb599fbe41defbd62fe8e914824af9d891a0a92c39de7063176c8e480b,1,0xe0432ceb599fbe41defbd62fe8e914824af9d891a0a92c39de7063176c8e480b,full_scope_other,USD₮0,0xfd086bc7cd5c481dcc9c85ebe478a1c0b69fcbb9,weETH,0x35751007a407ca6feffe80b3cb397736d2cf4dbe,active_borrowers,wallets,,,p90,2026-05-19T13:00:00Z,56,0,0,0,0,0,3,3,2026-01-15T13:00:00Z,5,5,0,0,5,5,not_applicable_no_positive_end_uplift,,applicable,1.666666666667
v1.0,market,0xe0432ceb599fbe41defbd62fe8e914824af9d891a0a92c39de7063176c8e480b,1,0xe0432ceb599fbe41defbd62fe8e914824af9d891a0a92c39de7063176c8e480b,full_scope_other,USD₮0,0xfd086bc7cd5c481dcc9c85ebe478a1c0b69fcbb9,weETH,0x35751007a407ca6feffe80b3cb397736d2cf4dbe,active_borrowers,wallets,,,p180,2026-08-17T13:00:00Z,56,0,0,0,0,0,3,3,2026-01-15T13:00:00Z,9,9,0,0,9,9,not_applicable_no_positive_end_uplift,,applicable,3
v1.0,market,0xac6a118134cc4208a22534b041a83f4ac5ca42e2ab9ea732ee53c44b7deebc62,1,0xac6a118134cc4208a22534b041a83f4ac5ca42e2ab9ea732ee53c44b7deebc62,full_scope_other,USD₮0,0xfd086bc7cd5c481dcc9c85ebe478a1c0b69fcbb9,WETH,0x82af49447d8a07e3bd95bd0d56f35241523fbab1,borrowed_assets,USD₮0,0xfd086bc7cd5c481dcc9c85ebe478a1c0b69fcbb9,6,p30,2026-03-20T13:00:00Z,56,601526896,10741551.714285714286,10.741551714286,99127100406,99127.100406,454345590234,454345.590234,2025-12-26T13:00:00Z,76677091540,76677.09154,99116358854.285714285714,99116.358854285714,76666349988.285714285714,76666.349988285714,applicable,0.773498450453,applicable,0.168744154693
v1.0,market,0xac6a118134cc4208a22534b041a83f4ac5ca42e2ab9ea732ee53c44b7deebc62,1,0xac6a118134cc4208a22534b041a83f4ac5ca42e2ab9ea732ee53c44b7deebc62,full_scope_other,USD₮0,0xfd086bc7cd5c481dcc9c85ebe478a1c0b69fcbb9,WETH,0x82af49447d8a07e3bd95bd0d56f35241523fbab1,borrowed_assets,USD₮0,0xfd086bc7cd5c481dcc9c85ebe478a1c0b69fcbb9,6,p90,2026-05-19T13:00:00Z,56,601526896,10741551.714285714286,10.741551714286,99127100406,99127.100406,454345590234,454345.590234,2025-12-26T13:00:00Z,939621871285,939621.871285,99116358854.285714285714,99116.358854285714,939611129733.285714285714,939611.129733285714,applicable,9.479879412385,applicable,2.068102705435
v1.0,market,0xac6a118134cc4208a22534b041a83f4ac5ca42e2ab9ea732ee53c44b7deebc62,1,0xac6a118134cc4208a22534b041a83f4ac5ca42e2ab9ea732ee53c44b7deebc62,full_scope_other,USD₮0,0xfd086bc7cd5c481dcc9c85ebe478a1c0b69fcbb9,WETH,0x82af49447d8a07e3bd95bd0d56f35241523fbab1,borrowed_assets,USD₮0,0xfd086bc7cd5c481dcc9c85ebe478a1c0b69fcbb9,6,p180,2026-08-17T13:00:00Z,56,601526896,10741551.714285714286,10.741551714286,99127100406,99127.100406,454345590234,454345.590234,2025-12-26T13:00:00Z,572360179528,572360.179528,99116358854.285714285714,99116.358854285714,572349437976.285714285714,572349.437976285714,applicable,5.774520418145,applicable,1.259752448302
v1.0,market,0xac6a118134cc4208a22534b041a83f4ac5ca42e2ab9ea732ee53c44b7deebc62,1,0xac6a118134cc4208a22534b041a83f4ac5ca42e2ab9ea732ee53c44b7deebc62,full_scope_other,USD₮0,0xfd086bc7cd5c481dcc9c85ebe478a1c0b69fcbb9,WETH,0x82af49447d8a07e3bd95bd0d56f35241523fbab1,supplied_assets,USD₮0,0xfd086bc7cd5c481dcc9c85ebe478a1c0b69fcbb9,6,p30,2026-03-20T13:00:00Z,56,1906679864,34047854.714285714286,34.047854714286,111465321528,111465.321528,5448726708208,5448726.708208,2026-01-04T13:00:00Z,85090650140,85090.65014,111431273673.285714285714,111431.273673285714,85056602285.285714285714,85056.602285285714,applicable,0.763309971083,applicable,0.015610460635
v1.0,market,0xac6a118134cc4208a22534b041a83f4ac5ca42e2ab9ea732ee53c44b7deebc62,1,0xac6a118134cc4208a22534b041a83f4ac5ca42e2ab9ea732ee53c44b7deebc62,full_scope_other,USD₮0,0xfd086bc7cd5c481dcc9c85ebe478a1c0b69fcbb9,WETH,0x82af49447d8a07e3bd95bd0d56f35241523fbab1,supplied_assets,USD₮0,0xfd086bc7cd5c481dcc9c85ebe478a1c0b69fcbb9,6,p90,2026-05-19T13:00:00Z,56,1906679864,34047854.714285714286,34.047854714286,111465321528,111465.321528,5448726708208,5448726.708208,2026-01-04T13:00:00Z,1068213570875,1068213.570875,111431273673.285714285714,111431.273673285714,1068179523020.285714285714,1068179.523020285714,applicable,9.585994019526,applicable,0.196043269387
v1.0,market,0xac6a118134cc4208a22534b041a83f4ac5ca42e2ab9ea732ee53c44b7deebc62,1,0xac6a118134cc4208a22534b041a83f4ac5ca42e2ab9ea732ee53c44b7deebc62,full_scope_other,USD₮0,0xfd086bc7cd5c481dcc9c85ebe478a1c0b69fcbb9,WETH,0x82af49447d8a07e3bd95bd0d56f35241523fbab1,supplied_assets,USD₮0,0xfd086bc7cd5c481dcc9c85ebe478a1c0b69fcbb9,6,p180,2026-08-17T13:00:00Z,56,1906679864,34047854.714285714286,34.047854714286,111465321528,111465.321528,5448726708208,5448726.708208,2026-01-04T13:00:00Z,674349570184,674349.570184,111431273673.285714285714,111431.273673285714,674315522329.285714285714,674315.522329285714,applicable,6.051402807316,applicable,0.123757305534
v1.0,market,0xac6a118134cc4208a22534b041a83f4ac5ca42e2ab9ea732ee53c44b7deebc62,1,0xac6a118134cc4208a22534b041a83f4ac5ca42e2ab9ea732ee53c44b7deebc62,full_scope_other,USD₮0,0xfd086bc7cd5c481dcc9c85ebe478a1c0b69fcbb9,WETH,0x82af49447d8a07e3bd95bd0d56f35241523fbab1,collateral_assets,WETH,0x82af49447d8a07e3bd95bd0d56f35241523fbab1,18,p30,2026-03-20T13:00:00Z,56,354336570231634780,6327438754136335.357142857143,0.006327438754,84038588280279821428,84.03858828028,230930830699236681093,230.930830699237,2025-12-26T13:00:00Z,87230767705607250044,87.230767705607,84032260841525685092.642857142857,84.032260841526,87224440266853113708.642857142857,87.224440266853,applicable,1.037987546608,applicable,0.377718427604
v1.0,market,0xac6a118134cc4208a22534b041a83f4ac5ca42e2ab9ea732ee53c44b7deebc62,1,0xac6a118134cc4208a22534b041a83f4ac5ca42e2ab9ea732ee53c44b7deebc62,full_scope_other,USD₮0,0xfd086bc7cd5c481dcc9c85ebe478a1c0b69fcbb9,WETH,0x82af49447d8a07e3bd95bd0d56f35241523fbab1,collateral_assets,WETH,0x82af49447d8a07e3bd95bd0d56f35241523fbab1,18,p90,2026-05-19T13:00:00Z,56,354336570231634780,6327438754136335.357142857143,0.006327438754,84038588280279821428,84.03858828028,230930830699236681093,230.930830699237,2025-12-26T13:00:00Z,643105228628269945444,643.10522862827,84032260841525685092.642857142857,84.032260841526,643098901189515809108.642857142857,643.098901189516,applicable,7.653000106737,applicable,2.784888100264
v1.0,market,0xac6a118134cc4208a22534b041a83f4ac5ca42e2ab9ea732ee53c44b7deebc62,1,0xac6a118134cc4208a22534b041a83f4ac5ca42e2ab9ea732ee53c44b7deebc62,full_scope_other,USD₮0,0xfd086bc7cd5c481dcc9c85ebe478a1c0b69fcbb9,WETH,0x82af49447d8a07e3bd95bd0d56f35241523fbab1,collateral_assets,WETH,0x82af49447d8a07e3bd95bd0d56f35241523fbab1,18,p180,2026-08-17T13:00:00Z,56,354336570231634780,6327438754136335.357142857143,0.006327438754,84038588280279821428,84.03858828028,230930830699236681093,230.930830699237,2025-12-26T13:00:00Z,519948431455033911107,519.948431455034,84032260841525685092.642857142857,84.032260841526,519942104016279774771.642857142857,519.94210401628,applicable,6.187410630268,applicable,2.251567489266
v1.0,market,0xac6a118134cc4208a22534b041a83f4ac5ca42e2ab9ea732ee53c44b7deebc62,1,0xac6a118134cc4208a22534b041a83f4ac5ca42e2ab9ea732ee53c44b7deebc62,full_scope_other,USD₮0,0xfd086bc7cd5c481dcc9c85ebe478a1c0b69fcbb9,WETH,0x82af49447d8a07e3bd95bd0d56f35241523fbab1,active_borrowers,wallets,,,p30,2026-03-20T13:00:00Z,56,66,1.178571428571,1.178571428571,10,10,17,17,2026-01-13T13:00:00Z,12,12,8.821428571429,8.821428571429,10.821428571429,10.821428571429,applicable,1.226720647773,applicable,0.683972911964
v1.0,market,0xac6a118134cc4208a22534b041a83f4ac5ca42e2ab9ea732ee53c44b7deebc62,1,0xac6a118134cc4208a22534b041a83f4ac5ca42e2ab9ea732ee53c44b7deebc62,full_scope_other,USD₮0,0xfd086bc7cd5c481dcc9c85ebe478a1c0b69fcbb9,WETH,0x82af49447d8a07e3bd95bd0d56f35241523fbab1,active_borrowers,wallets,,,p90,2026-05-19T13:00:00Z,56,66,1.178571428571,1.178571428571,10,10,17,17,2026-01-13T13:00:00Z,35,35,8.821428571429,8.821428571429,33.821428571429,33.821428571429,applicable,3.834008097166,applicable,2.13769751693
v1.0,market,0xac6a118134cc4208a22534b041a83f4ac5ca42e2ab9ea732ee53c44b7deebc62,1,0xac6a118134cc4208a22534b041a83f4ac5ca42e2ab9ea732ee53c44b7deebc62,full_scope_other,USD₮0,0xfd086bc7cd5c481dcc9c85ebe478a1c0b69fcbb9,WETH,0x82af49447d8a07e3bd95bd0d56f35241523fbab1,active_borrowers,wallets,,,p180,2026-08-17T13:00:00Z,56,66,1.178571428571,1.178571428571,10,10,17,17,2026-01-13T13:00:00Z,32,32,8.821428571429,8.821428571429,30.821428571429,30.821428571429,applicable,3.493927125506,applicable,1.948081264108
v1.0,market,0xef62d07c7e29c3864feb6de8945edd82688a2ea558de5a44dc795ad1eb1d9853,1,0xef62d07c7e29c3864feb6de8945edd82688a2ea558de5a44dc795ad1eb1d9853,full_scope_other,USD₮0,0xfd086bc7cd5c481dcc9c85ebe478a1c0b69fcbb9,wsrUSD,0x4809010926aec940b550d34a46a52739f996d75d,borrowed_assets,USD₮0,0xfd086bc7cd5c481dcc9c85ebe478a1c0b69fcbb9,6,p30,2026-03-20T13:00:00Z,56,0,0,0,1007552,1.007552,956386824247,956386.824247,2026-02-04T13:00:00Z,1010480,1.01048,1007552,1.007552,1010480,1.01048,applicable,1.002906053484,applicable,0.00000105656
v1.0,market,0xef62d07c7e29c3864feb6de8945edd82688a2ea558de5a44dc795ad1eb1d9853,1,0xef62d07c7e29c3864feb6de8945edd82688a2ea558de5a44dc795ad1eb1d9853,full_scope_other,USD₮0,0xfd086bc7cd5c481dcc9c85ebe478a1c0b69fcbb9,wsrUSD,0x4809010926aec940b550d34a46a52739f996d75d,borrowed_assets,USD₮0,0xfd086bc7cd5c481dcc9c85ebe478a1c0b69fcbb9,6,p90,2026-05-19T13:00:00Z,56,0,0,0,1007552,1.007552,956386824247,956386.824247,2026-02-04T13:00:00Z,1486538788057,1486538.788057,1007552,1.007552,1486538788057,1486538.788057,applicable,1475396.592986763959,applicable,1.554327966853
v1.0,market,0xef62d07c7e29c3864feb6de8945edd82688a2ea558de5a44dc795ad1eb1d9853,1,0xef62d07c7e29c3864feb6de8945edd82688a2ea558de5a44dc795ad1eb1d9853,full_scope_other,USD₮0,0xfd086bc7cd5c481dcc9c85ebe478a1c0b69fcbb9,wsrUSD,0x4809010926aec940b550d34a46a52739f996d75d,borrowed_assets,USD₮0,0xfd086bc7cd5c481dcc9c85ebe478a1c0b69fcbb9,6,p180,2026-08-17T13:00:00Z,56,0,0,0,1007552,1.007552,956386824247,956386.824247,2026-02-04T13:00:00Z,483124751449,483124.751449,1007552,1.007552,483124751449,483124.751449,applicable,479503.540709561392,applicable,0.505156218384
v1.0,market,0xef62d07c7e29c3864feb6de8945edd82688a2ea558de5a44dc795ad1eb1d9853,1,0xef62d07c7e29c3864feb6de8945edd82688a2ea558de5a44dc795ad1eb1d9853,full_scope_other,USD₮0,0xfd086bc7cd5c481dcc9c85ebe478a1c0b69fcbb9,wsrUSD,0x4809010926aec940b550d34a46a52739f996d75d,supplied_assets,USD₮0,0xfd086bc7cd5c481dcc9c85ebe478a1c0b69fcbb9,6,p30,2026-03-20T13:00:00Z,56,0,0,0,1097228,1.097228,1218136779793,1218136.779793,2026-01-25T13:00:00Z,1217523,1.217523,1097228,1.097228,1217523,1.217523,applicable,1.109635372047,applicable,0.000000999496
v1.0,market,0xef62d07c7e29c3864feb6de8945edd82688a2ea558de5a44dc795ad1eb1d9853,1,0xef62d07c7e29c3864feb6de8945edd82688a2ea558de5a44dc795ad1eb1d9853,full_scope_other,USD₮0,0xfd086bc7cd5c481dcc9c85ebe478a1c0b69fcbb9,wsrUSD,0x4809010926aec940b550d34a46a52739f996d75d,supplied_assets,USD₮0,0xfd086bc7cd5c481dcc9c85ebe478a1c0b69fcbb9,6,p90,2026-05-19T13:00:00Z,56,0,0,0,1097228,1.097228,1218136779793,1218136.779793,2026-01-25T13:00:00Z,1651710210006,1651710.210006,1097228,1.097228,1651710210006,1651710.210006,applicable,1505348.213868038366,applicable,1.355931646926
v1.0,market,0xef62d07c7e29c3864feb6de8945edd82688a2ea558de5a44dc795ad1eb1d9853,1,0xef62d07c7e29c3864feb6de8945edd82688a2ea558de5a44dc795ad1eb1d9853,full_scope_other,USD₮0,0xfd086bc7cd5c481dcc9c85ebe478a1c0b69fcbb9,wsrUSD,0x4809010926aec940b550d34a46a52739f996d75d,supplied_assets,USD₮0,0xfd086bc7cd5c481dcc9c85ebe478a1c0b69fcbb9,6,p180,2026-08-17T13:00:00Z,56,0,0,0,1097228,1.097228,1218136779793,1218136.779793,2026-01-25T13:00:00Z,575666600495,575666.600495,1097228,1.097228,575666600495,575666.600495,applicable,524655.40479736208,applicable,0.472579606859
v1.0,market,0xef62d07c7e29c3864feb6de8945edd82688a2ea558de5a44dc795ad1eb1d9853,1,0xef62d07c7e29c3864feb6de8945edd82688a2ea558de5a44dc795ad1eb1d9853,full_scope_other,USD₮0,0xfd086bc7cd5c481dcc9c85ebe478a1c0b69fcbb9,wsrUSD,0x4809010926aec940b550d34a46a52739f996d75d,collateral_assets,wsrUSD,0x4809010926aec940b550d34a46a52739f996d75d,18,p30,2026-03-20T13:00:00Z,56,0,0,0,3810401857668561920,3.810401857669,1110280775083857668561920,1110280.775083857669,2026-01-22T13:00:00Z,3810401857668561920,3.810401857669,3810401857668561920,3.810401857669,3810401857668561920,3.810401857669,applicable,1,applicable,0.000003431926
v1.0,market,0xef62d07c7e29c3864feb6de8945edd82688a2ea558de5a44dc795ad1eb1d9853,1,0xef62d07c7e29c3864feb6de8945edd82688a2ea558de5a44dc795ad1eb1d9853,full_scope_other,USD₮0,0xfd086bc7cd5c481dcc9c85ebe478a1c0b69fcbb9,wsrUSD,0x4809010926aec940b550d34a46a52739f996d75d,collateral_assets,wsrUSD,0x4809010926aec940b550d34a46a52739f996d75d,18,p90,2026-05-19T13:00:00Z,56,0,0,0,3810401857668561920,3.810401857669,1110280775083857668561920,1110280.775083857669,2026-01-22T13:00:00Z,1542079352844486068966704,1542079.352844486069,3810401857668561920,3.810401857669,1542079352844486068966704,1542079.352844486069,applicable,404702.551186563038,applicable,1.388909352887
v1.0,market,0xef62d07c7e29c3864feb6de8945edd82688a2ea558de5a44dc795ad1eb1d9853,1,0xef62d07c7e29c3864feb6de8945edd82688a2ea558de5a44dc795ad1eb1d9853,full_scope_other,USD₮0,0xfd086bc7cd5c481dcc9c85ebe478a1c0b69fcbb9,wsrUSD,0x4809010926aec940b550d34a46a52739f996d75d,collateral_assets,wsrUSD,0x4809010926aec940b550d34a46a52739f996d75d,18,p180,2026-08-17T13:00:00Z,56,0,0,0,3810401857668561920,3.810401857669,1110280775083857668561920,1110280.775083857669,2026-01-22T13:00:00Z,496957184256681034985824,496957.184256681035,3810401857668561920,3.810401857669,496957184256681034985824,496957.184256681035,applicable,130421.2003929554,applicable,0.447595955374
v1.0,market,0xef62d07c7e29c3864feb6de8945edd82688a2ea558de5a44dc795ad1eb1d9853,1,0xef62d07c7e29c3864feb6de8945edd82688a2ea558de5a44dc795ad1eb1d9853,full_scope_other,USD₮0,0xfd086bc7cd5c481dcc9c85ebe478a1c0b69fcbb9,wsrUSD,0x4809010926aec940b550d34a46a52739f996d75d,active_borrowers,wallets,,,p30,2026-03-20T13:00:00Z,56,0,0,0,1,1,3,3,2026-01-29T13:00:00Z,1,1,1,1,1,1,applicable,1,applicable,0.333333333333
v1.0,market,0xef62d07c7e29c3864feb6de8945edd82688a2ea558de5a44dc795ad1eb1d9853,1,0xef62d07c7e29c3864feb6de8945edd82688a2ea558de5a44dc795ad1eb1d9853,full_scope_other,USD₮0,0xfd086bc7cd5c481dcc9c85ebe478a1c0b69fcbb9,wsrUSD,0x4809010926aec940b550d34a46a52739f996d75d,active_borrowers,wallets,,,p90,2026-05-19T13:00:00Z,56,0,0,0,1,1,3,3,2026-01-29T13:00:00Z,5,5,1,1,5,5,applicable,5,applicable,1.666666666667
v1.0,market,0xef62d07c7e29c3864feb6de8945edd82688a2ea558de5a44dc795ad1eb1d9853,1,0xef62d07c7e29c3864feb6de8945edd82688a2ea558de5a44dc795ad1eb1d9853,full_scope_other,USD₮0,0xfd086bc7cd5c481dcc9c85ebe478a1c0b69fcbb9,wsrUSD,0x4809010926aec940b550d34a46a52739f996d75d,active_borrowers,wallets,,,p180,2026-08-17T13:00:00Z,56,0,0,0,1,1,3,3,2026-01-29T13:00:00Z,3,3,1,1,3,3,applicable,3,applicable,1
v1.0,market,0x209fa1520640f664f59f7c1f955d52e8b81ead826edf439b48254d21d24b97a9,1,0x209fa1520640f664f59f7c1f955d52e8b81ead826edf439b48254d21d24b97a9,full_scope_other,USD₮0,0xfd086bc7cd5c481dcc9c85ebe478a1c0b69fcbb9,wstETH,0x5979d7b546e38e414f7e9822514be443a4800529,borrowed_assets,USD₮0,0xfd086bc7cd5c481dcc9c85ebe478a1c0b69fcbb9,6,p30,2026-03-20T13:00:00Z,56,21032307,375576.910714285714,0.375576910714,356585441547,356585.441547,1963319798321,1963319.798321,2026-01-12T13:00:00Z,382534401368,382534.401368,356585065970.089285714286,356585.065970089286,382534025791.089285714286,382534.025791089286,applicable,1.072770741956,applicable,0.194840442854
v1.0,market,0x209fa1520640f664f59f7c1f955d52e8b81ead826edf439b48254d21d24b97a9,1,0x209fa1520640f664f59f7c1f955d52e8b81ead826edf439b48254d21d24b97a9,full_scope_other,USD₮0,0xfd086bc7cd5c481dcc9c85ebe478a1c0b69fcbb9,wstETH,0x5979d7b546e38e414f7e9822514be443a4800529,borrowed_assets,USD₮0,0xfd086bc7cd5c481dcc9c85ebe478a1c0b69fcbb9,6,p90,2026-05-19T13:00:00Z,56,21032307,375576.910714285714,0.375576910714,356585441547,356585.441547,1963319798321,1963319.798321,2026-01-12T13:00:00Z,701606378109,701606.378109,356585065970.089285714286,356585.065970089286,701606002532.089285714286,701606.002532089286,applicable,1.967569787656,applicable,0.357357032383
v1.0,market,0x209fa1520640f664f59f7c1f955d52e8b81ead826edf439b48254d21d24b97a9,1,0x209fa1520640f664f59f7c1f955d52e8b81ead826edf439b48254d21d24b97a9,full_scope_other,USD₮0,0xfd086bc7cd5c481dcc9c85ebe478a1c0b69fcbb9,wstETH,0x5979d7b546e38e414f7e9822514be443a4800529,borrowed_assets,USD₮0,0xfd086bc7cd5c481dcc9c85ebe478a1c0b69fcbb9,6,p180,2026-08-17T13:00:00Z,56,21032307,375576.910714285714,0.375576910714,356585441547,356585.441547,1963319798321,1963319.798321,2026-01-12T13:00:00Z,637121934864,637121.934864,356585065970.089285714286,356585.065970089286,637121559287.089285714286,637121.559287089286,applicable,1.786730909646,applicable,0.324512431297
v1.0,market,0x209fa1520640f664f59f7c1f955d52e8b81ead826edf439b48254d21d24b97a9,1,0x209fa1520640f664f59f7c1f955d52e8b81ead826edf439b48254d21d24b97a9,full_scope_other,USD₮0,0xfd086bc7cd5c481dcc9c85ebe478a1c0b69fcbb9,wstETH,0x5979d7b546e38e414f7e9822514be443a4800529,supplied_assets,USD₮0,0xfd086bc7cd5c481dcc9c85ebe478a1c0b69fcbb9,6,p30,2026-03-20T13:00:00Z,56,35741163,638235.053571428571,0.638235053571,386034687637,386034.687637,5286736314970,5286736.31497,2026-01-01T13:00:00Z,469118208526,469118.208526,386034049401.946428571429,386034.049401946429,469117570290.946428571429,469117.570290946429,applicable,1.215223297058,applicable,0.088734825983
v1.0,market,0x209fa1520640f664f59f7c1f955d52e8b81ead826edf439b48254d21d24b97a9,1,0x209fa1520640f664f59f7c1f955d52e8b81ead826edf439b48254d21d24b97a9,full_scope_other,USD₮0,0xfd086bc7cd5c481dcc9c85ebe478a1c0b69fcbb9,wstETH,0x5979d7b546e38e414f7e9822514be443a4800529,supplied_assets,USD₮0,0xfd086bc7cd5c481dcc9c85ebe478a1c0b69fcbb9,6,p90,2026-05-19T13:00:00Z,56,35741163,638235.053571428571,0.638235053571,386034687637,386034.687637,5286736314970,5286736.31497,2026-01-01T13:00:00Z,804642600048,804642.600048,386034049401.946428571429,386034.049401946429,804641961812.946428571429,804641.961812946429,applicable,2.084380802832,applicable,0.152200149774
v1.0,market,0x209fa1520640f664f59f7c1f955d52e8b81ead826edf439b48254d21d24b97a9,1,0x209fa1520640f664f59f7c1f955d52e8b81ead826edf439b48254d21d24b97a9,full_scope_other,USD₮0,0xfd086bc7cd5c481dcc9c85ebe478a1c0b69fcbb9,wstETH,0x5979d7b546e38e414f7e9822514be443a4800529,supplied_assets,USD₮0,0xfd086bc7cd5c481dcc9c85ebe478a1c0b69fcbb9,6,p180,2026-08-17T13:00:00Z,56,35741163,638235.053571428571,0.638235053571,386034687637,386034.687637,5286736314970,5286736.31497,2026-01-01T13:00:00Z,752084012250,752084.01225,386034049401.946428571429,386034.049401946429,752083374014.946428571429,752083.374014946429,applicable,1.948230668202,applicable,0.142258554239
v1.0,market,0x209fa1520640f664f59f7c1f955d52e8b81ead826edf439b48254d21d24b97a9,1,0x209fa1520640f664f59f7c1f955d52e8b81ead826edf439b48254d21d24b97a9,full_scope_other,USD₮0,0xfd086bc7cd5c481dcc9c85ebe478a1c0b69fcbb9,wstETH,0x5979d7b546e38e414f7e9822514be443a4800529,collateral_assets,wstETH,0x5979d7b546e38e414f7e9822514be443a4800529,18,p30,2026-03-20T13:00:00Z,56,14650839109368504,261622126953009,0.000261622127,234698186107653715260,234.698186107654,946900673928936889154,946.900673928937,2026-01-12T13:00:00Z,226958272310406137592,226.958272310406,234697924485526762251,234.697924485527,226958010688279184583,226.958010688279,applicable,0.967021805522,applicable,0.239685195759
v1.0,market,0x209fa1520640f664f59f7c1f955d52e8b81ead826edf439b48254d21d24b97a9,1,0x209fa1520640f664f59f7c1f955d52e8b81ead826edf439b48254d21d24b97a9,full_scope_other,USD₮0,0xfd086bc7cd5c481dcc9c85ebe478a1c0b69fcbb9,wstETH,0x5979d7b546e38e414f7e9822514be443a4800529,collateral_assets,wstETH,0x5979d7b546e38e414f7e9822514be443a4800529,18,p90,2026-05-19T13:00:00Z,56,14650839109368504,261622126953009,0.000261622127,234698186107653715260,234.698186107654,946900673928936889154,946.900673928937,2026-01-12T13:00:00Z,423086049010610935166,423.086049010611,234697924485526762251,234.697924485527,423085787388483982157,423.085787388484,applicable,1.80268227048,applicable,0.446811282253
v1.0,market,0x209fa1520640f664f59f7c1f955d52e8b81ead826edf439b48254d21d24b97a9,1,0x209fa1520640f664f59f7c1f955d52e8b81ead826edf439b48254d21d24b97a9,full_scope_other,USD₮0,0xfd086bc7cd5c481dcc9c85ebe478a1c0b69fcbb9,wstETH,0x5979d7b546e38e414f7e9822514be443a4800529,collateral_assets,wstETH,0x5979d7b546e38e414f7e9822514be443a4800529,18,p180,2026-08-17T13:00:00Z,56,14650839109368504,261622126953009,0.000261622127,234698186107653715260,234.698186107654,946900673928936889154,946.900673928937,2026-01-12T13:00:00Z,458137688797398720905,458.137688797399,234697924485526762251,234.697924485527,458137427175271767896,458.137427175272,applicable,1.952030160384,applicable,0.483828522219
v1.0,market,0x209fa1520640f664f59f7c1f955d52e8b81ead826edf439b48254d21d24b97a9,1,0x209fa1520640f664f59f7c1f955d52e8b81ead826edf439b48254d21d24b97a9,full_scope_other,USD₮0,0xfd086bc7cd5c481dcc9c85ebe478a1c0b69fcbb9,wstETH,0x5979d7b546e38e414f7e9822514be443a4800529,active_borrowers,wallets,,,p30,2026-03-20T13:00:00Z,56,21,0.375,0.375,8,8,15,15,2026-01-13T13:00:00Z,7,7,7.625,7.625,6.625,6.625,applicable,0.868852459016,applicable,0.452991452991
v1.0,market,0x209fa1520640f664f59f7c1f955d52e8b81ead826edf439b48254d21d24b97a9,1,0x209fa1520640f664f59f7c1f955d52e8b81ead826edf439b48254d21d24b97a9,full_scope_other,USD₮0,0xfd086bc7cd5c481dcc9c85ebe478a1c0b69fcbb9,wstETH,0x5979d7b546e38e414f7e9822514be443a4800529,active_borrowers,wallets,,,p90,2026-05-19T13:00:00Z,56,21,0.375,0.375,8,8,15,15,2026-01-13T13:00:00Z,13,13,7.625,7.625,12.625,12.625,applicable,1.655737704918,applicable,0.863247863248
v1.0,market,0x209fa1520640f664f59f7c1f955d52e8b81ead826edf439b48254d21d24b97a9,1,0x209fa1520640f664f59f7c1f955d52e8b81ead826edf439b48254d21d24b97a9,full_scope_other,USD₮0,0xfd086bc7cd5c481dcc9c85ebe478a1c0b69fcbb9,wstETH,0x5979d7b546e38e414f7e9822514be443a4800529,active_borrowers,wallets,,,p180,2026-08-17T13:00:00Z,56,21,0.375,0.375,8,8,15,15,2026-01-13T13:00:00Z,11,11,7.625,7.625,10.625,10.625,applicable,1.393442622951,applicable,0.726495726496
v1.0,market,0xadc6897d644a005149d1aa42de72bcb1ff1c9f7c4a8b00db3e2356752995f80e,1,0xadc6897d644a005149d1aa42de72bcb1ff1c9f7c4a8b00db3e2356752995f80e,full_scope_other,USD₮0,0xfd086bc7cd5c481dcc9c85ebe478a1c0b69fcbb9,wstUSR,0x66cfbd79257dc5217903a36293120282548e2254,borrowed_assets,USD₮0,0xfd086bc7cd5c481dcc9c85ebe478a1c0b69fcbb9,6,p30,2026-03-20T13:00:00Z,56,0,0,0,488298188939,488298.188939,4422939482728,4422939.482728,2026-01-20T13:00:00Z,7041738,7.041738,488298188939,488298.188939,7041738,7.041738,applicable,0.000014420979,applicable,0.000001592095
v1.0,market,0xadc6897d644a005149d1aa42de72bcb1ff1c9f7c4a8b00db3e2356752995f80e,1,0xadc6897d644a005149d1aa42de72bcb1ff1c9f7c4a8b00db3e2356752995f80e,full_scope_other,USD₮0,0xfd086bc7cd5c481dcc9c85ebe478a1c0b69fcbb9,wstUSR,0x66cfbd79257dc5217903a36293120282548e2254,borrowed_assets,USD₮0,0xfd086bc7cd5c481dcc9c85ebe478a1c0b69fcbb9,6,p90,2026-05-19T13:00:00Z,56,0,0,0,488298188939,488298.188939,4422939482728,4422939.482728,2026-01-20T13:00:00Z,7042867,7.042867,488298188939,488298.188939,7042867,7.042867,applicable,0.000014423291,applicable,0.00000159235
v1.0,market,0xadc6897d644a005149d1aa42de72bcb1ff1c9f7c4a8b00db3e2356752995f80e,1,0xadc6897d644a005149d1aa42de72bcb1ff1c9f7c4a8b00db3e2356752995f80e,full_scope_other,USD₮0,0xfd086bc7cd5c481dcc9c85ebe478a1c0b69fcbb9,wstUSR,0x66cfbd79257dc5217903a36293120282548e2254,borrowed_assets,USD₮0,0xfd086bc7cd5c481dcc9c85ebe478a1c0b69fcbb9,6,p180,2026-08-17T13:00:00Z,56,0,0,0,488298188939,488298.188939,4422939482728,4422939.482728,2026-01-20T13:00:00Z,7042867,7.042867,488298188939,488298.188939,7042867,7.042867,applicable,0.000014423291,applicable,0.00000159235
v1.0,market,0xadc6897d644a005149d1aa42de72bcb1ff1c9f7c4a8b00db3e2356752995f80e,1,0xadc6897d644a005149d1aa42de72bcb1ff1c9f7c4a8b00db3e2356752995f80e,full_scope_other,USD₮0,0xfd086bc7cd5c481dcc9c85ebe478a1c0b69fcbb9,wstUSR,0x66cfbd79257dc5217903a36293120282548e2254,supplied_assets,USD₮0,0xfd086bc7cd5c481dcc9c85ebe478a1c0b69fcbb9,6,p30,2026-03-20T13:00:00Z,56,0,0,0,533794158963,533794.158963,5234246430480,5234246.43048,2026-01-29T13:00:00Z,8411168,8.411168,533794158963,533794.158963,8411168,8.411168,applicable,0.000015757325,applicable,0.000001606949
v1.0,market,0xadc6897d644a005149d1aa42de72bcb1ff1c9f7c4a8b00db3e2356752995f80e,1,0xadc6897d644a005149d1aa42de72bcb1ff1c9f7c4a8b00db3e2356752995f80e,full_scope_other,USD₮0,0xfd086bc7cd5c481dcc9c85ebe478a1c0b69fcbb9,wstUSR,0x66cfbd79257dc5217903a36293120282548e2254,supplied_assets,USD₮0,0xfd086bc7cd5c481dcc9c85ebe478a1c0b69fcbb9,6,p90,2026-05-19T13:00:00Z,56,0,0,0,533794158963,533794.158963,5234246430480,5234246.43048,2026-01-29T13:00:00Z,8010018,8.010018,533794158963,533794.158963,8010018,8.010018,applicable,0.000015005818,applicable,0.00000153031
v1.0,market,0xadc6897d644a005149d1aa42de72bcb1ff1c9f7c4a8b00db3e2356752995f80e,1,0xadc6897d644a005149d1aa42de72bcb1ff1c9f7c4a8b00db3e2356752995f80e,full_scope_other,USD₮0,0xfd086bc7cd5c481dcc9c85ebe478a1c0b69fcbb9,wstUSR,0x66cfbd79257dc5217903a36293120282548e2254,supplied_assets,USD₮0,0xfd086bc7cd5c481dcc9c85ebe478a1c0b69fcbb9,6,p180,2026-08-17T13:00:00Z,56,0,0,0,533794158963,533794.158963,5234246430480,5234246.43048,2026-01-29T13:00:00Z,8010018,8.010018,533794158963,533794.158963,8010018,8.010018,applicable,0.000015005818,applicable,0.00000153031
v1.0,market,0xadc6897d644a005149d1aa42de72bcb1ff1c9f7c4a8b00db3e2356752995f80e,1,0xadc6897d644a005149d1aa42de72bcb1ff1c9f7c4a8b00db3e2356752995f80e,full_scope_other,USD₮0,0xfd086bc7cd5c481dcc9c85ebe478a1c0b69fcbb9,wstUSR,0x66cfbd79257dc5217903a36293120282548e2254,collateral_assets,wstUSR,0x66cfbd79257dc5217903a36293120282548e2254,18,p30,2026-03-20T13:00:00Z,56,0,0,0,500413466318475771572252,500413.466318475772,4637783688659337063776239,4637783.688659337064,2026-01-19T13:00:00Z,13560717778175115264,13.560717778175,500413466318475771572252,500413.466318475772,13560717778175115264,13.560717778175,applicable,0.000027099026,applicable,0.000002923965
v1.0,market,0xadc6897d644a005149d1aa42de72bcb1ff1c9f7c4a8b00db3e2356752995f80e,1,0xadc6897d644a005149d1aa42de72bcb1ff1c9f7c4a8b00db3e2356752995f80e,full_scope_other,USD₮0,0xfd086bc7cd5c481dcc9c85ebe478a1c0b69fcbb9,wstUSR,0x66cfbd79257dc5217903a36293120282548e2254,collateral_assets,wstUSR,0x66cfbd79257dc5217903a36293120282548e2254,18,p90,2026-05-19T13:00:00Z,56,0,0,0,500413466318475771572252,500413.466318475772,4637783688659337063776239,4637783.688659337064,2026-01-19T13:00:00Z,13560717778175115264,13.560717778175,500413466318475771572252,500413.466318475772,13560717778175115264,13.560717778175,applicable,0.000027099026,applicable,0.000002923965
v1.0,market,0xadc6897d644a005149d1aa42de72bcb1ff1c9f7c4a8b00db3e2356752995f80e,1,0xadc6897d644a005149d1aa42de72bcb1ff1c9f7c4a8b00db3e2356752995f80e,full_scope_other,USD₮0,0xfd086bc7cd5c481dcc9c85ebe478a1c0b69fcbb9,wstUSR,0x66cfbd79257dc5217903a36293120282548e2254,collateral_assets,wstUSR,0x66cfbd79257dc5217903a36293120282548e2254,18,p180,2026-08-17T13:00:00Z,56,0,0,0,500413466318475771572252,500413.466318475772,4637783688659337063776239,4637783.688659337064,2026-01-19T13:00:00Z,13560717778175115264,13.560717778175,500413466318475771572252,500413.466318475772,13560717778175115264,13.560717778175,applicable,0.000027099026,applicable,0.000002923965
v1.0,market,0xadc6897d644a005149d1aa42de72bcb1ff1c9f7c4a8b00db3e2356752995f80e,1,0xadc6897d644a005149d1aa42de72bcb1ff1c9f7c4a8b00db3e2356752995f80e,full_scope_other,USD₮0,0xfd086bc7cd5c481dcc9c85ebe478a1c0b69fcbb9,wstUSR,0x66cfbd79257dc5217903a36293120282548e2254,active_borrowers,wallets,,,p30,2026-03-20T13:00:00Z,56,0,0,0,4,4,6,6,2026-01-28T13:00:00Z,2,2,4,4,2,2,applicable,0.5,applicable,0.333333333333
v1.0,market,0xadc6897d644a005149d1aa42de72bcb1ff1c9f7c4a8b00db3e2356752995f80e,1,0xadc6897d644a005149d1aa42de72bcb1ff1c9f7c4a8b00db3e2356752995f80e,full_scope_other,USD₮0,0xfd086bc7cd5c481dcc9c85ebe478a1c0b69fcbb9,wstUSR,0x66cfbd79257dc5217903a36293120282548e2254,active_borrowers,wallets,,,p90,2026-05-19T13:00:00Z,56,0,0,0,4,4,6,6,2026-01-28T13:00:00Z,2,2,4,4,2,2,applicable,0.5,applicable,0.333333333333
v1.0,market,0xadc6897d644a005149d1aa42de72bcb1ff1c9f7c4a8b00db3e2356752995f80e,1,0xadc6897d644a005149d1aa42de72bcb1ff1c9f7c4a8b00db3e2356752995f80e,full_scope_other,USD₮0,0xfd086bc7cd5c481dcc9c85ebe478a1c0b69fcbb9,wstUSR,0x66cfbd79257dc5217903a36293120282548e2254,active_borrowers,wallets,,,p180,2026-08-17T13:00:00Z,56,0,0,0,4,4,6,6,2026-01-28T13:00:00Z,2,2,4,4,2,2,applicable,0.5,applicable,0.333333333333
v1.0,market,0x1d094624063756fc61aaf061c7da056aebe3b3ad0ae0395b22e00db6c074de7c,1,0x1d094624063756fc61aaf061c7da056aebe3b3ad0ae0395b22e00db6c074de7c,full_scope_other,USD₮0,0xfd086bc7cd5c481dcc9c85ebe478a1c0b69fcbb9,XAUt0,0x40461291347e1ecbb09499f3371d3f17f10d7159,borrowed_assets,USD₮0,0xfd086bc7cd5c481dcc9c85ebe478a1c0b69fcbb9,6,p30,2026-03-20T13:00:00Z,56,0,0,0,1160042,1.160042,1160042,1.160042,2026-02-18T13:00:00Z,6244393295,6244.393295,1160042,1.160042,6244393295,6244.393295,applicable,5382.902769899711,applicable,5382.902769899711
v1.0,market,0x1d094624063756fc61aaf061c7da056aebe3b3ad0ae0395b22e00db6c074de7c,1,0x1d094624063756fc61aaf061c7da056aebe3b3ad0ae0395b22e00db6c074de7c,full_scope_other,USD₮0,0xfd086bc7cd5c481dcc9c85ebe478a1c0b69fcbb9,XAUt0,0x40461291347e1ecbb09499f3371d3f17f10d7159,borrowed_assets,USD₮0,0xfd086bc7cd5c481dcc9c85ebe478a1c0b69fcbb9,6,p90,2026-05-19T13:00:00Z,56,0,0,0,1160042,1.160042,1160042,1.160042,2026-02-18T13:00:00Z,15544913525,15544.913525,1160042,1.160042,15544913525,15544.913525,applicable,13400.302338191203,applicable,13400.302338191203
v1.0,market,0x1d094624063756fc61aaf061c7da056aebe3b3ad0ae0395b22e00db6c074de7c,1,0x1d094624063756fc61aaf061c7da056aebe3b3ad0ae0395b22e00db6c074de7c,full_scope_other,USD₮0,0xfd086bc7cd5c481dcc9c85ebe478a1c0b69fcbb9,XAUt0,0x40461291347e1ecbb09499f3371d3f17f10d7159,borrowed_assets,USD₮0,0xfd086bc7cd5c481dcc9c85ebe478a1c0b69fcbb9,6,p180,2026-08-17T13:00:00Z,56,0,0,0,1160042,1.160042,1160042,1.160042,2026-02-18T13:00:00Z,14055054209,14055.054209,1160042,1.160042,14055054209,14055.054209,applicable,12115.987359940416,applicable,12115.987359940416
v1.0,market,0x1d094624063756fc61aaf061c7da056aebe3b3ad0ae0395b22e00db6c074de7c,1,0x1d094624063756fc61aaf061c7da056aebe3b3ad0ae0395b22e00db6c074de7c,full_scope_other,USD₮0,0xfd086bc7cd5c481dcc9c85ebe478a1c0b69fcbb9,XAUt0,0x40461291347e1ecbb09499f3371d3f17f10d7159,supplied_assets,USD₮0,0xfd086bc7cd5c481dcc9c85ebe478a1c0b69fcbb9,6,p30,2026-03-20T13:00:00Z,56,0,0,0,1267036,1.267036,1888094,1.888094,2026-01-13T13:00:00Z,7553225299,7553.225299,1267036,1.267036,7553225299,7553.225299,applicable,5961.334404863003,applicable,4000.449818176426
v1.0,market,0x1d094624063756fc61aaf061c7da056aebe3b3ad0ae0395b22e00db6c074de7c,1,0x1d094624063756fc61aaf061c7da056aebe3b3ad0ae0395b22e00db6c074de7c,full_scope_other,USD₮0,0xfd086bc7cd5c481dcc9c85ebe478a1c0b69fcbb9,XAUt0,0x40461291347e1ecbb09499f3371d3f17f10d7159,supplied_assets,USD₮0,0xfd086bc7cd5c481dcc9c85ebe478a1c0b69fcbb9,6,p90,2026-05-19T13:00:00Z,56,0,0,0,1267036,1.267036,1888094,1.888094,2026-01-13T13:00:00Z,17592707856,17592.707856,1267036,1.267036,17592707856,17592.707856,applicable,13884.931332653532,applicable,9317.707622607773
v1.0,market,0x1d094624063756fc61aaf061c7da056aebe3b3ad0ae0395b22e00db6c074de7c,1,0x1d094624063756fc61aaf061c7da056aebe3b3ad0ae0395b22e00db6c074de7c,full_scope_other,USD₮0,0xfd086bc7cd5c481dcc9c85ebe478a1c0b69fcbb9,XAUt0,0x40461291347e1ecbb09499f3371d3f17f10d7159,supplied_assets,USD₮0,0xfd086bc7cd5c481dcc9c85ebe478a1c0b69fcbb9,6,p180,2026-08-17T13:00:00Z,56,0,0,0,1267036,1.267036,1888094,1.888094,2026-01-13T13:00:00Z,16878733647,16878.733647,1267036,1.267036,16878733647,16878.733647,applicable,13321.431788047064,applicable,8939.562144151721
v1.0,market,0x1d094624063756fc61aaf061c7da056aebe3b3ad0ae0395b22e00db6c074de7c,1,0x1d094624063756fc61aaf061c7da056aebe3b3ad0ae0395b22e00db6c074de7c,full_scope_other,USD₮0,0xfd086bc7cd5c481dcc9c85ebe478a1c0b69fcbb9,XAUt0,0x40461291347e1ecbb09499f3371d3f17f10d7159,collateral_assets,XAUt0,0x40461291347e1ecbb09499f3371d3f17f10d7159,6,p30,2026-03-20T13:00:00Z,56,0,0,0,1224,0.001224,101224,0.101224,2026-02-09T13:00:00Z,3390093,3.390093,1224,0.001224,3390093,3.390093,applicable,2769.683823529412,applicable,33.491000158065
v1.0,market,0x1d094624063756fc61aaf061c7da056aebe3b3ad0ae0395b22e00db6c074de7c,1,0x1d094624063756fc61aaf061c7da056aebe3b3ad0ae0395b22e00db6c074de7c,full_scope_other,USD₮0,0xfd086bc7cd5c481dcc9c85ebe478a1c0b69fcbb9,XAUt0,0x40461291347e1ecbb09499f3371d3f17f10d7159,collateral_assets,XAUt0,0x40461291347e1ecbb09499f3371d3f17f10d7159,6,p90,2026-05-19T13:00:00Z,56,0,0,0,1224,0.001224,101224,0.101224,2026-02-09T13:00:00Z,9215478,9.215478,1224,0.001224,9215478,9.215478,applicable,7528.985294117647,applicable,91.040444953766
v1.0,market,0x1d094624063756fc61aaf061c7da056aebe3b3ad0ae0395b22e00db6c074de7c,1,0x1d094624063756fc61aaf061c7da056aebe3b3ad0ae0395b22e00db6c074de7c,full_scope_other,USD₮0,0xfd086bc7cd5c481dcc9c85ebe478a1c0b69fcbb9,XAUt0,0x40461291347e1ecbb09499f3371d3f17f10d7159,collateral_assets,XAUt0,0x40461291347e1ecbb09499f3371d3f17f10d7159,6,p180,2026-08-17T13:00:00Z,56,0,0,0,1224,0.001224,101224,0.101224,2026-02-09T13:00:00Z,8085816,8.085816,1224,0.001224,8085816,8.085816,applicable,6606.058823529412,applicable,79.880423614953
v1.0,market,0x1d094624063756fc61aaf061c7da056aebe3b3ad0ae0395b22e00db6c074de7c,1,0x1d094624063756fc61aaf061c7da056aebe3b3ad0ae0395b22e00db6c074de7c,full_scope_other,USD₮0,0xfd086bc7cd5c481dcc9c85ebe478a1c0b69fcbb9,XAUt0,0x40461291347e1ecbb09499f3371d3f17f10d7159,active_borrowers,wallets,,,p30,2026-03-20T13:00:00Z,56,0,0,0,1,1,1,1,2026-01-10T13:00:00Z,3,3,1,1,3,3,applicable,3,applicable,3
v1.0,market,0x1d094624063756fc61aaf061c7da056aebe3b3ad0ae0395b22e00db6c074de7c,1,0x1d094624063756fc61aaf061c7da056aebe3b3ad0ae0395b22e00db6c074de7c,full_scope_other,USD₮0,0xfd086bc7cd5c481dcc9c85ebe478a1c0b69fcbb9,XAUt0,0x40461291347e1ecbb09499f3371d3f17f10d7159,active_borrowers,wallets,,,p90,2026-05-19T13:00:00Z,56,0,0,0,1,1,1,1,2026-01-10T13:00:00Z,7,7,1,1,7,7,applicable,7,applicable,7
v1.0,market,0x1d094624063756fc61aaf061c7da056aebe3b3ad0ae0395b22e00db6c074de7c,1,0x1d094624063756fc61aaf061c7da056aebe3b3ad0ae0395b22e00db6c074de7c,full_scope_other,USD₮0,0xfd086bc7cd5c481dcc9c85ebe478a1c0b69fcbb9,XAUt0,0x40461291347e1ecbb09499f3371d3f17f10d7159,active_borrowers,wallets,,,p180,2026-08-17T13:00:00Z,56,0,0,0,1,1,1,1,2026-01-10T13:00:00Z,13,13,1,1,13,13,applicable,13,applicable,13
v1.0,market,0xb7b5729ad332f57a02f4d9f87aa50910ee955d859e2b2ad9b0b8e15ca44d8b7f,1,0xb7b5729ad332f57a02f4d9f87aa50910ee955d859e2b2ad9b0b8e15ca44d8b7f,full_scope_other,USDC,0xaf88d065e77c8cc2239327c5edb3a432268e5831,ezETH,0x2416092f143378750bb29b79ed961ab195cceea5,borrowed_assets,USDC,0xaf88d065e77c8cc2239327c5edb3a432268e5831,6,p30,2026-03-20T13:00:00Z,56,3000012,53571.642857142857,0.053571642857,9481,0.009481,4000009481,4000.009481,2025-11-14T13:00:00Z,9481,0.009481,-44090.642857142857,-0.044090642857,-44090.642857142857,-0.044090642857,not_applicable_no_positive_end_uplift,,applicable,-0.000011022782
v1.0,market,0xb7b5729ad332f57a02f4d9f87aa50910ee955d859e2b2ad9b0b8e15ca44d8b7f,1,0xb7b5729ad332f57a02f4d9f87aa50910ee955d859e2b2ad9b0b8e15ca44d8b7f,full_scope_other,USDC,0xaf88d065e77c8cc2239327c5edb3a432268e5831,ezETH,0x2416092f143378750bb29b79ed961ab195cceea5,borrowed_assets,USDC,0xaf88d065e77c8cc2239327c5edb3a432268e5831,6,p90,2026-05-19T13:00:00Z,56,3000012,53571.642857142857,0.053571642857,9481,0.009481,4000009481,4000.009481,2025-11-14T13:00:00Z,9481,0.009481,-44090.642857142857,-0.044090642857,-44090.642857142857,-0.044090642857,not_applicable_no_positive_end_uplift,,applicable,-0.000011022782
v1.0,market,0xb7b5729ad332f57a02f4d9f87aa50910ee955d859e2b2ad9b0b8e15ca44d8b7f,1,0xb7b5729ad332f57a02f4d9f87aa50910ee955d859e2b2ad9b0b8e15ca44d8b7f,full_scope_other,USDC,0xaf88d065e77c8cc2239327c5edb3a432268e5831,ezETH,0x2416092f143378750bb29b79ed961ab195cceea5,borrowed_assets,USDC,0xaf88d065e77c8cc2239327c5edb3a432268e5831,6,p180,2026-08-17T13:00:00Z,56,3000012,53571.642857142857,0.053571642857,9481,0.009481,4000009481,4000.009481,2025-11-14T13:00:00Z,9481,0.009481,-44090.642857142857,-0.044090642857,-44090.642857142857,-0.044090642857,not_applicable_no_positive_end_uplift,,applicable,-0.000011022782
v1.0,market,0xb7b5729ad332f57a02f4d9f87aa50910ee955d859e2b2ad9b0b8e15ca44d8b7f,1,0xb7b5729ad332f57a02f4d9f87aa50910ee955d859e2b2ad9b0b8e15ca44d8b7f,full_scope_other,USDC,0xaf88d065e77c8cc2239327c5edb3a432268e5831,ezETH,0x2416092f143378750bb29b79ed961ab195cceea5,supplied_assets,USDC,0xaf88d065e77c8cc2239327c5edb3a432268e5831,6,p30,2026-03-20T13:00:00Z,56,3499812,62496.642857142857,0.062496642857,1170823,1.170823,6268354439,6268.354439,2025-09-08T13:00:00Z,1170823,1.170823,1108326.357142857143,1.108326357143,1108326.357142857143,1.108326357143,applicable,1,applicable,0.000176814732
v1.0,market,0xb7b5729ad332f57a02f4d9f87aa50910ee955d859e2b2ad9b0b8e15ca44d8b7f,1,0xb7b5729ad332f57a02f4d9f87aa50910ee955d859e2b2ad9b0b8e15ca44d8b7f,full_scope_other,USDC,0xaf88d065e77c8cc2239327c5edb3a432268e5831,ezETH,0x2416092f143378750bb29b79ed961ab195cceea5,supplied_assets,USDC,0xaf88d065e77c8cc2239327c5edb3a432268e5831,6,p90,2026-05-19T13:00:00Z,56,3499812,62496.642857142857,0.062496642857,1170823,1.170823,6268354439,6268.354439,2025-09-08T13:00:00Z,1170823,1.170823,1108326.357142857143,1.108326357143,1108326.357142857143,1.108326357143,applicable,1,applicable,0.000176814732
v1.0,market,0xb7b5729ad332f57a02f4d9f87aa50910ee955d859e2b2ad9b0b8e15ca44d8b7f,1,0xb7b5729ad332f57a02f4d9f87aa50910ee955d859e2b2ad9b0b8e15ca44d8b7f,full_scope_other,USDC,0xaf88d065e77c8cc2239327c5edb3a432268e5831,ezETH,0x2416092f143378750bb29b79ed961ab195cceea5,supplied_assets,USDC,0xaf88d065e77c8cc2239327c5edb3a432268e5831,6,p180,2026-08-17T13:00:00Z,56,3499812,62496.642857142857,0.062496642857,1170823,1.170823,6268354439,6268.354439,2025-09-08T13:00:00Z,1170823,1.170823,1108326.357142857143,1.108326357143,1108326.357142857143,1.108326357143,applicable,1,applicable,0.000176814732
v1.0,market,0xb7b5729ad332f57a02f4d9f87aa50910ee955d859e2b2ad9b0b8e15ca44d8b7f,1,0xb7b5729ad332f57a02f4d9f87aa50910ee955d859e2b2ad9b0b8e15ca44d8b7f,full_scope_other,USDC,0xaf88d065e77c8cc2239327c5edb3a432268e5831,ezETH,0x2416092f143378750bb29b79ed961ab195cceea5,collateral_assets,ezETH,0x2416092f143378750bb29b79ed961ab195cceea5,18,p30,2026-03-20T13:00:00Z,56,912021139402158,16286091775038.535714285714,0.000016286092,52101494480577,0.000052101494,2200052101494480577,2.200052101494,2025-11-14T13:00:00Z,52101494480577,0.000052101494,35815402705538.464285714286,0.000035815403,35815402705538.464285714286,0.000035815403,applicable,1,applicable,0.000016279463
v1.0,market,0xb7b5729ad332f57a02f4d9f87aa50910ee955d859e2b2ad9b0b8e15ca44d8b7f,1,0xb7b5729ad332f57a02f4d9f87aa50910ee955d859e2b2ad9b0b8e15ca44d8b7f,full_scope_other,USDC,0xaf88d065e77c8cc2239327c5edb3a432268e5831,ezETH,0x2416092f143378750bb29b79ed961ab195cceea5,collateral_assets,ezETH,0x2416092f143378750bb29b79ed961ab195cceea5,18,p90,2026-05-19T13:00:00Z,56,912021139402158,16286091775038.535714285714,0.000016286092,52101494480577,0.000052101494,2200052101494480577,2.200052101494,2025-11-14T13:00:00Z,52101494480577,0.000052101494,35815402705538.464285714286,0.000035815403,35815402705538.464285714286,0.000035815403,applicable,1,applicable,0.000016279463
v1.0,market,0xb7b5729ad332f57a02f4d9f87aa50910ee955d859e2b2ad9b0b8e15ca44d8b7f,1,0xb7b5729ad332f57a02f4d9f87aa50910ee955d859e2b2ad9b0b8e15ca44d8b7f,full_scope_other,USDC,0xaf88d065e77c8cc2239327c5edb3a432268e5831,ezETH,0x2416092f143378750bb29b79ed961ab195cceea5,collateral_assets,ezETH,0x2416092f143378750bb29b79ed961ab195cceea5,18,p180,2026-08-17T13:00:00Z,56,912021139402158,16286091775038.535714285714,0.000016286092,52101494480577,0.000052101494,2200052101494480577,2.200052101494,2025-11-14T13:00:00Z,52101494480577,0.000052101494,35815402705538.464285714286,0.000035815403,35815402705538.464285714286,0.000035815403,applicable,1,applicable,0.000016279463
v1.0,market,0xb7b5729ad332f57a02f4d9f87aa50910ee955d859e2b2ad9b0b8e15ca44d8b7f,1,0xb7b5729ad332f57a02f4d9f87aa50910ee955d859e2b2ad9b0b8e15ca44d8b7f,full_scope_other,USDC,0xaf88d065e77c8cc2239327c5edb3a432268e5831,ezETH,0x2416092f143378750bb29b79ed961ab195cceea5,active_borrowers,wallets,,,p30,2026-03-20T13:00:00Z,56,3,0.053571428571,0.053571428571,0,0,1,1,2025-09-03T13:00:00Z,0,0,-0.053571428571,-0.053571428571,-0.053571428571,-0.053571428571,not_applicable_no_positive_end_uplift,,applicable,-0.056603773585
v1.0,market,0xb7b5729ad332f57a02f4d9f87aa50910ee955d859e2b2ad9b0b8e15ca44d8b7f,1,0xb7b5729ad332f57a02f4d9f87aa50910ee955d859e2b2ad9b0b8e15ca44d8b7f,full_scope_other,USDC,0xaf88d065e77c8cc2239327c5edb3a432268e5831,ezETH,0x2416092f143378750bb29b79ed961ab195cceea5,active_borrowers,wallets,,,p90,2026-05-19T13:00:00Z,56,3,0.053571428571,0.053571428571,0,0,1,1,2025-09-03T13:00:00Z,0,0,-0.053571428571,-0.053571428571,-0.053571428571,-0.053571428571,not_applicable_no_positive_end_uplift,,applicable,-0.056603773585
v1.0,market,0xb7b5729ad332f57a02f4d9f87aa50910ee955d859e2b2ad9b0b8e15ca44d8b7f,1,0xb7b5729ad332f57a02f4d9f87aa50910ee955d859e2b2ad9b0b8e15ca44d8b7f,full_scope_other,USDC,0xaf88d065e77c8cc2239327c5edb3a432268e5831,ezETH,0x2416092f143378750bb29b79ed961ab195cceea5,active_borrowers,wallets,,,p180,2026-08-17T13:00:00Z,56,3,0.053571428571,0.053571428571,0,0,1,1,2025-09-03T13:00:00Z,0,0,-0.053571428571,-0.053571428571,-0.053571428571,-0.053571428571,not_applicable_no_positive_end_uplift,,applicable,-0.056603773585
v1.0,market,0xa35d91efb3e284a0ab7098e8c5a65caf58ea0451073e36a544a821fd8f350953,1,0xa35d91efb3e284a0ab7098e8c5a65caf58ea0451073e36a544a821fd8f350953,full_scope_other,USDC,0xaf88d065e77c8cc2239327c5edb3a432268e5831,GLV [WBTC-USDC],0xdf03eed325b82bc1d4db8b49c30ecc9e05104b96,borrowed_assets,USDC,0xaf88d065e77c8cc2239327c5edb3a432268e5831,6,p30,2026-03-20T13:00:00Z,56,0,0,0,123915592766,123915.592766,533575584645,533575.584645,2025-10-31T13:00:00Z,123701690250,123701.69025,123915592766,123915.592766,123701690250,123701.69025,applicable,0.998273804682,applicable,0.231835364679
v1.0,market,0xa35d91efb3e284a0ab7098e8c5a65caf58ea0451073e36a544a821fd8f350953,1,0xa35d91efb3e284a0ab7098e8c5a65caf58ea0451073e36a544a821fd8f350953,full_scope_other,USDC,0xaf88d065e77c8cc2239327c5edb3a432268e5831,GLV [WBTC-USDC],0xdf03eed325b82bc1d4db8b49c30ecc9e05104b96,borrowed_assets,USDC,0xaf88d065e77c8cc2239327c5edb3a432268e5831,6,p90,2026-05-19T13:00:00Z,56,0,0,0,123915592766,123915.592766,533575584645,533575.584645,2025-10-31T13:00:00Z,9640110721,9640.110721,123915592766,123915.592766,9640110721,9640.110721,applicable,0.077795784258,applicable,0.018067001187
v1.0,market,0xa35d91efb3e284a0ab7098e8c5a65caf58ea0451073e36a544a821fd8f350953,1,0xa35d91efb3e284a0ab7098e8c5a65caf58ea0451073e36a544a821fd8f350953,full_scope_other,USDC,0xaf88d065e77c8cc2239327c5edb3a432268e5831,GLV [WBTC-USDC],0xdf03eed325b82bc1d4db8b49c30ecc9e05104b96,borrowed_assets,USDC,0xaf88d065e77c8cc2239327c5edb3a432268e5831,6,p180,2026-08-17T13:00:00Z,56,0,0,0,123915592766,123915.592766,533575584645,533575.584645,2025-10-31T13:00:00Z,6165910845,6165.910845,123915592766,123915.592766,6165910845,6165.910845,applicable,0.049758958557,applicable,0.01155583393
v1.0,market,0xa35d91efb3e284a0ab7098e8c5a65caf58ea0451073e36a544a821fd8f350953,1,0xa35d91efb3e284a0ab7098e8c5a65caf58ea0451073e36a544a821fd8f350953,full_scope_other,USDC,0xaf88d065e77c8cc2239327c5edb3a432268e5831,GLV [WBTC-USDC],0xdf03eed325b82bc1d4db8b49c30ecc9e05104b96,supplied_assets,USDC,0xaf88d065e77c8cc2239327c5edb3a432268e5831,6,p30,2026-03-20T13:00:00Z,56,0,0,0,137360912207,137360.912207,1500006501267,1500006.501267,2025-10-13T13:00:00Z,149823490053,149823.490053,137360912207,137360.912207,149823490053,149823.490053,applicable,1.090728706193,applicable,0.099881893796
v1.0,market,0xa35d91efb3e284a0ab7098e8c5a65caf58ea0451073e36a544a821fd8f350953,1,0xa35d91efb3e284a0ab7098e8c5a65caf58ea0451073e36a544a821fd8f350953,full_scope_other,USDC,0xaf88d065e77c8cc2239327c5edb3a432268e5831,GLV [WBTC-USDC],0xdf03eed325b82bc1d4db8b49c30ecc9e05104b96,supplied_assets,USDC,0xaf88d065e77c8cc2239327c5edb3a432268e5831,6,p90,2026-05-19T13:00:00Z,56,0,0,0,137360912207,137360.912207,1500006501267,1500006.501267,2025-10-13T13:00:00Z,11639709021,11639.709021,137360912207,137360.912207,11639709021,11639.709021,applicable,0.084738145911,applicable,0.007759772382
v1.0,market,0xa35d91efb3e284a0ab7098e8c5a65caf58ea0451073e36a544a821fd8f350953,1,0xa35d91efb3e284a0ab7098e8c5a65caf58ea0451073e36a544a821fd8f350953,full_scope_other,USDC,0xaf88d065e77c8cc2239327c5edb3a432268e5831,GLV [WBTC-USDC],0xdf03eed325b82bc1d4db8b49c30ecc9e05104b96,supplied_assets,USDC,0xaf88d065e77c8cc2239327c5edb3a432268e5831,6,p180,2026-08-17T13:00:00Z,56,0,0,0,137360912207,137360.912207,1500006501267,1500006.501267,2025-10-13T13:00:00Z,7230853807,7230.853807,137360912207,137360.912207,7230853807,7230.853807,applicable,0.052641276844,applicable,0.004820548312
v1.0,market,0xa35d91efb3e284a0ab7098e8c5a65caf58ea0451073e36a544a821fd8f350953,1,0xa35d91efb3e284a0ab7098e8c5a65caf58ea0451073e36a544a821fd8f350953,full_scope_other,USDC,0xaf88d065e77c8cc2239327c5edb3a432268e5831,GLV [WBTC-USDC],0xdf03eed325b82bc1d4db8b49c30ecc9e05104b96,collateral_assets,GLV [WBTC-USDC],0xdf03eed325b82bc1d4db8b49c30ecc9e05104b96,18,p30,2026-03-20T13:00:00Z,56,0,0,0,231241944388215929821131,231241.94438821593,521788397154428074149396,521788.397154428074,2025-10-29T13:00:00Z,177781652670884736737496,177781.652670884737,231241944388215929821131,231241.94438821593,177781652670884736737496,177781.652670884737,applicable,0.7688123067,applicable,0.34071599453
v1.0,market,0xa35d91efb3e284a0ab7098e8c5a65caf58ea0451073e36a544a821fd8f350953,1,0xa35d91efb3e284a0ab7098e8c5a65caf58ea0451073e36a544a821fd8f350953,full_scope_other,USDC,0xaf88d065e77c8cc2239327c5edb3a432268e5831,GLV [WBTC-USDC],0xdf03eed325b82bc1d4db8b49c30ecc9e05104b96,collateral_assets,GLV [WBTC-USDC],0xdf03eed325b82bc1d4db8b49c30ecc9e05104b96,18,p90,2026-05-19T13:00:00Z,56,0,0,0,231241944388215929821131,231241.94438821593,521788397154428074149396,521788.397154428074,2025-10-29T13:00:00Z,13232967412351776109117,13232.967412351776,231241944388215929821131,231241.94438821593,13232967412351776109117,13232.967412351776,applicable,0.057225636324,applicable,0.025360792774
v1.0,market,0xa35d91efb3e284a0ab7098e8c5a65caf58ea0451073e36a544a821fd8f350953,1,0xa35d91efb3e284a0ab7098e8c5a65caf58ea0451073e36a544a821fd8f350953,full_scope_other,USDC,0xaf88d065e77c8cc2239327c5edb3a432268e5831,GLV [WBTC-USDC],0xdf03eed325b82bc1d4db8b49c30ecc9e05104b96,collateral_assets,GLV [WBTC-USDC],0xdf03eed325b82bc1d4db8b49c30ecc9e05104b96,18,p180,2026-08-17T13:00:00Z,56,0,0,0,231241944388215929821131,231241.94438821593,521788397154428074149396,521788.397154428074,2025-10-29T13:00:00Z,8086473520029098418581,8086.473520029098,231241944388215929821131,231241.94438821593,8086473520029098418581,8086.473520029098,applicable,0.034969752315,applicable,0.01549761084
v1.0,market,0xa35d91efb3e284a0ab7098e8c5a65caf58ea0451073e36a544a821fd8f350953,1,0xa35d91efb3e284a0ab7098e8c5a65caf58ea0451073e36a544a821fd8f350953,full_scope_other,USDC,0xaf88d065e77c8cc2239327c5edb3a432268e5831,GLV [WBTC-USDC],0xdf03eed325b82bc1d4db8b49c30ecc9e05104b96,active_borrowers,wallets,,,p30,2026-03-20T13:00:00Z,56,0,0,0,35,35,35,35,2026-02-13T13:00:00Z,33,33,35,35,33,33,applicable,0.942857142857,applicable,0.942857142857
v1.0,market,0xa35d91efb3e284a0ab7098e8c5a65caf58ea0451073e36a544a821fd8f350953,1,0xa35d91efb3e284a0ab7098e8c5a65caf58ea0451073e36a544a821fd8f350953,full_scope_other,USDC,0xaf88d065e77c8cc2239327c5edb3a432268e5831,GLV [WBTC-USDC],0xdf03eed325b82bc1d4db8b49c30ecc9e05104b96,active_borrowers,wallets,,,p90,2026-05-19T13:00:00Z,56,0,0,0,35,35,35,35,2026-02-13T13:00:00Z,17,17,35,35,17,17,applicable,0.485714285714,applicable,0.485714285714
v1.0,market,0xa35d91efb3e284a0ab7098e8c5a65caf58ea0451073e36a544a821fd8f350953,1,0xa35d91efb3e284a0ab7098e8c5a65caf58ea0451073e36a544a821fd8f350953,full_scope_other,USDC,0xaf88d065e77c8cc2239327c5edb3a432268e5831,GLV [WBTC-USDC],0xdf03eed325b82bc1d4db8b49c30ecc9e05104b96,active_borrowers,wallets,,,p180,2026-08-17T13:00:00Z,56,0,0,0,35,35,35,35,2026-02-13T13:00:00Z,11,11,35,35,11,11,applicable,0.314285714286,applicable,0.314285714286
v1.0,market,0x14982da64b67967ef3a70c2f3b7d05518f7dd4ba98d850c40c46618c75059a64,1,0x14982da64b67967ef3a70c2f3b7d05518f7dd4ba98d850c40c46618c75059a64,full_scope_other,USDC,0xaf88d065e77c8cc2239327c5edb3a432268e5831,GLV [WETH-USDC],0x528a5bac7e746c9a509a1f4f6df58a03d44279f9,borrowed_assets,USDC,0xaf88d065e77c8cc2239327c5edb3a432268e5831,6,p30,2026-03-20T13:00:00Z,56,0,0,0,348205047869,348205.047869,1289842816142,1289842.816142,2025-11-03T13:00:00Z,109319517152,109319.517152,348205047869,348205.047869,109319517152,109319.517152,applicable,0.313951557627,applicable,0.084754138864
v1.0,market,0x14982da64b67967ef3a70c2f3b7d05518f7dd4ba98d850c40c46618c75059a64,1,0x14982da64b67967ef3a70c2f3b7d05518f7dd4ba98d850c40c46618c75059a64,full_scope_other,USDC,0xaf88d065e77c8cc2239327c5edb3a432268e5831,GLV [WETH-USDC],0x528a5bac7e746c9a509a1f4f6df58a03d44279f9,borrowed_assets,USDC,0xaf88d065e77c8cc2239327c5edb3a432268e5831,6,p90,2026-05-19T13:00:00Z,56,0,0,0,348205047869,348205.047869,1289842816142,1289842.816142,2025-11-03T13:00:00Z,25393901044,25393.901044,348205047869,348205.047869,25393901044,25393.901044,applicable,0.072928009515,applicable,0.019687593501
v1.0,market,0x14982da64b67967ef3a70c2f3b7d05518f7dd4ba98d850c40c46618c75059a64,1,0x14982da64b67967ef3a70c2f3b7d05518f7dd4ba98d850c40c46618c75059a64,full_scope_other,USDC,0xaf88d065e77c8cc2239327c5edb3a432268e5831,GLV [WETH-USDC],0x528a5bac7e746c9a509a1f4f6df58a03d44279f9,borrowed_assets,USDC,0xaf88d065e77c8cc2239327c5edb3a432268e5831,6,p180,2026-08-17T13:00:00Z,56,0,0,0,348205047869,348205.047869,1289842816142,1289842.816142,2025-11-03T13:00:00Z,18538828390,18538.82839,348205047869,348205.047869,18538828390,18538.82839,applicable,0.053241124744,applicable,0.014372936111
v1.0,market,0x14982da64b67967ef3a70c2f3b7d05518f7dd4ba98d850c40c46618c75059a64,1,0x14982da64b67967ef3a70c2f3b7d05518f7dd4ba98d850c40c46618c75059a64,full_scope_other,USDC,0xaf88d065e77c8cc2239327c5edb3a432268e5831,GLV [WETH-USDC],0x528a5bac7e746c9a509a1f4f6df58a03d44279f9,supplied_assets,USDC,0xaf88d065e77c8cc2239327c5edb3a432268e5831,6,p30,2026-03-20T13:00:00Z,56,0,0,0,385872775471,385872.775471,2225977742451,2225977.742451,2025-11-21T13:00:00Z,132231069912,132231.069912,385872775471,385872.775471,132231069912,132231.069912,applicable,0.342680485169,applicable,0.059403590337
v1.0,market,0x14982da64b67967ef3a70c2f3b7d05518f7dd4ba98d850c40c46618c75059a64,1,0x14982da64b67967ef3a70c2f3b7d05518f7dd4ba98d850c40c46618c75059a64,full_scope_other,USDC,0xaf88d065e77c8cc2239327c5edb3a432268e5831,GLV [WETH-USDC],0x528a5bac7e746c9a509a1f4f6df58a03d44279f9,supplied_assets,USDC,0xaf88d065e77c8cc2239327c5edb3a432268e5831,6,p90,2026-05-19T13:00:00Z,56,0,0,0,385872775471,385872.775471,2225977742451,2225977.742451,2025-11-21T13:00:00Z,30663696642,30663.696642,385872775471,385872.775471,30663696642,30663.696642,applicable,0.07946582032,applicable,0.01377538331
v1.0,market,0x14982da64b67967ef3a70c2f3b7d05518f7dd4ba98d850c40c46618c75059a64,1,0x14982da64b67967ef3a70c2f3b7d05518f7dd4ba98d850c40c46618c75059a64,full_scope_other,USDC,0xaf88d065e77c8cc2239327c5edb3a432268e5831,GLV [WETH-USDC],0x528a5bac7e746c9a509a1f4f6df58a03d44279f9,supplied_assets,USDC,0xaf88d065e77c8cc2239327c5edb3a432268e5831,6,p180,2026-08-17T13:00:00Z,56,0,0,0,385872775471,385872.775471,2225977742451,2225977.742451,2025-11-21T13:00:00Z,21541648545,21541.648545,385872775471,385872.775471,21541648545,21541.648545,applicable,0.055825779672,applicable,0.009677387215
v1.0,market,0x14982da64b67967ef3a70c2f3b7d05518f7dd4ba98d850c40c46618c75059a64,1,0x14982da64b67967ef3a70c2f3b7d05518f7dd4ba98d850c40c46618c75059a64,full_scope_other,USDC,0xaf88d065e77c8cc2239327c5edb3a432268e5831,GLV [WETH-USDC],0x528a5bac7e746c9a509a1f4f6df58a03d44279f9,collateral_assets,GLV [WETH-USDC],0x528a5bac7e746c9a509a1f4f6df58a03d44279f9,18,p30,2026-03-20T13:00:00Z,56,0,0,0,579903176566716016077807,579903.176566716016,1303964284703496252299562,1303964.284703496252,2025-10-22T13:00:00Z,166241750839820274542129,166241.750839820275,579903176566716016077807,579903.176566716016,166241750839820274542129,166241.750839820275,applicable,0.286671564422,applicable,0.127489497059
v1.0,market,0x14982da64b67967ef3a70c2f3b7d05518f7dd4ba98d850c40c46618c75059a64,1,0x14982da64b67967ef3a70c2f3b7d05518f7dd4ba98d850c40c46618c75059a64,full_scope_other,USDC,0xaf88d065e77c8cc2239327c5edb3a432268e5831,GLV [WETH-USDC],0x528a5bac7e746c9a509a1f4f6df58a03d44279f9,collateral_assets,GLV [WETH-USDC],0x528a5bac7e746c9a509a1f4f6df58a03d44279f9,18,p90,2026-05-19T13:00:00Z,56,0,0,0,579903176566716016077807,579903.176566716016,1303964284703496252299562,1303964.284703496252,2025-10-22T13:00:00Z,38655182246922050925682,38655.182246922051,579903176566716016077807,579903.176566716016,38655182246922050925682,38655.182246922051,applicable,0.066657993625,applicable,0.029644356598
v1.0,market,0x14982da64b67967ef3a70c2f3b7d05518f7dd4ba98d850c40c46618c75059a64,1,0x14982da64b67967ef3a70c2f3b7d05518f7dd4ba98d850c40c46618c75059a64,full_scope_other,USDC,0xaf88d065e77c8cc2239327c5edb3a432268e5831,GLV [WETH-USDC],0x528a5bac7e746c9a509a1f4f6df58a03d44279f9,collateral_assets,GLV [WETH-USDC],0x528a5bac7e746c9a509a1f4f6df58a03d44279f9,18,p180,2026-08-17T13:00:00Z,56,0,0,0,579903176566716016077807,579903.176566716016,1303964284703496252299562,1303964.284703496252,2025-10-22T13:00:00Z,28948623726511810148792,28948.62372651181,579903176566716016077807,579903.176566716016,28948623726511810148792,28948.62372651181,applicable,0.04991975367,applicable,0.02220047287
v1.0,market,0x14982da64b67967ef3a70c2f3b7d05518f7dd4ba98d850c40c46618c75059a64,1,0x14982da64b67967ef3a70c2f3b7d05518f7dd4ba98d850c40c46618c75059a64,full_scope_other,USDC,0xaf88d065e77c8cc2239327c5edb3a432268e5831,GLV [WETH-USDC],0x528a5bac7e746c9a509a1f4f6df58a03d44279f9,active_borrowers,wallets,,,p30,2026-03-20T13:00:00Z,56,0,0,0,44,44,50,50,2026-01-19T13:00:00Z,41,41,44,44,41,41,applicable,0.931818181818,applicable,0.82
v1.0,market,0x14982da64b67967ef3a70c2f3b7d05518f7dd4ba98d850c40c46618c75059a64,1,0x14982da64b67967ef3a70c2f3b7d05518f7dd4ba98d850c40c46618c75059a64,full_scope_other,USDC,0xaf88d065e77c8cc2239327c5edb3a432268e5831,GLV [WETH-USDC],0x528a5bac7e746c9a509a1f4f6df58a03d44279f9,active_borrowers,wallets,,,p90,2026-05-19T13:00:00Z,56,0,0,0,44,44,50,50,2026-01-19T13:00:00Z,24,24,44,44,24,24,applicable,0.545454545455,applicable,0.48
v1.0,market,0x14982da64b67967ef3a70c2f3b7d05518f7dd4ba98d850c40c46618c75059a64,1,0x14982da64b67967ef3a70c2f3b7d05518f7dd4ba98d850c40c46618c75059a64,full_scope_other,USDC,0xaf88d065e77c8cc2239327c5edb3a432268e5831,GLV [WETH-USDC],0x528a5bac7e746c9a509a1f4f6df58a03d44279f9,active_borrowers,wallets,,,p180,2026-08-17T13:00:00Z,56,0,0,0,44,44,50,50,2026-01-19T13:00:00Z,16,16,44,44,16,16,applicable,0.363636363636,applicable,0.32
v1.0,market,0x1a926ab8add08dca634f8d6cecd8c866e166a4affc65801beda9f239d21b622a,1,0x1a926ab8add08dca634f8d6cecd8c866e166a4affc65801beda9f239d21b622a,full_scope_other,USDC,0xaf88d065e77c8cc2239327c5edb3a432268e5831,GM,0x70d95587d40a2caf56bd97485ab3eec10bee6336,borrowed_assets,USDC,0xaf88d065e77c8cc2239327c5edb3a432268e5831,6,p30,2026-03-20T13:00:00Z,56,1000001,17857.160714285714,0.017857160714,93213104925,93213.104925,303413313865,303413.313865,2025-09-26T13:00:00Z,102862574500,102862.5745,93213087067.839285714286,93213.087067839286,102862556642.839285714286,102862.556642839286,applicable,1.103520545006,applicable,0.339017959978
v1.0,market,0x1a926ab8add08dca634f8d6cecd8c866e166a4affc65801beda9f239d21b622a,1,0x1a926ab8add08dca634f8d6cecd8c866e166a4affc65801beda9f239d21b622a,full_scope_other,USDC,0xaf88d065e77c8cc2239327c5edb3a432268e5831,GM,0x70d95587d40a2caf56bd97485ab3eec10bee6336,borrowed_assets,USDC,0xaf88d065e77c8cc2239327c5edb3a432268e5831,6,p90,2026-05-19T13:00:00Z,56,1000001,17857.160714285714,0.017857160714,93213104925,93213.104925,303413313865,303413.313865,2025-09-26T13:00:00Z,14780070075,14780.070075,93213087067.839285714286,93213.087067839286,14780052217.839285714286,14780.052217839286,applicable,0.15856198612,applicable,0.048712605586
v1.0,market,0x1a926ab8add08dca634f8d6cecd8c866e166a4affc65801beda9f239d21b622a,1,0x1a926ab8add08dca634f8d6cecd8c866e166a4affc65801beda9f239d21b622a,full_scope_other,USDC,0xaf88d065e77c8cc2239327c5edb3a432268e5831,GM,0x70d95587d40a2caf56bd97485ab3eec10bee6336,borrowed_assets,USDC,0xaf88d065e77c8cc2239327c5edb3a432268e5831,6,p180,2026-08-17T13:00:00Z,56,1000001,17857.160714285714,0.017857160714,93213104925,93213.104925,303413313865,303413.313865,2025-09-26T13:00:00Z,10019832881,10019.832881,93213087067.839285714286,93213.087067839286,10019815023.839285714286,10019.815023839286,applicable,0.10749365072,applicable,0.033023651751
v1.0,market,0x1a926ab8add08dca634f8d6cecd8c866e166a4affc65801beda9f239d21b622a,1,0x1a926ab8add08dca634f8d6cecd8c866e166a4affc65801beda9f239d21b622a,full_scope_other,USDC,0xaf88d065e77c8cc2239327c5edb3a432268e5831,GM,0x70d95587d40a2caf56bd97485ab3eec10bee6336,supplied_assets,USDC,0xaf88d065e77c8cc2239327c5edb3a432268e5831,6,p30,2026-03-20T13:00:00Z,56,1753386,31310.464285714286,0.031310464286,104762207438,104762.207438,408918573795,408918.573795,2025-11-28T13:00:00Z,129863185188,129863.185188,104762176127.535714285714,104762.176127535714,129863153877.535714285714,129863.153877535714,applicable,1.239599621522,applicable,0.317577073146
v1.0,market,0x1a926ab8add08dca634f8d6cecd8c866e166a4affc65801beda9f239d21b622a,1,0x1a926ab8add08dca634f8d6cecd8c866e166a4affc65801beda9f239d21b622a,full_scope_other,USDC,0xaf88d065e77c8cc2239327c5edb3a432268e5831,GM,0x70d95587d40a2caf56bd97485ab3eec10bee6336,supplied_assets,USDC,0xaf88d065e77c8cc2239327c5edb3a432268e5831,6,p90,2026-05-19T13:00:00Z,56,1753386,31310.464285714286,0.031310464286,104762207438,104762.207438,408918573795,408918.573795,2025-11-28T13:00:00Z,18323725563,18323.725563,104762176127.535714285714,104762.176127535714,18323694252.535714285714,18323.694252535714,applicable,0.174907537528,applicable,0.044810132945
v1.0,market,0x1a926ab8add08dca634f8d6cecd8c866e166a4affc65801beda9f239d21b622a,1,0x1a926ab8add08dca634f8d6cecd8c866e166a4affc65801beda9f239d21b622a,full_scope_other,USDC,0xaf88d065e77c8cc2239327c5edb3a432268e5831,GM,0x70d95587d40a2caf56bd97485ab3eec10bee6336,supplied_assets,USDC,0xaf88d065e77c8cc2239327c5edb3a432268e5831,6,p180,2026-08-17T13:00:00Z,56,1753386,31310.464285714286,0.031310464286,104762207438,104762.207438,408918573795,408918.573795,2025-11-28T13:00:00Z,11775967095,11775.967095,104762176127.535714285714,104762.176127535714,11775935784.535714285714,11775.935784535714,applicable,0.112406368594,applicable,0.02879775447
v1.0,market,0x1a926ab8add08dca634f8d6cecd8c866e166a4affc65801beda9f239d21b622a,1,0x1a926ab8add08dca634f8d6cecd8c866e166a4affc65801beda9f239d21b622a,full_scope_other,USDC,0xaf88d065e77c8cc2239327c5edb3a432268e5831,GM,0x70d95587d40a2caf56bd97485ab3eec10bee6336,collateral_assets,GM,0x70d95587d40a2caf56bd97485ab3eec10bee6336,18,p30,2026-03-20T13:00:00Z,56,2000000000000000000,35714285714285714.285714285714,0.035714285714,113431617658814511683478,113431.617658814512,222098720708808199701943,222098.7207088082,2025-09-28T13:00:00Z,135075168500975196125850,135075.168500975196,113431581944528797397763.714285714286,113431.581944528797,135075132786689481840135.714285714286,135075.132786689482,applicable,1.190807096852,applicable,0.608176193344
v1.0,market,0x1a926ab8add08dca634f8d6cecd8c866e166a4affc65801beda9f239d21b622a,1,0x1a926ab8add08dca634f8d6cecd8c866e166a4affc65801beda9f239d21b622a,full_scope_other,USDC,0xaf88d065e77c8cc2239327c5edb3a432268e5831,GM,0x70d95587d40a2caf56bd97485ab3eec10bee6336,collateral_assets,GM,0x70d95587d40a2caf56bd97485ab3eec10bee6336,18,p90,2026-05-19T13:00:00Z,56,2000000000000000000,35714285714285714.285714285714,0.035714285714,113431617658814511683478,113431.617658814512,222098720708808199701943,222098.7207088082,2025-09-28T13:00:00Z,17817025261637345517743,17817.025261637346,113431581944528797397763.714285714286,113431.581944528797,17816989547351631232028.714285714286,17816.989547351631,applicable,0.15707256517,applicable,0.08022104925
v1.0,market,0x1a926ab8add08dca634f8d6cecd8c866e166a4affc65801beda9f239d21b622a,1,0x1a926ab8add08dca634f8d6cecd8c866e166a4affc65801beda9f239d21b622a,full_scope_other,USDC,0xaf88d065e77c8cc2239327c5edb3a432268e5831,GM,0x70d95587d40a2caf56bd97485ab3eec10bee6336,collateral_assets,GM,0x70d95587d40a2caf56bd97485ab3eec10bee6336,18,p180,2026-08-17T13:00:00Z,56,2000000000000000000,35714285714285714.285714285714,0.035714285714,113431617658814511683478,113431.617658814512,222098720708808199701943,222098.7207088082,2025-09-28T13:00:00Z,12249690678194015252073,12249.690678194015,113431581944528797397763.714285714286,113431.581944528797,12249654963908300966358.714285714286,12249.654963908301,applicable,0.107991573016,applicable,0.055154108473
v1.0,market,0x1a926ab8add08dca634f8d6cecd8c866e166a4affc65801beda9f239d21b622a,1,0x1a926ab8add08dca634f8d6cecd8c866e166a4affc65801beda9f239d21b622a,full_scope_other,USDC,0xaf88d065e77c8cc2239327c5edb3a432268e5831,GM,0x70d95587d40a2caf56bd97485ab3eec10bee6336,active_borrowers,wallets,,,p30,2026-03-20T13:00:00Z,56,1,0.017857142857,0.017857142857,42,42,46,46,2026-02-02T13:00:00Z,45,45,41.982142857143,41.982142857143,44.982142857143,44.982142857143,applicable,1.071458953637,applicable,0.978252427184
v1.0,market,0x1a926ab8add08dca634f8d6cecd8c866e166a4affc65801beda9f239d21b622a,1,0x1a926ab8add08dca634f8d6cecd8c866e166a4affc65801beda9f239d21b622a,full_scope_other,USDC,0xaf88d065e77c8cc2239327c5edb3a432268e5831,GM,0x70d95587d40a2caf56bd97485ab3eec10bee6336,active_borrowers,wallets,,,p90,2026-05-19T13:00:00Z,56,1,0.017857142857,0.017857142857,42,42,46,46,2026-02-02T13:00:00Z,19,19,41.982142857143,41.982142857143,18.982142857143,18.982142857143,applicable,0.452148022118,applicable,0.412815533981
v1.0,market,0x1a926ab8add08dca634f8d6cecd8c866e166a4affc65801beda9f239d21b622a,1,0x1a926ab8add08dca634f8d6cecd8c866e166a4affc65801beda9f239d21b622a,full_scope_other,USDC,0xaf88d065e77c8cc2239327c5edb3a432268e5831,GM,0x70d95587d40a2caf56bd97485ab3eec10bee6336,active_borrowers,wallets,,,p180,2026-08-17T13:00:00Z,56,1,0.017857142857,0.017857142857,42,42,46,46,2026-02-02T13:00:00Z,11,11,41.982142857143,41.982142857143,10.982142857143,10.982142857143,applicable,0.26159081242,applicable,0.238834951456
v1.0,market,0x6a2b0c23c79dde84628314d21797f7bd5b06ae36e6bde6924ece64ef4821d2df,1,0x6a2b0c23c79dde84628314d21797f7bd5b06ae36e6bde6924ece64ef4821d2df,full_scope_other,USDC,0xaf88d065e77c8cc2239327c5edb3a432268e5831,PT-sUSDai-19FEB2026,0x1bf1311fcf914a69dd5805c9b06b72f80539cb3f,borrowed_assets,USDC,0xaf88d065e77c8cc2239327c5edb3a432268e5831,6,p30,2026-03-20T13:00:00Z,56,0,0,0,451815,0.451815,451815,0.451815,2026-01-29T13:00:00Z,451815,0.451815,451815,0.451815,451815,0.451815,applicable,1,applicable,1
v1.0,market,0x6a2b0c23c79dde84628314d21797f7bd5b06ae36e6bde6924ece64ef4821d2df,1,0x6a2b0c23c79dde84628314d21797f7bd5b06ae36e6bde6924ece64ef4821d2df,full_scope_other,USDC,0xaf88d065e77c8cc2239327c5edb3a432268e5831,PT-sUSDai-19FEB2026,0x1bf1311fcf914a69dd5805c9b06b72f80539cb3f,borrowed_assets,USDC,0xaf88d065e77c8cc2239327c5edb3a432268e5831,6,p90,2026-05-19T13:00:00Z,56,0,0,0,451815,0.451815,451815,0.451815,2026-01-29T13:00:00Z,451815,0.451815,451815,0.451815,451815,0.451815,applicable,1,applicable,1
v1.0,market,0x6a2b0c23c79dde84628314d21797f7bd5b06ae36e6bde6924ece64ef4821d2df,1,0x6a2b0c23c79dde84628314d21797f7bd5b06ae36e6bde6924ece64ef4821d2df,full_scope_other,USDC,0xaf88d065e77c8cc2239327c5edb3a432268e5831,PT-sUSDai-19FEB2026,0x1bf1311fcf914a69dd5805c9b06b72f80539cb3f,borrowed_assets,USDC,0xaf88d065e77c8cc2239327c5edb3a432268e5831,6,p180,2026-08-17T13:00:00Z,56,0,0,0,451815,0.451815,451815,0.451815,2026-01-29T13:00:00Z,451815,0.451815,451815,0.451815,451815,0.451815,applicable,1,applicable,1
v1.0,market,0x6a2b0c23c79dde84628314d21797f7bd5b06ae36e6bde6924ece64ef4821d2df,1,0x6a2b0c23c79dde84628314d21797f7bd5b06ae36e6bde6924ece64ef4821d2df,full_scope_other,USDC,0xaf88d065e77c8cc2239327c5edb3a432268e5831,PT-sUSDai-19FEB2026,0x1bf1311fcf914a69dd5805c9b06b72f80539cb3f,supplied_assets,USDC,0xaf88d065e77c8cc2239327c5edb3a432268e5831,6,p30,2026-03-20T13:00:00Z,56,0,0,0,502803,0.502803,551546,0.551546,2026-01-01T13:00:00Z,502803,0.502803,502803,0.502803,502803,0.502803,applicable,1,applicable,0.91162477835
v1.0,market,0x6a2b0c23c79dde84628314d21797f7bd5b06ae36e6bde6924ece64ef4821d2df,1,0x6a2b0c23c79dde84628314d21797f7bd5b06ae36e6bde6924ece64ef4821d2df,full_scope_other,USDC,0xaf88d065e77c8cc2239327c5edb3a432268e5831,PT-sUSDai-19FEB2026,0x1bf1311fcf914a69dd5805c9b06b72f80539cb3f,supplied_assets,USDC,0xaf88d065e77c8cc2239327c5edb3a432268e5831,6,p90,2026-05-19T13:00:00Z,56,0,0,0,502803,0.502803,551546,0.551546,2026-01-01T13:00:00Z,502803,0.502803,502803,0.502803,502803,0.502803,applicable,1,applicable,0.91162477835
v1.0,market,0x6a2b0c23c79dde84628314d21797f7bd5b06ae36e6bde6924ece64ef4821d2df,1,0x6a2b0c23c79dde84628314d21797f7bd5b06ae36e6bde6924ece64ef4821d2df,full_scope_other,USDC,0xaf88d065e77c8cc2239327c5edb3a432268e5831,PT-sUSDai-19FEB2026,0x1bf1311fcf914a69dd5805c9b06b72f80539cb3f,supplied_assets,USDC,0xaf88d065e77c8cc2239327c5edb3a432268e5831,6,p180,2026-08-17T13:00:00Z,56,0,0,0,502803,0.502803,551546,0.551546,2026-01-01T13:00:00Z,502803,0.502803,502803,0.502803,502803,0.502803,applicable,1,applicable,0.91162477835
v1.0,market,0x6a2b0c23c79dde84628314d21797f7bd5b06ae36e6bde6924ece64ef4821d2df,1,0x6a2b0c23c79dde84628314d21797f7bd5b06ae36e6bde6924ece64ef4821d2df,full_scope_other,USDC,0xaf88d065e77c8cc2239327c5edb3a432268e5831,PT-sUSDai-19FEB2026,0x1bf1311fcf914a69dd5805c9b06b72f80539cb3f,collateral_assets,PT-sUSDai-19FEB2026,0x1bf1311fcf914a69dd5805c9b06b72f80539cb3f,18,p30,2026-03-20T13:00:00Z,56,0,0,0,1000000000000000000,1,1000000000000000000,1,2025-12-11T13:00:00Z,1000000000000000000,1,1000000000000000000,1,1000000000000000000,1,applicable,1,applicable,1
v1.0,market,0x6a2b0c23c79dde84628314d21797f7bd5b06ae36e6bde6924ece64ef4821d2df,1,0x6a2b0c23c79dde84628314d21797f7bd5b06ae36e6bde6924ece64ef4821d2df,full_scope_other,USDC,0xaf88d065e77c8cc2239327c5edb3a432268e5831,PT-sUSDai-19FEB2026,0x1bf1311fcf914a69dd5805c9b06b72f80539cb3f,collateral_assets,PT-sUSDai-19FEB2026,0x1bf1311fcf914a69dd5805c9b06b72f80539cb3f,18,p90,2026-05-19T13:00:00Z,56,0,0,0,1000000000000000000,1,1000000000000000000,1,2025-12-11T13:00:00Z,1000000000000000000,1,1000000000000000000,1,1000000000000000000,1,applicable,1,applicable,1
v1.0,market,0x6a2b0c23c79dde84628314d21797f7bd5b06ae36e6bde6924ece64ef4821d2df,1,0x6a2b0c23c79dde84628314d21797f7bd5b06ae36e6bde6924ece64ef4821d2df,full_scope_other,USDC,0xaf88d065e77c8cc2239327c5edb3a432268e5831,PT-sUSDai-19FEB2026,0x1bf1311fcf914a69dd5805c9b06b72f80539cb3f,collateral_assets,PT-sUSDai-19FEB2026,0x1bf1311fcf914a69dd5805c9b06b72f80539cb3f,18,p180,2026-08-17T13:00:00Z,56,0,0,0,1000000000000000000,1,1000000000000000000,1,2025-12-11T13:00:00Z,1000000000000000000,1,1000000000000000000,1,1000000000000000000,1,applicable,1,applicable,1
v1.0,market,0x6a2b0c23c79dde84628314d21797f7bd5b06ae36e6bde6924ece64ef4821d2df,1,0x6a2b0c23c79dde84628314d21797f7bd5b06ae36e6bde6924ece64ef4821d2df,full_scope_other,USDC,0xaf88d065e77c8cc2239327c5edb3a432268e5831,PT-sUSDai-19FEB2026,0x1bf1311fcf914a69dd5805c9b06b72f80539cb3f,active_borrowers,wallets,,,p30,2026-03-20T13:00:00Z,56,0,0,0,0,0,0,0,2025-09-03T13:00:00Z,0,0,0,0,0,0,not_applicable_no_positive_end_uplift,,not_applicable_no_positive_peak_uplift,
v1.0,market,0x6a2b0c23c79dde84628314d21797f7bd5b06ae36e6bde6924ece64ef4821d2df,1,0x6a2b0c23c79dde84628314d21797f7bd5b06ae36e6bde6924ece64ef4821d2df,full_scope_other,USDC,0xaf88d065e77c8cc2239327c5edb3a432268e5831,PT-sUSDai-19FEB2026,0x1bf1311fcf914a69dd5805c9b06b72f80539cb3f,active_borrowers,wallets,,,p90,2026-05-19T13:00:00Z,56,0,0,0,0,0,0,0,2025-09-03T13:00:00Z,0,0,0,0,0,0,not_applicable_no_positive_end_uplift,,not_applicable_no_positive_peak_uplift,
v1.0,market,0x6a2b0c23c79dde84628314d21797f7bd5b06ae36e6bde6924ece64ef4821d2df,1,0x6a2b0c23c79dde84628314d21797f7bd5b06ae36e6bde6924ece64ef4821d2df,full_scope_other,USDC,0xaf88d065e77c8cc2239327c5edb3a432268e5831,PT-sUSDai-19FEB2026,0x1bf1311fcf914a69dd5805c9b06b72f80539cb3f,active_borrowers,wallets,,,p180,2026-08-17T13:00:00Z,56,0,0,0,0,0,0,0,2025-09-03T13:00:00Z,0,0,0,0,0,0,not_applicable_no_positive_end_uplift,,not_applicable_no_positive_peak_uplift,
v1.0,market,0x7717f1e04510390518811b3133ea47c298094ddd1d806ed8f8867d88c727bad7,1,0x7717f1e04510390518811b3133ea47c298094ddd1d806ed8f8867d88c727bad7,full_scope_other,USDC,0xaf88d065e77c8cc2239327c5edb3a432268e5831,PT-sUSDai-19FEB2026,0x1bf1311fcf914a69dd5805c9b06b72f80539cb3f,borrowed_assets,USDC,0xaf88d065e77c8cc2239327c5edb3a432268e5831,6,p30,2026-03-20T13:00:00Z,56,0,0,0,8706982212113,8706982.212113,14595328619439,14595328.619439,2026-02-02T13:00:00Z,2345891212,2345.891212,8706982212113,8706982.212113,2345891212,2345.891212,applicable,0.000269426439,applicable,0.000160728907
v1.0,market,0x7717f1e04510390518811b3133ea47c298094ddd1d806ed8f8867d88c727bad7,1,0x7717f1e04510390518811b3133ea47c298094ddd1d806ed8f8867d88c727bad7,full_scope_other,USDC,0xaf88d065e77c8cc2239327c5edb3a432268e5831,PT-sUSDai-19FEB2026,0x1bf1311fcf914a69dd5805c9b06b72f80539cb3f,borrowed_assets,USDC,0xaf88d065e77c8cc2239327c5edb3a432268e5831,6,p90,2026-05-19T13:00:00Z,56,0,0,0,8706982212113,8706982.212113,14595328619439,14595328.619439,2026-02-02T13:00:00Z,11045756,11.045756,8706982212113,8706982.212113,11045756,11.045756,applicable,0.000001268609,applicable,0.000000756801
v1.0,market,0x7717f1e04510390518811b3133ea47c298094ddd1d806ed8f8867d88c727bad7,1,0x7717f1e04510390518811b3133ea47c298094ddd1d806ed8f8867d88c727bad7,full_scope_other,USDC,0xaf88d065e77c8cc2239327c5edb3a432268e5831,PT-sUSDai-19FEB2026,0x1bf1311fcf914a69dd5805c9b06b72f80539cb3f,borrowed_assets,USDC,0xaf88d065e77c8cc2239327c5edb3a432268e5831,6,p180,2026-08-17T13:00:00Z,56,0,0,0,8706982212113,8706982.212113,14595328619439,14595328.619439,2026-02-02T13:00:00Z,431920,0.43192,8706982212113,8706982.212113,431920,0.43192,applicable,0.000000049606,applicable,0.000000029593
v1.0,market,0x7717f1e04510390518811b3133ea47c298094ddd1d806ed8f8867d88c727bad7,1,0x7717f1e04510390518811b3133ea47c298094ddd1d806ed8f8867d88c727bad7,full_scope_other,USDC,0xaf88d065e77c8cc2239327c5edb3a432268e5831,PT-sUSDai-19FEB2026,0x1bf1311fcf914a69dd5805c9b06b72f80539cb3f,supplied_assets,USDC,0xaf88d065e77c8cc2239327c5edb3a432268e5831,6,p30,2026-03-20T13:00:00Z,56,0,0,0,11924485859938,11924485.859938,16175328558624,16175328.558624,2026-02-02T13:00:00Z,3565737961,3565.737961,11924485859938,11924485.859938,3565737961,3565.737961,applicable,0.000299026558,applicable,0.000220443
v1.0,market,0x7717f1e04510390518811b3133ea47c298094ddd1d806ed8f8867d88c727bad7,1,0x7717f1e04510390518811b3133ea47c298094ddd1d806ed8f8867d88c727bad7,full_scope_other,USDC,0xaf88d065e77c8cc2239327c5edb3a432268e5831,PT-sUSDai-19FEB2026,0x1bf1311fcf914a69dd5805c9b06b72f80539cb3f,supplied_assets,USDC,0xaf88d065e77c8cc2239327c5edb3a432268e5831,6,p90,2026-05-19T13:00:00Z,56,0,0,0,11924485859938,11924485.859938,16175328558624,16175328.558624,2026-02-02T13:00:00Z,11130541,11.130541,11924485859938,11924485.859938,11130541,11.130541,applicable,0.000000933419,applicable,0.000000688118
v1.0,market,0x7717f1e04510390518811b3133ea47c298094ddd1d806ed8f8867d88c727bad7,1,0x7717f1e04510390518811b3133ea47c298094ddd1d806ed8f8867d88c727bad7,full_scope_other,USDC,0xaf88d065e77c8cc2239327c5edb3a432268e5831,PT-sUSDai-19FEB2026,0x1bf1311fcf914a69dd5805c9b06b72f80539cb3f,supplied_assets,USDC,0xaf88d065e77c8cc2239327c5edb3a432268e5831,6,p180,2026-08-17T13:00:00Z,56,0,0,0,11924485859938,11924485.859938,16175328558624,16175328.558624,2026-02-02T13:00:00Z,7515491,7.515491,11924485859938,11924485.859938,7515491,7.515491,applicable,0.000000630257,applicable,0.000000464627
v1.0,market,0x7717f1e04510390518811b3133ea47c298094ddd1d806ed8f8867d88c727bad7,1,0x7717f1e04510390518811b3133ea47c298094ddd1d806ed8f8867d88c727bad7,full_scope_other,USDC,0xaf88d065e77c8cc2239327c5edb3a432268e5831,PT-sUSDai-19FEB2026,0x1bf1311fcf914a69dd5805c9b06b72f80539cb3f,collateral_assets,PT-sUSDai-19FEB2026,0x1bf1311fcf914a69dd5805c9b06b72f80539cb3f,18,p30,2026-03-20T13:00:00Z,56,0,0,0,12055304229967657199657646,12055304.2299676572,19355044950898265436255310,19355044.950898265436,2026-02-02T13:00:00Z,3764020893590702685639,3764.020893590703,12055304229967657199657646,12055304.2299676572,3764020893590702685639,3764.020893590703,applicable,0.00031222944,applicable,0.000194472341
v1.0,market,0x7717f1e04510390518811b3133ea47c298094ddd1d806ed8f8867d88c727bad7,1,0x7717f1e04510390518811b3133ea47c298094ddd1d806ed8f8867d88c727bad7,full_scope_other,USDC,0xaf88d065e77c8cc2239327c5edb3a432268e5831,PT-sUSDai-19FEB2026,0x1bf1311fcf914a69dd5805c9b06b72f80539cb3f,collateral_assets,PT-sUSDai-19FEB2026,0x1bf1311fcf914a69dd5805c9b06b72f80539cb3f,18,p90,2026-05-19T13:00:00Z,56,0,0,0,12055304229967657199657646,12055304.2299676572,19355044950898265436255310,19355044.950898265436,2026-02-02T13:00:00Z,57343424339518736846,57.343424339519,12055304229967657199657646,12055304.2299676572,57343424339518736846,57.343424339519,applicable,0.000004756697,applicable,0.000002962712
v1.0,market,0x7717f1e04510390518811b3133ea47c298094ddd1d806ed8f8867d88c727bad7,1,0x7717f1e04510390518811b3133ea47c298094ddd1d806ed8f8867d88c727bad7,full_scope_other,USDC,0xaf88d065e77c8cc2239327c5edb3a432268e5831,PT-sUSDai-19FEB2026,0x1bf1311fcf914a69dd5805c9b06b72f80539cb3f,collateral_assets,PT-sUSDai-19FEB2026,0x1bf1311fcf914a69dd5805c9b06b72f80539cb3f,18,p180,2026-08-17T13:00:00Z,56,0,0,0,12055304229967657199657646,12055304.2299676572,19355044950898265436255310,19355044.950898265436,2026-02-02T13:00:00Z,29474398637769321977,29.474398637769,12055304229967657199657646,12055304.2299676572,29474398637769321977,29.474398637769,applicable,0.000002444932,applicable,0.000001522828
v1.0,market,0x7717f1e04510390518811b3133ea47c298094ddd1d806ed8f8867d88c727bad7,1,0x7717f1e04510390518811b3133ea47c298094ddd1d806ed8f8867d88c727bad7,full_scope_other,USDC,0xaf88d065e77c8cc2239327c5edb3a432268e5831,PT-sUSDai-19FEB2026,0x1bf1311fcf914a69dd5805c9b06b72f80539cb3f,active_borrowers,wallets,,,p30,2026-03-20T13:00:00Z,56,0,0,0,78,78,102,102,2026-01-24T13:00:00Z,3,3,78,78,3,3,applicable,0.038461538462,applicable,0.029411764706
v1.0,market,0x7717f1e04510390518811b3133ea47c298094ddd1d806ed8f8867d88c727bad7,1,0x7717f1e04510390518811b3133ea47c298094ddd1d806ed8f8867d88c727bad7,full_scope_other,USDC,0xaf88d065e77c8cc2239327c5edb3a432268e5831,PT-sUSDai-19FEB2026,0x1bf1311fcf914a69dd5805c9b06b72f80539cb3f,active_borrowers,wallets,,,p90,2026-05-19T13:00:00Z,56,0,0,0,78,78,102,102,2026-01-24T13:00:00Z,1,1,78,78,1,1,applicable,0.012820512821,applicable,0.009803921569
v1.0,market,0x7717f1e04510390518811b3133ea47c298094ddd1d806ed8f8867d88c727bad7,1,0x7717f1e04510390518811b3133ea47c298094ddd1d806ed8f8867d88c727bad7,full_scope_other,USDC,0xaf88d065e77c8cc2239327c5edb3a432268e5831,PT-sUSDai-19FEB2026,0x1bf1311fcf914a69dd5805c9b06b72f80539cb3f,active_borrowers,wallets,,,p180,2026-08-17T13:00:00Z,56,0,0,0,78,78,102,102,2026-01-24T13:00:00Z,0,0,78,78,0,0,applicable,0,applicable,0
v1.0,market,0x52f4d5038749565658a51f43d214e811c328c00c8b58c544accfb8924e8be8f8,1,0x52f4d5038749565658a51f43d214e811c328c00c8b58c544accfb8924e8be8f8,full_scope_other,USDC,0xaf88d065e77c8cc2239327c5edb3a432268e5831,PT-sUSDai-20NOV2025,0x936f210d277bf489a3211cef9ab4bc47a7b69c96,borrowed_assets,USDC,0xaf88d065e77c8cc2239327c5edb3a432268e5831,6,p30,2026-03-20T13:00:00Z,56,0,0,0,0,0,0,0,2025-09-03T13:00:00Z,0,0,0,0,0,0,not_applicable_no_positive_end_uplift,,not_applicable_no_positive_peak_uplift,
v1.0,market,0x52f4d5038749565658a51f43d214e811c328c00c8b58c544accfb8924e8be8f8,1,0x52f4d5038749565658a51f43d214e811c328c00c8b58c544accfb8924e8be8f8,full_scope_other,USDC,0xaf88d065e77c8cc2239327c5edb3a432268e5831,PT-sUSDai-20NOV2025,0x936f210d277bf489a3211cef9ab4bc47a7b69c96,borrowed_assets,USDC,0xaf88d065e77c8cc2239327c5edb3a432268e5831,6,p90,2026-05-19T13:00:00Z,56,0,0,0,0,0,0,0,2025-09-03T13:00:00Z,0,0,0,0,0,0,not_applicable_no_positive_end_uplift,,not_applicable_no_positive_peak_uplift,
v1.0,market,0x52f4d5038749565658a51f43d214e811c328c00c8b58c544accfb8924e8be8f8,1,0x52f4d5038749565658a51f43d214e811c328c00c8b58c544accfb8924e8be8f8,full_scope_other,USDC,0xaf88d065e77c8cc2239327c5edb3a432268e5831,PT-sUSDai-20NOV2025,0x936f210d277bf489a3211cef9ab4bc47a7b69c96,borrowed_assets,USDC,0xaf88d065e77c8cc2239327c5edb3a432268e5831,6,p180,2026-08-17T13:00:00Z,56,0,0,0,0,0,0,0,2025-09-03T13:00:00Z,0,0,0,0,0,0,not_applicable_no_positive_end_uplift,,not_applicable_no_positive_peak_uplift,
v1.0,market,0x52f4d5038749565658a51f43d214e811c328c00c8b58c544accfb8924e8be8f8,1,0x52f4d5038749565658a51f43d214e811c328c00c8b58c544accfb8924e8be8f8,full_scope_other,USDC,0xaf88d065e77c8cc2239327c5edb3a432268e5831,PT-sUSDai-20NOV2025,0x936f210d277bf489a3211cef9ab4bc47a7b69c96,supplied_assets,USDC,0xaf88d065e77c8cc2239327c5edb3a432268e5831,6,p30,2026-03-20T13:00:00Z,56,0,0,0,1000,0.001,1000,0.001,2025-12-10T13:00:00Z,1000,0.001,1000,0.001,1000,0.001,applicable,1,applicable,1
v1.0,market,0x52f4d5038749565658a51f43d214e811c328c00c8b58c544accfb8924e8be8f8,1,0x52f4d5038749565658a51f43d214e811c328c00c8b58c544accfb8924e8be8f8,full_scope_other,USDC,0xaf88d065e77c8cc2239327c5edb3a432268e5831,PT-sUSDai-20NOV2025,0x936f210d277bf489a3211cef9ab4bc47a7b69c96,supplied_assets,USDC,0xaf88d065e77c8cc2239327c5edb3a432268e5831,6,p90,2026-05-19T13:00:00Z,56,0,0,0,1000,0.001,1000,0.001,2025-12-10T13:00:00Z,1000,0.001,1000,0.001,1000,0.001,applicable,1,applicable,1
v1.0,market,0x52f4d5038749565658a51f43d214e811c328c00c8b58c544accfb8924e8be8f8,1,0x52f4d5038749565658a51f43d214e811c328c00c8b58c544accfb8924e8be8f8,full_scope_other,USDC,0xaf88d065e77c8cc2239327c5edb3a432268e5831,PT-sUSDai-20NOV2025,0x936f210d277bf489a3211cef9ab4bc47a7b69c96,supplied_assets,USDC,0xaf88d065e77c8cc2239327c5edb3a432268e5831,6,p180,2026-08-17T13:00:00Z,56,0,0,0,1000,0.001,1000,0.001,2025-12-10T13:00:00Z,1000,0.001,1000,0.001,1000,0.001,applicable,1,applicable,1
v1.0,market,0x52f4d5038749565658a51f43d214e811c328c00c8b58c544accfb8924e8be8f8,1,0x52f4d5038749565658a51f43d214e811c328c00c8b58c544accfb8924e8be8f8,full_scope_other,USDC,0xaf88d065e77c8cc2239327c5edb3a432268e5831,PT-sUSDai-20NOV2025,0x936f210d277bf489a3211cef9ab4bc47a7b69c96,collateral_assets,PT-sUSDai-20NOV2025,0x936f210d277bf489a3211cef9ab4bc47a7b69c96,18,p30,2026-03-20T13:00:00Z,56,0,0,0,102843420796956970468,102.843420796957,99993115605436190256830,99993.11560543619,2025-09-06T13:00:00Z,102843420796956970468,102.843420796957,102843420796956970468,102.843420796957,102843420796956970468,102.843420796957,applicable,1,applicable,0.001028505014
v1.0,market,0x52f4d5038749565658a51f43d214e811c328c00c8b58c544accfb8924e8be8f8,1,0x52f4d5038749565658a51f43d214e811c328c00c8b58c544accfb8924e8be8f8,full_scope_other,USDC,0xaf88d065e77c8cc2239327c5edb3a432268e5831,PT-sUSDai-20NOV2025,0x936f210d277bf489a3211cef9ab4bc47a7b69c96,collateral_assets,PT-sUSDai-20NOV2025,0x936f210d277bf489a3211cef9ab4bc47a7b69c96,18,p90,2026-05-19T13:00:00Z,56,0,0,0,102843420796956970468,102.843420796957,99993115605436190256830,99993.11560543619,2025-09-06T13:00:00Z,102843420796956970468,102.843420796957,102843420796956970468,102.843420796957,102843420796956970468,102.843420796957,applicable,1,applicable,0.001028505014
v1.0,market,0x52f4d5038749565658a51f43d214e811c328c00c8b58c544accfb8924e8be8f8,1,0x52f4d5038749565658a51f43d214e811c328c00c8b58c544accfb8924e8be8f8,full_scope_other,USDC,0xaf88d065e77c8cc2239327c5edb3a432268e5831,PT-sUSDai-20NOV2025,0x936f210d277bf489a3211cef9ab4bc47a7b69c96,collateral_assets,PT-sUSDai-20NOV2025,0x936f210d277bf489a3211cef9ab4bc47a7b69c96,18,p180,2026-08-17T13:00:00Z,56,0,0,0,102843420796956970468,102.843420796957,99993115605436190256830,99993.11560543619,2025-09-06T13:00:00Z,102843420796956970468,102.843420796957,102843420796956970468,102.843420796957,102843420796956970468,102.843420796957,applicable,1,applicable,0.001028505014
v1.0,market,0x52f4d5038749565658a51f43d214e811c328c00c8b58c544accfb8924e8be8f8,1,0x52f4d5038749565658a51f43d214e811c328c00c8b58c544accfb8924e8be8f8,full_scope_other,USDC,0xaf88d065e77c8cc2239327c5edb3a432268e5831,PT-sUSDai-20NOV2025,0x936f210d277bf489a3211cef9ab4bc47a7b69c96,active_borrowers,wallets,,,p30,2026-03-20T13:00:00Z,56,0,0,0,0,0,0,0,2025-09-03T13:00:00Z,0,0,0,0,0,0,not_applicable_no_positive_end_uplift,,not_applicable_no_positive_peak_uplift,
v1.0,market,0x52f4d5038749565658a51f43d214e811c328c00c8b58c544accfb8924e8be8f8,1,0x52f4d5038749565658a51f43d214e811c328c00c8b58c544accfb8924e8be8f8,full_scope_other,USDC,0xaf88d065e77c8cc2239327c5edb3a432268e5831,PT-sUSDai-20NOV2025,0x936f210d277bf489a3211cef9ab4bc47a7b69c96,active_borrowers,wallets,,,p90,2026-05-19T13:00:00Z,56,0,0,0,0,0,0,0,2025-09-03T13:00:00Z,0,0,0,0,0,0,not_applicable_no_positive_end_uplift,,not_applicable_no_positive_peak_uplift,
v1.0,market,0x52f4d5038749565658a51f43d214e811c328c00c8b58c544accfb8924e8be8f8,1,0x52f4d5038749565658a51f43d214e811c328c00c8b58c544accfb8924e8be8f8,full_scope_other,USDC,0xaf88d065e77c8cc2239327c5edb3a432268e5831,PT-sUSDai-20NOV2025,0x936f210d277bf489a3211cef9ab4bc47a7b69c96,active_borrowers,wallets,,,p180,2026-08-17T13:00:00Z,56,0,0,0,0,0,0,0,2025-09-03T13:00:00Z,0,0,0,0,0,0,not_applicable_no_positive_end_uplift,,not_applicable_no_positive_peak_uplift,
v1.0,market,0x58df3ad9cf719b1ca97365db634a11b770785517f409ecbe85eefdb34803de1f,1,0x58df3ad9cf719b1ca97365db634a11b770785517f409ecbe85eefdb34803de1f,full_scope_other,USDC,0xaf88d065e77c8cc2239327c5edb3a432268e5831,PT-sUSDai-20NOV2025,0x936f210d277bf489a3211cef9ab4bc47a7b69c96,borrowed_assets,USDC,0xaf88d065e77c8cc2239327c5edb3a432268e5831,6,p30,2026-03-20T13:00:00Z,56,0,0,0,701175301,701.175301,11005664118323,11005664.118323,2025-11-09T13:00:00Z,51495,0.051495,701175301,701.175301,51495,0.051495,applicable,0.000073440978,applicable,0.000000004679
v1.0,market,0x58df3ad9cf719b1ca97365db634a11b770785517f409ecbe85eefdb34803de1f,1,0x58df3ad9cf719b1ca97365db634a11b770785517f409ecbe85eefdb34803de1f,full_scope_other,USDC,0xaf88d065e77c8cc2239327c5edb3a432268e5831,PT-sUSDai-20NOV2025,0x936f210d277bf489a3211cef9ab4bc47a7b69c96,borrowed_assets,USDC,0xaf88d065e77c8cc2239327c5edb3a432268e5831,6,p90,2026-05-19T13:00:00Z,56,0,0,0,701175301,701.175301,11005664118323,11005664.118323,2025-11-09T13:00:00Z,51495,0.051495,701175301,701.175301,51495,0.051495,applicable,0.000073440978,applicable,0.000000004679
v1.0,market,0x58df3ad9cf719b1ca97365db634a11b770785517f409ecbe85eefdb34803de1f,1,0x58df3ad9cf719b1ca97365db634a11b770785517f409ecbe85eefdb34803de1f,full_scope_other,USDC,0xaf88d065e77c8cc2239327c5edb3a432268e5831,PT-sUSDai-20NOV2025,0x936f210d277bf489a3211cef9ab4bc47a7b69c96,borrowed_assets,USDC,0xaf88d065e77c8cc2239327c5edb3a432268e5831,6,p180,2026-08-17T13:00:00Z,56,0,0,0,701175301,701.175301,11005664118323,11005664.118323,2025-11-09T13:00:00Z,51495,0.051495,701175301,701.175301,51495,0.051495,applicable,0.000073440978,applicable,0.000000004679
v1.0,market,0x58df3ad9cf719b1ca97365db634a11b770785517f409ecbe85eefdb34803de1f,1,0x58df3ad9cf719b1ca97365db634a11b770785517f409ecbe85eefdb34803de1f,full_scope_other,USDC,0xaf88d065e77c8cc2239327c5edb3a432268e5831,PT-sUSDai-20NOV2025,0x936f210d277bf489a3211cef9ab4bc47a7b69c96,supplied_assets,USDC,0xaf88d065e77c8cc2239327c5edb3a432268e5831,6,p30,2026-03-20T13:00:00Z,56,0,0,0,741355266,741.355266,19263084976918,19263084.976918,2025-11-08T13:00:00Z,2141836,2.141836,741355266,741.355266,2141836,2.141836,applicable,0.002889081791,applicable,0.000000111189
v1.0,market,0x58df3ad9cf719b1ca97365db634a11b770785517f409ecbe85eefdb34803de1f,1,0x58df3ad9cf719b1ca97365db634a11b770785517f409ecbe85eefdb34803de1f,full_scope_other,USDC,0xaf88d065e77c8cc2239327c5edb3a432268e5831,PT-sUSDai-20NOV2025,0x936f210d277bf489a3211cef9ab4bc47a7b69c96,supplied_assets,USDC,0xaf88d065e77c8cc2239327c5edb3a432268e5831,6,p90,2026-05-19T13:00:00Z,56,0,0,0,741355266,741.355266,19263084976918,19263084.976918,2025-11-08T13:00:00Z,2141836,2.141836,741355266,741.355266,2141836,2.141836,applicable,0.002889081791,applicable,0.000000111189
v1.0,market,0x58df3ad9cf719b1ca97365db634a11b770785517f409ecbe85eefdb34803de1f,1,0x58df3ad9cf719b1ca97365db634a11b770785517f409ecbe85eefdb34803de1f,full_scope_other,USDC,0xaf88d065e77c8cc2239327c5edb3a432268e5831,PT-sUSDai-20NOV2025,0x936f210d277bf489a3211cef9ab4bc47a7b69c96,supplied_assets,USDC,0xaf88d065e77c8cc2239327c5edb3a432268e5831,6,p180,2026-08-17T13:00:00Z,56,0,0,0,741355266,741.355266,19263084976918,19263084.976918,2025-11-08T13:00:00Z,2141836,2.141836,741355266,741.355266,2141836,2.141836,applicable,0.002889081791,applicable,0.000000111189
v1.0,market,0x58df3ad9cf719b1ca97365db634a11b770785517f409ecbe85eefdb34803de1f,1,0x58df3ad9cf719b1ca97365db634a11b770785517f409ecbe85eefdb34803de1f,full_scope_other,USDC,0xaf88d065e77c8cc2239327c5edb3a432268e5831,PT-sUSDai-20NOV2025,0x936f210d277bf489a3211cef9ab4bc47a7b69c96,collateral_assets,PT-sUSDai-20NOV2025,0x936f210d277bf489a3211cef9ab4bc47a7b69c96,18,p30,2026-03-20T13:00:00Z,56,0,0,0,848478152939328537170,848.478152939329,17292418248110286096838789,17292418.248110286097,2025-11-09T13:00:00Z,11193930956397405476,11.193930956397,848478152939328537170,848.478152939329,11193930956397405476,11.193930956397,applicable,0.013192951307,applicable,0.000000647332
v1.0,market,0x58df3ad9cf719b1ca97365db634a11b770785517f409ecbe85eefdb34803de1f,1,0x58df3ad9cf719b1ca97365db634a11b770785517f409ecbe85eefdb34803de1f,full_scope_other,USDC,0xaf88d065e77c8cc2239327c5edb3a432268e5831,PT-sUSDai-20NOV2025,0x936f210d277bf489a3211cef9ab4bc47a7b69c96,collateral_assets,PT-sUSDai-20NOV2025,0x936f210d277bf489a3211cef9ab4bc47a7b69c96,18,p90,2026-05-19T13:00:00Z,56,0,0,0,848478152939328537170,848.478152939329,17292418248110286096838789,17292418.248110286097,2025-11-09T13:00:00Z,11193930956397405476,11.193930956397,848478152939328537170,848.478152939329,11193930956397405476,11.193930956397,applicable,0.013192951307,applicable,0.000000647332
v1.0,market,0x58df3ad9cf719b1ca97365db634a11b770785517f409ecbe85eefdb34803de1f,1,0x58df3ad9cf719b1ca97365db634a11b770785517f409ecbe85eefdb34803de1f,full_scope_other,USDC,0xaf88d065e77c8cc2239327c5edb3a432268e5831,PT-sUSDai-20NOV2025,0x936f210d277bf489a3211cef9ab4bc47a7b69c96,collateral_assets,PT-sUSDai-20NOV2025,0x936f210d277bf489a3211cef9ab4bc47a7b69c96,18,p180,2026-08-17T13:00:00Z,56,0,0,0,848478152939328537170,848.478152939329,17292418248110286096838789,17292418.248110286097,2025-11-09T13:00:00Z,11193930956397405476,11.193930956397,848478152939328537170,848.478152939329,11193930956397405476,11.193930956397,applicable,0.013192951307,applicable,0.000000647332
v1.0,market,0x58df3ad9cf719b1ca97365db634a11b770785517f409ecbe85eefdb34803de1f,1,0x58df3ad9cf719b1ca97365db634a11b770785517f409ecbe85eefdb34803de1f,full_scope_other,USDC,0xaf88d065e77c8cc2239327c5edb3a432268e5831,PT-sUSDai-20NOV2025,0x936f210d277bf489a3211cef9ab4bc47a7b69c96,active_borrowers,wallets,,,p30,2026-03-20T13:00:00Z,56,0,0,0,2,2,76,76,2025-10-01T13:00:00Z,0,0,2,2,0,0,applicable,0,applicable,0
v1.0,market,0x58df3ad9cf719b1ca97365db634a11b770785517f409ecbe85eefdb34803de1f,1,0x58df3ad9cf719b1ca97365db634a11b770785517f409ecbe85eefdb34803de1f,full_scope_other,USDC,0xaf88d065e77c8cc2239327c5edb3a432268e5831,PT-sUSDai-20NOV2025,0x936f210d277bf489a3211cef9ab4bc47a7b69c96,active_borrowers,wallets,,,p90,2026-05-19T13:00:00Z,56,0,0,0,2,2,76,76,2025-10-01T13:00:00Z,0,0,2,2,0,0,applicable,0,applicable,0
v1.0,market,0x58df3ad9cf719b1ca97365db634a11b770785517f409ecbe85eefdb34803de1f,1,0x58df3ad9cf719b1ca97365db634a11b770785517f409ecbe85eefdb34803de1f,full_scope_other,USDC,0xaf88d065e77c8cc2239327c5edb3a432268e5831,PT-sUSDai-20NOV2025,0x936f210d277bf489a3211cef9ab4bc47a7b69c96,active_borrowers,wallets,,,p180,2026-08-17T13:00:00Z,56,0,0,0,2,2,76,76,2025-10-01T13:00:00Z,0,0,2,2,0,0,applicable,0,applicable,0
v1.0,market,0x84367e5bc5df26437618f749d5beb793746e620560721fec15518d684191ebc6,1,0x84367e5bc5df26437618f749d5beb793746e620560721fec15518d684191ebc6,full_scope_other,USDC,0xaf88d065e77c8cc2239327c5edb3a432268e5831,PT-syrupUSDC-29JAN2026,0x1ef58a7af39883cc95c59a2c106b726c64c2ecc6,borrowed_assets,USDC,0xaf88d065e77c8cc2239327c5edb3a432268e5831,6,p30,2026-03-20T13:00:00Z,56,0,0,0,1022283,1.022283,10180205575,10180.205575,2026-01-11T13:00:00Z,1025026,1.025026,1022283,1.022283,1025026,1.025026,applicable,1.002683210031,applicable,0.000100688144
v1.0,market,0x84367e5bc5df26437618f749d5beb793746e620560721fec15518d684191ebc6,1,0x84367e5bc5df26437618f749d5beb793746e620560721fec15518d684191ebc6,full_scope_other,USDC,0xaf88d065e77c8cc2239327c5edb3a432268e5831,PT-syrupUSDC-29JAN2026,0x1ef58a7af39883cc95c59a2c106b726c64c2ecc6,borrowed_assets,USDC,0xaf88d065e77c8cc2239327c5edb3a432268e5831,6,p90,2026-05-19T13:00:00Z,56,0,0,0,1022283,1.022283,10180205575,10180.205575,2026-01-11T13:00:00Z,1050890,1.05089,1022283,1.022283,1050890,1.05089,applicable,1.027983444897,applicable,0.00010322876
v1.0,market,0x84367e5bc5df26437618f749d5beb793746e620560721fec15518d684191ebc6,1,0x84367e5bc5df26437618f749d5beb793746e620560721fec15518d684191ebc6,full_scope_other,USDC,0xaf88d065e77c8cc2239327c5edb3a432268e5831,PT-syrupUSDC-29JAN2026,0x1ef58a7af39883cc95c59a2c106b726c64c2ecc6,borrowed_assets,USDC,0xaf88d065e77c8cc2239327c5edb3a432268e5831,6,p180,2026-08-17T13:00:00Z,56,0,0,0,1022283,1.022283,10180205575,10180.205575,2026-01-11T13:00:00Z,1050890,1.05089,1022283,1.022283,1050890,1.05089,applicable,1.027983444897,applicable,0.00010322876
v1.0,market,0x84367e5bc5df26437618f749d5beb793746e620560721fec15518d684191ebc6,1,0x84367e5bc5df26437618f749d5beb793746e620560721fec15518d684191ebc6,full_scope_other,USDC,0xaf88d065e77c8cc2239327c5edb3a432268e5831,PT-syrupUSDC-29JAN2026,0x1ef58a7af39883cc95c59a2c106b726c64c2ecc6,supplied_assets,USDC,0xaf88d065e77c8cc2239327c5edb3a432268e5831,6,p30,2026-03-20T13:00:00Z,56,0,0,0,1132415,1.132415,14527347208,14527.347208,2025-12-31T13:00:00Z,1389640,1.38964,1132415,1.132415,1389640,1.38964,applicable,1.227147291408,applicable,0.000095656831
v1.0,market,0x84367e5bc5df26437618f749d5beb793746e620560721fec15518d684191ebc6,1,0x84367e5bc5df26437618f749d5beb793746e620560721fec15518d684191ebc6,full_scope_other,USDC,0xaf88d065e77c8cc2239327c5edb3a432268e5831,PT-syrupUSDC-29JAN2026,0x1ef58a7af39883cc95c59a2c106b726c64c2ecc6,supplied_assets,USDC,0xaf88d065e77c8cc2239327c5edb3a432268e5831,6,p90,2026-05-19T13:00:00Z,56,0,0,0,1132415,1.132415,14527347208,14527.347208,2025-12-31T13:00:00Z,1148584,1.148584,1132415,1.132415,1148584,1.148584,applicable,1.014278334356,applicable,0.000079063575
v1.0,market,0x84367e5bc5df26437618f749d5beb793746e620560721fec15518d684191ebc6,1,0x84367e5bc5df26437618f749d5beb793746e620560721fec15518d684191ebc6,full_scope_other,USDC,0xaf88d065e77c8cc2239327c5edb3a432268e5831,PT-syrupUSDC-29JAN2026,0x1ef58a7af39883cc95c59a2c106b726c64c2ecc6,supplied_assets,USDC,0xaf88d065e77c8cc2239327c5edb3a432268e5831,6,p180,2026-08-17T13:00:00Z,56,0,0,0,1132415,1.132415,14527347208,14527.347208,2025-12-31T13:00:00Z,1148584,1.148584,1132415,1.132415,1148584,1.148584,applicable,1.014278334356,applicable,0.000079063575
v1.0,market,0x84367e5bc5df26437618f749d5beb793746e620560721fec15518d684191ebc6,1,0x84367e5bc5df26437618f749d5beb793746e620560721fec15518d684191ebc6,full_scope_other,USDC,0xaf88d065e77c8cc2239327c5edb3a432268e5831,PT-syrupUSDC-29JAN2026,0x1ef58a7af39883cc95c59a2c106b726c64c2ecc6,collateral_assets,PT-syrupUSDC-29JAN2026,0x1ef58a7af39883cc95c59a2c106b726c64c2ecc6,6,p30,2026-03-20T13:00:00Z,56,0,0,0,4089436,4.089436,12351516709,12351.516709,2025-12-14T13:00:00Z,4089436,4.089436,4089436,4.089436,4089436,4.089436,applicable,1,applicable,0.00033108776
v1.0,market,0x84367e5bc5df26437618f749d5beb793746e620560721fec15518d684191ebc6,1,0x84367e5bc5df26437618f749d5beb793746e620560721fec15518d684191ebc6,full_scope_other,USDC,0xaf88d065e77c8cc2239327c5edb3a432268e5831,PT-syrupUSDC-29JAN2026,0x1ef58a7af39883cc95c59a2c106b726c64c2ecc6,collateral_assets,PT-syrupUSDC-29JAN2026,0x1ef58a7af39883cc95c59a2c106b726c64c2ecc6,6,p90,2026-05-19T13:00:00Z,56,0,0,0,4089436,4.089436,12351516709,12351.516709,2025-12-14T13:00:00Z,4089436,4.089436,4089436,4.089436,4089436,4.089436,applicable,1,applicable,0.00033108776
v1.0,market,0x84367e5bc5df26437618f749d5beb793746e620560721fec15518d684191ebc6,1,0x84367e5bc5df26437618f749d5beb793746e620560721fec15518d684191ebc6,full_scope_other,USDC,0xaf88d065e77c8cc2239327c5edb3a432268e5831,PT-syrupUSDC-29JAN2026,0x1ef58a7af39883cc95c59a2c106b726c64c2ecc6,collateral_assets,PT-syrupUSDC-29JAN2026,0x1ef58a7af39883cc95c59a2c106b726c64c2ecc6,6,p180,2026-08-17T13:00:00Z,56,0,0,0,4089436,4.089436,12351516709,12351.516709,2025-12-14T13:00:00Z,4089436,4.089436,4089436,4.089436,4089436,4.089436,applicable,1,applicable,0.00033108776
v1.0,market,0x84367e5bc5df26437618f749d5beb793746e620560721fec15518d684191ebc6,1,0x84367e5bc5df26437618f749d5beb793746e620560721fec15518d684191ebc6,full_scope_other,USDC,0xaf88d065e77c8cc2239327c5edb3a432268e5831,PT-syrupUSDC-29JAN2026,0x1ef58a7af39883cc95c59a2c106b726c64c2ecc6,active_borrowers,wallets,,,p30,2026-03-20T13:00:00Z,56,0,0,0,1,1,4,4,2025-12-14T13:00:00Z,1,1,1,1,1,1,applicable,1,applicable,0.25
v1.0,market,0x84367e5bc5df26437618f749d5beb793746e620560721fec15518d684191ebc6,1,0x84367e5bc5df26437618f749d5beb793746e620560721fec15518d684191ebc6,full_scope_other,USDC,0xaf88d065e77c8cc2239327c5edb3a432268e5831,PT-syrupUSDC-29JAN2026,0x1ef58a7af39883cc95c59a2c106b726c64c2ecc6,active_borrowers,wallets,,,p90,2026-05-19T13:00:00Z,56,0,0,0,1,1,4,4,2025-12-14T13:00:00Z,1,1,1,1,1,1,applicable,1,applicable,0.25
v1.0,market,0x84367e5bc5df26437618f749d5beb793746e620560721fec15518d684191ebc6,1,0x84367e5bc5df26437618f749d5beb793746e620560721fec15518d684191ebc6,full_scope_other,USDC,0xaf88d065e77c8cc2239327c5edb3a432268e5831,PT-syrupUSDC-29JAN2026,0x1ef58a7af39883cc95c59a2c106b726c64c2ecc6,active_borrowers,wallets,,,p180,2026-08-17T13:00:00Z,56,0,0,0,1,1,4,4,2025-12-14T13:00:00Z,1,1,1,1,1,1,applicable,1,applicable,0.25
v1.0,market,0x6c831dcc45a7c0af00b751da651bd874b96653c587615d11aafade7b357c4b43,1,0x6c831dcc45a7c0af00b751da651bd874b96653c587615d11aafade7b357c4b43,full_scope_other,USDC,0xaf88d065e77c8cc2239327c5edb3a432268e5831,PT-thBILL-19FEB2026,0x9b3924f9652cabf3db48b7b4c92e474c571b3ab4,borrowed_assets,USDC,0xaf88d065e77c8cc2239327c5edb3a432268e5831,6,p30,2026-03-20T13:00:00Z,56,0,0,0,4307016200735,4307016.200735,7146316337954,7146316.337954,2026-01-08T13:00:00Z,2682,0.002682,4307016200735,4307016.200735,2682,0.002682,applicable,0.000000000623,applicable,0.000000000375
v1.0,market,0x6c831dcc45a7c0af00b751da651bd874b96653c587615d11aafade7b357c4b43,1,0x6c831dcc45a7c0af00b751da651bd874b96653c587615d11aafade7b357c4b43,full_scope_other,USDC,0xaf88d065e77c8cc2239327c5edb3a432268e5831,PT-thBILL-19FEB2026,0x9b3924f9652cabf3db48b7b4c92e474c571b3ab4,borrowed_assets,USDC,0xaf88d065e77c8cc2239327c5edb3a432268e5831,6,p90,2026-05-19T13:00:00Z,56,0,0,0,4307016200735,4307016.200735,7146316337954,7146316.337954,2026-01-08T13:00:00Z,2682,0.002682,4307016200735,4307016.200735,2682,0.002682,applicable,0.000000000623,applicable,0.000000000375
v1.0,market,0x6c831dcc45a7c0af00b751da651bd874b96653c587615d11aafade7b357c4b43,1,0x6c831dcc45a7c0af00b751da651bd874b96653c587615d11aafade7b357c4b43,full_scope_other,USDC,0xaf88d065e77c8cc2239327c5edb3a432268e5831,PT-thBILL-19FEB2026,0x9b3924f9652cabf3db48b7b4c92e474c571b3ab4,borrowed_assets,USDC,0xaf88d065e77c8cc2239327c5edb3a432268e5831,6,p180,2026-08-17T13:00:00Z,56,0,0,0,4307016200735,4307016.200735,7146316337954,7146316.337954,2026-01-08T13:00:00Z,2682,0.002682,4307016200735,4307016.200735,2682,0.002682,applicable,0.000000000623,applicable,0.000000000375
v1.0,market,0x6c831dcc45a7c0af00b751da651bd874b96653c587615d11aafade7b357c4b43,1,0x6c831dcc45a7c0af00b751da651bd874b96653c587615d11aafade7b357c4b43,full_scope_other,USDC,0xaf88d065e77c8cc2239327c5edb3a432268e5831,PT-thBILL-19FEB2026,0x9b3924f9652cabf3db48b7b4c92e474c571b3ab4,supplied_assets,USDC,0xaf88d065e77c8cc2239327c5edb3a432268e5831,6,p30,2026-03-20T13:00:00Z,56,0,0,0,5670905482359,5670905.482359,8122189436726,8122189.436726,2026-01-07T13:00:00Z,56001455,56.001455,5670905482359,5670905.482359,56001455,56.001455,applicable,0.000009875223,applicable,0.000006894872
v1.0,market,0x6c831dcc45a7c0af00b751da651bd874b96653c587615d11aafade7b357c4b43,1,0x6c831dcc45a7c0af00b751da651bd874b96653c587615d11aafade7b357c4b43,full_scope_other,USDC,0xaf88d065e77c8cc2239327c5edb3a432268e5831,PT-thBILL-19FEB2026,0x9b3924f9652cabf3db48b7b4c92e474c571b3ab4,supplied_assets,USDC,0xaf88d065e77c8cc2239327c5edb3a432268e5831,6,p90,2026-05-19T13:00:00Z,56,0,0,0,5670905482359,5670905.482359,8122189436726,8122189.436726,2026-01-07T13:00:00Z,11722,0.011722,5670905482359,5670905.482359,11722,0.011722,applicable,0.000000002067,applicable,0.000000001443
v1.0,market,0x6c831dcc45a7c0af00b751da651bd874b96653c587615d11aafade7b357c4b43,1,0x6c831dcc45a7c0af00b751da651bd874b96653c587615d11aafade7b357c4b43,full_scope_other,USDC,0xaf88d065e77c8cc2239327c5edb3a432268e5831,PT-thBILL-19FEB2026,0x9b3924f9652cabf3db48b7b4c92e474c571b3ab4,supplied_assets,USDC,0xaf88d065e77c8cc2239327c5edb3a432268e5831,6,p180,2026-08-17T13:00:00Z,56,0,0,0,5670905482359,5670905.482359,8122189436726,8122189.436726,2026-01-07T13:00:00Z,11722,0.011722,5670905482359,5670905.482359,11722,0.011722,applicable,0.000000002067,applicable,0.000000001443
v1.0,market,0x6c831dcc45a7c0af00b751da651bd874b96653c587615d11aafade7b357c4b43,1,0x6c831dcc45a7c0af00b751da651bd874b96653c587615d11aafade7b357c4b43,full_scope_other,USDC,0xaf88d065e77c8cc2239327c5edb3a432268e5831,PT-thBILL-19FEB2026,0x9b3924f9652cabf3db48b7b4c92e474c571b3ab4,collateral_assets,PT-thBILL-19FEB2026,0x9b3924f9652cabf3db48b7b4c92e474c571b3ab4,6,p30,2026-03-20T13:00:00Z,56,0,0,0,5042442401519,5042442.401519,8649942915921,8649942.915921,2026-01-08T13:00:00Z,3000,0.003,5042442401519,5042442.401519,3000,0.003,applicable,0.000000000595,applicable,0.000000000347
v1.0,market,0x6c831dcc45a7c0af00b751da651bd874b96653c587615d11aafade7b357c4b43,1,0x6c831dcc45a7c0af00b751da651bd874b96653c587615d11aafade7b357c4b43,full_scope_other,USDC,0xaf88d065e77c8cc2239327c5edb3a432268e5831,PT-thBILL-19FEB2026,0x9b3924f9652cabf3db48b7b4c92e474c571b3ab4,collateral_assets,PT-thBILL-19FEB2026,0x9b3924f9652cabf3db48b7b4c92e474c571b3ab4,6,p90,2026-05-19T13:00:00Z,56,0,0,0,5042442401519,5042442.401519,8649942915921,8649942.915921,2026-01-08T13:00:00Z,3000,0.003,5042442401519,5042442.401519,3000,0.003,applicable,0.000000000595,applicable,0.000000000347
v1.0,market,0x6c831dcc45a7c0af00b751da651bd874b96653c587615d11aafade7b357c4b43,1,0x6c831dcc45a7c0af00b751da651bd874b96653c587615d11aafade7b357c4b43,full_scope_other,USDC,0xaf88d065e77c8cc2239327c5edb3a432268e5831,PT-thBILL-19FEB2026,0x9b3924f9652cabf3db48b7b4c92e474c571b3ab4,collateral_assets,PT-thBILL-19FEB2026,0x9b3924f9652cabf3db48b7b4c92e474c571b3ab4,6,p180,2026-08-17T13:00:00Z,56,0,0,0,5042442401519,5042442.401519,8649942915921,8649942.915921,2026-01-08T13:00:00Z,3000,0.003,5042442401519,5042442.401519,3000,0.003,applicable,0.000000000595,applicable,0.000000000347
v1.0,market,0x6c831dcc45a7c0af00b751da651bd874b96653c587615d11aafade7b357c4b43,1,0x6c831dcc45a7c0af00b751da651bd874b96653c587615d11aafade7b357c4b43,full_scope_other,USDC,0xaf88d065e77c8cc2239327c5edb3a432268e5831,PT-thBILL-19FEB2026,0x9b3924f9652cabf3db48b7b4c92e474c571b3ab4,active_borrowers,wallets,,,p30,2026-03-20T13:00:00Z,56,0,0,0,17,17,38,38,2026-01-12T13:00:00Z,0,0,17,17,0,0,applicable,0,applicable,0
v1.0,market,0x6c831dcc45a7c0af00b751da651bd874b96653c587615d11aafade7b357c4b43,1,0x6c831dcc45a7c0af00b751da651bd874b96653c587615d11aafade7b357c4b43,full_scope_other,USDC,0xaf88d065e77c8cc2239327c5edb3a432268e5831,PT-thBILL-19FEB2026,0x9b3924f9652cabf3db48b7b4c92e474c571b3ab4,active_borrowers,wallets,,,p90,2026-05-19T13:00:00Z,56,0,0,0,17,17,38,38,2026-01-12T13:00:00Z,0,0,17,17,0,0,applicable,0,applicable,0
v1.0,market,0x6c831dcc45a7c0af00b751da651bd874b96653c587615d11aafade7b357c4b43,1,0x6c831dcc45a7c0af00b751da651bd874b96653c587615d11aafade7b357c4b43,full_scope_other,USDC,0xaf88d065e77c8cc2239327c5edb3a432268e5831,PT-thBILL-19FEB2026,0x9b3924f9652cabf3db48b7b4c92e474c571b3ab4,active_borrowers,wallets,,,p180,2026-08-17T13:00:00Z,56,0,0,0,17,17,38,38,2026-01-12T13:00:00Z,0,0,17,17,0,0,applicable,0,applicable,0
v1.0,market,0x30c505b1ce479157e1035bdc5de3d4c811cf3e427c31db0b81b5c27a09054e97,1,0x30c505b1ce479157e1035bdc5de3d4c811cf3e427c31db0b81b5c27a09054e97,full_scope_other,USDC,0xaf88d065e77c8cc2239327c5edb3a432268e5831,PT-thBILL-27NOV2025,0x5a791652f3b140d357df072d355a98ab754877d1,borrowed_assets,USDC,0xaf88d065e77c8cc2239327c5edb3a432268e5831,6,p30,2026-03-20T13:00:00Z,56,0,0,0,12247052694,12247.052694,4266508772852,4266508.772852,2025-11-04T13:00:00Z,12400292346,12400.292346,12247052694,12247.052694,12400292346,12400.292346,applicable,1.012512369778,applicable,0.002906426075
v1.0,market,0x30c505b1ce479157e1035bdc5de3d4c811cf3e427c31db0b81b5c27a09054e97,1,0x30c505b1ce479157e1035bdc5de3d4c811cf3e427c31db0b81b5c27a09054e97,full_scope_other,USDC,0xaf88d065e77c8cc2239327c5edb3a432268e5831,PT-thBILL-27NOV2025,0x5a791652f3b140d357df072d355a98ab754877d1,borrowed_assets,USDC,0xaf88d065e77c8cc2239327c5edb3a432268e5831,6,p90,2026-05-19T13:00:00Z,56,0,0,0,12247052694,12247.052694,4266508772852,4266508.772852,2025-11-04T13:00:00Z,12986365,12.986365,12247052694,12247.052694,12986365,12.986365,applicable,0.001060366549,applicable,0.000003043792
v1.0,market,0x30c505b1ce479157e1035bdc5de3d4c811cf3e427c31db0b81b5c27a09054e97,1,0x30c505b1ce479157e1035bdc5de3d4c811cf3e427c31db0b81b5c27a09054e97,full_scope_other,USDC,0xaf88d065e77c8cc2239327c5edb3a432268e5831,PT-thBILL-27NOV2025,0x5a791652f3b140d357df072d355a98ab754877d1,borrowed_assets,USDC,0xaf88d065e77c8cc2239327c5edb3a432268e5831,6,p180,2026-08-17T13:00:00Z,56,0,0,0,12247052694,12247.052694,4266508772852,4266508.772852,2025-11-04T13:00:00Z,13002662,13.002662,12247052694,12247.052694,13002662,13.002662,applicable,0.001061697236,applicable,0.000003047612
v1.0,market,0x30c505b1ce479157e1035bdc5de3d4c811cf3e427c31db0b81b5c27a09054e97,1,0x30c505b1ce479157e1035bdc5de3d4c811cf3e427c31db0b81b5c27a09054e97,full_scope_other,USDC,0xaf88d065e77c8cc2239327c5edb3a432268e5831,PT-thBILL-27NOV2025,0x5a791652f3b140d357df072d355a98ab754877d1,supplied_assets,USDC,0xaf88d065e77c8cc2239327c5edb3a432268e5831,6,p30,2026-03-20T13:00:00Z,56,0,0,0,14103229112,14103.229112,5220177865055,5220177.865055,2025-11-03T13:00:00Z,14011292346,14011.292346,14103229112,14103.229112,14011292346,14011.292346,applicable,0.993481154899,applicable,0.002684064166
v1.0,market,0x30c505b1ce479157e1035bdc5de3d4c811cf3e427c31db0b81b5c27a09054e97,1,0x30c505b1ce479157e1035bdc5de3d4c811cf3e427c31db0b81b5c27a09054e97,full_scope_other,USDC,0xaf88d065e77c8cc2239327c5edb3a432268e5831,PT-thBILL-27NOV2025,0x5a791652f3b140d357df072d355a98ab754877d1,supplied_assets,USDC,0xaf88d065e77c8cc2239327c5edb3a432268e5831,6,p90,2026-05-19T13:00:00Z,56,0,0,0,14103229112,14103.229112,5220177865055,5220177.865055,2025-11-03T13:00:00Z,1312746134,1312.746134,14103229112,14103.229112,1312746134,1312.746134,applicable,0.09308124569,applicable,0.000251475365
v1.0,market,0x30c505b1ce479157e1035bdc5de3d4c811cf3e427c31db0b81b5c27a09054e97,1,0x30c505b1ce479157e1035bdc5de3d4c811cf3e427c31db0b81b5c27a09054e97,full_scope_other,USDC,0xaf88d065e77c8cc2239327c5edb3a432268e5831,PT-thBILL-27NOV2025,0x5a791652f3b140d357df072d355a98ab754877d1,supplied_assets,USDC,0xaf88d065e77c8cc2239327c5edb3a432268e5831,6,p180,2026-08-17T13:00:00Z,56,0,0,0,14103229112,14103.229112,5220177865055,5220177.865055,2025-11-03T13:00:00Z,13002662,13.002662,14103229112,14103.229112,13002662,13.002662,applicable,0.000921963466,applicable,0.000002490847
v1.0,market,0x30c505b1ce479157e1035bdc5de3d4c811cf3e427c31db0b81b5c27a09054e97,1,0x30c505b1ce479157e1035bdc5de3d4c811cf3e427c31db0b81b5c27a09054e97,full_scope_other,USDC,0xaf88d065e77c8cc2239327c5edb3a432268e5831,PT-thBILL-27NOV2025,0x5a791652f3b140d357df072d355a98ab754877d1,collateral_assets,PT-thBILL-27NOV2025,0x5a791652f3b140d357df072d355a98ab754877d1,6,p30,2026-03-20T13:00:00Z,56,0,0,0,16086807080,16086.80708,5187695555632,5187695.555632,2025-11-04T13:00:00Z,16086621071,16086.621071,16086807080,16086.80708,16086621071,16086.621071,applicable,0.999988437171,applicable,0.00310091849
v1.0,market,0x30c505b1ce479157e1035bdc5de3d4c811cf3e427c31db0b81b5c27a09054e97,1,0x30c505b1ce479157e1035bdc5de3d4c811cf3e427c31db0b81b5c27a09054e97,full_scope_other,USDC,0xaf88d065e77c8cc2239327c5edb3a432268e5831,PT-thBILL-27NOV2025,0x5a791652f3b140d357df072d355a98ab754877d1,collateral_assets,PT-thBILL-27NOV2025,0x5a791652f3b140d357df072d355a98ab754877d1,6,p90,2026-05-19T13:00:00Z,56,0,0,0,16086807080,16086.80708,5187695555632,5187695.555632,2025-11-04T13:00:00Z,15294474,15.294474,16086807080,16086.80708,15294474,15.294474,applicable,0.000950746405,applicable,0.000002948221
v1.0,market,0x30c505b1ce479157e1035bdc5de3d4c811cf3e427c31db0b81b5c27a09054e97,1,0x30c505b1ce479157e1035bdc5de3d4c811cf3e427c31db0b81b5c27a09054e97,full_scope_other,USDC,0xaf88d065e77c8cc2239327c5edb3a432268e5831,PT-thBILL-27NOV2025,0x5a791652f3b140d357df072d355a98ab754877d1,collateral_assets,PT-thBILL-27NOV2025,0x5a791652f3b140d357df072d355a98ab754877d1,6,p180,2026-08-17T13:00:00Z,56,0,0,0,16086807080,16086.80708,5187695555632,5187695.555632,2025-11-04T13:00:00Z,15294474,15.294474,16086807080,16086.80708,15294474,15.294474,applicable,0.000950746405,applicable,0.000002948221
v1.0,market,0x30c505b1ce479157e1035bdc5de3d4c811cf3e427c31db0b81b5c27a09054e97,1,0x30c505b1ce479157e1035bdc5de3d4c811cf3e427c31db0b81b5c27a09054e97,full_scope_other,USDC,0xaf88d065e77c8cc2239327c5edb3a432268e5831,PT-thBILL-27NOV2025,0x5a791652f3b140d357df072d355a98ab754877d1,active_borrowers,wallets,,,p30,2026-03-20T13:00:00Z,56,0,0,0,2,2,32,32,2025-11-04T13:00:00Z,2,2,2,2,2,2,applicable,1,applicable,0.0625
v1.0,market,0x30c505b1ce479157e1035bdc5de3d4c811cf3e427c31db0b81b5c27a09054e97,1,0x30c505b1ce479157e1035bdc5de3d4c811cf3e427c31db0b81b5c27a09054e97,full_scope_other,USDC,0xaf88d065e77c8cc2239327c5edb3a432268e5831,PT-thBILL-27NOV2025,0x5a791652f3b140d357df072d355a98ab754877d1,active_borrowers,wallets,,,p90,2026-05-19T13:00:00Z,56,0,0,0,2,2,32,32,2025-11-04T13:00:00Z,1,1,2,2,1,1,applicable,0.5,applicable,0.03125
v1.0,market,0x30c505b1ce479157e1035bdc5de3d4c811cf3e427c31db0b81b5c27a09054e97,1,0x30c505b1ce479157e1035bdc5de3d4c811cf3e427c31db0b81b5c27a09054e97,full_scope_other,USDC,0xaf88d065e77c8cc2239327c5edb3a432268e5831,PT-thBILL-27NOV2025,0x5a791652f3b140d357df072d355a98ab754877d1,active_borrowers,wallets,,,p180,2026-08-17T13:00:00Z,56,0,0,0,2,2,32,32,2025-11-04T13:00:00Z,1,1,2,2,1,1,applicable,0.5,applicable,0.03125
v1.0,market,0x7d4799e15dcaad9da49ab8edf46d647db2da2ff419db52e8ec0984d0c49e8b9b,1,0x7d4799e15dcaad9da49ab8edf46d647db2da2ff419db52e8ec0984d0c49e8b9b,full_scope_other,USDC,0xaf88d065e77c8cc2239327c5edb3a432268e5831,PT-USDai-19FEB2026,0x5b2c615e22272234aacf187632a0531ca1243279,borrowed_assets,USDC,0xaf88d065e77c8cc2239327c5edb3a432268e5831,6,p30,2026-03-20T13:00:00Z,56,0,0,0,54852798459,54852.798459,2190152809877,2190152.809877,2025-12-10T13:00:00Z,141113,0.141113,54852798459,54852.798459,141113,0.141113,applicable,0.000002572576,applicable,0.000000064431
v1.0,market,0x7d4799e15dcaad9da49ab8edf46d647db2da2ff419db52e8ec0984d0c49e8b9b,1,0x7d4799e15dcaad9da49ab8edf46d647db2da2ff419db52e8ec0984d0c49e8b9b,full_scope_other,USDC,0xaf88d065e77c8cc2239327c5edb3a432268e5831,PT-USDai-19FEB2026,0x5b2c615e22272234aacf187632a0531ca1243279,borrowed_assets,USDC,0xaf88d065e77c8cc2239327c5edb3a432268e5831,6,p90,2026-05-19T13:00:00Z,56,0,0,0,54852798459,54852.798459,2190152809877,2190152.809877,2025-12-10T13:00:00Z,150259,0.150259,54852798459,54852.798459,150259,0.150259,applicable,0.000002739313,applicable,0.000000068607
v1.0,market,0x7d4799e15dcaad9da49ab8edf46d647db2da2ff419db52e8ec0984d0c49e8b9b,1,0x7d4799e15dcaad9da49ab8edf46d647db2da2ff419db52e8ec0984d0c49e8b9b,full_scope_other,USDC,0xaf88d065e77c8cc2239327c5edb3a432268e5831,PT-USDai-19FEB2026,0x5b2c615e22272234aacf187632a0531ca1243279,borrowed_assets,USDC,0xaf88d065e77c8cc2239327c5edb3a432268e5831,6,p180,2026-08-17T13:00:00Z,56,0,0,0,54852798459,54852.798459,2190152809877,2190152.809877,2025-12-10T13:00:00Z,150259,0.150259,54852798459,54852.798459,150259,0.150259,applicable,0.000002739313,applicable,0.000000068607
v1.0,market,0x7d4799e15dcaad9da49ab8edf46d647db2da2ff419db52e8ec0984d0c49e8b9b,1,0x7d4799e15dcaad9da49ab8edf46d647db2da2ff419db52e8ec0984d0c49e8b9b,full_scope_other,USDC,0xaf88d065e77c8cc2239327c5edb3a432268e5831,PT-USDai-19FEB2026,0x5b2c615e22272234aacf187632a0531ca1243279,supplied_assets,USDC,0xaf88d065e77c8cc2239327c5edb3a432268e5831,6,p30,2026-03-20T13:00:00Z,56,0,0,0,64852798307,64852.798307,2340152801841,2340152.801841,2025-12-10T13:00:00Z,141113,0.141113,64852798307,64852.798307,141113,0.141113,applicable,0.000002175897,applicable,0.000000060301
v1.0,market,0x7d4799e15dcaad9da49ab8edf46d647db2da2ff419db52e8ec0984d0c49e8b9b,1,0x7d4799e15dcaad9da49ab8edf46d647db2da2ff419db52e8ec0984d0c49e8b9b,full_scope_other,USDC,0xaf88d065e77c8cc2239327c5edb3a432268e5831,PT-USDai-19FEB2026,0x5b2c615e22272234aacf187632a0531ca1243279,supplied_assets,USDC,0xaf88d065e77c8cc2239327c5edb3a432268e5831,6,p90,2026-05-19T13:00:00Z,56,0,0,0,64852798307,64852.798307,2340152801841,2340152.801841,2025-12-10T13:00:00Z,227040,0.22704,64852798307,64852.798307,227040,0.22704,applicable,0.000003500851,applicable,0.000000097019
v1.0,market,0x7d4799e15dcaad9da49ab8edf46d647db2da2ff419db52e8ec0984d0c49e8b9b,1,0x7d4799e15dcaad9da49ab8edf46d647db2da2ff419db52e8ec0984d0c49e8b9b,full_scope_other,USDC,0xaf88d065e77c8cc2239327c5edb3a432268e5831,PT-USDai-19FEB2026,0x5b2c615e22272234aacf187632a0531ca1243279,supplied_assets,USDC,0xaf88d065e77c8cc2239327c5edb3a432268e5831,6,p180,2026-08-17T13:00:00Z,56,0,0,0,64852798307,64852.798307,2340152801841,2340152.801841,2025-12-10T13:00:00Z,227040,0.22704,64852798307,64852.798307,227040,0.22704,applicable,0.000003500851,applicable,0.000000097019
v1.0,market,0x7d4799e15dcaad9da49ab8edf46d647db2da2ff419db52e8ec0984d0c49e8b9b,1,0x7d4799e15dcaad9da49ab8edf46d647db2da2ff419db52e8ec0984d0c49e8b9b,full_scope_other,USDC,0xaf88d065e77c8cc2239327c5edb3a432268e5831,PT-USDai-19FEB2026,0x5b2c615e22272234aacf187632a0531ca1243279,collateral_assets,PT-USDai-19FEB2026,0x5b2c615e22272234aacf187632a0531ca1243279,18,p30,2026-03-20T13:00:00Z,56,0,0,0,61713677769855058465715,61713.677769855058,2616253556669051888454509,2616253.556669051888,2025-12-10T13:00:00Z,236340089969808281,0.23634008997,61713677769855058465715,61713.677769855058,236340089969808281,0.23634008997,applicable,0.000003829623,applicable,0.000000090335
v1.0,market,0x7d4799e15dcaad9da49ab8edf46d647db2da2ff419db52e8ec0984d0c49e8b9b,1,0x7d4799e15dcaad9da49ab8edf46d647db2da2ff419db52e8ec0984d0c49e8b9b,full_scope_other,USDC,0xaf88d065e77c8cc2239327c5edb3a432268e5831,PT-USDai-19FEB2026,0x5b2c615e22272234aacf187632a0531ca1243279,collateral_assets,PT-USDai-19FEB2026,0x5b2c615e22272234aacf187632a0531ca1243279,18,p90,2026-05-19T13:00:00Z,56,0,0,0,61713677769855058465715,61713.677769855058,2616253556669051888454509,2616253.556669051888,2025-12-10T13:00:00Z,200000000000000000,0.2,61713677769855058465715,61713.677769855058,200000000000000000,0.2,applicable,0.000003240773,applicable,0.000000076445
v1.0,market,0x7d4799e15dcaad9da49ab8edf46d647db2da2ff419db52e8ec0984d0c49e8b9b,1,0x7d4799e15dcaad9da49ab8edf46d647db2da2ff419db52e8ec0984d0c49e8b9b,full_scope_other,USDC,0xaf88d065e77c8cc2239327c5edb3a432268e5831,PT-USDai-19FEB2026,0x5b2c615e22272234aacf187632a0531ca1243279,collateral_assets,PT-USDai-19FEB2026,0x5b2c615e22272234aacf187632a0531ca1243279,18,p180,2026-08-17T13:00:00Z,56,0,0,0,61713677769855058465715,61713.677769855058,2616253556669051888454509,2616253.556669051888,2025-12-10T13:00:00Z,200000000000000000,0.2,61713677769855058465715,61713.677769855058,200000000000000000,0.2,applicable,0.000003240773,applicable,0.000000076445
v1.0,market,0x7d4799e15dcaad9da49ab8edf46d647db2da2ff419db52e8ec0984d0c49e8b9b,1,0x7d4799e15dcaad9da49ab8edf46d647db2da2ff419db52e8ec0984d0c49e8b9b,full_scope_other,USDC,0xaf88d065e77c8cc2239327c5edb3a432268e5831,PT-USDai-19FEB2026,0x5b2c615e22272234aacf187632a0531ca1243279,active_borrowers,wallets,,,p30,2026-03-20T13:00:00Z,56,0,0,0,3,3,10,10,2025-12-10T13:00:00Z,0,0,3,3,0,0,applicable,0,applicable,0
v1.0,market,0x7d4799e15dcaad9da49ab8edf46d647db2da2ff419db52e8ec0984d0c49e8b9b,1,0x7d4799e15dcaad9da49ab8edf46d647db2da2ff419db52e8ec0984d0c49e8b9b,full_scope_other,USDC,0xaf88d065e77c8cc2239327c5edb3a432268e5831,PT-USDai-19FEB2026,0x5b2c615e22272234aacf187632a0531ca1243279,active_borrowers,wallets,,,p90,2026-05-19T13:00:00Z,56,0,0,0,3,3,10,10,2025-12-10T13:00:00Z,0,0,3,3,0,0,applicable,0,applicable,0
v1.0,market,0x7d4799e15dcaad9da49ab8edf46d647db2da2ff419db52e8ec0984d0c49e8b9b,1,0x7d4799e15dcaad9da49ab8edf46d647db2da2ff419db52e8ec0984d0c49e8b9b,full_scope_other,USDC,0xaf88d065e77c8cc2239327c5edb3a432268e5831,PT-USDai-19FEB2026,0x5b2c615e22272234aacf187632a0531ca1243279,active_borrowers,wallets,,,p180,2026-08-17T13:00:00Z,56,0,0,0,3,3,10,10,2025-12-10T13:00:00Z,0,0,3,3,0,0,applicable,0,applicable,0
v1.0,market,0x8147c63f3f6f5a0825c84bf2cb11443c72b609fa39cf9a362e3d4dc2c5ca76c4,1,0x8147c63f3f6f5a0825c84bf2cb11443c72b609fa39cf9a362e3d4dc2c5ca76c4,full_scope_other,USDC,0xaf88d065e77c8cc2239327c5edb3a432268e5831,PT-USDai-19FEB2026,0x5b2c615e22272234aacf187632a0531ca1243279,borrowed_assets,USDC,0xaf88d065e77c8cc2239327c5edb3a432268e5831,6,p30,2026-03-20T13:00:00Z,56,0,0,0,28230035330835,28230035.330835,28707677584298,28707677.584298,2026-02-15T13:00:00Z,201676252,201.676252,28230035330835,28230035.330835,201676252,201.676252,applicable,0.000007144031,applicable,0.000007025168
v1.0,market,0x8147c63f3f6f5a0825c84bf2cb11443c72b609fa39cf9a362e3d4dc2c5ca76c4,1,0x8147c63f3f6f5a0825c84bf2cb11443c72b609fa39cf9a362e3d4dc2c5ca76c4,full_scope_other,USDC,0xaf88d065e77c8cc2239327c5edb3a432268e5831,PT-USDai-19FEB2026,0x5b2c615e22272234aacf187632a0531ca1243279,borrowed_assets,USDC,0xaf88d065e77c8cc2239327c5edb3a432268e5831,6,p90,2026-05-19T13:00:00Z,56,0,0,0,28230035330835,28230035.330835,28707677584298,28707677.584298,2026-02-15T13:00:00Z,569889,0.569889,28230035330835,28230035.330835,569889,0.569889,applicable,0.000000020187,applicable,0.000000019851
v1.0,market,0x8147c63f3f6f5a0825c84bf2cb11443c72b609fa39cf9a362e3d4dc2c5ca76c4,1,0x8147c63f3f6f5a0825c84bf2cb11443c72b609fa39cf9a362e3d4dc2c5ca76c4,full_scope_other,USDC,0xaf88d065e77c8cc2239327c5edb3a432268e5831,PT-USDai-19FEB2026,0x5b2c615e22272234aacf187632a0531ca1243279,borrowed_assets,USDC,0xaf88d065e77c8cc2239327c5edb3a432268e5831,6,p180,2026-08-17T13:00:00Z,56,0,0,0,28230035330835,28230035.330835,28707677584298,28707677.584298,2026-02-15T13:00:00Z,570096,0.570096,28230035330835,28230035.330835,570096,0.570096,applicable,0.000000020195,applicable,0.000000019859
v1.0,market,0x8147c63f3f6f5a0825c84bf2cb11443c72b609fa39cf9a362e3d4dc2c5ca76c4,1,0x8147c63f3f6f5a0825c84bf2cb11443c72b609fa39cf9a362e3d4dc2c5ca76c4,full_scope_other,USDC,0xaf88d065e77c8cc2239327c5edb3a432268e5831,PT-USDai-19FEB2026,0x5b2c615e22272234aacf187632a0531ca1243279,supplied_assets,USDC,0xaf88d065e77c8cc2239327c5edb3a432268e5831,6,p30,2026-03-20T13:00:00Z,56,0,0,0,32593773046443,32593773.046443,33452970657062,33452970.657062,2026-02-17T13:00:00Z,301676252,301.676252,32593773046443,32593773.046443,301676252,301.676252,applicable,0.000009255641,applicable,0.000009017921
v1.0,market,0x8147c63f3f6f5a0825c84bf2cb11443c72b609fa39cf9a362e3d4dc2c5ca76c4,1,0x8147c63f3f6f5a0825c84bf2cb11443c72b609fa39cf9a362e3d4dc2c5ca76c4,full_scope_other,USDC,0xaf88d065e77c8cc2239327c5edb3a432268e5831,PT-USDai-19FEB2026,0x5b2c615e22272234aacf187632a0531ca1243279,supplied_assets,USDC,0xaf88d065e77c8cc2239327c5edb3a432268e5831,6,p90,2026-05-19T13:00:00Z,56,0,0,0,32593773046443,32593773.046443,33452970657062,33452970.657062,2026-02-17T13:00:00Z,15518700,15.5187,32593773046443,32593773.046443,15518700,15.5187,applicable,0.000000476125,applicable,0.000000463896
v1.0,market,0x8147c63f3f6f5a0825c84bf2cb11443c72b609fa39cf9a362e3d4dc2c5ca76c4,1,0x8147c63f3f6f5a0825c84bf2cb11443c72b609fa39cf9a362e3d4dc2c5ca76c4,full_scope_other,USDC,0xaf88d065e77c8cc2239327c5edb3a432268e5831,PT-USDai-19FEB2026,0x5b2c615e22272234aacf187632a0531ca1243279,supplied_assets,USDC,0xaf88d065e77c8cc2239327c5edb3a432268e5831,6,p180,2026-08-17T13:00:00Z,56,0,0,0,32593773046443,32593773.046443,33452970657062,33452970.657062,2026-02-17T13:00:00Z,15518907,15.518907,32593773046443,32593773.046443,15518907,15.518907,applicable,0.000000476131,applicable,0.000000463902
v1.0,market,0x8147c63f3f6f5a0825c84bf2cb11443c72b609fa39cf9a362e3d4dc2c5ca76c4,1,0x8147c63f3f6f5a0825c84bf2cb11443c72b609fa39cf9a362e3d4dc2c5ca76c4,full_scope_other,USDC,0xaf88d065e77c8cc2239327c5edb3a432268e5831,PT-USDai-19FEB2026,0x5b2c615e22272234aacf187632a0531ca1243279,collateral_assets,PT-USDai-19FEB2026,0x5b2c615e22272234aacf187632a0531ca1243279,18,p30,2026-03-20T13:00:00Z,56,0,0,0,31816667412033600200384822,31816667.4120336002,32458427719791740884822065,32458427.719791740885,2026-02-15T13:00:00Z,227460472887386792339,227.460472887387,31816667412033600200384822,31816667.4120336002,227460472887386792339,227.460472887387,applicable,0.000007149098,applicable,0.000007007748
v1.0,market,0x8147c63f3f6f5a0825c84bf2cb11443c72b609fa39cf9a362e3d4dc2c5ca76c4,1,0x8147c63f3f6f5a0825c84bf2cb11443c72b609fa39cf9a362e3d4dc2c5ca76c4,full_scope_other,USDC,0xaf88d065e77c8cc2239327c5edb3a432268e5831,PT-USDai-19FEB2026,0x5b2c615e22272234aacf187632a0531ca1243279,collateral_assets,PT-USDai-19FEB2026,0x5b2c615e22272234aacf187632a0531ca1243279,18,p90,2026-05-19T13:00:00Z,56,0,0,0,31816667412033600200384822,31816667.4120336002,32458427719791740884822065,32458427.719791740885,2026-02-15T13:00:00Z,1226440307669903503,1.22644030767,31816667412033600200384822,31816667.4120336002,1226440307669903503,1.22644030767,applicable,0.000000038547,applicable,0.000000037785
v1.0,market,0x8147c63f3f6f5a0825c84bf2cb11443c72b609fa39cf9a362e3d4dc2c5ca76c4,1,0x8147c63f3f6f5a0825c84bf2cb11443c72b609fa39cf9a362e3d4dc2c5ca76c4,full_scope_other,USDC,0xaf88d065e77c8cc2239327c5edb3a432268e5831,PT-USDai-19FEB2026,0x5b2c615e22272234aacf187632a0531ca1243279,collateral_assets,PT-USDai-19FEB2026,0x5b2c615e22272234aacf187632a0531ca1243279,18,p180,2026-08-17T13:00:00Z,56,0,0,0,31816667412033600200384822,31816667.4120336002,32458427719791740884822065,32458427.719791740885,2026-02-15T13:00:00Z,1226440307664663078,1.226440307665,31816667412033600200384822,31816667.4120336002,1226440307664663078,1.226440307665,applicable,0.000000038547,applicable,0.000000037785
v1.0,market,0x8147c63f3f6f5a0825c84bf2cb11443c72b609fa39cf9a362e3d4dc2c5ca76c4,1,0x8147c63f3f6f5a0825c84bf2cb11443c72b609fa39cf9a362e3d4dc2c5ca76c4,full_scope_other,USDC,0xaf88d065e77c8cc2239327c5edb3a432268e5831,PT-USDai-19FEB2026,0x5b2c615e22272234aacf187632a0531ca1243279,active_borrowers,wallets,,,p30,2026-03-20T13:00:00Z,56,0,0,0,36,36,41,41,2026-02-14T13:00:00Z,1,1,36,36,1,1,applicable,0.027777777778,applicable,0.024390243902
v1.0,market,0x8147c63f3f6f5a0825c84bf2cb11443c72b609fa39cf9a362e3d4dc2c5ca76c4,1,0x8147c63f3f6f5a0825c84bf2cb11443c72b609fa39cf9a362e3d4dc2c5ca76c4,full_scope_other,USDC,0xaf88d065e77c8cc2239327c5edb3a432268e5831,PT-USDai-19FEB2026,0x5b2c615e22272234aacf187632a0531ca1243279,active_borrowers,wallets,,,p90,2026-05-19T13:00:00Z,56,0,0,0,36,36,41,41,2026-02-14T13:00:00Z,0,0,36,36,0,0,applicable,0,applicable,0
v1.0,market,0x8147c63f3f6f5a0825c84bf2cb11443c72b609fa39cf9a362e3d4dc2c5ca76c4,1,0x8147c63f3f6f5a0825c84bf2cb11443c72b609fa39cf9a362e3d4dc2c5ca76c4,full_scope_other,USDC,0xaf88d065e77c8cc2239327c5edb3a432268e5831,PT-USDai-19FEB2026,0x5b2c615e22272234aacf187632a0531ca1243279,active_borrowers,wallets,,,p180,2026-08-17T13:00:00Z,56,0,0,0,36,36,41,41,2026-02-14T13:00:00Z,0,0,36,36,0,0,applicable,0,applicable,0
v1.0,market,0xf4ab212f6fcc943e2669cb6307fa4b608b0418ac5255c100e58394822157785c,1,0xf4ab212f6fcc943e2669cb6307fa4b608b0418ac5255c100e58394822157785c,full_scope_other,USDC,0xaf88d065e77c8cc2239327c5edb3a432268e5831,PT-USDai-20NOV2025,0x8b4ca42bb3b1d789859f106222cf7dc5eed48ccb,borrowed_assets,USDC,0xaf88d065e77c8cc2239327c5edb3a432268e5831,6,p30,2026-03-20T13:00:00Z,56,0,0,0,166934847358,166934.847358,23564427939004,23564427.939004,2025-11-09T13:00:00Z,161832492655,161832.492655,166934847358,166934.847358,161832492655,161832.492655,applicable,0.969435053353,applicable,0.006867660572
v1.0,market,0xf4ab212f6fcc943e2669cb6307fa4b608b0418ac5255c100e58394822157785c,1,0xf4ab212f6fcc943e2669cb6307fa4b608b0418ac5255c100e58394822157785c,full_scope_other,USDC,0xaf88d065e77c8cc2239327c5edb3a432268e5831,PT-USDai-20NOV2025,0x8b4ca42bb3b1d789859f106222cf7dc5eed48ccb,borrowed_assets,USDC,0xaf88d065e77c8cc2239327c5edb3a432268e5831,6,p90,2026-05-19T13:00:00Z,56,0,0,0,166934847358,166934.847358,23564427939004,23564427.939004,2025-11-09T13:00:00Z,165630737588,165630.737588,166934847358,166934.847358,165630737588,165630.737588,applicable,0.992187911687,applicable,0.007028846107
v1.0,market,0xf4ab212f6fcc943e2669cb6307fa4b608b0418ac5255c100e58394822157785c,1,0xf4ab212f6fcc943e2669cb6307fa4b608b0418ac5255c100e58394822157785c,full_scope_other,USDC,0xaf88d065e77c8cc2239327c5edb3a432268e5831,PT-USDai-20NOV2025,0x8b4ca42bb3b1d789859f106222cf7dc5eed48ccb,borrowed_assets,USDC,0xaf88d065e77c8cc2239327c5edb3a432268e5831,6,p180,2026-08-17T13:00:00Z,56,0,0,0,166934847358,166934.847358,23564427939004,23564427.939004,2025-11-09T13:00:00Z,2230163723,2230.163723,166934847358,166934.847358,2230163723,2230.163723,applicable,0.013359485801,applicable,0.000094641115
v1.0,market,0xf4ab212f6fcc943e2669cb6307fa4b608b0418ac5255c100e58394822157785c,1,0xf4ab212f6fcc943e2669cb6307fa4b608b0418ac5255c100e58394822157785c,full_scope_other,USDC,0xaf88d065e77c8cc2239327c5edb3a432268e5831,PT-USDai-20NOV2025,0x8b4ca42bb3b1d789859f106222cf7dc5eed48ccb,supplied_assets,USDC,0xaf88d065e77c8cc2239327c5edb3a432268e5831,6,p30,2026-03-20T13:00:00Z,56,0,0,0,188429438548,188429.438548,30062151319370,30062151.31937,2025-11-08T13:00:00Z,179558114901,179558.114901,188429438548,188429.438548,179558114901,179558.114901,applicable,0.952919651434,applicable,0.005972896384
v1.0,market,0xf4ab212f6fcc943e2669cb6307fa4b608b0418ac5255c100e58394822157785c,1,0xf4ab212f6fcc943e2669cb6307fa4b608b0418ac5255c100e58394822157785c,full_scope_other,USDC,0xaf88d065e77c8cc2239327c5edb3a432268e5831,PT-USDai-20NOV2025,0x8b4ca42bb3b1d789859f106222cf7dc5eed48ccb,supplied_assets,USDC,0xaf88d065e77c8cc2239327c5edb3a432268e5831,6,p90,2026-05-19T13:00:00Z,56,0,0,0,188429438548,188429.438548,30062151319370,30062151.31937,2025-11-08T13:00:00Z,190362669863,190362.669863,188429438548,188429.438548,190362669863,190362.669863,applicable,1.010259709576,applicable,0.006332303628
v1.0,market,0xf4ab212f6fcc943e2669cb6307fa4b608b0418ac5255c100e58394822157785c,1,0xf4ab212f6fcc943e2669cb6307fa4b608b0418ac5255c100e58394822157785c,full_scope_other,USDC,0xaf88d065e77c8cc2239327c5edb3a432268e5831,PT-USDai-20NOV2025,0x8b4ca42bb3b1d789859f106222cf7dc5eed48ccb,supplied_assets,USDC,0xaf88d065e77c8cc2239327c5edb3a432268e5831,6,p180,2026-08-17T13:00:00Z,56,0,0,0,188429438548,188429.438548,30062151319370,30062151.31937,2025-11-08T13:00:00Z,2420389411,2420.389411,188429438548,188429.438548,2420389411,2420.389411,applicable,0.012845070439,applicable,0.000080512848
v1.0,market,0xf4ab212f6fcc943e2669cb6307fa4b608b0418ac5255c100e58394822157785c,1,0xf4ab212f6fcc943e2669cb6307fa4b608b0418ac5255c100e58394822157785c,full_scope_other,USDC,0xaf88d065e77c8cc2239327c5edb3a432268e5831,PT-USDai-20NOV2025,0x8b4ca42bb3b1d789859f106222cf7dc5eed48ccb,collateral_assets,PT-USDai-20NOV2025,0x8b4ca42bb3b1d789859f106222cf7dc5eed48ccb,18,p30,2026-03-20T13:00:00Z,56,0,0,0,209514220351023144890735,209514.220351023145,29259162902057237458949067,29259162.902057237459,2025-11-10T13:00:00Z,202615155402621611309432,202615.155402621611,209514220351023144890735,209514.220351023145,202615155402621611309432,202615.155402621611,applicable,0.967071137525,applicable,0.006924844572
v1.0,market,0xf4ab212f6fcc943e2669cb6307fa4b608b0418ac5255c100e58394822157785c,1,0xf4ab212f6fcc943e2669cb6307fa4b608b0418ac5255c100e58394822157785c,full_scope_other,USDC,0xaf88d065e77c8cc2239327c5edb3a432268e5831,PT-USDai-20NOV2025,0x8b4ca42bb3b1d789859f106222cf7dc5eed48ccb,collateral_assets,PT-USDai-20NOV2025,0x8b4ca42bb3b1d789859f106222cf7dc5eed48ccb,18,p90,2026-05-19T13:00:00Z,56,0,0,0,209514220351023144890735,209514.220351023145,29259162902057237458949067,29259162.902057237459,2025-11-10T13:00:00Z,202615155402621611309432,202615.155402621611,209514220351023144890735,209514.220351023145,202615155402621611309432,202615.155402621611,applicable,0.967071137525,applicable,0.006924844572
v1.0,market,0xf4ab212f6fcc943e2669cb6307fa4b608b0418ac5255c100e58394822157785c,1,0xf4ab212f6fcc943e2669cb6307fa4b608b0418ac5255c100e58394822157785c,full_scope_other,USDC,0xaf88d065e77c8cc2239327c5edb3a432268e5831,PT-USDai-20NOV2025,0x8b4ca42bb3b1d789859f106222cf7dc5eed48ccb,collateral_assets,PT-USDai-20NOV2025,0x8b4ca42bb3b1d789859f106222cf7dc5eed48ccb,18,p180,2026-08-17T13:00:00Z,56,0,0,0,209514220351023144890735,209514.220351023145,29259162902057237458949067,29259162.902057237459,2025-11-10T13:00:00Z,2722159887457298949217,2722.159887457299,209514220351023144890735,209514.220351023145,2722159887457298949217,2722.159887457299,applicable,0.012992721367,applicable,0.000093036151
v1.0,market,0xf4ab212f6fcc943e2669cb6307fa4b608b0418ac5255c100e58394822157785c,1,0xf4ab212f6fcc943e2669cb6307fa4b608b0418ac5255c100e58394822157785c,full_scope_other,USDC,0xaf88d065e77c8cc2239327c5edb3a432268e5831,PT-USDai-20NOV2025,0x8b4ca42bb3b1d789859f106222cf7dc5eed48ccb,active_borrowers,wallets,,,p30,2026-03-20T13:00:00Z,56,0,0,0,5,5,66,66,2025-10-31T13:00:00Z,4,4,5,5,4,4,applicable,0.8,applicable,0.060606060606
v1.0,market,0xf4ab212f6fcc943e2669cb6307fa4b608b0418ac5255c100e58394822157785c,1,0xf4ab212f6fcc943e2669cb6307fa4b608b0418ac5255c100e58394822157785c,full_scope_other,USDC,0xaf88d065e77c8cc2239327c5edb3a432268e5831,PT-USDai-20NOV2025,0x8b4ca42bb3b1d789859f106222cf7dc5eed48ccb,active_borrowers,wallets,,,p90,2026-05-19T13:00:00Z,56,0,0,0,5,5,66,66,2025-10-31T13:00:00Z,4,4,5,5,4,4,applicable,0.8,applicable,0.060606060606
v1.0,market,0xf4ab212f6fcc943e2669cb6307fa4b608b0418ac5255c100e58394822157785c,1,0xf4ab212f6fcc943e2669cb6307fa4b608b0418ac5255c100e58394822157785c,full_scope_other,USDC,0xaf88d065e77c8cc2239327c5edb3a432268e5831,PT-USDai-20NOV2025,0x8b4ca42bb3b1d789859f106222cf7dc5eed48ccb,active_borrowers,wallets,,,p180,2026-08-17T13:00:00Z,56,0,0,0,5,5,66,66,2025-10-31T13:00:00Z,3,3,5,5,3,3,applicable,0.6,applicable,0.045454545455
v1.0,market,0x729e4ab1f1613a55f4dc6444cb073a2f9ba4c402f8c59e93e1d725f9ce45f23a,1,0x729e4ab1f1613a55f4dc6444cb073a2f9ba4c402f8c59e93e1d725f9ce45f23a,full_scope_other,USDC,0xaf88d065e77c8cc2239327c5edb3a432268e5831,PT-USDe-11DEC2025,0xf9921bc1837a97b8f853c83521122c3fbf3f365f,borrowed_assets,USDC,0xaf88d065e77c8cc2239327c5edb3a432268e5831,6,p30,2026-03-20T13:00:00Z,56,0,0,0,10150,0.01015,89132293342,89132.293342,2025-10-06T13:00:00Z,10150,0.01015,10150,0.01015,10150,0.01015,applicable,1,applicable,0.000000113876
v1.0,market,0x729e4ab1f1613a55f4dc6444cb073a2f9ba4c402f8c59e93e1d725f9ce45f23a,1,0x729e4ab1f1613a55f4dc6444cb073a2f9ba4c402f8c59e93e1d725f9ce45f23a,full_scope_other,USDC,0xaf88d065e77c8cc2239327c5edb3a432268e5831,PT-USDe-11DEC2025,0xf9921bc1837a97b8f853c83521122c3fbf3f365f,borrowed_assets,USDC,0xaf88d065e77c8cc2239327c5edb3a432268e5831,6,p90,2026-05-19T13:00:00Z,56,0,0,0,10150,0.01015,89132293342,89132.293342,2025-10-06T13:00:00Z,10150,0.01015,10150,0.01015,10150,0.01015,applicable,1,applicable,0.000000113876
v1.0,market,0x729e4ab1f1613a55f4dc6444cb073a2f9ba4c402f8c59e93e1d725f9ce45f23a,1,0x729e4ab1f1613a55f4dc6444cb073a2f9ba4c402f8c59e93e1d725f9ce45f23a,full_scope_other,USDC,0xaf88d065e77c8cc2239327c5edb3a432268e5831,PT-USDe-11DEC2025,0xf9921bc1837a97b8f853c83521122c3fbf3f365f,borrowed_assets,USDC,0xaf88d065e77c8cc2239327c5edb3a432268e5831,6,p180,2026-08-17T13:00:00Z,56,0,0,0,10150,0.01015,89132293342,89132.293342,2025-10-06T13:00:00Z,10150,0.01015,10150,0.01015,10150,0.01015,applicable,1,applicable,0.000000113876
v1.0,market,0x729e4ab1f1613a55f4dc6444cb073a2f9ba4c402f8c59e93e1d725f9ce45f23a,1,0x729e4ab1f1613a55f4dc6444cb073a2f9ba4c402f8c59e93e1d725f9ce45f23a,full_scope_other,USDC,0xaf88d065e77c8cc2239327c5edb3a432268e5831,PT-USDe-11DEC2025,0xf9921bc1837a97b8f853c83521122c3fbf3f365f,supplied_assets,USDC,0xaf88d065e77c8cc2239327c5edb3a432268e5831,6,p30,2026-03-20T13:00:00Z,56,0,0,0,11152,0.011152,2910000010024,2910000.010024,2025-09-23T13:00:00Z,11152,0.011152,11152,0.011152,11152,0.011152,applicable,1,applicable,0.000000003832
v1.0,market,0x729e4ab1f1613a55f4dc6444cb073a2f9ba4c402f8c59e93e1d725f9ce45f23a,1,0x729e4ab1f1613a55f4dc6444cb073a2f9ba4c402f8c59e93e1d725f9ce45f23a,full_scope_other,USDC,0xaf88d065e77c8cc2239327c5edb3a432268e5831,PT-USDe-11DEC2025,0xf9921bc1837a97b8f853c83521122c3fbf3f365f,supplied_assets,USDC,0xaf88d065e77c8cc2239327c5edb3a432268e5831,6,p90,2026-05-19T13:00:00Z,56,0,0,0,11152,0.011152,2910000010024,2910000.010024,2025-09-23T13:00:00Z,11152,0.011152,11152,0.011152,11152,0.011152,applicable,1,applicable,0.000000003832
v1.0,market,0x729e4ab1f1613a55f4dc6444cb073a2f9ba4c402f8c59e93e1d725f9ce45f23a,1,0x729e4ab1f1613a55f4dc6444cb073a2f9ba4c402f8c59e93e1d725f9ce45f23a,full_scope_other,USDC,0xaf88d065e77c8cc2239327c5edb3a432268e5831,PT-USDe-11DEC2025,0xf9921bc1837a97b8f853c83521122c3fbf3f365f,supplied_assets,USDC,0xaf88d065e77c8cc2239327c5edb3a432268e5831,6,p180,2026-08-17T13:00:00Z,56,0,0,0,11152,0.011152,2910000010024,2910000.010024,2025-09-23T13:00:00Z,11152,0.011152,11152,0.011152,11152,0.011152,applicable,1,applicable,0.000000003832
v1.0,market,0x729e4ab1f1613a55f4dc6444cb073a2f9ba4c402f8c59e93e1d725f9ce45f23a,1,0x729e4ab1f1613a55f4dc6444cb073a2f9ba4c402f8c59e93e1d725f9ce45f23a,full_scope_other,USDC,0xaf88d065e77c8cc2239327c5edb3a432268e5831,PT-USDe-11DEC2025,0xf9921bc1837a97b8f853c83521122c3fbf3f365f,collateral_assets,PT-USDe-11DEC2025,0xf9921bc1837a97b8f853c83521122c3fbf3f365f,18,p30,2026-03-20T13:00:00Z,56,0,0,0,23445943690329401,0.02344594369,103674603199313401874399,103674.603199313402,2025-10-03T13:00:00Z,23445943690329401,0.02344594369,23445943690329401,0.02344594369,23445943690329401,0.02344594369,applicable,1,applicable,0.000000226149
v1.0,market,0x729e4ab1f1613a55f4dc6444cb073a2f9ba4c402f8c59e93e1d725f9ce45f23a,1,0x729e4ab1f1613a55f4dc6444cb073a2f9ba4c402f8c59e93e1d725f9ce45f23a,full_scope_other,USDC,0xaf88d065e77c8cc2239327c5edb3a432268e5831,PT-USDe-11DEC2025,0xf9921bc1837a97b8f853c83521122c3fbf3f365f,collateral_assets,PT-USDe-11DEC2025,0xf9921bc1837a97b8f853c83521122c3fbf3f365f,18,p90,2026-05-19T13:00:00Z,56,0,0,0,23445943690329401,0.02344594369,103674603199313401874399,103674.603199313402,2025-10-03T13:00:00Z,23445943690329401,0.02344594369,23445943690329401,0.02344594369,23445943690329401,0.02344594369,applicable,1,applicable,0.000000226149
v1.0,market,0x729e4ab1f1613a55f4dc6444cb073a2f9ba4c402f8c59e93e1d725f9ce45f23a,1,0x729e4ab1f1613a55f4dc6444cb073a2f9ba4c402f8c59e93e1d725f9ce45f23a,full_scope_other,USDC,0xaf88d065e77c8cc2239327c5edb3a432268e5831,PT-USDe-11DEC2025,0xf9921bc1837a97b8f853c83521122c3fbf3f365f,collateral_assets,PT-USDe-11DEC2025,0xf9921bc1837a97b8f853c83521122c3fbf3f365f,18,p180,2026-08-17T13:00:00Z,56,0,0,0,23445943690329401,0.02344594369,103674603199313401874399,103674.603199313402,2025-10-03T13:00:00Z,23445943690329401,0.02344594369,23445943690329401,0.02344594369,23445943690329401,0.02344594369,applicable,1,applicable,0.000000226149
v1.0,market,0x729e4ab1f1613a55f4dc6444cb073a2f9ba4c402f8c59e93e1d725f9ce45f23a,1,0x729e4ab1f1613a55f4dc6444cb073a2f9ba4c402f8c59e93e1d725f9ce45f23a,full_scope_other,USDC,0xaf88d065e77c8cc2239327c5edb3a432268e5831,PT-USDe-11DEC2025,0xf9921bc1837a97b8f853c83521122c3fbf3f365f,active_borrowers,wallets,,,p30,2026-03-20T13:00:00Z,56,0,0,0,0,0,3,3,2025-10-29T13:00:00Z,0,0,0,0,0,0,not_applicable_no_positive_end_uplift,,applicable,0
v1.0,market,0x729e4ab1f1613a55f4dc6444cb073a2f9ba4c402f8c59e93e1d725f9ce45f23a,1,0x729e4ab1f1613a55f4dc6444cb073a2f9ba4c402f8c59e93e1d725f9ce45f23a,full_scope_other,USDC,0xaf88d065e77c8cc2239327c5edb3a432268e5831,PT-USDe-11DEC2025,0xf9921bc1837a97b8f853c83521122c3fbf3f365f,active_borrowers,wallets,,,p90,2026-05-19T13:00:00Z,56,0,0,0,0,0,3,3,2025-10-29T13:00:00Z,0,0,0,0,0,0,not_applicable_no_positive_end_uplift,,applicable,0
v1.0,market,0x729e4ab1f1613a55f4dc6444cb073a2f9ba4c402f8c59e93e1d725f9ce45f23a,1,0x729e4ab1f1613a55f4dc6444cb073a2f9ba4c402f8c59e93e1d725f9ce45f23a,full_scope_other,USDC,0xaf88d065e77c8cc2239327c5edb3a432268e5831,PT-USDe-11DEC2025,0xf9921bc1837a97b8f853c83521122c3fbf3f365f,active_borrowers,wallets,,,p180,2026-08-17T13:00:00Z,56,0,0,0,0,0,3,3,2025-10-29T13:00:00Z,0,0,0,0,0,0,not_applicable_no_positive_end_uplift,,applicable,0
v1.0,market,0x678b525f162b499b17d8fd71f3129bd3a5a10d4c728e6af02ee7c644ae262d01,1,0x678b525f162b499b17d8fd71f3129bd3a5a10d4c728e6af02ee7c644ae262d01,full_scope_other,USDC,0xaf88d065e77c8cc2239327c5edb3a432268e5831,RLP,0x35e5db674d8e93a03d814fa0ada70731efe8a4b9,borrowed_assets,USDC,0xaf88d065e77c8cc2239327c5edb3a432268e5831,6,p30,2026-03-20T13:00:00Z,56,0,0,0,3466008,3.466008,3466008,3.466008,2025-12-10T13:00:00Z,3466008,3.466008,3466008,3.466008,3466008,3.466008,applicable,1,applicable,1
v1.0,market,0x678b525f162b499b17d8fd71f3129bd3a5a10d4c728e6af02ee7c644ae262d01,1,0x678b525f162b499b17d8fd71f3129bd3a5a10d4c728e6af02ee7c644ae262d01,full_scope_other,USDC,0xaf88d065e77c8cc2239327c5edb3a432268e5831,RLP,0x35e5db674d8e93a03d814fa0ada70731efe8a4b9,borrowed_assets,USDC,0xaf88d065e77c8cc2239327c5edb3a432268e5831,6,p90,2026-05-19T13:00:00Z,56,0,0,0,3466008,3.466008,3466008,3.466008,2025-12-10T13:00:00Z,3466008,3.466008,3466008,3.466008,3466008,3.466008,applicable,1,applicable,1
v1.0,market,0x678b525f162b499b17d8fd71f3129bd3a5a10d4c728e6af02ee7c644ae262d01,1,0x678b525f162b499b17d8fd71f3129bd3a5a10d4c728e6af02ee7c644ae262d01,full_scope_other,USDC,0xaf88d065e77c8cc2239327c5edb3a432268e5831,RLP,0x35e5db674d8e93a03d814fa0ada70731efe8a4b9,borrowed_assets,USDC,0xaf88d065e77c8cc2239327c5edb3a432268e5831,6,p180,2026-08-17T13:00:00Z,56,0,0,0,3466008,3.466008,3466008,3.466008,2025-12-10T13:00:00Z,3466008,3.466008,3466008,3.466008,3466008,3.466008,applicable,1,applicable,1
v1.0,market,0x678b525f162b499b17d8fd71f3129bd3a5a10d4c728e6af02ee7c644ae262d01,1,0x678b525f162b499b17d8fd71f3129bd3a5a10d4c728e6af02ee7c644ae262d01,full_scope_other,USDC,0xaf88d065e77c8cc2239327c5edb3a432268e5831,RLP,0x35e5db674d8e93a03d814fa0ada70731efe8a4b9,supplied_assets,USDC,0xaf88d065e77c8cc2239327c5edb3a432268e5831,6,p30,2026-03-20T13:00:00Z,56,0,0,0,3849701,3.849701,3849701,3.849701,2025-12-10T13:00:00Z,3849701,3.849701,3849701,3.849701,3849701,3.849701,applicable,1,applicable,1
v1.0,market,0x678b525f162b499b17d8fd71f3129bd3a5a10d4c728e6af02ee7c644ae262d01,1,0x678b525f162b499b17d8fd71f3129bd3a5a10d4c728e6af02ee7c644ae262d01,full_scope_other,USDC,0xaf88d065e77c8cc2239327c5edb3a432268e5831,RLP,0x35e5db674d8e93a03d814fa0ada70731efe8a4b9,supplied_assets,USDC,0xaf88d065e77c8cc2239327c5edb3a432268e5831,6,p90,2026-05-19T13:00:00Z,56,0,0,0,3849701,3.849701,3849701,3.849701,2025-12-10T13:00:00Z,3849701,3.849701,3849701,3.849701,3849701,3.849701,applicable,1,applicable,1
v1.0,market,0x678b525f162b499b17d8fd71f3129bd3a5a10d4c728e6af02ee7c644ae262d01,1,0x678b525f162b499b17d8fd71f3129bd3a5a10d4c728e6af02ee7c644ae262d01,full_scope_other,USDC,0xaf88d065e77c8cc2239327c5edb3a432268e5831,RLP,0x35e5db674d8e93a03d814fa0ada70731efe8a4b9,supplied_assets,USDC,0xaf88d065e77c8cc2239327c5edb3a432268e5831,6,p180,2026-08-17T13:00:00Z,56,0,0,0,3849701,3.849701,3849701,3.849701,2025-12-10T13:00:00Z,3849701,3.849701,3849701,3.849701,3849701,3.849701,applicable,1,applicable,1
v1.0,market,0x678b525f162b499b17d8fd71f3129bd3a5a10d4c728e6af02ee7c644ae262d01,1,0x678b525f162b499b17d8fd71f3129bd3a5a10d4c728e6af02ee7c644ae262d01,full_scope_other,USDC,0xaf88d065e77c8cc2239327c5edb3a432268e5831,RLP,0x35e5db674d8e93a03d814fa0ada70731efe8a4b9,collateral_assets,RLP,0x35e5db674d8e93a03d814fa0ada70731efe8a4b9,18,p30,2026-03-20T13:00:00Z,56,0,0,0,3858418068326094639,3.858418068326,3858418068326094639,3.858418068326,2025-10-14T13:00:00Z,3858418068326094639,3.858418068326,3858418068326094639,3.858418068326,3858418068326094639,3.858418068326,applicable,1,applicable,1
v1.0,market,0x678b525f162b499b17d8fd71f3129bd3a5a10d4c728e6af02ee7c644ae262d01,1,0x678b525f162b499b17d8fd71f3129bd3a5a10d4c728e6af02ee7c644ae262d01,full_scope_other,USDC,0xaf88d065e77c8cc2239327c5edb3a432268e5831,RLP,0x35e5db674d8e93a03d814fa0ada70731efe8a4b9,collateral_assets,RLP,0x35e5db674d8e93a03d814fa0ada70731efe8a4b9,18,p90,2026-05-19T13:00:00Z,56,0,0,0,3858418068326094639,3.858418068326,3858418068326094639,3.858418068326,2025-10-14T13:00:00Z,3858418068326094639,3.858418068326,3858418068326094639,3.858418068326,3858418068326094639,3.858418068326,applicable,1,applicable,1
v1.0,market,0x678b525f162b499b17d8fd71f3129bd3a5a10d4c728e6af02ee7c644ae262d01,1,0x678b525f162b499b17d8fd71f3129bd3a5a10d4c728e6af02ee7c644ae262d01,full_scope_other,USDC,0xaf88d065e77c8cc2239327c5edb3a432268e5831,RLP,0x35e5db674d8e93a03d814fa0ada70731efe8a4b9,collateral_assets,RLP,0x35e5db674d8e93a03d814fa0ada70731efe8a4b9,18,p180,2026-08-17T13:00:00Z,56,0,0,0,3858418068326094639,3.858418068326,3858418068326094639,3.858418068326,2025-10-14T13:00:00Z,3858418068326094639,3.858418068326,3858418068326094639,3.858418068326,3858418068326094639,3.858418068326,applicable,1,applicable,1
v1.0,market,0x678b525f162b499b17d8fd71f3129bd3a5a10d4c728e6af02ee7c644ae262d01,1,0x678b525f162b499b17d8fd71f3129bd3a5a10d4c728e6af02ee7c644ae262d01,full_scope_other,USDC,0xaf88d065e77c8cc2239327c5edb3a432268e5831,RLP,0x35e5db674d8e93a03d814fa0ada70731efe8a4b9,active_borrowers,wallets,,,p30,2026-03-20T13:00:00Z,56,0,0,0,1,1,1,1,2025-10-14T13:00:00Z,1,1,1,1,1,1,applicable,1,applicable,1
v1.0,market,0x678b525f162b499b17d8fd71f3129bd3a5a10d4c728e6af02ee7c644ae262d01,1,0x678b525f162b499b17d8fd71f3129bd3a5a10d4c728e6af02ee7c644ae262d01,full_scope_other,USDC,0xaf88d065e77c8cc2239327c5edb3a432268e5831,RLP,0x35e5db674d8e93a03d814fa0ada70731efe8a4b9,active_borrowers,wallets,,,p90,2026-05-19T13:00:00Z,56,0,0,0,1,1,1,1,2025-10-14T13:00:00Z,1,1,1,1,1,1,applicable,1,applicable,1
v1.0,market,0x678b525f162b499b17d8fd71f3129bd3a5a10d4c728e6af02ee7c644ae262d01,1,0x678b525f162b499b17d8fd71f3129bd3a5a10d4c728e6af02ee7c644ae262d01,full_scope_other,USDC,0xaf88d065e77c8cc2239327c5edb3a432268e5831,RLP,0x35e5db674d8e93a03d814fa0ada70731efe8a4b9,active_borrowers,wallets,,,p180,2026-08-17T13:00:00Z,56,0,0,0,1,1,1,1,2025-10-14T13:00:00Z,1,1,1,1,1,1,applicable,1,applicable,1
v1.0,market,0xc7670063349ac19dfa324ead7bd7da2985ae931e1b09fb0e31b62c6486b730bd,1,0xc7670063349ac19dfa324ead7bd7da2985ae931e1b09fb0e31b62c6486b730bd,full_scope_other,USDC,0xaf88d065e77c8cc2239327c5edb3a432268e5831,RLP,0x35e5db674d8e93a03d814fa0ada70731efe8a4b9,borrowed_assets,USDC,0xaf88d065e77c8cc2239327c5edb3a432268e5831,6,p30,2026-03-20T13:00:00Z,56,0,0,0,96519914087,96519.914087,3046894680622,3046894.680622,2026-01-20T13:00:00Z,17463975368,17463.975368,96519914087,96519.914087,17463975368,17463.975368,applicable,0.180936499304,applicable,0.005731729252
v1.0,market,0xc7670063349ac19dfa324ead7bd7da2985ae931e1b09fb0e31b62c6486b730bd,1,0xc7670063349ac19dfa324ead7bd7da2985ae931e1b09fb0e31b62c6486b730bd,full_scope_other,USDC,0xaf88d065e77c8cc2239327c5edb3a432268e5831,RLP,0x35e5db674d8e93a03d814fa0ada70731efe8a4b9,borrowed_assets,USDC,0xaf88d065e77c8cc2239327c5edb3a432268e5831,6,p90,2026-05-19T13:00:00Z,56,0,0,0,96519914087,96519.914087,3046894680622,3046894.680622,2026-01-20T13:00:00Z,95576251136,95576.251136,96519914087,96519.914087,95576251136,95576.251136,applicable,0.990223126907,applicable,0.03136841314
v1.0,market,0xc7670063349ac19dfa324ead7bd7da2985ae931e1b09fb0e31b62c6486b730bd,1,0xc7670063349ac19dfa324ead7bd7da2985ae931e1b09fb0e31b62c6486b730bd,full_scope_other,USDC,0xaf88d065e77c8cc2239327c5edb3a432268e5831,RLP,0x35e5db674d8e93a03d814fa0ada70731efe8a4b9,borrowed_assets,USDC,0xaf88d065e77c8cc2239327c5edb3a432268e5831,6,p180,2026-08-17T13:00:00Z,56,0,0,0,96519914087,96519.914087,3046894680622,3046894.680622,2026-01-20T13:00:00Z,155600627290,155600.62729,96519914087,96519.914087,155600627290,155600.62729,applicable,1.612109052954,applicable,0.051068593962
v1.0,market,0xc7670063349ac19dfa324ead7bd7da2985ae931e1b09fb0e31b62c6486b730bd,1,0xc7670063349ac19dfa324ead7bd7da2985ae931e1b09fb0e31b62c6486b730bd,full_scope_other,USDC,0xaf88d065e77c8cc2239327c5edb3a432268e5831,RLP,0x35e5db674d8e93a03d814fa0ada70731efe8a4b9,supplied_assets,USDC,0xaf88d065e77c8cc2239327c5edb3a432268e5831,6,p30,2026-03-20T13:00:00Z,56,0,0,0,124048092540,124048.09254,3376894673051,3376894.673051,2026-01-20T13:00:00Z,19159762734,19159.762734,124048092540,124048.09254,19159762734,19159.762734,applicable,0.154454311563,applicable,0.005673781562
v1.0,market,0xc7670063349ac19dfa324ead7bd7da2985ae931e1b09fb0e31b62c6486b730bd,1,0xc7670063349ac19dfa324ead7bd7da2985ae931e1b09fb0e31b62c6486b730bd,full_scope_other,USDC,0xaf88d065e77c8cc2239327c5edb3a432268e5831,RLP,0x35e5db674d8e93a03d814fa0ada70731efe8a4b9,supplied_assets,USDC,0xaf88d065e77c8cc2239327c5edb3a432268e5831,6,p90,2026-05-19T13:00:00Z,56,0,0,0,124048092540,124048.09254,3376894673051,3376894.673051,2026-01-20T13:00:00Z,95577341136,95577.341136,124048092540,124048.09254,95577341136,95577.341136,applicable,0.77048618144,applicable,0.028303323138
v1.0,market,0xc7670063349ac19dfa324ead7bd7da2985ae931e1b09fb0e31b62c6486b730bd,1,0xc7670063349ac19dfa324ead7bd7da2985ae931e1b09fb0e31b62c6486b730bd,full_scope_other,USDC,0xaf88d065e77c8cc2239327c5edb3a432268e5831,RLP,0x35e5db674d8e93a03d814fa0ada70731efe8a4b9,supplied_assets,USDC,0xaf88d065e77c8cc2239327c5edb3a432268e5831,6,p180,2026-08-17T13:00:00Z,56,0,0,0,124048092540,124048.09254,3376894673051,3376894.673051,2026-01-20T13:00:00Z,155600627290,155600.62729,124048092540,124048.09254,155600627290,155600.62729,applicable,1.254357274698,applicable,0.046078022075
v1.0,market,0xc7670063349ac19dfa324ead7bd7da2985ae931e1b09fb0e31b62c6486b730bd,1,0xc7670063349ac19dfa324ead7bd7da2985ae931e1b09fb0e31b62c6486b730bd,full_scope_other,USDC,0xaf88d065e77c8cc2239327c5edb3a432268e5831,RLP,0x35e5db674d8e93a03d814fa0ada70731efe8a4b9,collateral_assets,RLP,0x35e5db674d8e93a03d814fa0ada70731efe8a4b9,18,p30,2026-03-20T13:00:00Z,56,0,0,0,137640381867843835692149,137640.381867843836,3115494226506784140980000,3115494.226506784141,2026-01-20T13:00:00Z,17199220582135207834446,17199.220582135208,137640381867843835692149,137640.381867843836,17199220582135207834446,17199.220582135208,applicable,0.124957663941,applicable,0.005520543237
v1.0,market,0xc7670063349ac19dfa324ead7bd7da2985ae931e1b09fb0e31b62c6486b730bd,1,0xc7670063349ac19dfa324ead7bd7da2985ae931e1b09fb0e31b62c6486b730bd,full_scope_other,USDC,0xaf88d065e77c8cc2239327c5edb3a432268e5831,RLP,0x35e5db674d8e93a03d814fa0ada70731efe8a4b9,collateral_assets,RLP,0x35e5db674d8e93a03d814fa0ada70731efe8a4b9,18,p90,2026-05-19T13:00:00Z,56,0,0,0,137640381867843835692149,137640.381867843836,3115494226506784140980000,3115494.226506784141,2026-01-20T13:00:00Z,68899818028599991386687,68899.818028599991,137640381867843835692149,137640.381867843836,68899818028599991386687,68899.818028599991,applicable,0.500578515502,applicable,0.022115212875
v1.0,market,0xc7670063349ac19dfa324ead7bd7da2985ae931e1b09fb0e31b62c6486b730bd,1,0xc7670063349ac19dfa324ead7bd7da2985ae931e1b09fb0e31b62c6486b730bd,full_scope_other,USDC,0xaf88d065e77c8cc2239327c5edb3a432268e5831,RLP,0x35e5db674d8e93a03d814fa0ada70731efe8a4b9,collateral_assets,RLP,0x35e5db674d8e93a03d814fa0ada70731efe8a4b9,18,p180,2026-08-17T13:00:00Z,56,0,0,0,137640381867843835692149,137640.381867843836,3115494226506784140980000,3115494.226506784141,2026-01-20T13:00:00Z,68899818028599991386687,68899.818028599991,137640381867843835692149,137640.381867843836,68899818028599991386687,68899.818028599991,applicable,0.500578515502,applicable,0.022115212875
v1.0,market,0xc7670063349ac19dfa324ead7bd7da2985ae931e1b09fb0e31b62c6486b730bd,1,0xc7670063349ac19dfa324ead7bd7da2985ae931e1b09fb0e31b62c6486b730bd,full_scope_other,USDC,0xaf88d065e77c8cc2239327c5edb3a432268e5831,RLP,0x35e5db674d8e93a03d814fa0ada70731efe8a4b9,active_borrowers,wallets,,,p30,2026-03-20T13:00:00Z,56,0,0,0,5,5,9,9,2026-01-15T13:00:00Z,3,3,5,5,3,3,applicable,0.6,applicable,0.333333333333
v1.0,market,0xc7670063349ac19dfa324ead7bd7da2985ae931e1b09fb0e31b62c6486b730bd,1,0xc7670063349ac19dfa324ead7bd7da2985ae931e1b09fb0e31b62c6486b730bd,full_scope_other,USDC,0xaf88d065e77c8cc2239327c5edb3a432268e5831,RLP,0x35e5db674d8e93a03d814fa0ada70731efe8a4b9,active_borrowers,wallets,,,p90,2026-05-19T13:00:00Z,56,0,0,0,5,5,9,9,2026-01-15T13:00:00Z,8,8,5,5,8,8,applicable,1.6,applicable,0.888888888889
v1.0,market,0xc7670063349ac19dfa324ead7bd7da2985ae931e1b09fb0e31b62c6486b730bd,1,0xc7670063349ac19dfa324ead7bd7da2985ae931e1b09fb0e31b62c6486b730bd,full_scope_other,USDC,0xaf88d065e77c8cc2239327c5edb3a432268e5831,RLP,0x35e5db674d8e93a03d814fa0ada70731efe8a4b9,active_borrowers,wallets,,,p180,2026-08-17T13:00:00Z,56,0,0,0,5,5,9,9,2026-01-15T13:00:00Z,8,8,5,5,8,8,applicable,1.6,applicable,0.888888888889
v1.0,market,0xd478de9c069f12759d3baed9ddd16fe8902128937821af3a3cf77eca1885c7fc,1,0xd478de9c069f12759d3baed9ddd16fe8902128937821af3a3cf77eca1885c7fc,full_scope_other,USDC,0xaf88d065e77c8cc2239327c5edb3a432268e5831,rsETH,0x4186bfc76e2e237523cbc30fd220fe055156b41f,borrowed_assets,USDC,0xaf88d065e77c8cc2239327c5edb3a432268e5831,6,p30,2026-03-20T13:00:00Z,56,3000015,53571.696428571429,0.053571696429,7239,0.007239,115308674036,115308.674036,2025-10-10T13:00:00Z,7239,0.007239,-46332.696428571429,-0.046332696429,-46332.696428571429,-0.046332696429,not_applicable_no_positive_end_uplift,,applicable,-0.000000401815
v1.0,market,0xd478de9c069f12759d3baed9ddd16fe8902128937821af3a3cf77eca1885c7fc,1,0xd478de9c069f12759d3baed9ddd16fe8902128937821af3a3cf77eca1885c7fc,full_scope_other,USDC,0xaf88d065e77c8cc2239327c5edb3a432268e5831,rsETH,0x4186bfc76e2e237523cbc30fd220fe055156b41f,borrowed_assets,USDC,0xaf88d065e77c8cc2239327c5edb3a432268e5831,6,p90,2026-05-19T13:00:00Z,56,3000015,53571.696428571429,0.053571696429,7239,0.007239,115308674036,115308.674036,2025-10-10T13:00:00Z,7239,0.007239,-46332.696428571429,-0.046332696429,-46332.696428571429,-0.046332696429,not_applicable_no_positive_end_uplift,,applicable,-0.000000401815
v1.0,market,0xd478de9c069f12759d3baed9ddd16fe8902128937821af3a3cf77eca1885c7fc,1,0xd478de9c069f12759d3baed9ddd16fe8902128937821af3a3cf77eca1885c7fc,full_scope_other,USDC,0xaf88d065e77c8cc2239327c5edb3a432268e5831,rsETH,0x4186bfc76e2e237523cbc30fd220fe055156b41f,borrowed_assets,USDC,0xaf88d065e77c8cc2239327c5edb3a432268e5831,6,p180,2026-08-17T13:00:00Z,56,3000015,53571.696428571429,0.053571696429,7239,0.007239,115308674036,115308.674036,2025-10-10T13:00:00Z,7239,0.007239,-46332.696428571429,-0.046332696429,-46332.696428571429,-0.046332696429,not_applicable_no_positive_end_uplift,,applicable,-0.000000401815
v1.0,market,0xd478de9c069f12759d3baed9ddd16fe8902128937821af3a3cf77eca1885c7fc,1,0xd478de9c069f12759d3baed9ddd16fe8902128937821af3a3cf77eca1885c7fc,full_scope_other,USDC,0xaf88d065e77c8cc2239327c5edb3a432268e5831,rsETH,0x4186bfc76e2e237523cbc30fd220fe055156b41f,supplied_assets,USDC,0xaf88d065e77c8cc2239327c5edb3a432268e5831,6,p30,2026-03-20T13:00:00Z,56,3499815,62496.696428571429,0.062496696429,1195744,1.195744,128120624274,128120.624274,2025-10-10T13:00:00Z,1195744,1.195744,1133247.303571428571,1.133247303571,1133247.303571428571,1.133247303571,applicable,1,applicable,0.000008845163
v1.0,market,0xd478de9c069f12759d3baed9ddd16fe8902128937821af3a3cf77eca1885c7fc,1,0xd478de9c069f12759d3baed9ddd16fe8902128937821af3a3cf77eca1885c7fc,full_scope_other,USDC,0xaf88d065e77c8cc2239327c5edb3a432268e5831,rsETH,0x4186bfc76e2e237523cbc30fd220fe055156b41f,supplied_assets,USDC,0xaf88d065e77c8cc2239327c5edb3a432268e5831,6,p90,2026-05-19T13:00:00Z,56,3499815,62496.696428571429,0.062496696429,1195744,1.195744,128120624274,128120.624274,2025-10-10T13:00:00Z,1195744,1.195744,1133247.303571428571,1.133247303571,1133247.303571428571,1.133247303571,applicable,1,applicable,0.000008845163
v1.0,market,0xd478de9c069f12759d3baed9ddd16fe8902128937821af3a3cf77eca1885c7fc,1,0xd478de9c069f12759d3baed9ddd16fe8902128937821af3a3cf77eca1885c7fc,full_scope_other,USDC,0xaf88d065e77c8cc2239327c5edb3a432268e5831,rsETH,0x4186bfc76e2e237523cbc30fd220fe055156b41f,supplied_assets,USDC,0xaf88d065e77c8cc2239327c5edb3a432268e5831,6,p180,2026-08-17T13:00:00Z,56,3499815,62496.696428571429,0.062496696429,1195744,1.195744,128120624274,128120.624274,2025-10-10T13:00:00Z,1195744,1.195744,1133247.303571428571,1.133247303571,1133247.303571428571,1.133247303571,applicable,1,applicable,0.000008845163
v1.0,market,0xd478de9c069f12759d3baed9ddd16fe8902128937821af3a3cf77eca1885c7fc,1,0xd478de9c069f12759d3baed9ddd16fe8902128937821af3a3cf77eca1885c7fc,full_scope_other,USDC,0xaf88d065e77c8cc2239327c5edb3a432268e5831,rsETH,0x4186bfc76e2e237523cbc30fd220fe055156b41f,collateral_assets,rsETH,0x4186bfc76e2e237523cbc30fd220fe055156b41f,18,p30,2026-03-20T13:00:00Z,56,914250654695361,16325904548131.446428571429,0.000016325905,7125664207465,0.000007125664,50139480591936760073,50.139480591937,2025-10-02T13:00:00Z,7125664207465,0.000007125664,-9200240340666.446428571429,-0.00000920024,-9200240340666.446428571429,-0.00000920024,not_applicable_no_positive_end_uplift,,applicable,-0.000000183493
v1.0,market,0xd478de9c069f12759d3baed9ddd16fe8902128937821af3a3cf77eca1885c7fc,1,0xd478de9c069f12759d3baed9ddd16fe8902128937821af3a3cf77eca1885c7fc,full_scope_other,USDC,0xaf88d065e77c8cc2239327c5edb3a432268e5831,rsETH,0x4186bfc76e2e237523cbc30fd220fe055156b41f,collateral_assets,rsETH,0x4186bfc76e2e237523cbc30fd220fe055156b41f,18,p90,2026-05-19T13:00:00Z,56,914250654695361,16325904548131.446428571429,0.000016325905,7125664207465,0.000007125664,50139480591936760073,50.139480591937,2025-10-02T13:00:00Z,7125664207465,0.000007125664,-9200240340666.446428571429,-0.00000920024,-9200240340666.446428571429,-0.00000920024,not_applicable_no_positive_end_uplift,,applicable,-0.000000183493
v1.0,market,0xd478de9c069f12759d3baed9ddd16fe8902128937821af3a3cf77eca1885c7fc,1,0xd478de9c069f12759d3baed9ddd16fe8902128937821af3a3cf77eca1885c7fc,full_scope_other,USDC,0xaf88d065e77c8cc2239327c5edb3a432268e5831,rsETH,0x4186bfc76e2e237523cbc30fd220fe055156b41f,collateral_assets,rsETH,0x4186bfc76e2e237523cbc30fd220fe055156b41f,18,p180,2026-08-17T13:00:00Z,56,914250654695361,16325904548131.446428571429,0.000016325905,7125664207465,0.000007125664,50139480591936760073,50.139480591937,2025-10-02T13:00:00Z,7125664207465,0.000007125664,-9200240340666.446428571429,-0.00000920024,-9200240340666.446428571429,-0.00000920024,not_applicable_no_positive_end_uplift,,applicable,-0.000000183493
v1.0,market,0xd478de9c069f12759d3baed9ddd16fe8902128937821af3a3cf77eca1885c7fc,1,0xd478de9c069f12759d3baed9ddd16fe8902128937821af3a3cf77eca1885c7fc,full_scope_other,USDC,0xaf88d065e77c8cc2239327c5edb3a432268e5831,rsETH,0x4186bfc76e2e237523cbc30fd220fe055156b41f,active_borrowers,wallets,,,p30,2026-03-20T13:00:00Z,56,3,0.053571428571,0.053571428571,0,0,4,4,2025-10-02T13:00:00Z,0,0,-0.053571428571,-0.053571428571,-0.053571428571,-0.053571428571,not_applicable_no_positive_end_uplift,,applicable,-0.013574660633
v1.0,market,0xd478de9c069f12759d3baed9ddd16fe8902128937821af3a3cf77eca1885c7fc,1,0xd478de9c069f12759d3baed9ddd16fe8902128937821af3a3cf77eca1885c7fc,full_scope_other,USDC,0xaf88d065e77c8cc2239327c5edb3a432268e5831,rsETH,0x4186bfc76e2e237523cbc30fd220fe055156b41f,active_borrowers,wallets,,,p90,2026-05-19T13:00:00Z,56,3,0.053571428571,0.053571428571,0,0,4,4,2025-10-02T13:00:00Z,0,0,-0.053571428571,-0.053571428571,-0.053571428571,-0.053571428571,not_applicable_no_positive_end_uplift,,applicable,-0.013574660633
v1.0,market,0xd478de9c069f12759d3baed9ddd16fe8902128937821af3a3cf77eca1885c7fc,1,0xd478de9c069f12759d3baed9ddd16fe8902128937821af3a3cf77eca1885c7fc,full_scope_other,USDC,0xaf88d065e77c8cc2239327c5edb3a432268e5831,rsETH,0x4186bfc76e2e237523cbc30fd220fe055156b41f,active_borrowers,wallets,,,p180,2026-08-17T13:00:00Z,56,3,0.053571428571,0.053571428571,0,0,4,4,2025-10-02T13:00:00Z,0,0,-0.053571428571,-0.053571428571,-0.053571428571,-0.053571428571,not_applicable_no_positive_end_uplift,,applicable,-0.013574660633
v1.0,market,0xe23e15ddd552eb148045e3f4b74e71f4923bc6bea6e5bda0a4cf89a0cecd1a3b,1,0xe23e15ddd552eb148045e3f4b74e71f4923bc6bea6e5bda0a4cf89a0cecd1a3b,full_scope_other,USDC,0xaf88d065e77c8cc2239327c5edb3a432268e5831,siUSD,0x51b0f6aed4a421f09d28a5ede1dcf460bcb54d30,borrowed_assets,USDC,0xaf88d065e77c8cc2239327c5edb3a432268e5831,6,p30,2026-03-20T13:00:00Z,56,0,0,0,1006085,1.006085,1006085,1.006085,2026-02-18T13:00:00Z,1009020,1.00902,1006085,1.006085,1009020,1.00902,applicable,1.002917248543,applicable,1.002917248543
v1.0,market,0xe23e15ddd552eb148045e3f4b74e71f4923bc6bea6e5bda0a4cf89a0cecd1a3b,1,0xe23e15ddd552eb148045e3f4b74e71f4923bc6bea6e5bda0a4cf89a0cecd1a3b,full_scope_other,USDC,0xaf88d065e77c8cc2239327c5edb3a432268e5831,siUSD,0x51b0f6aed4a421f09d28a5ede1dcf460bcb54d30,borrowed_assets,USDC,0xaf88d065e77c8cc2239327c5edb3a432268e5831,6,p90,2026-05-19T13:00:00Z,56,0,0,0,1006085,1.006085,1006085,1.006085,2026-02-18T13:00:00Z,1015261,1.015261,1006085,1.006085,1015261,1.015261,applicable,1.009120501747,applicable,1.009120501747
v1.0,market,0xe23e15ddd552eb148045e3f4b74e71f4923bc6bea6e5bda0a4cf89a0cecd1a3b,1,0xe23e15ddd552eb148045e3f4b74e71f4923bc6bea6e5bda0a4cf89a0cecd1a3b,full_scope_other,USDC,0xaf88d065e77c8cc2239327c5edb3a432268e5831,siUSD,0x51b0f6aed4a421f09d28a5ede1dcf460bcb54d30,borrowed_assets,USDC,0xaf88d065e77c8cc2239327c5edb3a432268e5831,6,p180,2026-08-17T13:00:00Z,56,0,0,0,1006085,1.006085,1006085,1.006085,2026-02-18T13:00:00Z,0,0,1006085,1.006085,0,0,applicable,0,applicable,0
v1.0,market,0xe23e15ddd552eb148045e3f4b74e71f4923bc6bea6e5bda0a4cf89a0cecd1a3b,1,0xe23e15ddd552eb148045e3f4b74e71f4923bc6bea6e5bda0a4cf89a0cecd1a3b,full_scope_other,USDC,0xaf88d065e77c8cc2239327c5edb3a432268e5831,siUSD,0x51b0f6aed4a421f09d28a5ede1dcf460bcb54d30,supplied_assets,USDC,0xaf88d065e77c8cc2239327c5edb3a432268e5831,6,p30,2026-03-20T13:00:00Z,56,0,0,0,1223370,1.22337,1477324,1.477324,2026-01-21T13:00:00Z,1344110,1.34411,1223370,1.22337,1344110,1.34411,applicable,1.098694589535,applicable,0.90982749891
v1.0,market,0xe23e15ddd552eb148045e3f4b74e71f4923bc6bea6e5bda0a4cf89a0cecd1a3b,1,0xe23e15ddd552eb148045e3f4b74e71f4923bc6bea6e5bda0a4cf89a0cecd1a3b,full_scope_other,USDC,0xaf88d065e77c8cc2239327c5edb3a432268e5831,siUSD,0x51b0f6aed4a421f09d28a5ede1dcf460bcb54d30,supplied_assets,USDC,0xaf88d065e77c8cc2239327c5edb3a432268e5831,6,p90,2026-05-19T13:00:00Z,56,0,0,0,1223370,1.22337,1477324,1.477324,2026-01-21T13:00:00Z,1125699,1.125699,1223370,1.22337,1125699,1.125699,applicable,0.920162338459,applicable,0.761985184022
v1.0,market,0xe23e15ddd552eb148045e3f4b74e71f4923bc6bea6e5bda0a4cf89a0cecd1a3b,1,0xe23e15ddd552eb148045e3f4b74e71f4923bc6bea6e5bda0a4cf89a0cecd1a3b,full_scope_other,USDC,0xaf88d065e77c8cc2239327c5edb3a432268e5831,siUSD,0x51b0f6aed4a421f09d28a5ede1dcf460bcb54d30,supplied_assets,USDC,0xaf88d065e77c8cc2239327c5edb3a432268e5831,6,p180,2026-08-17T13:00:00Z,56,0,0,0,1223370,1.22337,1477324,1.477324,2026-01-21T13:00:00Z,1358910,1.35891,1223370,1.22337,1358910,1.35891,applicable,1.110792319576,applicable,0.919845612743
v1.0,market,0xe23e15ddd552eb148045e3f4b74e71f4923bc6bea6e5bda0a4cf89a0cecd1a3b,1,0xe23e15ddd552eb148045e3f4b74e71f4923bc6bea6e5bda0a4cf89a0cecd1a3b,full_scope_other,USDC,0xaf88d065e77c8cc2239327c5edb3a432268e5831,siUSD,0x51b0f6aed4a421f09d28a5ede1dcf460bcb54d30,collateral_assets,siUSD,0x51b0f6aed4a421f09d28a5ede1dcf460bcb54d30,18,p30,2026-03-20T13:00:00Z,56,0,0,0,3809361251086108160,3.809361251086,3809361251086108160,3.809361251086,2026-01-17T13:00:00Z,3809361251086108160,3.809361251086,3809361251086108160,3.809361251086,3809361251086108160,3.809361251086,applicable,1,applicable,1
v1.0,market,0xe23e15ddd552eb148045e3f4b74e71f4923bc6bea6e5bda0a4cf89a0cecd1a3b,1,0xe23e15ddd552eb148045e3f4b74e71f4923bc6bea6e5bda0a4cf89a0cecd1a3b,full_scope_other,USDC,0xaf88d065e77c8cc2239327c5edb3a432268e5831,siUSD,0x51b0f6aed4a421f09d28a5ede1dcf460bcb54d30,collateral_assets,siUSD,0x51b0f6aed4a421f09d28a5ede1dcf460bcb54d30,18,p90,2026-05-19T13:00:00Z,56,0,0,0,3809361251086108160,3.809361251086,3809361251086108160,3.809361251086,2026-01-17T13:00:00Z,3809361251286108160,3.809361251286,3809361251086108160,3.809361251086,3809361251286108160,3.809361251286,applicable,1.000000000053,applicable,1.000000000053
v1.0,market,0xe23e15ddd552eb148045e3f4b74e71f4923bc6bea6e5bda0a4cf89a0cecd1a3b,1,0xe23e15ddd552eb148045e3f4b74e71f4923bc6bea6e5bda0a4cf89a0cecd1a3b,full_scope_other,USDC,0xaf88d065e77c8cc2239327c5edb3a432268e5831,siUSD,0x51b0f6aed4a421f09d28a5ede1dcf460bcb54d30,collateral_assets,siUSD,0x51b0f6aed4a421f09d28a5ede1dcf460bcb54d30,18,p180,2026-08-17T13:00:00Z,56,0,0,0,3809361251086108160,3.809361251086,3809361251086108160,3.809361251086,2026-01-17T13:00:00Z,200000000,0.0000000002,3809361251086108160,3.809361251086,200000000,0.0000000002,applicable,0.000000000053,applicable,0.000000000053
v1.0,market,0xe23e15ddd552eb148045e3f4b74e71f4923bc6bea6e5bda0a4cf89a0cecd1a3b,1,0xe23e15ddd552eb148045e3f4b74e71f4923bc6bea6e5bda0a4cf89a0cecd1a3b,full_scope_other,USDC,0xaf88d065e77c8cc2239327c5edb3a432268e5831,siUSD,0x51b0f6aed4a421f09d28a5ede1dcf460bcb54d30,active_borrowers,wallets,,,p30,2026-03-20T13:00:00Z,56,0,0,0,1,1,1,1,2026-01-17T13:00:00Z,1,1,1,1,1,1,applicable,1,applicable,1
v1.0,market,0xe23e15ddd552eb148045e3f4b74e71f4923bc6bea6e5bda0a4cf89a0cecd1a3b,1,0xe23e15ddd552eb148045e3f4b74e71f4923bc6bea6e5bda0a4cf89a0cecd1a3b,full_scope_other,USDC,0xaf88d065e77c8cc2239327c5edb3a432268e5831,siUSD,0x51b0f6aed4a421f09d28a5ede1dcf460bcb54d30,active_borrowers,wallets,,,p90,2026-05-19T13:00:00Z,56,0,0,0,1,1,1,1,2026-01-17T13:00:00Z,1,1,1,1,1,1,applicable,1,applicable,1
v1.0,market,0xe23e15ddd552eb148045e3f4b74e71f4923bc6bea6e5bda0a4cf89a0cecd1a3b,1,0xe23e15ddd552eb148045e3f4b74e71f4923bc6bea6e5bda0a4cf89a0cecd1a3b,full_scope_other,USDC,0xaf88d065e77c8cc2239327c5edb3a432268e5831,siUSD,0x51b0f6aed4a421f09d28a5ede1dcf460bcb54d30,active_borrowers,wallets,,,p180,2026-08-17T13:00:00Z,56,0,0,0,1,1,1,1,2026-01-17T13:00:00Z,0,0,1,1,0,0,applicable,0,applicable,0
v1.0,market,0x71c2954e00c8f72864600c9d1d1cd70fa15202c4294cd938d80add3be2eced26,1,0x71c2954e00c8f72864600c9d1d1cd70fa15202c4294cd938d80add3be2eced26,full_scope_other,USDC,0xaf88d065e77c8cc2239327c5edb3a432268e5831,sUSDai,0x0b2b2b2076d95dda7817e785989fe353fe955ef9,borrowed_assets,USDC,0xaf88d065e77c8cc2239327c5edb3a432268e5831,6,p30,2026-03-20T13:00:00Z,56,20000,357.142857142857,0.000357142857,178139441342,178139.441342,6048387412930,6048387.41293,2025-12-03T13:00:00Z,63011531664,63011.531664,178139440984.857142857143,178139.440984857143,63011531306.857142857143,63011.531306857143,applicable,0.353720270809,applicable,0.010417905965
v1.0,market,0x71c2954e00c8f72864600c9d1d1cd70fa15202c4294cd938d80add3be2eced26,1,0x71c2954e00c8f72864600c9d1d1cd70fa15202c4294cd938d80add3be2eced26,full_scope_other,USDC,0xaf88d065e77c8cc2239327c5edb3a432268e5831,sUSDai,0x0b2b2b2076d95dda7817e785989fe353fe955ef9,borrowed_assets,USDC,0xaf88d065e77c8cc2239327c5edb3a432268e5831,6,p90,2026-05-19T13:00:00Z,56,20000,357.142857142857,0.000357142857,178139441342,178139.441342,6048387412930,6048387.41293,2025-12-03T13:00:00Z,65899885834,65899.885834,178139440984.857142857143,178139.440984857143,65899885476.857142857143,65899.885476857143,applicable,0.36993427796,applicable,0.010895447163
v1.0,market,0x71c2954e00c8f72864600c9d1d1cd70fa15202c4294cd938d80add3be2eced26,1,0x71c2954e00c8f72864600c9d1d1cd70fa15202c4294cd938d80add3be2eced26,full_scope_other,USDC,0xaf88d065e77c8cc2239327c5edb3a432268e5831,sUSDai,0x0b2b2b2076d95dda7817e785989fe353fe955ef9,borrowed_assets,USDC,0xaf88d065e77c8cc2239327c5edb3a432268e5831,6,p180,2026-08-17T13:00:00Z,56,20000,357.142857142857,0.000357142857,178139441342,178139.441342,6048387412930,6048387.41293,2025-12-03T13:00:00Z,141580246078,141580.246078,178139440984.857142857143,178139.440984857143,141580245720.857142857143,141580.245720857143,applicable,0.794772033291,applicable,0.023407932737
v1.0,market,0x71c2954e00c8f72864600c9d1d1cd70fa15202c4294cd938d80add3be2eced26,1,0x71c2954e00c8f72864600c9d1d1cd70fa15202c4294cd938d80add3be2eced26,full_scope_other,USDC,0xaf88d065e77c8cc2239327c5edb3a432268e5831,sUSDai,0x0b2b2b2076d95dda7817e785989fe353fe955ef9,supplied_assets,USDC,0xaf88d065e77c8cc2239327c5edb3a432268e5831,6,p30,2026-03-20T13:00:00Z,56,20000,357.142857142857,0.000357142857,204322473467,204322.473467,7621196652101,7621196.652101,2025-12-03T13:00:00Z,80207196532,80207.196532,204322473109.857142857143,204322.473109857143,80207196174.857142857143,80207.196174857143,applicable,0.392552003478,applicable,0.010524226029
v1.0,market,0x71c2954e00c8f72864600c9d1d1cd70fa15202c4294cd938d80add3be2eced26,1,0x71c2954e00c8f72864600c9d1d1cd70fa15202c4294cd938d80add3be2eced26,full_scope_other,USDC,0xaf88d065e77c8cc2239327c5edb3a432268e5831,sUSDai,0x0b2b2b2076d95dda7817e785989fe353fe955ef9,supplied_assets,USDC,0xaf88d065e77c8cc2239327c5edb3a432268e5831,6,p90,2026-05-19T13:00:00Z,56,20000,357.142857142857,0.000357142857,204322473467,204322.473467,7621196652101,7621196.652101,2025-12-03T13:00:00Z,76525864934,76525.864934,204322473109.857142857143,204322.473109857143,76525864576.857142857143,76525.864576857143,applicable,0.374534741148,applicable,0.010041187503
v1.0,market,0x71c2954e00c8f72864600c9d1d1cd70fa15202c4294cd938d80add3be2eced26,1,0x71c2954e00c8f72864600c9d1d1cd70fa15202c4294cd938d80add3be2eced26,full_scope_other,USDC,0xaf88d065e77c8cc2239327c5edb3a432268e5831,sUSDai,0x0b2b2b2076d95dda7817e785989fe353fe955ef9,supplied_assets,USDC,0xaf88d065e77c8cc2239327c5edb3a432268e5831,6,p180,2026-08-17T13:00:00Z,56,20000,357.142857142857,0.000357142857,204322473467,204322.473467,7621196652101,7621196.652101,2025-12-03T13:00:00Z,156580245843,156580.245843,204322473109.857142857143,204322.473109857143,156580245485.857142857143,156580.245485857143,applicable,0.766338832448,applicable,0.020545362184
v1.0,market,0x71c2954e00c8f72864600c9d1d1cd70fa15202c4294cd938d80add3be2eced26,1,0x71c2954e00c8f72864600c9d1d1cd70fa15202c4294cd938d80add3be2eced26,full_scope_other,USDC,0xaf88d065e77c8cc2239327c5edb3a432268e5831,sUSDai,0x0b2b2b2076d95dda7817e785989fe353fe955ef9,collateral_assets,sUSDai,0x0b2b2b2076d95dda7817e785989fe353fe955ef9,18,p30,2026-03-20T13:00:00Z,56,21592165645285188,385574386522949.785714285714,0.000385574387,230062219943005328014122,230062.219943005328,6993332761024052423116770,6993332.761024052423,2025-12-03T13:00:00Z,67628096487881678090024,67628.096487881678,230062219557430941491172.214285714286,230062.219557430941,67628096102307291567074.214285714286,67628.096102307292,applicable,0.293955679609,applicable,0.009670367251
v1.0,market,0x71c2954e00c8f72864600c9d1d1cd70fa15202c4294cd938d80add3be2eced26,1,0x71c2954e00c8f72864600c9d1d1cd70fa15202c4294cd938d80add3be2eced26,full_scope_other,USDC,0xaf88d065e77c8cc2239327c5edb3a432268e5831,sUSDai,0x0b2b2b2076d95dda7817e785989fe353fe955ef9,collateral_assets,sUSDai,0x0b2b2b2076d95dda7817e785989fe353fe955ef9,18,p90,2026-05-19T13:00:00Z,56,21592165645285188,385574386522949.785714285714,0.000385574387,230062219943005328014122,230062.219943005328,6993332761024052423116770,6993332.761024052423,2025-12-03T13:00:00Z,77749169967331616215305,77749.169967331616,230062219557430941491172.214285714286,230062.219557430941,77749169581757229692355.214285714286,77749.16958175723,applicable,0.337948445996,applicable,0.011117613339
v1.0,market,0x71c2954e00c8f72864600c9d1d1cd70fa15202c4294cd938d80add3be2eced26,1,0x71c2954e00c8f72864600c9d1d1cd70fa15202c4294cd938d80add3be2eced26,full_scope_other,USDC,0xaf88d065e77c8cc2239327c5edb3a432268e5831,sUSDai,0x0b2b2b2076d95dda7817e785989fe353fe955ef9,collateral_assets,sUSDai,0x0b2b2b2076d95dda7817e785989fe353fe955ef9,18,p180,2026-08-17T13:00:00Z,56,21592165645285188,385574386522949.785714285714,0.000385574387,230062219943005328014122,230062.219943005328,6993332761024052423116770,6993332.761024052423,2025-12-03T13:00:00Z,145540587015243253438529,145540.587015243253,230062219557430941491172.214285714286,230062.219557430941,145540586629668866915579.214285714286,145540.586629668867,applicable,0.632614024631,applicable,0.020811334397
v1.0,market,0x71c2954e00c8f72864600c9d1d1cd70fa15202c4294cd938d80add3be2eced26,1,0x71c2954e00c8f72864600c9d1d1cd70fa15202c4294cd938d80add3be2eced26,full_scope_other,USDC,0xaf88d065e77c8cc2239327c5edb3a432268e5831,sUSDai,0x0b2b2b2076d95dda7817e785989fe353fe955ef9,active_borrowers,wallets,,,p30,2026-03-20T13:00:00Z,56,0,0,0,6,6,20,20,2025-12-03T13:00:00Z,5,5,6,6,5,5,applicable,0.833333333333,applicable,0.25
v1.0,market,0x71c2954e00c8f72864600c9d1d1cd70fa15202c4294cd938d80add3be2eced26,1,0x71c2954e00c8f72864600c9d1d1cd70fa15202c4294cd938d80add3be2eced26,full_scope_other,USDC,0xaf88d065e77c8cc2239327c5edb3a432268e5831,sUSDai,0x0b2b2b2076d95dda7817e785989fe353fe955ef9,active_borrowers,wallets,,,p90,2026-05-19T13:00:00Z,56,0,0,0,6,6,20,20,2025-12-03T13:00:00Z,7,7,6,6,7,7,applicable,1.166666666667,applicable,0.35
v1.0,market,0x71c2954e00c8f72864600c9d1d1cd70fa15202c4294cd938d80add3be2eced26,1,0x71c2954e00c8f72864600c9d1d1cd70fa15202c4294cd938d80add3be2eced26,full_scope_other,USDC,0xaf88d065e77c8cc2239327c5edb3a432268e5831,sUSDai,0x0b2b2b2076d95dda7817e785989fe353fe955ef9,active_borrowers,wallets,,,p180,2026-08-17T13:00:00Z,56,0,0,0,6,6,20,20,2025-12-03T13:00:00Z,9,9,6,6,9,9,applicable,1.5,applicable,0.45
v1.0,market,0x989ddb4f5b09e6d02e7f5f2f8efb846fd2de1f3f3dfd96e1939455abe7dd5a48,1,0x989ddb4f5b09e6d02e7f5f2f8efb846fd2de1f3f3dfd96e1939455abe7dd5a48,full_scope_other,USDC,0xaf88d065e77c8cc2239327c5edb3a432268e5831,sUSDC,0x940098b108fb7d0a7e374f6eded7760787464609,borrowed_assets,USDC,0xaf88d065e77c8cc2239327c5edb3a432268e5831,6,p30,2026-03-20T13:00:00Z,56,500000,8928.571428571429,0.008928571429,525744,0.525744,23467719790,23467.71979,2025-12-10T13:00:00Z,525744,0.525744,516815.428571428571,0.516815428571,516815.428571428571,0.516815428571,applicable,1,applicable,0.000022022405
v1.0,market,0x989ddb4f5b09e6d02e7f5f2f8efb846fd2de1f3f3dfd96e1939455abe7dd5a48,1,0x989ddb4f5b09e6d02e7f5f2f8efb846fd2de1f3f3dfd96e1939455abe7dd5a48,full_scope_other,USDC,0xaf88d065e77c8cc2239327c5edb3a432268e5831,sUSDC,0x940098b108fb7d0a7e374f6eded7760787464609,borrowed_assets,USDC,0xaf88d065e77c8cc2239327c5edb3a432268e5831,6,p90,2026-05-19T13:00:00Z,56,500000,8928.571428571429,0.008928571429,525744,0.525744,23467719790,23467.71979,2025-12-10T13:00:00Z,525744,0.525744,516815.428571428571,0.516815428571,516815.428571428571,0.516815428571,applicable,1,applicable,0.000022022405
v1.0,market,0x989ddb4f5b09e6d02e7f5f2f8efb846fd2de1f3f3dfd96e1939455abe7dd5a48,1,0x989ddb4f5b09e6d02e7f5f2f8efb846fd2de1f3f3dfd96e1939455abe7dd5a48,full_scope_other,USDC,0xaf88d065e77c8cc2239327c5edb3a432268e5831,sUSDC,0x940098b108fb7d0a7e374f6eded7760787464609,borrowed_assets,USDC,0xaf88d065e77c8cc2239327c5edb3a432268e5831,6,p180,2026-08-17T13:00:00Z,56,500000,8928.571428571429,0.008928571429,525744,0.525744,23467719790,23467.71979,2025-12-10T13:00:00Z,525744,0.525744,516815.428571428571,0.516815428571,516815.428571428571,0.516815428571,applicable,1,applicable,0.000022022405
v1.0,market,0x989ddb4f5b09e6d02e7f5f2f8efb846fd2de1f3f3dfd96e1939455abe7dd5a48,1,0x989ddb4f5b09e6d02e7f5f2f8efb846fd2de1f3f3dfd96e1939455abe7dd5a48,full_scope_other,USDC,0xaf88d065e77c8cc2239327c5edb3a432268e5831,sUSDC,0x940098b108fb7d0a7e374f6eded7760787464609,supplied_assets,USDC,0xaf88d065e77c8cc2239327c5edb3a432268e5831,6,p30,2026-03-20T13:00:00Z,56,500000,8928.571428571429,0.008928571429,623506,0.623506,26075244211,26075.244211,2025-12-10T13:00:00Z,623506,0.623506,614577.428571428571,0.614577428571,614577.428571428571,0.614577428571,applicable,1,applicable,0.000023569391
v1.0,market,0x989ddb4f5b09e6d02e7f5f2f8efb846fd2de1f3f3dfd96e1939455abe7dd5a48,1,0x989ddb4f5b09e6d02e7f5f2f8efb846fd2de1f3f3dfd96e1939455abe7dd5a48,full_scope_other,USDC,0xaf88d065e77c8cc2239327c5edb3a432268e5831,sUSDC,0x940098b108fb7d0a7e374f6eded7760787464609,supplied_assets,USDC,0xaf88d065e77c8cc2239327c5edb3a432268e5831,6,p90,2026-05-19T13:00:00Z,56,500000,8928.571428571429,0.008928571429,623506,0.623506,26075244211,26075.244211,2025-12-10T13:00:00Z,623506,0.623506,614577.428571428571,0.614577428571,614577.428571428571,0.614577428571,applicable,1,applicable,0.000023569391
v1.0,market,0x989ddb4f5b09e6d02e7f5f2f8efb846fd2de1f3f3dfd96e1939455abe7dd5a48,1,0x989ddb4f5b09e6d02e7f5f2f8efb846fd2de1f3f3dfd96e1939455abe7dd5a48,full_scope_other,USDC,0xaf88d065e77c8cc2239327c5edb3a432268e5831,sUSDC,0x940098b108fb7d0a7e374f6eded7760787464609,supplied_assets,USDC,0xaf88d065e77c8cc2239327c5edb3a432268e5831,6,p180,2026-08-17T13:00:00Z,56,500000,8928.571428571429,0.008928571429,623506,0.623506,26075244211,26075.244211,2025-12-10T13:00:00Z,623506,0.623506,614577.428571428571,0.614577428571,614577.428571428571,0.614577428571,applicable,1,applicable,0.000023569391
v1.0,market,0x989ddb4f5b09e6d02e7f5f2f8efb846fd2de1f3f3dfd96e1939455abe7dd5a48,1,0x989ddb4f5b09e6d02e7f5f2f8efb846fd2de1f3f3dfd96e1939455abe7dd5a48,full_scope_other,USDC,0xaf88d065e77c8cc2239327c5edb3a432268e5831,sUSDC,0x940098b108fb7d0a7e374f6eded7760787464609,collateral_assets,sUSDC,0x940098b108fb7d0a7e374f6eded7760787464609,18,p30,2026-03-20T13:00:00Z,56,1000000000000000000,17857142857142857.142857142857,0.017857142857,1000000000000000000,1,25025506796000000000000,25025.506796,2025-12-10T13:00:00Z,1000000000000000000,1,982142857142857142.857142857143,0.982142857143,982142857142857142.857142857143,0.982142857143,applicable,1,applicable,0.000039245701
v1.0,market,0x989ddb4f5b09e6d02e7f5f2f8efb846fd2de1f3f3dfd96e1939455abe7dd5a48,1,0x989ddb4f5b09e6d02e7f5f2f8efb846fd2de1f3f3dfd96e1939455abe7dd5a48,full_scope_other,USDC,0xaf88d065e77c8cc2239327c5edb3a432268e5831,sUSDC,0x940098b108fb7d0a7e374f6eded7760787464609,collateral_assets,sUSDC,0x940098b108fb7d0a7e374f6eded7760787464609,18,p90,2026-05-19T13:00:00Z,56,1000000000000000000,17857142857142857.142857142857,0.017857142857,1000000000000000000,1,25025506796000000000000,25025.506796,2025-12-10T13:00:00Z,1000000000000000000,1,982142857142857142.857142857143,0.982142857143,982142857142857142.857142857143,0.982142857143,applicable,1,applicable,0.000039245701
v1.0,market,0x989ddb4f5b09e6d02e7f5f2f8efb846fd2de1f3f3dfd96e1939455abe7dd5a48,1,0x989ddb4f5b09e6d02e7f5f2f8efb846fd2de1f3f3dfd96e1939455abe7dd5a48,full_scope_other,USDC,0xaf88d065e77c8cc2239327c5edb3a432268e5831,sUSDC,0x940098b108fb7d0a7e374f6eded7760787464609,collateral_assets,sUSDC,0x940098b108fb7d0a7e374f6eded7760787464609,18,p180,2026-08-17T13:00:00Z,56,1000000000000000000,17857142857142857.142857142857,0.017857142857,1000000000000000000,1,25025506796000000000000,25025.506796,2025-12-10T13:00:00Z,1000000000000000000,1,982142857142857142.857142857143,0.982142857143,982142857142857142.857142857143,0.982142857143,applicable,1,applicable,0.000039245701
v1.0,market,0x989ddb4f5b09e6d02e7f5f2f8efb846fd2de1f3f3dfd96e1939455abe7dd5a48,1,0x989ddb4f5b09e6d02e7f5f2f8efb846fd2de1f3f3dfd96e1939455abe7dd5a48,full_scope_other,USDC,0xaf88d065e77c8cc2239327c5edb3a432268e5831,sUSDC,0x940098b108fb7d0a7e374f6eded7760787464609,active_borrowers,wallets,,,p30,2026-03-20T13:00:00Z,56,0,0,0,0,0,1,1,2025-12-10T13:00:00Z,0,0,0,0,0,0,not_applicable_no_positive_end_uplift,,applicable,0
v1.0,market,0x989ddb4f5b09e6d02e7f5f2f8efb846fd2de1f3f3dfd96e1939455abe7dd5a48,1,0x989ddb4f5b09e6d02e7f5f2f8efb846fd2de1f3f3dfd96e1939455abe7dd5a48,full_scope_other,USDC,0xaf88d065e77c8cc2239327c5edb3a432268e5831,sUSDC,0x940098b108fb7d0a7e374f6eded7760787464609,active_borrowers,wallets,,,p90,2026-05-19T13:00:00Z,56,0,0,0,0,0,1,1,2025-12-10T13:00:00Z,0,0,0,0,0,0,not_applicable_no_positive_end_uplift,,applicable,0
v1.0,market,0x989ddb4f5b09e6d02e7f5f2f8efb846fd2de1f3f3dfd96e1939455abe7dd5a48,1,0x989ddb4f5b09e6d02e7f5f2f8efb846fd2de1f3f3dfd96e1939455abe7dd5a48,full_scope_other,USDC,0xaf88d065e77c8cc2239327c5edb3a432268e5831,sUSDC,0x940098b108fb7d0a7e374f6eded7760787464609,active_borrowers,wallets,,,p180,2026-08-17T13:00:00Z,56,0,0,0,0,0,1,1,2025-12-10T13:00:00Z,0,0,0,0,0,0,not_applicable_no_positive_end_uplift,,applicable,0
v1.0,market,0x7e7c08f2d8bb6821408ac6b4e2f322d73ba1fb8ce20b3b65087f440ef3b2f8f1,1,0x7e7c08f2d8bb6821408ac6b4e2f322d73ba1fb8ce20b3b65087f440ef3b2f8f1,full_scope_other,USDC,0xaf88d065e77c8cc2239327c5edb3a432268e5831,sUSDe,0x211cc4dd073734da055fbf44a2b4667d5e5fe5d2,borrowed_assets,USDC,0xaf88d065e77c8cc2239327c5edb3a432268e5831,6,p30,2026-03-20T13:00:00Z,56,8625196,154021.357142857143,0.154021357143,22782310832,22782.310832,49338894251,49338.894251,2025-10-20T13:00:00Z,23209339458,23209.339458,22782156810.642857142857,22782.156810642857,23209185436.642857142857,23209.185436642857,applicable,1.018743994677,applicable,0.470404905529
v1.0,market,0x7e7c08f2d8bb6821408ac6b4e2f322d73ba1fb8ce20b3b65087f440ef3b2f8f1,1,0x7e7c08f2d8bb6821408ac6b4e2f322d73ba1fb8ce20b3b65087f440ef3b2f8f1,full_scope_other,USDC,0xaf88d065e77c8cc2239327c5edb3a432268e5831,sUSDe,0x211cc4dd073734da055fbf44a2b4667d5e5fe5d2,borrowed_assets,USDC,0xaf88d065e77c8cc2239327c5edb3a432268e5831,6,p90,2026-05-19T13:00:00Z,56,8625196,154021.357142857143,0.154021357143,22782310832,22782.310832,49338894251,49338.894251,2025-10-20T13:00:00Z,23827157260,23827.15726,22782156810.642857142857,22782.156810642857,23827003238.642857142857,23827.003238642857,applicable,1.045862489521,applicable,0.482926866956
v1.0,market,0x7e7c08f2d8bb6821408ac6b4e2f322d73ba1fb8ce20b3b65087f440ef3b2f8f1,1,0x7e7c08f2d8bb6821408ac6b4e2f322d73ba1fb8ce20b3b65087f440ef3b2f8f1,full_scope_other,USDC,0xaf88d065e77c8cc2239327c5edb3a432268e5831,sUSDe,0x211cc4dd073734da055fbf44a2b4667d5e5fe5d2,borrowed_assets,USDC,0xaf88d065e77c8cc2239327c5edb3a432268e5831,6,p180,2026-08-17T13:00:00Z,56,8625196,154021.357142857143,0.154021357143,22782310832,22782.310832,49338894251,49338.894251,2025-10-20T13:00:00Z,24663588131,24663.588131,22782156810.642857142857,22782.156810642857,24663434109.642857142857,24663.434109642857,applicable,1.082576786502,applicable,0.499879688757
v1.0,market,0x7e7c08f2d8bb6821408ac6b4e2f322d73ba1fb8ce20b3b65087f440ef3b2f8f1,1,0x7e7c08f2d8bb6821408ac6b4e2f322d73ba1fb8ce20b3b65087f440ef3b2f8f1,full_scope_other,USDC,0xaf88d065e77c8cc2239327c5edb3a432268e5831,sUSDe,0x211cc4dd073734da055fbf44a2b4667d5e5fe5d2,supplied_assets,USDC,0xaf88d065e77c8cc2239327c5edb3a432268e5831,6,p30,2026-03-20T13:00:00Z,56,8625196,154021.357142857143,0.154021357143,23782310832,23782.310832,127082430006,127082.430006,2025-09-19T13:00:00Z,28535856815,28535.856815,23782156810.642857142857,23782.156810642857,28535702793.642857142857,28535.702793642857,applicable,1.199878674624,applicable,0.22454510334
v1.0,market,0x7e7c08f2d8bb6821408ac6b4e2f322d73ba1fb8ce20b3b65087f440ef3b2f8f1,1,0x7e7c08f2d8bb6821408ac6b4e2f322d73ba1fb8ce20b3b65087f440ef3b2f8f1,full_scope_other,USDC,0xaf88d065e77c8cc2239327c5edb3a432268e5831,sUSDe,0x211cc4dd073734da055fbf44a2b4667d5e5fe5d2,supplied_assets,USDC,0xaf88d065e77c8cc2239327c5edb3a432268e5831,6,p90,2026-05-19T13:00:00Z,56,8625196,154021.357142857143,0.154021357143,23782310832,23782.310832,127082430006,127082.430006,2025-09-19T13:00:00Z,29338050477,29338.050477,23782156810.642857142857,23782.156810642857,29337896455.642857142857,29337.896455642857,applicable,1.2336095792,applicable,0.23085749943
v1.0,market,0x7e7c08f2d8bb6821408ac6b4e2f322d73ba1fb8ce20b3b65087f440ef3b2f8f1,1,0x7e7c08f2d8bb6821408ac6b4e2f322d73ba1fb8ce20b3b65087f440ef3b2f8f1,full_scope_other,USDC,0xaf88d065e77c8cc2239327c5edb3a432268e5831,sUSDe,0x211cc4dd073734da055fbf44a2b4667d5e5fe5d2,supplied_assets,USDC,0xaf88d065e77c8cc2239327c5edb3a432268e5831,6,p180,2026-08-17T13:00:00Z,56,8625196,154021.357142857143,0.154021357143,23782310832,23782.310832,127082430006,127082.430006,2025-09-19T13:00:00Z,28639374867,28639.374867,23782156810.642857142857,23782.156810642857,28639220845.642857142857,28639.220845642857,applicable,1.204231435932,applicable,0.225359678395
v1.0,market,0x7e7c08f2d8bb6821408ac6b4e2f322d73ba1fb8ce20b3b65087f440ef3b2f8f1,1,0x7e7c08f2d8bb6821408ac6b4e2f322d73ba1fb8ce20b3b65087f440ef3b2f8f1,full_scope_other,USDC,0xaf88d065e77c8cc2239327c5edb3a432268e5831,sUSDe,0x211cc4dd073734da055fbf44a2b4667d5e5fe5d2,collateral_assets,sUSDe,0x211cc4dd073734da055fbf44a2b4667d5e5fe5d2,18,p30,2026-03-20T13:00:00Z,56,24023293550993481470,428987384839169311.964285714286,0.428987384839,24091960474409278588785,24091.960474409279,59522919072298280973113,59522.919072298281,2025-10-19T13:00:00Z,24092379741134301821851,24092.379741134302,24091531487024439419473.035714285714,24091.531487024439,24091950753749462652539.035714285714,24091.950753749463,applicable,1.000017403075,applicable,0.404753744667
v1.0,market,0x7e7c08f2d8bb6821408ac6b4e2f322d73ba1fb8ce20b3b65087f440ef3b2f8f1,1,0x7e7c08f2d8bb6821408ac6b4e2f322d73ba1fb8ce20b3b65087f440ef3b2f8f1,full_scope_other,USDC,0xaf88d065e77c8cc2239327c5edb3a432268e5831,sUSDe,0x211cc4dd073734da055fbf44a2b4667d5e5fe5d2,collateral_assets,sUSDe,0x211cc4dd073734da055fbf44a2b4667d5e5fe5d2,18,p90,2026-05-19T13:00:00Z,56,24023293550993481470,428987384839169311.964285714286,0.428987384839,24091960474409278588785,24091.960474409279,59522919072298280973113,59522.919072298281,2025-10-19T13:00:00Z,24066824243336002579364,24066.824243336003,24091531487024439419473.035714285714,24091.531487024439,24066395255951163410052.035714285714,24066.395255951163,applicable,0.998956636232,applicable,0.404324402787
v1.0,market,0x7e7c08f2d8bb6821408ac6b4e2f322d73ba1fb8ce20b3b65087f440ef3b2f8f1,1,0x7e7c08f2d8bb6821408ac6b4e2f322d73ba1fb8ce20b3b65087f440ef3b2f8f1,full_scope_other,USDC,0xaf88d065e77c8cc2239327c5edb3a432268e5831,sUSDe,0x211cc4dd073734da055fbf44a2b4667d5e5fe5d2,collateral_assets,sUSDe,0x211cc4dd073734da055fbf44a2b4667d5e5fe5d2,18,p180,2026-08-17T13:00:00Z,56,24023293550993481470,428987384839169311.964285714286,0.428987384839,24091960474409278588785,24091.960474409279,59522919072298280973113,59522.919072298281,2025-10-19T13:00:00Z,24066418482989622690143,24066.418482989623,24091531487024439419473.035714285714,24091.531487024439,24065989495604783520831.035714285714,24065.989495604784,applicable,0.998939793785,applicable,0.404317585862
v1.0,market,0x7e7c08f2d8bb6821408ac6b4e2f322d73ba1fb8ce20b3b65087f440ef3b2f8f1,1,0x7e7c08f2d8bb6821408ac6b4e2f322d73ba1fb8ce20b3b65087f440ef3b2f8f1,full_scope_other,USDC,0xaf88d065e77c8cc2239327c5edb3a432268e5831,sUSDe,0x211cc4dd073734da055fbf44a2b4667d5e5fe5d2,active_borrowers,wallets,,,p30,2026-03-20T13:00:00Z,56,2,0.035714285714,0.035714285714,3,3,7,7,2026-01-20T13:00:00Z,3,3,2.964285714286,2.964285714286,2.964285714286,2.964285714286,applicable,1,applicable,0.425641025641
v1.0,market,0x7e7c08f2d8bb6821408ac6b4e2f322d73ba1fb8ce20b3b65087f440ef3b2f8f1,1,0x7e7c08f2d8bb6821408ac6b4e2f322d73ba1fb8ce20b3b65087f440ef3b2f8f1,full_scope_other,USDC,0xaf88d065e77c8cc2239327c5edb3a432268e5831,sUSDe,0x211cc4dd073734da055fbf44a2b4667d5e5fe5d2,active_borrowers,wallets,,,p90,2026-05-19T13:00:00Z,56,2,0.035714285714,0.035714285714,3,3,7,7,2026-01-20T13:00:00Z,2,2,2.964285714286,2.964285714286,1.964285714286,1.964285714286,applicable,0.66265060241,applicable,0.282051282051
v1.0,market,0x7e7c08f2d8bb6821408ac6b4e2f322d73ba1fb8ce20b3b65087f440ef3b2f8f1,1,0x7e7c08f2d8bb6821408ac6b4e2f322d73ba1fb8ce20b3b65087f440ef3b2f8f1,full_scope_other,USDC,0xaf88d065e77c8cc2239327c5edb3a432268e5831,sUSDe,0x211cc4dd073734da055fbf44a2b4667d5e5fe5d2,active_borrowers,wallets,,,p180,2026-08-17T13:00:00Z,56,2,0.035714285714,0.035714285714,3,3,7,7,2026-01-20T13:00:00Z,2,2,2.964285714286,2.964285714286,1.964285714286,1.964285714286,applicable,0.66265060241,applicable,0.282051282051
v1.0,market,0x77fe2f7c2dd6f4da6bc5f445b06052ff8df55cb70cfce9afc16ec3c69a5fd3a3,1,0x77fe2f7c2dd6f4da6bc5f445b06052ff8df55cb70cfce9afc16ec3c69a5fd3a3,full_scope_other,USDC,0xaf88d065e77c8cc2239327c5edb3a432268e5831,sUSDS,0xddb46999f8891663a8f2828d25298f70416d7610,borrowed_assets,USDC,0xaf88d065e77c8cc2239327c5edb3a432268e5831,6,p30,2026-03-20T13:00:00Z,56,82508399,1473364.267857142857,1.473364267857,244814853180,244814.85318,21859368270894,21859368.270894,2025-12-12T13:00:00Z,13485785205939,13485785.205939,244813379815.732142857143,244813.379815732143,13485783732574.732142857143,13485783.732574732143,applicable,55.085975050568,applicable,0.616933869013
v1.0,market,0x77fe2f7c2dd6f4da6bc5f445b06052ff8df55cb70cfce9afc16ec3c69a5fd3a3,1,0x77fe2f7c2dd6f4da6bc5f445b06052ff8df55cb70cfce9afc16ec3c69a5fd3a3,full_scope_other,USDC,0xaf88d065e77c8cc2239327c5edb3a432268e5831,sUSDS,0xddb46999f8891663a8f2828d25298f70416d7610,borrowed_assets,USDC,0xaf88d065e77c8cc2239327c5edb3a432268e5831,6,p90,2026-05-19T13:00:00Z,56,82508399,1473364.267857142857,1.473364267857,244814853180,244814.85318,21859368270894,21859368.270894,2025-12-12T13:00:00Z,585061981461,585061.981461,244813379815.732142857143,244813.379815732143,585060508096.732142857143,585060.508096732143,applicable,2.389822437553,applicable,0.026764750943
v1.0,market,0x77fe2f7c2dd6f4da6bc5f445b06052ff8df55cb70cfce9afc16ec3c69a5fd3a3,1,0x77fe2f7c2dd6f4da6bc5f445b06052ff8df55cb70cfce9afc16ec3c69a5fd3a3,full_scope_other,USDC,0xaf88d065e77c8cc2239327c5edb3a432268e5831,sUSDS,0xddb46999f8891663a8f2828d25298f70416d7610,borrowed_assets,USDC,0xaf88d065e77c8cc2239327c5edb3a432268e5831,6,p180,2026-08-17T13:00:00Z,56,82508399,1473364.267857142857,1.473364267857,244814853180,244814.85318,21859368270894,21859368.270894,2025-12-12T13:00:00Z,79242415730,79242.41573,244813379815.732142857143,244813.379815732143,79240942365.732142857143,79240.942365732143,applicable,0.323678968957,applicable,0.003625033749
v1.0,market,0x77fe2f7c2dd6f4da6bc5f445b06052ff8df55cb70cfce9afc16ec3c69a5fd3a3,1,0x77fe2f7c2dd6f4da6bc5f445b06052ff8df55cb70cfce9afc16ec3c69a5fd3a3,full_scope_other,USDC,0xaf88d065e77c8cc2239327c5edb3a432268e5831,sUSDS,0xddb46999f8891663a8f2828d25298f70416d7610,supplied_assets,USDC,0xaf88d065e77c8cc2239327c5edb3a432268e5831,6,p30,2026-03-20T13:00:00Z,56,291885206933,5212235838.089285714286,5212.235838089286,272016093487,272016.093487,26833158781644,26833158.781644,2025-12-12T13:00:00Z,16052402084545,16052402.084545,266803857648.910714285714,266803.857648910714,16047189848706.910714285714,16047189.848706910714,applicable,60.146018839891,applicable,0.598151998749
v1.0,market,0x77fe2f7c2dd6f4da6bc5f445b06052ff8df55cb70cfce9afc16ec3c69a5fd3a3,1,0x77fe2f7c2dd6f4da6bc5f445b06052ff8df55cb70cfce9afc16ec3c69a5fd3a3,full_scope_other,USDC,0xaf88d065e77c8cc2239327c5edb3a432268e5831,sUSDS,0xddb46999f8891663a8f2828d25298f70416d7610,supplied_assets,USDC,0xaf88d065e77c8cc2239327c5edb3a432268e5831,6,p90,2026-05-19T13:00:00Z,56,291885206933,5212235838.089285714286,5212.235838089286,272016093487,272016.093487,26833158781644,26833158.781644,2025-12-12T13:00:00Z,699501931800,699501.9318,266803857648.910714285714,266803.857648910714,694289695961.910714285714,694289.695961910714,applicable,2.60224759147,applicable,0.025879345435
v1.0,market,0x77fe2f7c2dd6f4da6bc5f445b06052ff8df55cb70cfce9afc16ec3c69a5fd3a3,1,0x77fe2f7c2dd6f4da6bc5f445b06052ff8df55cb70cfce9afc16ec3c69a5fd3a3,full_scope_other,USDC,0xaf88d065e77c8cc2239327c5edb3a432268e5831,sUSDS,0xddb46999f8891663a8f2828d25298f70416d7610,supplied_assets,USDC,0xaf88d065e77c8cc2239327c5edb3a432268e5831,6,p180,2026-08-17T13:00:00Z,56,291885206933,5212235838.089285714286,5212.235838089286,272016093487,272016.093487,26833158781644,26833158.781644,2025-12-12T13:00:00Z,94242415666,94242.415666,266803857648.910714285714,266803.857648910714,89030179827.910714285714,89030.179827910714,applicable,0.333691501362,applicable,0.003318561101
v1.0,market,0x77fe2f7c2dd6f4da6bc5f445b06052ff8df55cb70cfce9afc16ec3c69a5fd3a3,1,0x77fe2f7c2dd6f4da6bc5f445b06052ff8df55cb70cfce9afc16ec3c69a5fd3a3,full_scope_other,USDC,0xaf88d065e77c8cc2239327c5edb3a432268e5831,sUSDS,0xddb46999f8891663a8f2828d25298f70416d7610,collateral_assets,sUSDS,0xddb46999f8891663a8f2828d25298f70416d7610,18,p30,2026-03-20T13:00:00Z,56,129782484000000000000,2317544357142857142.857142857143,2.317544357143,262725717542475819824163,262725.71754247582,21614540761874640341256912,21614540.761874640341,2025-12-12T13:00:00Z,13256802598879070469845889,13256802.59887907047,262723399998118676967020.142857142857,262723.399998118677,13256800281334713326988746.142857142857,13256800.281334713327,applicable,50.459153168045,applicable,0.613327937373
v1.0,market,0x77fe2f7c2dd6f4da6bc5f445b06052ff8df55cb70cfce9afc16ec3c69a5fd3a3,1,0x77fe2f7c2dd6f4da6bc5f445b06052ff8df55cb70cfce9afc16ec3c69a5fd3a3,full_scope_other,USDC,0xaf88d065e77c8cc2239327c5edb3a432268e5831,sUSDS,0xddb46999f8891663a8f2828d25298f70416d7610,collateral_assets,sUSDS,0xddb46999f8891663a8f2828d25298f70416d7610,18,p90,2026-05-19T13:00:00Z,56,129782484000000000000,2317544357142857142.857142857143,2.317544357143,262725717542475819824163,262725.71754247582,21614540761874640341256912,21614540.761874640341,2025-12-12T13:00:00Z,597279098518462264644385,597279.098518462265,262723399998118676967020.142857142857,262723.399998118677,597276780974105121787242.142857142857,597276.780974105122,applicable,2.27340534181,applicable,0.027633103641
v1.0,market,0x77fe2f7c2dd6f4da6bc5f445b06052ff8df55cb70cfce9afc16ec3c69a5fd3a3,1,0x77fe2f7c2dd6f4da6bc5f445b06052ff8df55cb70cfce9afc16ec3c69a5fd3a3,full_scope_other,USDC,0xaf88d065e77c8cc2239327c5edb3a432268e5831,sUSDS,0xddb46999f8891663a8f2828d25298f70416d7610,collateral_assets,sUSDS,0xddb46999f8891663a8f2828d25298f70416d7610,18,p180,2026-08-17T13:00:00Z,56,129782484000000000000,2317544357142857142.857142857143,2.317544357143,262725717542475819824163,262725.71754247582,21614540761874640341256912,21614540.761874640341,2025-12-12T13:00:00Z,84786536152104581228948,84786.536152104581,262723399998118676967020.142857142857,262723.399998118677,84784218607747438371805.142857142857,84784.218607747438,applicable,0.322712855453,applicable,0.003922555128
v1.0,market,0x77fe2f7c2dd6f4da6bc5f445b06052ff8df55cb70cfce9afc16ec3c69a5fd3a3,1,0x77fe2f7c2dd6f4da6bc5f445b06052ff8df55cb70cfce9afc16ec3c69a5fd3a3,full_scope_other,USDC,0xaf88d065e77c8cc2239327c5edb3a432268e5831,sUSDS,0xddb46999f8891663a8f2828d25298f70416d7610,active_borrowers,wallets,,,p30,2026-03-20T13:00:00Z,56,50,0.892857142857,0.892857142857,73,73,1786,1786,2025-10-24T13:00:00Z,83,83,72.107142857143,72.107142857143,82.107142857143,82.107142857143,applicable,1.138682516097,applicable,0.045995638517
v1.0,market,0x77fe2f7c2dd6f4da6bc5f445b06052ff8df55cb70cfce9afc16ec3c69a5fd3a3,1,0x77fe2f7c2dd6f4da6bc5f445b06052ff8df55cb70cfce9afc16ec3c69a5fd3a3,full_scope_other,USDC,0xaf88d065e77c8cc2239327c5edb3a432268e5831,sUSDS,0xddb46999f8891663a8f2828d25298f70416d7610,active_borrowers,wallets,,,p90,2026-05-19T13:00:00Z,56,50,0.892857142857,0.892857142857,73,73,1786,1786,2025-10-24T13:00:00Z,78,78,72.107142857143,72.107142857143,77.107142857143,77.107142857143,applicable,1.069341258049,applicable,0.043194686193
v1.0,market,0x77fe2f7c2dd6f4da6bc5f445b06052ff8df55cb70cfce9afc16ec3c69a5fd3a3,1,0x77fe2f7c2dd6f4da6bc5f445b06052ff8df55cb70cfce9afc16ec3c69a5fd3a3,full_scope_other,USDC,0xaf88d065e77c8cc2239327c5edb3a432268e5831,sUSDS,0xddb46999f8891663a8f2828d25298f70416d7610,active_borrowers,wallets,,,p180,2026-08-17T13:00:00Z,56,50,0.892857142857,0.892857142857,73,73,1786,1786,2025-10-24T13:00:00Z,77,77,72.107142857143,72.107142857143,76.107142857143,76.107142857143,applicable,1.055473006439,applicable,0.042634495729
v1.0,market,0xf86f3edd6f16cd8211f4d206866dc4ecd41be6211063ac11f8508e1b7112ef40,1,0xf86f3edd6f16cd8211f4d206866dc4ecd41be6211063ac11f8508e1b7112ef40,dedicated_syrupusdc,USDC,0xaf88d065e77c8cc2239327c5edb3a432268e5831,syrupUSDC,0x41ca7586cc1311807b4605fbb748a3b8862b42b5,borrowed_assets,USDC,0xaf88d065e77c8cc2239327c5edb3a432268e5831,6,p30,2026-03-20T13:00:00Z,56,5000207,89289.410714285714,0.089289410714,9575307714444,9575307.714444,75081718394011,75081718.394011,2025-10-26T13:00:00Z,16485270945780,16485270.94578,9575307625154.589285714286,9575307.625154589286,16485270856490.589285714286,16485270.856490589286,applicable,1.721643993263,applicable,0.219564379035
v1.0,market,0xf86f3edd6f16cd8211f4d206866dc4ecd41be6211063ac11f8508e1b7112ef40,1,0xf86f3edd6f16cd8211f4d206866dc4ecd41be6211063ac11f8508e1b7112ef40,dedicated_syrupusdc,USDC,0xaf88d065e77c8cc2239327c5edb3a432268e5831,syrupUSDC,0x41ca7586cc1311807b4605fbb748a3b8862b42b5,borrowed_assets,USDC,0xaf88d065e77c8cc2239327c5edb3a432268e5831,6,p90,2026-05-19T13:00:00Z,56,5000207,89289.410714285714,0.089289410714,9575307714444,9575307.714444,75081718394011,75081718.394011,2025-10-26T13:00:00Z,94707957892,94707.957892,9575307625154.589285714286,9575307.625154589286,94707868602.589285714286,94707.868602589286,applicable,0.009890843439,applicable,0.001261397192
v1.0,market,0xf86f3edd6f16cd8211f4d206866dc4ecd41be6211063ac11f8508e1b7112ef40,1,0xf86f3edd6f16cd8211f4d206866dc4ecd41be6211063ac11f8508e1b7112ef40,dedicated_syrupusdc,USDC,0xaf88d065e77c8cc2239327c5edb3a432268e5831,syrupUSDC,0x41ca7586cc1311807b4605fbb748a3b8862b42b5,borrowed_assets,USDC,0xaf88d065e77c8cc2239327c5edb3a432268e5831,6,p180,2026-08-17T13:00:00Z,56,5000207,89289.410714285714,0.089289410714,9575307714444,9575307.714444,75081718394011,75081718.394011,2025-10-26T13:00:00Z,43456249315,43456.249315,9575307625154.589285714286,9575307.625154589286,43456160025.589285714286,43456.160025589286,applicable,0.004538356544,applicable,0.000578784836
v1.0,market,0xf86f3edd6f16cd8211f4d206866dc4ecd41be6211063ac11f8508e1b7112ef40,1,0xf86f3edd6f16cd8211f4d206866dc4ecd41be6211063ac11f8508e1b7112ef40,dedicated_syrupusdc,USDC,0xaf88d065e77c8cc2239327c5edb3a432268e5831,syrupUSDC,0x41ca7586cc1311807b4605fbb748a3b8862b42b5,supplied_assets,USDC,0xaf88d065e77c8cc2239327c5edb3a432268e5831,6,p30,2026-03-20T13:00:00Z,56,6375641,113850.732142857143,0.113850732143,10976786968406,10976786.968406,85664713685624,85664713.685624,2025-10-22T13:00:00Z,20623478729201,20623478.729201,10976786854555.267857142857,10976786.854555267857,20623478615350.267857142857,20623478.615350267857,applicable,1.878826553582,applicable,0.240746484234
v1.0,market,0xf86f3edd6f16cd8211f4d206866dc4ecd41be6211063ac11f8508e1b7112ef40,1,0xf86f3edd6f16cd8211f4d206866dc4ecd41be6211063ac11f8508e1b7112ef40,dedicated_syrupusdc,USDC,0xaf88d065e77c8cc2239327c5edb3a432268e5831,syrupUSDC,0x41ca7586cc1311807b4605fbb748a3b8862b42b5,supplied_assets,USDC,0xaf88d065e77c8cc2239327c5edb3a432268e5831,6,p90,2026-05-19T13:00:00Z,56,6375641,113850.732142857143,0.113850732143,10976786968406,10976786.968406,85664713685624,85664713.685624,2025-10-22T13:00:00Z,318892236747,318892.236747,10976786854555.267857142857,10976786.854555267857,318892122896.267857142857,318892.122896267857,applicable,0.029051499963,applicable,0.003722561013
v1.0,market,0xf86f3edd6f16cd8211f4d206866dc4ecd41be6211063ac11f8508e1b7112ef40,1,0xf86f3edd6f16cd8211f4d206866dc4ecd41be6211063ac11f8508e1b7112ef40,dedicated_syrupusdc,USDC,0xaf88d065e77c8cc2239327c5edb3a432268e5831,syrupUSDC,0x41ca7586cc1311807b4605fbb748a3b8862b42b5,supplied_assets,USDC,0xaf88d065e77c8cc2239327c5edb3a432268e5831,6,p180,2026-08-17T13:00:00Z,56,6375641,113850.732142857143,0.113850732143,10976786968406,10976786.968406,85664713685624,85664713.685624,2025-10-22T13:00:00Z,50509531649,50509.531649,10976786854555.267857142857,10976786.854555267857,50509417798.267857142857,50509.417798267857,applicable,0.004601475684,applicable,0.000589617541
v1.0,market,0xf86f3edd6f16cd8211f4d206866dc4ecd41be6211063ac11f8508e1b7112ef40,1,0xf86f3edd6f16cd8211f4d206866dc4ecd41be6211063ac11f8508e1b7112ef40,dedicated_syrupusdc,USDC,0xaf88d065e77c8cc2239327c5edb3a432268e5831,syrupUSDC,0x41ca7586cc1311807b4605fbb748a3b8862b42b5,collateral_assets,syrupUSDC,0x41ca7586cc1311807b4605fbb748a3b8862b42b5,6,p30,2026-03-20T13:00:00Z,56,17837295,318523.125,0.318523125,9708939026436,9708939.026436,79001845222939,79001845.222939,2025-10-25T13:00:00Z,16527284069710,16527284.06971,9708938707912.875,9708938.707912875,16527283751186.875,16527283.751186875,applicable,1.702275011554,applicable,0.20920123791
v1.0,market,0xf86f3edd6f16cd8211f4d206866dc4ecd41be6211063ac11f8508e1b7112ef40,1,0xf86f3edd6f16cd8211f4d206866dc4ecd41be6211063ac11f8508e1b7112ef40,dedicated_syrupusdc,USDC,0xaf88d065e77c8cc2239327c5edb3a432268e5831,syrupUSDC,0x41ca7586cc1311807b4605fbb748a3b8862b42b5,collateral_assets,syrupUSDC,0x41ca7586cc1311807b4605fbb748a3b8862b42b5,6,p90,2026-05-19T13:00:00Z,56,17837295,318523.125,0.318523125,9708939026436,9708939.026436,79001845222939,79001845.222939,2025-10-25T13:00:00Z,440644344563,440644.344563,9708938707912.875,9708938.707912875,440644026039.875,440644.026039875,applicable,0.045385395798,applicable,0.005577642226
v1.0,market,0xf86f3edd6f16cd8211f4d206866dc4ecd41be6211063ac11f8508e1b7112ef40,1,0xf86f3edd6f16cd8211f4d206866dc4ecd41be6211063ac11f8508e1b7112ef40,dedicated_syrupusdc,USDC,0xaf88d065e77c8cc2239327c5edb3a432268e5831,syrupUSDC,0x41ca7586cc1311807b4605fbb748a3b8862b42b5,collateral_assets,syrupUSDC,0x41ca7586cc1311807b4605fbb748a3b8862b42b5,6,p180,2026-08-17T13:00:00Z,56,17837295,318523.125,0.318523125,9708939026436,9708939.026436,79001845222939,79001845.222939,2025-10-25T13:00:00Z,48253219869,48253.219869,9708938707912.875,9708938.707912875,48252901345.875,48252.901345875,applicable,0.004969946026,applicable,0.000610781956
v1.0,market,0xf86f3edd6f16cd8211f4d206866dc4ecd41be6211063ac11f8508e1b7112ef40,1,0xf86f3edd6f16cd8211f4d206866dc4ecd41be6211063ac11f8508e1b7112ef40,dedicated_syrupusdc,USDC,0xaf88d065e77c8cc2239327c5edb3a432268e5831,syrupUSDC,0x41ca7586cc1311807b4605fbb748a3b8862b42b5,active_borrowers,wallets,,,p30,2026-03-20T13:00:00Z,56,5,0.089285714286,0.089285714286,35,35,51,51,2025-10-19T13:00:00Z,40,40,34.910714285714,34.910714285714,39.910714285714,39.910714285714,applicable,1.143222506394,applicable,0.783935461242
v1.0,market,0xf86f3edd6f16cd8211f4d206866dc4ecd41be6211063ac11f8508e1b7112ef40,1,0xf86f3edd6f16cd8211f4d206866dc4ecd41be6211063ac11f8508e1b7112ef40,dedicated_syrupusdc,USDC,0xaf88d065e77c8cc2239327c5edb3a432268e5831,syrupUSDC,0x41ca7586cc1311807b4605fbb748a3b8862b42b5,active_borrowers,wallets,,,p90,2026-05-19T13:00:00Z,56,5,0.089285714286,0.089285714286,35,35,51,51,2025-10-19T13:00:00Z,35,35,34.910714285714,34.910714285714,34.910714285714,34.910714285714,applicable,1,applicable,0.685724307261
v1.0,market,0xf86f3edd6f16cd8211f4d206866dc4ecd41be6211063ac11f8508e1b7112ef40,1,0xf86f3edd6f16cd8211f4d206866dc4ecd41be6211063ac11f8508e1b7112ef40,dedicated_syrupusdc,USDC,0xaf88d065e77c8cc2239327c5edb3a432268e5831,syrupUSDC,0x41ca7586cc1311807b4605fbb748a3b8862b42b5,active_borrowers,wallets,,,p180,2026-08-17T13:00:00Z,56,5,0.089285714286,0.089285714286,35,35,51,51,2025-10-19T13:00:00Z,32,32,34.910714285714,34.910714285714,31.910714285714,31.910714285714,applicable,0.914066496164,applicable,0.626797614872
v1.0,market,0x551dbcdcceaf9322986e0cddde993d49840522a9532dc441359acd98af8badff,1,0x551dbcdcceaf9322986e0cddde993d49840522a9532dc441359acd98af8badff,full_scope_other,USDC,0xaf88d065e77c8cc2239327c5edb3a432268e5831,thBILL,0xfdd22ce6d1f66bc0ec89b20bf16ccb6670f55a5a,borrowed_assets,USDC,0xaf88d065e77c8cc2239327c5edb3a432268e5831,6,p30,2026-03-20T13:00:00Z,56,175000,3125,0.003125,7460896505929,7460896.505929,82272184390539,82272184.390539,2025-10-08T13:00:00Z,2054021913659,2054021.913659,7460896502804,7460896.502804,2054021910534,2054021.910534,applicable,0.275304973037,applicable,0.024966176914
v1.0,market,0x551dbcdcceaf9322986e0cddde993d49840522a9532dc441359acd98af8badff,1,0x551dbcdcceaf9322986e0cddde993d49840522a9532dc441359acd98af8badff,full_scope_other,USDC,0xaf88d065e77c8cc2239327c5edb3a432268e5831,thBILL,0xfdd22ce6d1f66bc0ec89b20bf16ccb6670f55a5a,borrowed_assets,USDC,0xaf88d065e77c8cc2239327c5edb3a432268e5831,6,p90,2026-05-19T13:00:00Z,56,175000,3125,0.003125,7460896505929,7460896.505929,82272184390539,82272184.390539,2025-10-08T13:00:00Z,217834938745,217834.938745,7460896502804,7460896.502804,217834935620,217834.93562,applicable,0.02919688479,applicable,0.002647734921
v1.0,market,0x551dbcdcceaf9322986e0cddde993d49840522a9532dc441359acd98af8badff,1,0x551dbcdcceaf9322986e0cddde993d49840522a9532dc441359acd98af8badff,full_scope_other,USDC,0xaf88d065e77c8cc2239327c5edb3a432268e5831,thBILL,0xfdd22ce6d1f66bc0ec89b20bf16ccb6670f55a5a,borrowed_assets,USDC,0xaf88d065e77c8cc2239327c5edb3a432268e5831,6,p180,2026-08-17T13:00:00Z,56,175000,3125,0.003125,7460896505929,7460896.505929,82272184390539,82272184.390539,2025-10-08T13:00:00Z,15412862606,15412.862606,7460896502804,7460896.502804,15412859481,15412.859481,applicable,0.002065818696,applicable,0.00018733986
v1.0,market,0x551dbcdcceaf9322986e0cddde993d49840522a9532dc441359acd98af8badff,1,0x551dbcdcceaf9322986e0cddde993d49840522a9532dc441359acd98af8badff,full_scope_other,USDC,0xaf88d065e77c8cc2239327c5edb3a432268e5831,thBILL,0xfdd22ce6d1f66bc0ec89b20bf16ccb6670f55a5a,supplied_assets,USDC,0xaf88d065e77c8cc2239327c5edb3a432268e5831,6,p30,2026-03-20T13:00:00Z,56,13965931,249391.625,0.249391625,8884754806083,8884754.806083,90380441340928,90380441.340928,2025-10-09T13:00:00Z,2622979359852,2622979.359852,8884754556691.375,8884754.556691375,2622979110460.375,2622979.110460375,applicable,0.295222461546,applicable,0.029021534735
v1.0,market,0x551dbcdcceaf9322986e0cddde993d49840522a9532dc441359acd98af8badff,1,0x551dbcdcceaf9322986e0cddde993d49840522a9532dc441359acd98af8badff,full_scope_other,USDC,0xaf88d065e77c8cc2239327c5edb3a432268e5831,thBILL,0xfdd22ce6d1f66bc0ec89b20bf16ccb6670f55a5a,supplied_assets,USDC,0xaf88d065e77c8cc2239327c5edb3a432268e5831,6,p90,2026-05-19T13:00:00Z,56,13965931,249391.625,0.249391625,8884754806083,8884754.806083,90380441340928,90380441.340928,2025-10-09T13:00:00Z,239425117866,239425.117866,8884754556691.375,8884754.556691375,239424868474.375,239424.868474375,applicable,0.026947831473,applicable,0.002649078336
v1.0,market,0x551dbcdcceaf9322986e0cddde993d49840522a9532dc441359acd98af8badff,1,0x551dbcdcceaf9322986e0cddde993d49840522a9532dc441359acd98af8badff,full_scope_other,USDC,0xaf88d065e77c8cc2239327c5edb3a432268e5831,thBILL,0xfdd22ce6d1f66bc0ec89b20bf16ccb6670f55a5a,supplied_assets,USDC,0xaf88d065e77c8cc2239327c5edb3a432268e5831,6,p180,2026-08-17T13:00:00Z,56,13965931,249391.625,0.249391625,8884754806083,8884754.806083,90380441340928,90380441.340928,2025-10-09T13:00:00Z,17850676541,17850.676541,8884754556691.375,8884754.556691375,17850427149.375,17850.427149375,applicable,0.002009107515,applicable,0.000197503209
v1.0,market,0x551dbcdcceaf9322986e0cddde993d49840522a9532dc441359acd98af8badff,1,0x551dbcdcceaf9322986e0cddde993d49840522a9532dc441359acd98af8badff,full_scope_other,USDC,0xaf88d065e77c8cc2239327c5edb3a432268e5831,thBILL,0xfdd22ce6d1f66bc0ec89b20bf16ccb6670f55a5a,collateral_assets,thBILL,0xfdd22ce6d1f66bc0ec89b20bf16ccb6670f55a5a,6,p30,2026-03-20T13:00:00Z,56,3500000,62500,0.0625,8828013905024,8828013.905024,92712471252930,92712471.25293,2025-10-08T13:00:00Z,2292855383352,2292855.383352,8828013842524,8828013.842524,2292855320852,2292855.320852,applicable,0.259724934935,applicable,0.02473081875
v1.0,market,0x551dbcdcceaf9322986e0cddde993d49840522a9532dc441359acd98af8badff,1,0x551dbcdcceaf9322986e0cddde993d49840522a9532dc441359acd98af8badff,full_scope_other,USDC,0xaf88d065e77c8cc2239327c5edb3a432268e5831,thBILL,0xfdd22ce6d1f66bc0ec89b20bf16ccb6670f55a5a,collateral_assets,thBILL,0xfdd22ce6d1f66bc0ec89b20bf16ccb6670f55a5a,6,p90,2026-05-19T13:00:00Z,56,3500000,62500,0.0625,8828013905024,8828013.905024,92712471252930,92712471.25293,2025-10-08T13:00:00Z,286173486103,286173.486103,8828013842524,8828013.842524,286173423603,286173.423603,applicable,0.032416512786,applicable,0.003086676689
v1.0,market,0x551dbcdcceaf9322986e0cddde993d49840522a9532dc441359acd98af8badff,1,0x551dbcdcceaf9322986e0cddde993d49840522a9532dc441359acd98af8badff,full_scope_other,USDC,0xaf88d065e77c8cc2239327c5edb3a432268e5831,thBILL,0xfdd22ce6d1f66bc0ec89b20bf16ccb6670f55a5a,collateral_assets,thBILL,0xfdd22ce6d1f66bc0ec89b20bf16ccb6670f55a5a,6,p180,2026-08-17T13:00:00Z,56,3500000,62500,0.0625,8828013905024,8828013.905024,92712471252930,92712471.25293,2025-10-08T13:00:00Z,24018179694,24018.179694,8828013842524,8828013.842524,24018117194,24018.117194,applicable,0.002720670541,applicable,0.000259060263
v1.0,market,0x551dbcdcceaf9322986e0cddde993d49840522a9532dc441359acd98af8badff,1,0x551dbcdcceaf9322986e0cddde993d49840522a9532dc441359acd98af8badff,full_scope_other,USDC,0xaf88d065e77c8cc2239327c5edb3a432268e5831,thBILL,0xfdd22ce6d1f66bc0ec89b20bf16ccb6670f55a5a,active_borrowers,wallets,,,p30,2026-03-20T13:00:00Z,56,0,0,0,241,241,1354,1354,2025-11-06T13:00:00Z,193,193,241,241,193,193,applicable,0.800829875519,applicable,0.142540620384
v1.0,market,0x551dbcdcceaf9322986e0cddde993d49840522a9532dc441359acd98af8badff,1,0x551dbcdcceaf9322986e0cddde993d49840522a9532dc441359acd98af8badff,full_scope_other,USDC,0xaf88d065e77c8cc2239327c5edb3a432268e5831,thBILL,0xfdd22ce6d1f66bc0ec89b20bf16ccb6670f55a5a,active_borrowers,wallets,,,p90,2026-05-19T13:00:00Z,56,0,0,0,241,241,1354,1354,2025-11-06T13:00:00Z,152,152,241,241,152,152,applicable,0.630705394191,applicable,0.112259970458
v1.0,market,0x551dbcdcceaf9322986e0cddde993d49840522a9532dc441359acd98af8badff,1,0x551dbcdcceaf9322986e0cddde993d49840522a9532dc441359acd98af8badff,full_scope_other,USDC,0xaf88d065e77c8cc2239327c5edb3a432268e5831,thBILL,0xfdd22ce6d1f66bc0ec89b20bf16ccb6670f55a5a,active_borrowers,wallets,,,p180,2026-08-17T13:00:00Z,56,0,0,0,241,241,1354,1354,2025-11-06T13:00:00Z,74,74,241,241,74,74,applicable,0.307053941909,applicable,0.054652880355
v1.0,market,0xe0de6b571ec913ada63d5327f70c8849ea2363d47f44a190e8fb489db07fee1e,1,0xe0de6b571ec913ada63d5327f70c8849ea2363d47f44a190e8fb489db07fee1e,full_scope_other,USDC,0xaf88d065e77c8cc2239327c5edb3a432268e5831,USDe,0x5d3a1ff2b6bab83b63cd9ad0787074081a52ef34,borrowed_assets,USDC,0xaf88d065e77c8cc2239327c5edb3a432268e5831,6,p30,2026-03-20T13:00:00Z,56,8625196,154021.357142857143,0.154021357143,11364916,11.364916,11025151229,11025.151229,2025-10-18T13:00:00Z,11364916,11.364916,11210894.642857142857,11.210894642857,11210894.642857142857,11.210894642857,applicable,1,applicable,0.00101686145
v1.0,market,0xe0de6b571ec913ada63d5327f70c8849ea2363d47f44a190e8fb489db07fee1e,1,0xe0de6b571ec913ada63d5327f70c8849ea2363d47f44a190e8fb489db07fee1e,full_scope_other,USDC,0xaf88d065e77c8cc2239327c5edb3a432268e5831,USDe,0x5d3a1ff2b6bab83b63cd9ad0787074081a52ef34,borrowed_assets,USDC,0xaf88d065e77c8cc2239327c5edb3a432268e5831,6,p90,2026-05-19T13:00:00Z,56,8625196,154021.357142857143,0.154021357143,11364916,11.364916,11025151229,11025.151229,2025-10-18T13:00:00Z,11382584,11.382584,11210894.642857142857,11.210894642857,11228562.642857142857,11.228562642857,applicable,1.001575967,applicable,0.00101846399
v1.0,market,0xe0de6b571ec913ada63d5327f70c8849ea2363d47f44a190e8fb489db07fee1e,1,0xe0de6b571ec913ada63d5327f70c8849ea2363d47f44a190e8fb489db07fee1e,full_scope_other,USDC,0xaf88d065e77c8cc2239327c5edb3a432268e5831,USDe,0x5d3a1ff2b6bab83b63cd9ad0787074081a52ef34,borrowed_assets,USDC,0xaf88d065e77c8cc2239327c5edb3a432268e5831,6,p180,2026-08-17T13:00:00Z,56,8625196,154021.357142857143,0.154021357143,11364916,11.364916,11025151229,11025.151229,2025-10-18T13:00:00Z,11382584,11.382584,11210894.642857142857,11.210894642857,11228562.642857142857,11.228562642857,applicable,1.001575967,applicable,0.00101846399
v1.0,market,0xe0de6b571ec913ada63d5327f70c8849ea2363d47f44a190e8fb489db07fee1e,1,0xe0de6b571ec913ada63d5327f70c8849ea2363d47f44a190e8fb489db07fee1e,full_scope_other,USDC,0xaf88d065e77c8cc2239327c5edb3a432268e5831,USDe,0x5d3a1ff2b6bab83b63cd9ad0787074081a52ef34,supplied_assets,USDC,0xaf88d065e77c8cc2239327c5edb3a432268e5831,6,p30,2026-03-20T13:00:00Z,56,8625196,154021.357142857143,0.154021357143,24050506,24.050506,21024188516,21024.188516,2025-10-17T13:00:00Z,24050506,24.050506,23896484.642857142857,23.896484642857,23896484.642857142857,23.896484642857,applicable,1,applicable,0.001136626971
v1.0,market,0xe0de6b571ec913ada63d5327f70c8849ea2363d47f44a190e8fb489db07fee1e,1,0xe0de6b571ec913ada63d5327f70c8849ea2363d47f44a190e8fb489db07fee1e,full_scope_other,USDC,0xaf88d065e77c8cc2239327c5edb3a432268e5831,USDe,0x5d3a1ff2b6bab83b63cd9ad0787074081a52ef34,supplied_assets,USDC,0xaf88d065e77c8cc2239327c5edb3a432268e5831,6,p90,2026-05-19T13:00:00Z,56,8625196,154021.357142857143,0.154021357143,24050506,24.050506,21024188516,21024.188516,2025-10-17T13:00:00Z,24068175,24.068175,23896484.642857142857,23.896484642857,23914153.642857142857,23.914153642857,applicable,1.000739397458,applicable,0.00113746739
v1.0,market,0xe0de6b571ec913ada63d5327f70c8849ea2363d47f44a190e8fb489db07fee1e,1,0xe0de6b571ec913ada63d5327f70c8849ea2363d47f44a190e8fb489db07fee1e,full_scope_other,USDC,0xaf88d065e77c8cc2239327c5edb3a432268e5831,USDe,0x5d3a1ff2b6bab83b63cd9ad0787074081a52ef34,supplied_assets,USDC,0xaf88d065e77c8cc2239327c5edb3a432268e5831,6,p180,2026-08-17T13:00:00Z,56,8625196,154021.357142857143,0.154021357143,24050506,24.050506,21024188516,21024.188516,2025-10-17T13:00:00Z,24068175,24.068175,23896484.642857142857,23.896484642857,23914153.642857142857,23.914153642857,applicable,1.000739397458,applicable,0.00113746739
v1.0,market,0xe0de6b571ec913ada63d5327f70c8849ea2363d47f44a190e8fb489db07fee1e,1,0xe0de6b571ec913ada63d5327f70c8849ea2363d47f44a190e8fb489db07fee1e,full_scope_other,USDC,0xaf88d065e77c8cc2239327c5edb3a432268e5831,USDe,0x5d3a1ff2b6bab83b63cd9ad0787074081a52ef34,collateral_assets,USDe,0x5d3a1ff2b6bab83b63cd9ad0787074081a52ef34,18,p30,2026-03-20T13:00:00Z,56,21054857674454582912,375979601329546123.428571428571,0.37597960133,40560479874469247037,40.560479874469,15045394352147931683071,15045.394352147932,2025-10-12T13:00:00Z,40560479874469247037,40.560479874469,40184500273139700913.571428571429,40.18450027314,40184500273139700913.571428571429,40.18450027314,applicable,1,applicable,0.002670950562
v1.0,market,0xe0de6b571ec913ada63d5327f70c8849ea2363d47f44a190e8fb489db07fee1e,1,0xe0de6b571ec913ada63d5327f70c8849ea2363d47f44a190e8fb489db07fee1e,full_scope_other,USDC,0xaf88d065e77c8cc2239327c5edb3a432268e5831,USDe,0x5d3a1ff2b6bab83b63cd9ad0787074081a52ef34,collateral_assets,USDe,0x5d3a1ff2b6bab83b63cd9ad0787074081a52ef34,18,p90,2026-05-19T13:00:00Z,56,21054857674454582912,375979601329546123.428571428571,0.37597960133,40560479874469247037,40.560479874469,15045394352147931683071,15045.394352147932,2025-10-12T13:00:00Z,40560479874469247037,40.560479874469,40184500273139700913.571428571429,40.18450027314,40184500273139700913.571428571429,40.18450027314,applicable,1,applicable,0.002670950562
v1.0,market,0xe0de6b571ec913ada63d5327f70c8849ea2363d47f44a190e8fb489db07fee1e,1,0xe0de6b571ec913ada63d5327f70c8849ea2363d47f44a190e8fb489db07fee1e,full_scope_other,USDC,0xaf88d065e77c8cc2239327c5edb3a432268e5831,USDe,0x5d3a1ff2b6bab83b63cd9ad0787074081a52ef34,collateral_assets,USDe,0x5d3a1ff2b6bab83b63cd9ad0787074081a52ef34,18,p180,2026-08-17T13:00:00Z,56,21054857674454582912,375979601329546123.428571428571,0.37597960133,40560479874469247037,40.560479874469,15045394352147931683071,15045.394352147932,2025-10-12T13:00:00Z,40560479874469247037,40.560479874469,40184500273139700913.571428571429,40.18450027314,40184500273139700913.571428571429,40.18450027314,applicable,1,applicable,0.002670950562
v1.0,market,0xe0de6b571ec913ada63d5327f70c8849ea2363d47f44a190e8fb489db07fee1e,1,0xe0de6b571ec913ada63d5327f70c8849ea2363d47f44a190e8fb489db07fee1e,full_scope_other,USDC,0xaf88d065e77c8cc2239327c5edb3a432268e5831,USDe,0x5d3a1ff2b6bab83b63cd9ad0787074081a52ef34,active_borrowers,wallets,,,p30,2026-03-20T13:00:00Z,56,2,0.035714285714,0.035714285714,2,2,5,5,2025-09-15T13:00:00Z,2,2,1.964285714286,1.964285714286,1.964285714286,1.964285714286,applicable,1,applicable,0.395683453237
v1.0,market,0xe0de6b571ec913ada63d5327f70c8849ea2363d47f44a190e8fb489db07fee1e,1,0xe0de6b571ec913ada63d5327f70c8849ea2363d47f44a190e8fb489db07fee1e,full_scope_other,USDC,0xaf88d065e77c8cc2239327c5edb3a432268e5831,USDe,0x5d3a1ff2b6bab83b63cd9ad0787074081a52ef34,active_borrowers,wallets,,,p90,2026-05-19T13:00:00Z,56,2,0.035714285714,0.035714285714,2,2,5,5,2025-09-15T13:00:00Z,2,2,1.964285714286,1.964285714286,1.964285714286,1.964285714286,applicable,1,applicable,0.395683453237
v1.0,market,0xe0de6b571ec913ada63d5327f70c8849ea2363d47f44a190e8fb489db07fee1e,1,0xe0de6b571ec913ada63d5327f70c8849ea2363d47f44a190e8fb489db07fee1e,full_scope_other,USDC,0xaf88d065e77c8cc2239327c5edb3a432268e5831,USDe,0x5d3a1ff2b6bab83b63cd9ad0787074081a52ef34,active_borrowers,wallets,,,p180,2026-08-17T13:00:00Z,56,2,0.035714285714,0.035714285714,2,2,5,5,2025-09-15T13:00:00Z,2,2,1.964285714286,1.964285714286,1.964285714286,1.964285714286,applicable,1,applicable,0.395683453237
v1.0,market,0xd09404e9512e1341321c8ae3bd663fab7087582142ac61486635a6c072c2af12,1,0xd09404e9512e1341321c8ae3bd663fab7087582142ac61486635a6c072c2af12,early_shared_usdc,USDC,0xaf88d065e77c8cc2239327c5edb3a432268e5831,weETH,0x35751007a407ca6feffe80b3cb397736d2cf4dbe,borrowed_assets,USDC,0xaf88d065e77c8cc2239327c5edb3a432268e5831,6,p30,2026-03-20T13:00:00Z,56,4891500081,87348215.732142857143,87.348215732143,238082266863,238082.266863,858689361508,858689.361508,2025-09-05T13:00:00Z,283845105114,283845.105114,237994918647.267857142857,237994.918647267857,283757756898.267857142857,283757.756898267857,applicable,1.192284938313,applicable,0.33048811033
v1.0,market,0xd09404e9512e1341321c8ae3bd663fab7087582142ac61486635a6c072c2af12,1,0xd09404e9512e1341321c8ae3bd663fab7087582142ac61486635a6c072c2af12,early_shared_usdc,USDC,0xaf88d065e77c8cc2239327c5edb3a432268e5831,weETH,0x35751007a407ca6feffe80b3cb397736d2cf4dbe,borrowed_assets,USDC,0xaf88d065e77c8cc2239327c5edb3a432268e5831,6,p90,2026-05-19T13:00:00Z,56,4891500081,87348215.732142857143,87.348215732143,238082266863,238082.266863,858689361508,858689.361508,2025-09-05T13:00:00Z,2286780080463,2286780.080463,237994918647.267857142857,237994.918647267857,2286692732247.267857142857,2286692.732247267857,applicable,9.608157792799,applicable,2.663274365592
v1.0,market,0xd09404e9512e1341321c8ae3bd663fab7087582142ac61486635a6c072c2af12,1,0xd09404e9512e1341321c8ae3bd663fab7087582142ac61486635a6c072c2af12,early_shared_usdc,USDC,0xaf88d065e77c8cc2239327c5edb3a432268e5831,weETH,0x35751007a407ca6feffe80b3cb397736d2cf4dbe,borrowed_assets,USDC,0xaf88d065e77c8cc2239327c5edb3a432268e5831,6,p180,2026-08-17T13:00:00Z,56,4891500081,87348215.732142857143,87.348215732143,238082266863,238082.266863,858689361508,858689.361508,2025-09-05T13:00:00Z,1412705954688,1412705.954688,237994918647.267857142857,237994.918647267857,1412618606472.267857142857,1412618.606472267857,applicable,5.935499020321,applicable,1.645254244229
v1.0,market,0xd09404e9512e1341321c8ae3bd663fab7087582142ac61486635a6c072c2af12,1,0xd09404e9512e1341321c8ae3bd663fab7087582142ac61486635a6c072c2af12,early_shared_usdc,USDC,0xaf88d065e77c8cc2239327c5edb3a432268e5831,weETH,0x35751007a407ca6feffe80b3cb397736d2cf4dbe,supplied_assets,USDC,0xaf88d065e77c8cc2239327c5edb3a432268e5831,6,p30,2026-03-20T13:00:00Z,56,261828805220,4675514378.928571428571,4675.514378928571,272731697463,272731.697463,858689361508,858689.361508,2025-09-05T13:00:00Z,383465275579,383465.275579,268056183084.071428571429,268056.183084071429,378789761200.071428571429,378789.761200071429,applicable,1.413098391695,applicable,0.443540537982
v1.0,market,0xd09404e9512e1341321c8ae3bd663fab7087582142ac61486635a6c072c2af12,1,0xd09404e9512e1341321c8ae3bd663fab7087582142ac61486635a6c072c2af12,early_shared_usdc,USDC,0xaf88d065e77c8cc2239327c5edb3a432268e5831,weETH,0x35751007a407ca6feffe80b3cb397736d2cf4dbe,supplied_assets,USDC,0xaf88d065e77c8cc2239327c5edb3a432268e5831,6,p90,2026-05-19T13:00:00Z,56,261828805220,4675514378.928571428571,4675.514378928571,272731697463,272731.697463,858689361508,858689.361508,2025-09-05T13:00:00Z,2697228854280,2697228.85428,268056183084.071428571429,268056.183084071429,2692553339901.071428571429,2692553.339901071429,applicable,10.044735058607,applicable,3.152821642123
v1.0,market,0xd09404e9512e1341321c8ae3bd663fab7087582142ac61486635a6c072c2af12,1,0xd09404e9512e1341321c8ae3bd663fab7087582142ac61486635a6c072c2af12,early_shared_usdc,USDC,0xaf88d065e77c8cc2239327c5edb3a432268e5831,weETH,0x35751007a407ca6feffe80b3cb397736d2cf4dbe,supplied_assets,USDC,0xaf88d065e77c8cc2239327c5edb3a432268e5831,6,p180,2026-08-17T13:00:00Z,56,261828805220,4675514378.928571428571,4675.514378928571,272731697463,272731.697463,858689361508,858689.361508,2025-09-05T13:00:00Z,1867606741632,1867606.741632,268056183084.071428571429,268056.183084071429,1862931227253.071428571429,1862931.227253071429,applicable,6.949778982225,applicable,2.181382928995
v1.0,market,0xd09404e9512e1341321c8ae3bd663fab7087582142ac61486635a6c072c2af12,1,0xd09404e9512e1341321c8ae3bd663fab7087582142ac61486635a6c072c2af12,early_shared_usdc,USDC,0xaf88d065e77c8cc2239327c5edb3a432268e5831,weETH,0x35751007a407ca6feffe80b3cb397736d2cf4dbe,collateral_assets,weETH,0x35751007a407ca6feffe80b3cb397736d2cf4dbe,18,p30,2026-03-20T13:00:00Z,56,3802353858820588908,67899176050367659.071428571429,0.06789917605,179512300873410446980,179.51230087341,309621695527336216279,309.621695527336,2025-09-05T13:00:00Z,179517006911061633125,179.517006911062,179444401697360079320.928571428571,179.44440169736,179449107735011265465.928571428571,179.449107735011,applicable,1.000026225603,applicable,0.57970249388
v1.0,market,0xd09404e9512e1341321c8ae3bd663fab7087582142ac61486635a6c072c2af12,1,0xd09404e9512e1341321c8ae3bd663fab7087582142ac61486635a6c072c2af12,early_shared_usdc,USDC,0xaf88d065e77c8cc2239327c5edb3a432268e5831,weETH,0x35751007a407ca6feffe80b3cb397736d2cf4dbe,collateral_assets,weETH,0x35751007a407ca6feffe80b3cb397736d2cf4dbe,18,p90,2026-05-19T13:00:00Z,56,3802353858820588908,67899176050367659.071428571429,0.06789917605,179512300873410446980,179.51230087341,309621695527336216279,309.621695527336,2025-09-05T13:00:00Z,1319020786790474620048,1319.020786790475,179444401697360079320.928571428571,179.44440169736,1318952887614424252388.928571428571,1318.952887614424,applicable,7.350203601441,applicable,4.260819615721
v1.0,market,0xd09404e9512e1341321c8ae3bd663fab7087582142ac61486635a6c072c2af12,1,0xd09404e9512e1341321c8ae3bd663fab7087582142ac61486635a6c072c2af12,early_shared_usdc,USDC,0xaf88d065e77c8cc2239327c5edb3a432268e5831,weETH,0x35751007a407ca6feffe80b3cb397736d2cf4dbe,collateral_assets,weETH,0x35751007a407ca6feffe80b3cb397736d2cf4dbe,18,p180,2026-08-17T13:00:00Z,56,3802353858820588908,67899176050367659.071428571429,0.06789917605,179512300873410446980,179.51230087341,309621695527336216279,309.621695527336,2025-09-05T13:00:00Z,1089899748253057582038,1089.899748253058,179444401697360079320.928571428571,179.44440169736,1089831849077007214378.928571428571,1089.831849077007,applicable,6.073367788397,applicable,3.52065412191
v1.0,market,0xd09404e9512e1341321c8ae3bd663fab7087582142ac61486635a6c072c2af12,1,0xd09404e9512e1341321c8ae3bd663fab7087582142ac61486635a6c072c2af12,early_shared_usdc,USDC,0xaf88d065e77c8cc2239327c5edb3a432268e5831,weETH,0x35751007a407ca6feffe80b3cb397736d2cf4dbe,active_borrowers,wallets,,,p30,2026-03-20T13:00:00Z,56,52,0.928571428571,0.928571428571,5,5,15,15,2025-09-05T13:00:00Z,5,5,4.071428571429,4.071428571429,4.071428571429,4.071428571429,applicable,1,applicable,0.289340101523
v1.0,market,0xd09404e9512e1341321c8ae3bd663fab7087582142ac61486635a6c072c2af12,1,0xd09404e9512e1341321c8ae3bd663fab7087582142ac61486635a6c072c2af12,early_shared_usdc,USDC,0xaf88d065e77c8cc2239327c5edb3a432268e5831,weETH,0x35751007a407ca6feffe80b3cb397736d2cf4dbe,active_borrowers,wallets,,,p90,2026-05-19T13:00:00Z,56,52,0.928571428571,0.928571428571,5,5,15,15,2025-09-05T13:00:00Z,5,5,4.071428571429,4.071428571429,4.071428571429,4.071428571429,applicable,1,applicable,0.289340101523
v1.0,market,0xd09404e9512e1341321c8ae3bd663fab7087582142ac61486635a6c072c2af12,1,0xd09404e9512e1341321c8ae3bd663fab7087582142ac61486635a6c072c2af12,early_shared_usdc,USDC,0xaf88d065e77c8cc2239327c5edb3a432268e5831,weETH,0x35751007a407ca6feffe80b3cb397736d2cf4dbe,active_borrowers,wallets,,,p180,2026-08-17T13:00:00Z,56,52,0.928571428571,0.928571428571,5,5,15,15,2025-09-05T13:00:00Z,3,3,4.071428571429,4.071428571429,2.071428571429,2.071428571429,applicable,0.508771929825,applicable,0.147208121827
v1.0,market,0x11d3bca0d1a9af8bf2982ef802f2971cf86043df1b31a044cacb35a8048156c6,1,0x11d3bca0d1a9af8bf2982ef802f2971cf86043df1b31a044cacb35a8048156c6,full_scope_other,USDC,0xaf88d065e77c8cc2239327c5edb3a432268e5831,wsrUSD,0x4809010926aec940b550d34a46a52739f996d75d,borrowed_assets,USDC,0xaf88d065e77c8cc2239327c5edb3a432268e5831,6,p30,2026-03-20T13:00:00Z,56,0,0,0,1178873897014,1178873.897014,2143970700914,2143970.700914,2026-01-28T13:00:00Z,4025659,4.025659,1178873897014,1178873.897014,4025659,4.025659,applicable,0.000003414834,applicable,0.000001877665
v1.0,market,0x11d3bca0d1a9af8bf2982ef802f2971cf86043df1b31a044cacb35a8048156c6,1,0x11d3bca0d1a9af8bf2982ef802f2971cf86043df1b31a044cacb35a8048156c6,full_scope_other,USDC,0xaf88d065e77c8cc2239327c5edb3a432268e5831,wsrUSD,0x4809010926aec940b550d34a46a52739f996d75d,borrowed_assets,USDC,0xaf88d065e77c8cc2239327c5edb3a432268e5831,6,p90,2026-05-19T13:00:00Z,56,0,0,0,1178873897014,1178873.897014,2143970700914,2143970.700914,2026-01-28T13:00:00Z,4052828,4.052828,1178873897014,1178873.897014,4052828,4.052828,applicable,0.000003437881,applicable,0.000001890337
v1.0,market,0x11d3bca0d1a9af8bf2982ef802f2971cf86043df1b31a044cacb35a8048156c6,1,0x11d3bca0d1a9af8bf2982ef802f2971cf86043df1b31a044cacb35a8048156c6,full_scope_other,USDC,0xaf88d065e77c8cc2239327c5edb3a432268e5831,wsrUSD,0x4809010926aec940b550d34a46a52739f996d75d,borrowed_assets,USDC,0xaf88d065e77c8cc2239327c5edb3a432268e5831,6,p180,2026-08-17T13:00:00Z,56,0,0,0,1178873897014,1178873.897014,2143970700914,2143970.700914,2026-01-28T13:00:00Z,2696,0.002696,1178873897014,1178873.897014,2696,0.002696,applicable,0.000000002287,applicable,0.000000001257
v1.0,market,0x11d3bca0d1a9af8bf2982ef802f2971cf86043df1b31a044cacb35a8048156c6,1,0x11d3bca0d1a9af8bf2982ef802f2971cf86043df1b31a044cacb35a8048156c6,full_scope_other,USDC,0xaf88d065e77c8cc2239327c5edb3a432268e5831,wsrUSD,0x4809010926aec940b550d34a46a52739f996d75d,supplied_assets,USDC,0xaf88d065e77c8cc2239327c5edb3a432268e5831,6,p30,2026-03-20T13:00:00Z,56,0,0,0,1308364013629,1308364.013629,2344834222294,2344834.222294,2026-01-28T13:00:00Z,5283444,5.283444,1308364013629,1308364.013629,5283444,5.283444,applicable,0.000004038206,applicable,0.000002253227
v1.0,market,0x11d3bca0d1a9af8bf2982ef802f2971cf86043df1b31a044cacb35a8048156c6,1,0x11d3bca0d1a9af8bf2982ef802f2971cf86043df1b31a044cacb35a8048156c6,full_scope_other,USDC,0xaf88d065e77c8cc2239327c5edb3a432268e5831,wsrUSD,0x4809010926aec940b550d34a46a52739f996d75d,supplied_assets,USDC,0xaf88d065e77c8cc2239327c5edb3a432268e5831,6,p90,2026-05-19T13:00:00Z,56,0,0,0,1308364013629,1308364.013629,2344834222294,2344834.222294,2026-01-28T13:00:00Z,4575237,4.575237,1308364013629,1308364.013629,4575237,4.575237,applicable,0.000003496914,applicable,0.000001951198
v1.0,market,0x11d3bca0d1a9af8bf2982ef802f2971cf86043df1b31a044cacb35a8048156c6,1,0x11d3bca0d1a9af8bf2982ef802f2971cf86043df1b31a044cacb35a8048156c6,full_scope_other,USDC,0xaf88d065e77c8cc2239327c5edb3a432268e5831,wsrUSD,0x4809010926aec940b550d34a46a52739f996d75d,supplied_assets,USDC,0xaf88d065e77c8cc2239327c5edb3a432268e5831,6,p180,2026-08-17T13:00:00Z,56,0,0,0,1308364013629,1308364.013629,2344834222294,2344834.222294,2026-01-28T13:00:00Z,1610332,1.610332,1308364013629,1308364.013629,1610332,1.610332,applicable,0.000001230798,applicable,0.000000686757
v1.0,market,0x11d3bca0d1a9af8bf2982ef802f2971cf86043df1b31a044cacb35a8048156c6,1,0x11d3bca0d1a9af8bf2982ef802f2971cf86043df1b31a044cacb35a8048156c6,full_scope_other,USDC,0xaf88d065e77c8cc2239327c5edb3a432268e5831,wsrUSD,0x4809010926aec940b550d34a46a52739f996d75d,collateral_assets,wsrUSD,0x4809010926aec940b550d34a46a52739f996d75d,18,p30,2026-03-20T13:00:00Z,56,0,0,0,1264836628459997217835150,1264836.628459997218,2261010643755067149358295,2261010.643755067149,2026-01-28T13:00:00Z,7048701490745640722,7.048701490746,1264836628459997217835150,1264836.628459997218,7048701490745640722,7.048701490746,applicable,0.000005572816,applicable,0.0000031175
v1.0,market,0x11d3bca0d1a9af8bf2982ef802f2971cf86043df1b31a044cacb35a8048156c6,1,0x11d3bca0d1a9af8bf2982ef802f2971cf86043df1b31a044cacb35a8048156c6,full_scope_other,USDC,0xaf88d065e77c8cc2239327c5edb3a432268e5831,wsrUSD,0x4809010926aec940b550d34a46a52739f996d75d,collateral_assets,wsrUSD,0x4809010926aec940b550d34a46a52739f996d75d,18,p90,2026-05-19T13:00:00Z,56,0,0,0,1264836628459997217835150,1264836.628459997218,2261010643755067149358295,2261010.643755067149,2026-01-28T13:00:00Z,7048701490745640722,7.048701490746,1264836628459997217835150,1264836.628459997218,7048701490745640722,7.048701490746,applicable,0.000005572816,applicable,0.0000031175
v1.0,market,0x11d3bca0d1a9af8bf2982ef802f2971cf86043df1b31a044cacb35a8048156c6,1,0x11d3bca0d1a9af8bf2982ef802f2971cf86043df1b31a044cacb35a8048156c6,full_scope_other,USDC,0xaf88d065e77c8cc2239327c5edb3a432268e5831,wsrUSD,0x4809010926aec940b550d34a46a52739f996d75d,collateral_assets,wsrUSD,0x4809010926aec940b550d34a46a52739f996d75d,18,p180,2026-08-17T13:00:00Z,56,0,0,0,1264836628459997217835150,1264836.628459997218,2261010643755067149358295,2261010.643755067149,2026-01-28T13:00:00Z,109721638701193555,0.109721638701,1264836628459997217835150,1264836.628459997218,109721638701193555,0.109721638701,applicable,0.000000086748,applicable,0.000000048528
v1.0,market,0x11d3bca0d1a9af8bf2982ef802f2971cf86043df1b31a044cacb35a8048156c6,1,0x11d3bca0d1a9af8bf2982ef802f2971cf86043df1b31a044cacb35a8048156c6,full_scope_other,USDC,0xaf88d065e77c8cc2239327c5edb3a432268e5831,wsrUSD,0x4809010926aec940b550d34a46a52739f996d75d,active_borrowers,wallets,,,p30,2026-03-20T13:00:00Z,56,0,0,0,4,4,4,4,2026-02-07T13:00:00Z,2,2,4,4,2,2,applicable,0.5,applicable,0.5
v1.0,market,0x11d3bca0d1a9af8bf2982ef802f2971cf86043df1b31a044cacb35a8048156c6,1,0x11d3bca0d1a9af8bf2982ef802f2971cf86043df1b31a044cacb35a8048156c6,full_scope_other,USDC,0xaf88d065e77c8cc2239327c5edb3a432268e5831,wsrUSD,0x4809010926aec940b550d34a46a52739f996d75d,active_borrowers,wallets,,,p90,2026-05-19T13:00:00Z,56,0,0,0,4,4,4,4,2026-02-07T13:00:00Z,2,2,4,4,2,2,applicable,0.5,applicable,0.5
v1.0,market,0x11d3bca0d1a9af8bf2982ef802f2971cf86043df1b31a044cacb35a8048156c6,1,0x11d3bca0d1a9af8bf2982ef802f2971cf86043df1b31a044cacb35a8048156c6,full_scope_other,USDC,0xaf88d065e77c8cc2239327c5edb3a432268e5831,wsrUSD,0x4809010926aec940b550d34a46a52739f996d75d,active_borrowers,wallets,,,p180,2026-08-17T13:00:00Z,56,0,0,0,4,4,4,4,2026-02-07T13:00:00Z,0,0,4,4,0,0,applicable,0,applicable,0
v1.0,market,0x33e0c8ab132390822b07e5dc95033cf250c963153320b7ffca73220664da2ea0,1,0x33e0c8ab132390822b07e5dc95033cf250c963153320b7ffca73220664da2ea0,full_scope_other,USDC,0xaf88d065e77c8cc2239327c5edb3a432268e5831,wstETH,0x5979d7b546e38e414f7e9822514be443a4800529,borrowed_assets,USDC,0xaf88d065e77c8cc2239327c5edb3a432268e5831,6,p30,2026-03-20T13:00:00Z,56,13659582966073,243921124394.160714285714,243921.124394160714,7037902258114,7037902.258114,17263478569433,17263478.569433,2026-01-15T13:00:00Z,12575353980910,12575353.98091,6793981133719.839285714286,6793981.133719839286,12331432856515.839285714286,12331432.856515839286,applicable,1.815052561055,applicable,0.724544859426
v1.0,market,0x33e0c8ab132390822b07e5dc95033cf250c963153320b7ffca73220664da2ea0,1,0x33e0c8ab132390822b07e5dc95033cf250c963153320b7ffca73220664da2ea0,full_scope_other,USDC,0xaf88d065e77c8cc2239327c5edb3a432268e5831,wstETH,0x5979d7b546e38e414f7e9822514be443a4800529,borrowed_assets,USDC,0xaf88d065e77c8cc2239327c5edb3a432268e5831,6,p90,2026-05-19T13:00:00Z,56,13659582966073,243921124394.160714285714,243921.124394160714,7037902258114,7037902.258114,17263478569433,17263478.569433,2026-01-15T13:00:00Z,8019633663673,8019633.663673,6793981133719.839285714286,6793981.133719839286,7775712539278.839285714286,7775712.539278839286,applicable,1.144500166579,applicable,0.456869255525
v1.0,market,0x33e0c8ab132390822b07e5dc95033cf250c963153320b7ffca73220664da2ea0,1,0x33e0c8ab132390822b07e5dc95033cf250c963153320b7ffca73220664da2ea0,full_scope_other,USDC,0xaf88d065e77c8cc2239327c5edb3a432268e5831,wstETH,0x5979d7b546e38e414f7e9822514be443a4800529,borrowed_assets,USDC,0xaf88d065e77c8cc2239327c5edb3a432268e5831,6,p180,2026-08-17T13:00:00Z,56,13659582966073,243921124394.160714285714,243921.124394160714,7037902258114,7037902.258114,17263478569433,17263478.569433,2026-01-15T13:00:00Z,1166255043355,1166255.043355,6793981133719.839285714286,6793981.133719839286,922333918960.839285714286,922333.918960839286,applicable,0.135757503709,applicable,0.054192591196
v1.0,market,0x33e0c8ab132390822b07e5dc95033cf250c963153320b7ffca73220664da2ea0,1,0x33e0c8ab132390822b07e5dc95033cf250c963153320b7ffca73220664da2ea0,full_scope_other,USDC,0xaf88d065e77c8cc2239327c5edb3a432268e5831,wstETH,0x5979d7b546e38e414f7e9822514be443a4800529,supplied_assets,USDC,0xaf88d065e77c8cc2239327c5edb3a432268e5831,6,p30,2026-03-20T13:00:00Z,56,37857969490799,676035169478.553571428571,676035.169478553571,7802564722959,7802564.722959,21411320232225,21411320.232225,2025-12-30T13:00:00Z,16514502791983,16514502.791983,7126529553480.446428571429,7126529.553480446429,15838467622504.446428571429,15838467.622504446429,applicable,2.222465718222,applicable,0.763841325286
v1.0,market,0x33e0c8ab132390822b07e5dc95033cf250c963153320b7ffca73220664da2ea0,1,0x33e0c8ab132390822b07e5dc95033cf250c963153320b7ffca73220664da2ea0,full_scope_other,USDC,0xaf88d065e77c8cc2239327c5edb3a432268e5831,wstETH,0x5979d7b546e38e414f7e9822514be443a4800529,supplied_assets,USDC,0xaf88d065e77c8cc2239327c5edb3a432268e5831,6,p90,2026-05-19T13:00:00Z,56,37857969490799,676035169478.553571428571,676035.169478553571,7802564722959,7802564.722959,21411320232225,21411320.232225,2025-12-30T13:00:00Z,8892500521882,8892500.521882,7126529553480.446428571429,7126529.553480446429,8216465352403.446428571429,8216465.352403446429,applicable,1.152940613063,applicable,0.396255239682
v1.0,market,0x33e0c8ab132390822b07e5dc95033cf250c963153320b7ffca73220664da2ea0,1,0x33e0c8ab132390822b07e5dc95033cf250c963153320b7ffca73220664da2ea0,full_scope_other,USDC,0xaf88d065e77c8cc2239327c5edb3a432268e5831,wstETH,0x5979d7b546e38e414f7e9822514be443a4800529,supplied_assets,USDC,0xaf88d065e77c8cc2239327c5edb3a432268e5831,6,p180,2026-08-17T13:00:00Z,56,37857969490799,676035169478.553571428571,676035.169478553571,7802564722959,7802564.722959,21411320232225,21411320.232225,2025-12-30T13:00:00Z,1171934657691,1171934.657691,7126529553480.446428571429,7126529.553480446429,495899488212.446428571429,495899.488212446429,applicable,0.06958499007,applicable,0.023915730443
v1.0,market,0x33e0c8ab132390822b07e5dc95033cf250c963153320b7ffca73220664da2ea0,1,0x33e0c8ab132390822b07e5dc95033cf250c963153320b7ffca73220664da2ea0,full_scope_other,USDC,0xaf88d065e77c8cc2239327c5edb3a432268e5831,wstETH,0x5979d7b546e38e414f7e9822514be443a4800529,collateral_assets,wstETH,0x5979d7b546e38e414f7e9822514be443a4800529,18,p30,2026-03-20T13:00:00Z,56,4755126893818094545414,84912980246751688310.964285714286,84.912980246752,5692517009133894175433,5692.517009133894,7105025265175123131547,7105.025265175123,2026-02-01T13:00:00Z,6836983423264312888591,6836.983423264313,5607604028887142487122.035714285714,5607.604028887142,6752070443017561200280.035714285714,6752.070443017561,applicable,1.204091873862,applicable,0.961818012158
v1.0,market,0x33e0c8ab132390822b07e5dc95033cf250c963153320b7ffca73220664da2ea0,1,0x33e0c8ab132390822b07e5dc95033cf250c963153320b7ffca73220664da2ea0,full_scope_other,USDC,0xaf88d065e77c8cc2239327c5edb3a432268e5831,wstETH,0x5979d7b546e38e414f7e9822514be443a4800529,collateral_assets,wstETH,0x5979d7b546e38e414f7e9822514be443a4800529,18,p90,2026-05-19T13:00:00Z,56,4755126893818094545414,84912980246751688310.964285714286,84.912980246752,5692517009133894175433,5692.517009133894,7105025265175123131547,7105.025265175123,2026-02-01T13:00:00Z,4744416120206206254358,4744.416120206206,5607604028887142487122.035714285714,5607.604028887142,4659503139959454566047.035714285714,4659.503139959455,applicable,0.83092584925,applicable,0.66373626957
v1.0,market,0x33e0c8ab132390822b07e5dc95033cf250c963153320b7ffca73220664da2ea0,1,0x33e0c8ab132390822b07e5dc95033cf250c963153320b7ffca73220664da2ea0,full_scope_other,USDC,0xaf88d065e77c8cc2239327c5edb3a432268e5831,wstETH,0x5979d7b546e38e414f7e9822514be443a4800529,collateral_assets,wstETH,0x5979d7b546e38e414f7e9822514be443a4800529,18,p180,2026-08-17T13:00:00Z,56,4755126893818094545414,84912980246751688310.964285714286,84.912980246752,5692517009133894175433,5692.517009133894,7105025265175123131547,7105.025265175123,2026-02-01T13:00:00Z,1057689336617597100073,1057.689336617597,5607604028887142487122.035714285714,5607.604028887142,972776356370845411762.035714285714,972.776356370845,applicable,0.173474509141,applicable,0.138569914111
v1.0,market,0x33e0c8ab132390822b07e5dc95033cf250c963153320b7ffca73220664da2ea0,1,0x33e0c8ab132390822b07e5dc95033cf250c963153320b7ffca73220664da2ea0,full_scope_other,USDC,0xaf88d065e77c8cc2239327c5edb3a432268e5831,wstETH,0x5979d7b546e38e414f7e9822514be443a4800529,active_borrowers,wallets,,,p30,2026-03-20T13:00:00Z,56,1054,18.821428571429,18.821428571429,100,100,153,153,2025-10-10T13:00:00Z,98,98,81.178571428571,81.178571428571,79.178571428571,79.178571428571,applicable,0.975362956445,applicable,0.590098482832
v1.0,market,0x33e0c8ab132390822b07e5dc95033cf250c963153320b7ffca73220664da2ea0,1,0x33e0c8ab132390822b07e5dc95033cf250c963153320b7ffca73220664da2ea0,full_scope_other,USDC,0xaf88d065e77c8cc2239327c5edb3a432268e5831,wstETH,0x5979d7b546e38e414f7e9822514be443a4800529,active_borrowers,wallets,,,p90,2026-05-19T13:00:00Z,56,1054,18.821428571429,18.821428571429,100,100,153,153,2025-10-10T13:00:00Z,116,116,81.178571428571,81.178571428571,97.178571428571,97.178571428571,applicable,1.197096348438,applicable,0.724248070269
v1.0,market,0x33e0c8ab132390822b07e5dc95033cf250c963153320b7ffca73220664da2ea0,1,0x33e0c8ab132390822b07e5dc95033cf250c963153320b7ffca73220664da2ea0,full_scope_other,USDC,0xaf88d065e77c8cc2239327c5edb3a432268e5831,wstETH,0x5979d7b546e38e414f7e9822514be443a4800529,active_borrowers,wallets,,,p180,2026-08-17T13:00:00Z,56,1054,18.821428571429,18.821428571429,100,100,153,153,2025-10-10T13:00:00Z,117,117,81.178571428571,81.178571428571,98.178571428571,98.178571428571,applicable,1.209414870216,applicable,0.731700825126
v1.0,market,0x06a5954e8222a1f4719934d370ac558b657c6a5321d6cae615127b6596d10d32,1,0x06a5954e8222a1f4719934d370ac558b657c6a5321d6cae615127b6596d10d32,full_scope_other,USDC,0xaf88d065e77c8cc2239327c5edb3a432268e5831,wstUSR,0x66cfbd79257dc5217903a36293120282548e2254,borrowed_assets,USDC,0xaf88d065e77c8cc2239327c5edb3a432268e5831,6,p30,2026-03-20T13:00:00Z,56,125000,2232.142857142857,0.002232142857,1660767921,1660.767921,246657497677,246657.497677,2025-11-04T13:00:00Z,5331601,5.331601,1660765688.857142857143,1660.765688857143,5329368.857142857143,5.329368857143,applicable,0.003208982997,applicable,0.000021606353
v1.0,market,0x06a5954e8222a1f4719934d370ac558b657c6a5321d6cae615127b6596d10d32,1,0x06a5954e8222a1f4719934d370ac558b657c6a5321d6cae615127b6596d10d32,full_scope_other,USDC,0xaf88d065e77c8cc2239327c5edb3a432268e5831,wstUSR,0x66cfbd79257dc5217903a36293120282548e2254,borrowed_assets,USDC,0xaf88d065e77c8cc2239327c5edb3a432268e5831,6,p90,2026-05-19T13:00:00Z,56,125000,2232.142857142857,0.002232142857,1660767921,1660.767921,246657497677,246657.497677,2025-11-04T13:00:00Z,138354120,138.35412,1660765688.857142857143,1660.765688857143,138351887.857142857143,138.351887857143,applicable,0.08330608513,applicable,0.000560906887
v1.0,market,0x06a5954e8222a1f4719934d370ac558b657c6a5321d6cae615127b6596d10d32,1,0x06a5954e8222a1f4719934d370ac558b657c6a5321d6cae615127b6596d10d32,full_scope_other,USDC,0xaf88d065e77c8cc2239327c5edb3a432268e5831,wstUSR,0x66cfbd79257dc5217903a36293120282548e2254,borrowed_assets,USDC,0xaf88d065e77c8cc2239327c5edb3a432268e5831,6,p180,2026-08-17T13:00:00Z,56,125000,2232.142857142857,0.002232142857,1660767921,1660.767921,246657497677,246657.497677,2025-11-04T13:00:00Z,1907649814,1907.649814,1660765688.857142857143,1660.765688857143,1907647581.857142857143,1907.647581857143,applicable,1.148655463354,applicable,0.007733993968
v1.0,market,0x06a5954e8222a1f4719934d370ac558b657c6a5321d6cae615127b6596d10d32,1,0x06a5954e8222a1f4719934d370ac558b657c6a5321d6cae615127b6596d10d32,full_scope_other,USDC,0xaf88d065e77c8cc2239327c5edb3a432268e5831,wstUSR,0x66cfbd79257dc5217903a36293120282548e2254,supplied_assets,USDC,0xaf88d065e77c8cc2239327c5edb3a432268e5831,6,p30,2026-03-20T13:00:00Z,56,125000,2232.142857142857,0.002232142857,1660767921,1660.767921,4049140143453,4049140.143453,2025-09-13T13:00:00Z,5331601,5.331601,1660765688.857142857143,1660.765688857143,5329368.857142857143,5.329368857143,applicable,0.003208982997,applicable,0.000001316173
v1.0,market,0x06a5954e8222a1f4719934d370ac558b657c6a5321d6cae615127b6596d10d32,1,0x06a5954e8222a1f4719934d370ac558b657c6a5321d6cae615127b6596d10d32,full_scope_other,USDC,0xaf88d065e77c8cc2239327c5edb3a432268e5831,wstUSR,0x66cfbd79257dc5217903a36293120282548e2254,supplied_assets,USDC,0xaf88d065e77c8cc2239327c5edb3a432268e5831,6,p90,2026-05-19T13:00:00Z,56,125000,2232.142857142857,0.002232142857,1660767921,1660.767921,4049140143453,4049140.143453,2025-09-13T13:00:00Z,138354120,138.35412,1660765688.857142857143,1660.765688857143,138351887.857142857143,138.351887857143,applicable,0.08330608513,applicable,0.000034168214
v1.0,market,0x06a5954e8222a1f4719934d370ac558b657c6a5321d6cae615127b6596d10d32,1,0x06a5954e8222a1f4719934d370ac558b657c6a5321d6cae615127b6596d10d32,full_scope_other,USDC,0xaf88d065e77c8cc2239327c5edb3a432268e5831,wstUSR,0x66cfbd79257dc5217903a36293120282548e2254,supplied_assets,USDC,0xaf88d065e77c8cc2239327c5edb3a432268e5831,6,p180,2026-08-17T13:00:00Z,56,125000,2232.142857142857,0.002232142857,1660767921,1660.767921,4049140143453,4049140.143453,2025-09-13T13:00:00Z,1907649814,1907.649814,1660765688.857142857143,1660.765688857143,1907647581.857142857143,1907.647581857143,applicable,1.148655463354,applicable,0.000471124119
v1.0,market,0x06a5954e8222a1f4719934d370ac558b657c6a5321d6cae615127b6596d10d32,1,0x06a5954e8222a1f4719934d370ac558b657c6a5321d6cae615127b6596d10d32,full_scope_other,USDC,0xaf88d065e77c8cc2239327c5edb3a432268e5831,wstUSR,0x66cfbd79257dc5217903a36293120282548e2254,collateral_assets,wstUSR,0x66cfbd79257dc5217903a36293120282548e2254,18,p30,2026-03-20T13:00:00Z,56,2500000000000000000,44642857142857142.857142857143,0.044642857143,1698172972756339855617,1698.17297275634,256644178962300598272591,256644.178962300598,2025-10-29T13:00:00Z,113553213764411324549,113.553213764411,1698128329899196998474.142857142857,1698.128329899197,113508570907268467406.142857142857,113.508570907268,applicable,0.066843340935,applicable,0.000442280012
v1.0,market,0x06a5954e8222a1f4719934d370ac558b657c6a5321d6cae615127b6596d10d32,1,0x06a5954e8222a1f4719934d370ac558b657c6a5321d6cae615127b6596d10d32,full_scope_other,USDC,0xaf88d065e77c8cc2239327c5edb3a432268e5831,wstUSR,0x66cfbd79257dc5217903a36293120282548e2254,collateral_assets,wstUSR,0x66cfbd79257dc5217903a36293120282548e2254,18,p90,2026-05-19T13:00:00Z,56,2500000000000000000,44642857142857142.857142857143,0.044642857143,1698172972756339855617,1698.17297275634,256644178962300598272591,256644.178962300598,2025-10-29T13:00:00Z,241461037775615433529,241.461037775615,1698128329899196998474.142857142857,1698.128329899197,241416394918472576386.142857142857,241.416394918473,applicable,0.142166166519,applicable,0.000940665936
v1.0,market,0x06a5954e8222a1f4719934d370ac558b657c6a5321d6cae615127b6596d10d32,1,0x06a5954e8222a1f4719934d370ac558b657c6a5321d6cae615127b6596d10d32,full_scope_other,USDC,0xaf88d065e77c8cc2239327c5edb3a432268e5831,wstUSR,0x66cfbd79257dc5217903a36293120282548e2254,collateral_assets,wstUSR,0x66cfbd79257dc5217903a36293120282548e2254,18,p180,2026-08-17T13:00:00Z,56,2500000000000000000,44642857142857142.857142857143,0.044642857143,1698172972756339855617,1698.17297275634,256644178962300598272591,256644.178962300598,2025-10-29T13:00:00Z,239019713904406731513,239.019713904407,1698128329899196998474.142857142857,1698.128329899197,238975071047263874370.142857142857,238.975071047264,applicable,0.14072851082,applicable,0.00093115345
v1.0,market,0x06a5954e8222a1f4719934d370ac558b657c6a5321d6cae615127b6596d10d32,1,0x06a5954e8222a1f4719934d370ac558b657c6a5321d6cae615127b6596d10d32,full_scope_other,USDC,0xaf88d065e77c8cc2239327c5edb3a432268e5831,wstUSR,0x66cfbd79257dc5217903a36293120282548e2254,active_borrowers,wallets,,,p30,2026-03-20T13:00:00Z,56,0,0,0,2,2,6,6,2025-10-09T13:00:00Z,1,1,2,2,1,1,applicable,0.5,applicable,0.166666666667
v1.0,market,0x06a5954e8222a1f4719934d370ac558b657c6a5321d6cae615127b6596d10d32,1,0x06a5954e8222a1f4719934d370ac558b657c6a5321d6cae615127b6596d10d32,full_scope_other,USDC,0xaf88d065e77c8cc2239327c5edb3a432268e5831,wstUSR,0x66cfbd79257dc5217903a36293120282548e2254,active_borrowers,wallets,,,p90,2026-05-19T13:00:00Z,56,0,0,0,2,2,6,6,2025-10-09T13:00:00Z,2,2,2,2,2,2,applicable,1,applicable,0.333333333333
v1.0,market,0x06a5954e8222a1f4719934d370ac558b657c6a5321d6cae615127b6596d10d32,1,0x06a5954e8222a1f4719934d370ac558b657c6a5321d6cae615127b6596d10d32,full_scope_other,USDC,0xaf88d065e77c8cc2239327c5edb3a432268e5831,wstUSR,0x66cfbd79257dc5217903a36293120282548e2254,active_borrowers,wallets,,,p180,2026-08-17T13:00:00Z,56,0,0,0,2,2,6,6,2025-10-09T13:00:00Z,3,3,2,2,3,3,applicable,1.5,applicable,0.5
v1.0,market,0x582c92d5ea0ab48eba3a1ee88c8884e34f7fc61c57fb821f3f6d9e474574c6e3,1,0x582c92d5ea0ab48eba3a1ee88c8884e34f7fc61c57fb821f3f6d9e474574c6e3,full_scope_other,USDC,0xaf88d065e77c8cc2239327c5edb3a432268e5831,wstUSR,0x66cfbd79257dc5217903a36293120282548e2254,borrowed_assets,USDC,0xaf88d065e77c8cc2239327c5edb3a432268e5831,6,p30,2026-03-20T13:00:00Z,56,0,0,0,369226861,369.226861,4015774051777,4015774.051777,2026-02-05T13:00:00Z,7042645,7.042645,369226861,369.226861,7042645,7.042645,applicable,0.019074032103,applicable,0.000001753745
v1.0,market,0x582c92d5ea0ab48eba3a1ee88c8884e34f7fc61c57fb821f3f6d9e474574c6e3,1,0x582c92d5ea0ab48eba3a1ee88c8884e34f7fc61c57fb821f3f6d9e474574c6e3,full_scope_other,USDC,0xaf88d065e77c8cc2239327c5edb3a432268e5831,wstUSR,0x66cfbd79257dc5217903a36293120282548e2254,borrowed_assets,USDC,0xaf88d065e77c8cc2239327c5edb3a432268e5831,6,p90,2026-05-19T13:00:00Z,56,0,0,0,369226861,369.226861,4015774051777,4015774.051777,2026-02-05T13:00:00Z,7043778,7.043778,369226861,369.226861,7043778,7.043778,applicable,0.019077100677,applicable,0.000001754027
v1.0,market,0x582c92d5ea0ab48eba3a1ee88c8884e34f7fc61c57fb821f3f6d9e474574c6e3,1,0x582c92d5ea0ab48eba3a1ee88c8884e34f7fc61c57fb821f3f6d9e474574c6e3,full_scope_other,USDC,0xaf88d065e77c8cc2239327c5edb3a432268e5831,wstUSR,0x66cfbd79257dc5217903a36293120282548e2254,borrowed_assets,USDC,0xaf88d065e77c8cc2239327c5edb3a432268e5831,6,p180,2026-08-17T13:00:00Z,56,0,0,0,369226861,369.226861,4015774051777,4015774.051777,2026-02-05T13:00:00Z,7043778,7.043778,369226861,369.226861,7043778,7.043778,applicable,0.019077100677,applicable,0.000001754027
v1.0,market,0x582c92d5ea0ab48eba3a1ee88c8884e34f7fc61c57fb821f3f6d9e474574c6e3,1,0x582c92d5ea0ab48eba3a1ee88c8884e34f7fc61c57fb821f3f6d9e474574c6e3,full_scope_other,USDC,0xaf88d065e77c8cc2239327c5edb3a432268e5831,wstUSR,0x66cfbd79257dc5217903a36293120282548e2254,supplied_assets,USDC,0xaf88d065e77c8cc2239327c5edb3a432268e5831,6,p30,2026-03-20T13:00:00Z,56,0,0,0,410444942,410.444942,4461971144525,4461971.144525,2026-02-05T13:00:00Z,9269109,9.269109,410444942,410.444942,9269109,9.269109,applicable,0.022583075223,applicable,0.000002077357
v1.0,market,0x582c92d5ea0ab48eba3a1ee88c8884e34f7fc61c57fb821f3f6d9e474574c6e3,1,0x582c92d5ea0ab48eba3a1ee88c8884e34f7fc61c57fb821f3f6d9e474574c6e3,full_scope_other,USDC,0xaf88d065e77c8cc2239327c5edb3a432268e5831,wstUSR,0x66cfbd79257dc5217903a36293120282548e2254,supplied_assets,USDC,0xaf88d065e77c8cc2239327c5edb3a432268e5831,6,p90,2026-05-19T13:00:00Z,56,0,0,0,410444942,410.444942,4461971144525,4461971.144525,2026-02-05T13:00:00Z,8010079,8.010079,410444942,410.444942,8010079,8.010079,applicable,0.019515599244,applicable,0.000001795188
v1.0,market,0x582c92d5ea0ab48eba3a1ee88c8884e34f7fc61c57fb821f3f6d9e474574c6e3,1,0x582c92d5ea0ab48eba3a1ee88c8884e34f7fc61c57fb821f3f6d9e474574c6e3,full_scope_other,USDC,0xaf88d065e77c8cc2239327c5edb3a432268e5831,wstUSR,0x66cfbd79257dc5217903a36293120282548e2254,supplied_assets,USDC,0xaf88d065e77c8cc2239327c5edb3a432268e5831,6,p180,2026-08-17T13:00:00Z,56,0,0,0,410444942,410.444942,4461971144525,4461971.144525,2026-02-05T13:00:00Z,8010079,8.010079,410444942,410.444942,8010079,8.010079,applicable,0.019515599244,applicable,0.000001795188
v1.0,market,0x582c92d5ea0ab48eba3a1ee88c8884e34f7fc61c57fb821f3f6d9e474574c6e3,1,0x582c92d5ea0ab48eba3a1ee88c8884e34f7fc61c57fb821f3f6d9e474574c6e3,full_scope_other,USDC,0xaf88d065e77c8cc2239327c5edb3a432268e5831,wstUSR,0x66cfbd79257dc5217903a36293120282548e2254,collateral_assets,wstUSR,0x66cfbd79257dc5217903a36293120282548e2254,18,p30,2026-03-20T13:00:00Z,56,0,0,0,381280377881936128928,381.280377881936,4086396319005778175115264,4086396.319005778175,2026-02-05T13:00:00Z,13550717778175115264,13.550717778175,381280377881936128928,381.280377881936,13550717778175115264,13.550717778175,applicable,0.035540034484,applicable,0.000003316056
v1.0,market,0x582c92d5ea0ab48eba3a1ee88c8884e34f7fc61c57fb821f3f6d9e474574c6e3,1,0x582c92d5ea0ab48eba3a1ee88c8884e34f7fc61c57fb821f3f6d9e474574c6e3,full_scope_other,USDC,0xaf88d065e77c8cc2239327c5edb3a432268e5831,wstUSR,0x66cfbd79257dc5217903a36293120282548e2254,collateral_assets,wstUSR,0x66cfbd79257dc5217903a36293120282548e2254,18,p90,2026-05-19T13:00:00Z,56,0,0,0,381280377881936128928,381.280377881936,4086396319005778175115264,4086396.319005778175,2026-02-05T13:00:00Z,13550717778175115264,13.550717778175,381280377881936128928,381.280377881936,13550717778175115264,13.550717778175,applicable,0.035540034484,applicable,0.000003316056
v1.0,market,0x582c92d5ea0ab48eba3a1ee88c8884e34f7fc61c57fb821f3f6d9e474574c6e3,1,0x582c92d5ea0ab48eba3a1ee88c8884e34f7fc61c57fb821f3f6d9e474574c6e3,full_scope_other,USDC,0xaf88d065e77c8cc2239327c5edb3a432268e5831,wstUSR,0x66cfbd79257dc5217903a36293120282548e2254,collateral_assets,wstUSR,0x66cfbd79257dc5217903a36293120282548e2254,18,p180,2026-08-17T13:00:00Z,56,0,0,0,381280377881936128928,381.280377881936,4086396319005778175115264,4086396.319005778175,2026-02-05T13:00:00Z,13550717778175115264,13.550717778175,381280377881936128928,381.280377881936,13550717778175115264,13.550717778175,applicable,0.035540034484,applicable,0.000003316056
v1.0,market,0x582c92d5ea0ab48eba3a1ee88c8884e34f7fc61c57fb821f3f6d9e474574c6e3,1,0x582c92d5ea0ab48eba3a1ee88c8884e34f7fc61c57fb821f3f6d9e474574c6e3,full_scope_other,USDC,0xaf88d065e77c8cc2239327c5edb3a432268e5831,wstUSR,0x66cfbd79257dc5217903a36293120282548e2254,active_borrowers,wallets,,,p30,2026-03-20T13:00:00Z,56,0,0,0,3,3,3,3,2026-01-30T13:00:00Z,2,2,3,3,2,2,applicable,0.666666666667,applicable,0.666666666667
v1.0,market,0x582c92d5ea0ab48eba3a1ee88c8884e34f7fc61c57fb821f3f6d9e474574c6e3,1,0x582c92d5ea0ab48eba3a1ee88c8884e34f7fc61c57fb821f3f6d9e474574c6e3,full_scope_other,USDC,0xaf88d065e77c8cc2239327c5edb3a432268e5831,wstUSR,0x66cfbd79257dc5217903a36293120282548e2254,active_borrowers,wallets,,,p90,2026-05-19T13:00:00Z,56,0,0,0,3,3,3,3,2026-01-30T13:00:00Z,2,2,3,3,2,2,applicable,0.666666666667,applicable,0.666666666667
v1.0,market,0x582c92d5ea0ab48eba3a1ee88c8884e34f7fc61c57fb821f3f6d9e474574c6e3,1,0x582c92d5ea0ab48eba3a1ee88c8884e34f7fc61c57fb821f3f6d9e474574c6e3,full_scope_other,USDC,0xaf88d065e77c8cc2239327c5edb3a432268e5831,wstUSR,0x66cfbd79257dc5217903a36293120282548e2254,active_borrowers,wallets,,,p180,2026-08-17T13:00:00Z,56,0,0,0,3,3,3,3,2026-01-30T13:00:00Z,2,2,3,3,2,2,applicable,0.666666666667,applicable,0.666666666667
v1.0,market,0x9e90aec7d768403dacc9dd0d8320307fda3f980eed4df43e3e52168a1c667709,1,0x9e90aec7d768403dacc9dd0d8320307fda3f980eed4df43e3e52168a1c667709,full_scope_other,USDC,0xaf88d065e77c8cc2239327c5edb3a432268e5831,xUSD,0x6eaf19b2fc24552925db245f9ff613157a7dbb4c,borrowed_assets,USDC,0xaf88d065e77c8cc2239327c5edb3a432268e5831,6,p30,2026-03-20T13:00:00Z,56,0,0,0,2567774995100,2567774.9951,23142309597101,23142309.597101,2025-10-22T13:00:00Z,2567774995100,2567774.9951,2567774995100,2567774.9951,2567774995100,2567774.9951,applicable,1,applicable,0.110955865677
v1.0,market,0x9e90aec7d768403dacc9dd0d8320307fda3f980eed4df43e3e52168a1c667709,1,0x9e90aec7d768403dacc9dd0d8320307fda3f980eed4df43e3e52168a1c667709,full_scope_other,USDC,0xaf88d065e77c8cc2239327c5edb3a432268e5831,xUSD,0x6eaf19b2fc24552925db245f9ff613157a7dbb4c,borrowed_assets,USDC,0xaf88d065e77c8cc2239327c5edb3a432268e5831,6,p90,2026-05-19T13:00:00Z,56,0,0,0,2567774995100,2567774.9951,23142309597101,23142309.597101,2025-10-22T13:00:00Z,2567774995100,2567774.9951,2567774995100,2567774.9951,2567774995100,2567774.9951,applicable,1,applicable,0.110955865677
v1.0,market,0x9e90aec7d768403dacc9dd0d8320307fda3f980eed4df43e3e52168a1c667709,1,0x9e90aec7d768403dacc9dd0d8320307fda3f980eed4df43e3e52168a1c667709,full_scope_other,USDC,0xaf88d065e77c8cc2239327c5edb3a432268e5831,xUSD,0x6eaf19b2fc24552925db245f9ff613157a7dbb4c,borrowed_assets,USDC,0xaf88d065e77c8cc2239327c5edb3a432268e5831,6,p180,2026-08-17T13:00:00Z,56,0,0,0,2567774995100,2567774.9951,23142309597101,23142309.597101,2025-10-22T13:00:00Z,2567774995100,2567774.9951,2567774995100,2567774.9951,2567774995100,2567774.9951,applicable,1,applicable,0.110955865677
v1.0,market,0x9e90aec7d768403dacc9dd0d8320307fda3f980eed4df43e3e52168a1c667709,1,0x9e90aec7d768403dacc9dd0d8320307fda3f980eed4df43e3e52168a1c667709,full_scope_other,USDC,0xaf88d065e77c8cc2239327c5edb3a432268e5831,xUSD,0x6eaf19b2fc24552925db245f9ff613157a7dbb4c,supplied_assets,USDC,0xaf88d065e77c8cc2239327c5edb3a432268e5831,6,p30,2026-03-20T13:00:00Z,56,0,0,0,2567774995100,2567774.9951,25987208413955,25987208.413955,2025-10-26T13:00:00Z,2567774995100,2567774.9951,2567774995100,2567774.9951,2567774995100,2567774.9951,applicable,1,applicable,0.098809189283
v1.0,market,0x9e90aec7d768403dacc9dd0d8320307fda3f980eed4df43e3e52168a1c667709,1,0x9e90aec7d768403dacc9dd0d8320307fda3f980eed4df43e3e52168a1c667709,full_scope_other,USDC,0xaf88d065e77c8cc2239327c5edb3a432268e5831,xUSD,0x6eaf19b2fc24552925db245f9ff613157a7dbb4c,supplied_assets,USDC,0xaf88d065e77c8cc2239327c5edb3a432268e5831,6,p90,2026-05-19T13:00:00Z,56,0,0,0,2567774995100,2567774.9951,25987208413955,25987208.413955,2025-10-26T13:00:00Z,2567774995100,2567774.9951,2567774995100,2567774.9951,2567774995100,2567774.9951,applicable,1,applicable,0.098809189283
v1.0,market,0x9e90aec7d768403dacc9dd0d8320307fda3f980eed4df43e3e52168a1c667709,1,0x9e90aec7d768403dacc9dd0d8320307fda3f980eed4df43e3e52168a1c667709,full_scope_other,USDC,0xaf88d065e77c8cc2239327c5edb3a432268e5831,xUSD,0x6eaf19b2fc24552925db245f9ff613157a7dbb4c,supplied_assets,USDC,0xaf88d065e77c8cc2239327c5edb3a432268e5831,6,p180,2026-08-17T13:00:00Z,56,0,0,0,2567774995100,2567774.9951,25987208413955,25987208.413955,2025-10-26T13:00:00Z,2567774995100,2567774.9951,2567774995100,2567774.9951,2567774995100,2567774.9951,applicable,1,applicable,0.098809189283
v1.0,market,0x9e90aec7d768403dacc9dd0d8320307fda3f980eed4df43e3e52168a1c667709,1,0x9e90aec7d768403dacc9dd0d8320307fda3f980eed4df43e3e52168a1c667709,full_scope_other,USDC,0xaf88d065e77c8cc2239327c5edb3a432268e5831,xUSD,0x6eaf19b2fc24552925db245f9ff613157a7dbb4c,collateral_assets,xUSD,0x6eaf19b2fc24552925db245f9ff613157a7dbb4c,6,p30,2026-03-20T13:00:00Z,56,0,0,0,644314812208,644314.812208,22833292849329,22833292.849329,2025-10-20T13:00:00Z,644314812208,644314.812208,644314812208,644314.812208,644314812208,644314.812208,applicable,1,applicable,0.02821821699
v1.0,market,0x9e90aec7d768403dacc9dd0d8320307fda3f980eed4df43e3e52168a1c667709,1,0x9e90aec7d768403dacc9dd0d8320307fda3f980eed4df43e3e52168a1c667709,full_scope_other,USDC,0xaf88d065e77c8cc2239327c5edb3a432268e5831,xUSD,0x6eaf19b2fc24552925db245f9ff613157a7dbb4c,collateral_assets,xUSD,0x6eaf19b2fc24552925db245f9ff613157a7dbb4c,6,p90,2026-05-19T13:00:00Z,56,0,0,0,644314812208,644314.812208,22833292849329,22833292.849329,2025-10-20T13:00:00Z,644314812208,644314.812208,644314812208,644314.812208,644314812208,644314.812208,applicable,1,applicable,0.02821821699
v1.0,market,0x9e90aec7d768403dacc9dd0d8320307fda3f980eed4df43e3e52168a1c667709,1,0x9e90aec7d768403dacc9dd0d8320307fda3f980eed4df43e3e52168a1c667709,full_scope_other,USDC,0xaf88d065e77c8cc2239327c5edb3a432268e5831,xUSD,0x6eaf19b2fc24552925db245f9ff613157a7dbb4c,collateral_assets,xUSD,0x6eaf19b2fc24552925db245f9ff613157a7dbb4c,6,p180,2026-08-17T13:00:00Z,56,0,0,0,644314812208,644314.812208,22833292849329,22833292.849329,2025-10-20T13:00:00Z,644314812208,644314.812208,644314812208,644314.812208,644314812208,644314.812208,applicable,1,applicable,0.02821821699
v1.0,market,0x9e90aec7d768403dacc9dd0d8320307fda3f980eed4df43e3e52168a1c667709,1,0x9e90aec7d768403dacc9dd0d8320307fda3f980eed4df43e3e52168a1c667709,full_scope_other,USDC,0xaf88d065e77c8cc2239327c5edb3a432268e5831,xUSD,0x6eaf19b2fc24552925db245f9ff613157a7dbb4c,active_borrowers,wallets,,,p30,2026-03-20T13:00:00Z,56,0,0,0,3,3,9,9,2025-10-18T13:00:00Z,3,3,3,3,3,3,applicable,1,applicable,0.333333333333
v1.0,market,0x9e90aec7d768403dacc9dd0d8320307fda3f980eed4df43e3e52168a1c667709,1,0x9e90aec7d768403dacc9dd0d8320307fda3f980eed4df43e3e52168a1c667709,full_scope_other,USDC,0xaf88d065e77c8cc2239327c5edb3a432268e5831,xUSD,0x6eaf19b2fc24552925db245f9ff613157a7dbb4c,active_borrowers,wallets,,,p90,2026-05-19T13:00:00Z,56,0,0,0,3,3,9,9,2025-10-18T13:00:00Z,3,3,3,3,3,3,applicable,1,applicable,0.333333333333
v1.0,market,0x9e90aec7d768403dacc9dd0d8320307fda3f980eed4df43e3e52168a1c667709,1,0x9e90aec7d768403dacc9dd0d8320307fda3f980eed4df43e3e52168a1c667709,full_scope_other,USDC,0xaf88d065e77c8cc2239327c5edb3a432268e5831,xUSD,0x6eaf19b2fc24552925db245f9ff613157a7dbb4c,active_borrowers,wallets,,,p180,2026-08-17T13:00:00Z,56,0,0,0,3,3,9,9,2025-10-18T13:00:00Z,3,3,3,3,3,3,applicable,1,applicable,0.333333333333
