metric_version,target_timestamp_utc,boundary_block,phase_role,population_type,population_id,market_count,metric,value_base_units,value_native,unit_symbol,unit_address
v1.0,2025-07-10T13:00:00Z,356233093,baseline_close,exact_loan_asset_group,0xaf88d065e77c8cc2239327c5edb3a432268e5831,32,borrowed_assets,0,0,USDC,0xaf88d065e77c8cc2239327c5edb3a432268e5831
v1.0,2025-07-10T13:00:00Z,356233093,baseline_close,exact_loan_asset_group,0xaf88d065e77c8cc2239327c5edb3a432268e5831,32,supplied_assets,0,0,USDC,0xaf88d065e77c8cc2239327c5edb3a432268e5831
v1.0,2025-07-10T13:00:00Z,356233093,baseline_close,exact_loan_asset_group,0xfd086bc7cd5c481dcc9c85ebe478a1c0b69fcbb9,13,borrowed_assets,0,0,USD₮0,0xfd086bc7cd5c481dcc9c85ebe478a1c0b69fcbb9
v1.0,2025-07-10T13:00:00Z,356233093,baseline_close,exact_loan_asset_group,0xfd086bc7cd5c481dcc9c85ebe478a1c0b69fcbb9,13,supplied_assets,0,0,USD₮0,0xfd086bc7cd5c481dcc9c85ebe478a1c0b69fcbb9
v1.0,2025-07-10T13:00:00Z,356233093,baseline_close,fixed_program,45_markets,45,active_borrowers,0,0,wallets,
v1.0,2025-07-10T13:00:00Z,356233093,baseline_close,fixed_program,45_markets,45,active_borrowers_shares_only,0,0,wallets,
v1.0,2025-07-10T13:00:00Z,356233093,baseline_close,archetype_market,early_shared_usdc,1,borrowed_assets,0,0,USDC,0xaf88d065e77c8cc2239327c5edb3a432268e5831
v1.0,2025-07-10T13:00:00Z,356233093,baseline_close,archetype_market,early_shared_usdc,1,collateral_assets,0,0,weETH,0x35751007a407ca6feffe80b3cb397736d2cf4dbe
v1.0,2025-07-10T13:00:00Z,356233093,baseline_close,archetype_market,dedicated_syrupusdc,1,borrowed_assets,0,0,USDC,0xaf88d065e77c8cc2239327c5edb3a432268e5831
v1.0,2025-07-10T13:00:00Z,356233093,baseline_close,archetype_market,dedicated_syrupusdc,1,collateral_assets,0,0,syrupUSDC,0x41ca7586cc1311807b4605fbb748a3b8862b42b5
v1.0,2025-07-10T13:00:00Z,356233093,baseline_close,archetype_market,late_usdt0,1,borrowed_assets,0,0,USD₮0,0xfd086bc7cd5c481dcc9c85ebe478a1c0b69fcbb9
v1.0,2025-07-10T13:00:00Z,356233093,baseline_close,archetype_market,late_usdt0,1,collateral_assets,0,0,syrupUSDC,0x41ca7586cc1311807b4605fbb748a3b8862b42b5
v1.0,2025-07-11T13:00:00Z,356578999,baseline_close,exact_loan_asset_group,0xaf88d065e77c8cc2239327c5edb3a432268e5831,32,borrowed_assets,0,0,USDC,0xaf88d065e77c8cc2239327c5edb3a432268e5831
v1.0,2025-07-11T13:00:00Z,356578999,baseline_close,exact_loan_asset_group,0xaf88d065e77c8cc2239327c5edb3a432268e5831,32,supplied_assets,0,0,USDC,0xaf88d065e77c8cc2239327c5edb3a432268e5831
v1.0,2025-07-11T13:00:00Z,356578999,baseline_close,exact_loan_asset_group,0xfd086bc7cd5c481dcc9c85ebe478a1c0b69fcbb9,13,borrowed_assets,0,0,USD₮0,0xfd086bc7cd5c481dcc9c85ebe478a1c0b69fcbb9
v1.0,2025-07-11T13:00:00Z,356578999,baseline_close,exact_loan_asset_group,0xfd086bc7cd5c481dcc9c85ebe478a1c0b69fcbb9,13,supplied_assets,0,0,USD₮0,0xfd086bc7cd5c481dcc9c85ebe478a1c0b69fcbb9
v1.0,2025-07-11T13:00:00Z,356578999,baseline_close,fixed_program,45_markets,45,active_borrowers,0,0,wallets,
v1.0,2025-07-11T13:00:00Z,356578999,baseline_close,fixed_program,45_markets,45,active_borrowers_shares_only,0,0,wallets,
v1.0,2025-07-11T13:00:00Z,356578999,baseline_close,archetype_market,early_shared_usdc,1,borrowed_assets,0,0,USDC,0xaf88d065e77c8cc2239327c5edb3a432268e5831
v1.0,2025-07-11T13:00:00Z,356578999,baseline_close,archetype_market,early_shared_usdc,1,collateral_assets,0,0,weETH,0x35751007a407ca6feffe80b3cb397736d2cf4dbe
v1.0,2025-07-11T13:00:00Z,356578999,baseline_close,archetype_market,dedicated_syrupusdc,1,borrowed_assets,0,0,USDC,0xaf88d065e77c8cc2239327c5edb3a432268e5831
v1.0,2025-07-11T13:00:00Z,356578999,baseline_close,archetype_market,dedicated_syrupusdc,1,collateral_assets,0,0,syrupUSDC,0x41ca7586cc1311807b4605fbb748a3b8862b42b5
v1.0,2025-07-11T13:00:00Z,356578999,baseline_close,archetype_market,late_usdt0,1,borrowed_assets,0,0,USD₮0,0xfd086bc7cd5c481dcc9c85ebe478a1c0b69fcbb9
v1.0,2025-07-11T13:00:00Z,356578999,baseline_close,archetype_market,late_usdt0,1,collateral_assets,0,0,syrupUSDC,0x41ca7586cc1311807b4605fbb748a3b8862b42b5
v1.0,2025-07-12T13:00:00Z,356924808,baseline_close,exact_loan_asset_group,0xaf88d065e77c8cc2239327c5edb3a432268e5831,32,borrowed_assets,0,0,USDC,0xaf88d065e77c8cc2239327c5edb3a432268e5831
v1.0,2025-07-12T13:00:00Z,356924808,baseline_close,exact_loan_asset_group,0xaf88d065e77c8cc2239327c5edb3a432268e5831,32,supplied_assets,0,0,USDC,0xaf88d065e77c8cc2239327c5edb3a432268e5831
v1.0,2025-07-12T13:00:00Z,356924808,baseline_close,exact_loan_asset_group,0xfd086bc7cd5c481dcc9c85ebe478a1c0b69fcbb9,13,borrowed_assets,0,0,USD₮0,0xfd086bc7cd5c481dcc9c85ebe478a1c0b69fcbb9
v1.0,2025-07-12T13:00:00Z,356924808,baseline_close,exact_loan_asset_group,0xfd086bc7cd5c481dcc9c85ebe478a1c0b69fcbb9,13,supplied_assets,0,0,USD₮0,0xfd086bc7cd5c481dcc9c85ebe478a1c0b69fcbb9
v1.0,2025-07-12T13:00:00Z,356924808,baseline_close,fixed_program,45_markets,45,active_borrowers,0,0,wallets,
v1.0,2025-07-12T13:00:00Z,356924808,baseline_close,fixed_program,45_markets,45,active_borrowers_shares_only,0,0,wallets,
v1.0,2025-07-12T13:00:00Z,356924808,baseline_close,archetype_market,early_shared_usdc,1,borrowed_assets,0,0,USDC,0xaf88d065e77c8cc2239327c5edb3a432268e5831
v1.0,2025-07-12T13:00:00Z,356924808,baseline_close,archetype_market,early_shared_usdc,1,collateral_assets,0,0,weETH,0x35751007a407ca6feffe80b3cb397736d2cf4dbe
v1.0,2025-07-12T13:00:00Z,356924808,baseline_close,archetype_market,dedicated_syrupusdc,1,borrowed_assets,0,0,USDC,0xaf88d065e77c8cc2239327c5edb3a432268e5831
v1.0,2025-07-12T13:00:00Z,356924808,baseline_close,archetype_market,dedicated_syrupusdc,1,collateral_assets,0,0,syrupUSDC,0x41ca7586cc1311807b4605fbb748a3b8862b42b5
v1.0,2025-07-12T13:00:00Z,356924808,baseline_close,archetype_market,late_usdt0,1,borrowed_assets,0,0,USD₮0,0xfd086bc7cd5c481dcc9c85ebe478a1c0b69fcbb9
v1.0,2025-07-12T13:00:00Z,356924808,baseline_close,archetype_market,late_usdt0,1,collateral_assets,0,0,syrupUSDC,0x41ca7586cc1311807b4605fbb748a3b8862b42b5
v1.0,2025-07-13T13:00:00Z,357270334,baseline_close,exact_loan_asset_group,0xaf88d065e77c8cc2239327c5edb3a432268e5831,32,borrowed_assets,0,0,USDC,0xaf88d065e77c8cc2239327c5edb3a432268e5831
v1.0,2025-07-13T13:00:00Z,357270334,baseline_close,exact_loan_asset_group,0xaf88d065e77c8cc2239327c5edb3a432268e5831,32,supplied_assets,0,0,USDC,0xaf88d065e77c8cc2239327c5edb3a432268e5831
v1.0,2025-07-13T13:00:00Z,357270334,baseline_close,exact_loan_asset_group,0xfd086bc7cd5c481dcc9c85ebe478a1c0b69fcbb9,13,borrowed_assets,0,0,USD₮0,0xfd086bc7cd5c481dcc9c85ebe478a1c0b69fcbb9
v1.0,2025-07-13T13:00:00Z,357270334,baseline_close,exact_loan_asset_group,0xfd086bc7cd5c481dcc9c85ebe478a1c0b69fcbb9,13,supplied_assets,0,0,USD₮0,0xfd086bc7cd5c481dcc9c85ebe478a1c0b69fcbb9
v1.0,2025-07-13T13:00:00Z,357270334,baseline_close,fixed_program,45_markets,45,active_borrowers,0,0,wallets,
v1.0,2025-07-13T13:00:00Z,357270334,baseline_close,fixed_program,45_markets,45,active_borrowers_shares_only,0,0,wallets,
v1.0,2025-07-13T13:00:00Z,357270334,baseline_close,archetype_market,early_shared_usdc,1,borrowed_assets,0,0,USDC,0xaf88d065e77c8cc2239327c5edb3a432268e5831
v1.0,2025-07-13T13:00:00Z,357270334,baseline_close,archetype_market,early_shared_usdc,1,collateral_assets,0,0,weETH,0x35751007a407ca6feffe80b3cb397736d2cf4dbe
v1.0,2025-07-13T13:00:00Z,357270334,baseline_close,archetype_market,dedicated_syrupusdc,1,borrowed_assets,0,0,USDC,0xaf88d065e77c8cc2239327c5edb3a432268e5831
v1.0,2025-07-13T13:00:00Z,357270334,baseline_close,archetype_market,dedicated_syrupusdc,1,collateral_assets,0,0,syrupUSDC,0x41ca7586cc1311807b4605fbb748a3b8862b42b5
v1.0,2025-07-13T13:00:00Z,357270334,baseline_close,archetype_market,late_usdt0,1,borrowed_assets,0,0,USD₮0,0xfd086bc7cd5c481dcc9c85ebe478a1c0b69fcbb9
v1.0,2025-07-13T13:00:00Z,357270334,baseline_close,archetype_market,late_usdt0,1,collateral_assets,0,0,syrupUSDC,0x41ca7586cc1311807b4605fbb748a3b8862b42b5
v1.0,2025-07-14T13:00:00Z,357616047,baseline_close,exact_loan_asset_group,0xaf88d065e77c8cc2239327c5edb3a432268e5831,32,borrowed_assets,0,0,USDC,0xaf88d065e77c8cc2239327c5edb3a432268e5831
v1.0,2025-07-14T13:00:00Z,357616047,baseline_close,exact_loan_asset_group,0xaf88d065e77c8cc2239327c5edb3a432268e5831,32,supplied_assets,0,0,USDC,0xaf88d065e77c8cc2239327c5edb3a432268e5831
v1.0,2025-07-14T13:00:00Z,357616047,baseline_close,exact_loan_asset_group,0xfd086bc7cd5c481dcc9c85ebe478a1c0b69fcbb9,13,borrowed_assets,0,0,USD₮0,0xfd086bc7cd5c481dcc9c85ebe478a1c0b69fcbb9
v1.0,2025-07-14T13:00:00Z,357616047,baseline_close,exact_loan_asset_group,0xfd086bc7cd5c481dcc9c85ebe478a1c0b69fcbb9,13,supplied_assets,0,0,USD₮0,0xfd086bc7cd5c481dcc9c85ebe478a1c0b69fcbb9
v1.0,2025-07-14T13:00:00Z,357616047,baseline_close,fixed_program,45_markets,45,active_borrowers,0,0,wallets,
v1.0,2025-07-14T13:00:00Z,357616047,baseline_close,fixed_program,45_markets,45,active_borrowers_shares_only,0,0,wallets,
v1.0,2025-07-14T13:00:00Z,357616047,baseline_close,archetype_market,early_shared_usdc,1,borrowed_assets,0,0,USDC,0xaf88d065e77c8cc2239327c5edb3a432268e5831
v1.0,2025-07-14T13:00:00Z,357616047,baseline_close,archetype_market,early_shared_usdc,1,collateral_assets,0,0,weETH,0x35751007a407ca6feffe80b3cb397736d2cf4dbe
v1.0,2025-07-14T13:00:00Z,357616047,baseline_close,archetype_market,dedicated_syrupusdc,1,borrowed_assets,0,0,USDC,0xaf88d065e77c8cc2239327c5edb3a432268e5831
v1.0,2025-07-14T13:00:00Z,357616047,baseline_close,archetype_market,dedicated_syrupusdc,1,collateral_assets,0,0,syrupUSDC,0x41ca7586cc1311807b4605fbb748a3b8862b42b5
v1.0,2025-07-14T13:00:00Z,357616047,baseline_close,archetype_market,late_usdt0,1,borrowed_assets,0,0,USD₮0,0xfd086bc7cd5c481dcc9c85ebe478a1c0b69fcbb9
v1.0,2025-07-14T13:00:00Z,357616047,baseline_close,archetype_market,late_usdt0,1,collateral_assets,0,0,syrupUSDC,0x41ca7586cc1311807b4605fbb748a3b8862b42b5
v1.0,2025-07-15T13:00:00Z,357962017,baseline_close,exact_loan_asset_group,0xaf88d065e77c8cc2239327c5edb3a432268e5831,32,borrowed_assets,0,0,USDC,0xaf88d065e77c8cc2239327c5edb3a432268e5831
v1.0,2025-07-15T13:00:00Z,357962017,baseline_close,exact_loan_asset_group,0xaf88d065e77c8cc2239327c5edb3a432268e5831,32,supplied_assets,0,0,USDC,0xaf88d065e77c8cc2239327c5edb3a432268e5831
v1.0,2025-07-15T13:00:00Z,357962017,baseline_close,exact_loan_asset_group,0xfd086bc7cd5c481dcc9c85ebe478a1c0b69fcbb9,13,borrowed_assets,0,0,USD₮0,0xfd086bc7cd5c481dcc9c85ebe478a1c0b69fcbb9
v1.0,2025-07-15T13:00:00Z,357962017,baseline_close,exact_loan_asset_group,0xfd086bc7cd5c481dcc9c85ebe478a1c0b69fcbb9,13,supplied_assets,0,0,USD₮0,0xfd086bc7cd5c481dcc9c85ebe478a1c0b69fcbb9
v1.0,2025-07-15T13:00:00Z,357962017,baseline_close,fixed_program,45_markets,45,active_borrowers,0,0,wallets,
v1.0,2025-07-15T13:00:00Z,357962017,baseline_close,fixed_program,45_markets,45,active_borrowers_shares_only,0,0,wallets,
v1.0,2025-07-15T13:00:00Z,357962017,baseline_close,archetype_market,early_shared_usdc,1,borrowed_assets,0,0,USDC,0xaf88d065e77c8cc2239327c5edb3a432268e5831
v1.0,2025-07-15T13:00:00Z,357962017,baseline_close,archetype_market,early_shared_usdc,1,collateral_assets,0,0,weETH,0x35751007a407ca6feffe80b3cb397736d2cf4dbe
v1.0,2025-07-15T13:00:00Z,357962017,baseline_close,archetype_market,dedicated_syrupusdc,1,borrowed_assets,0,0,USDC,0xaf88d065e77c8cc2239327c5edb3a432268e5831
v1.0,2025-07-15T13:00:00Z,357962017,baseline_close,archetype_market,dedicated_syrupusdc,1,collateral_assets,0,0,syrupUSDC,0x41ca7586cc1311807b4605fbb748a3b8862b42b5
v1.0,2025-07-15T13:00:00Z,357962017,baseline_close,archetype_market,late_usdt0,1,borrowed_assets,0,0,USD₮0,0xfd086bc7cd5c481dcc9c85ebe478a1c0b69fcbb9
v1.0,2025-07-15T13:00:00Z,357962017,baseline_close,archetype_market,late_usdt0,1,collateral_assets,0,0,syrupUSDC,0x41ca7586cc1311807b4605fbb748a3b8862b42b5
v1.0,2025-07-16T13:00:00Z,358308228,baseline_close,exact_loan_asset_group,0xaf88d065e77c8cc2239327c5edb3a432268e5831,32,borrowed_assets,0,0,USDC,0xaf88d065e77c8cc2239327c5edb3a432268e5831
v1.0,2025-07-16T13:00:00Z,358308228,baseline_close,exact_loan_asset_group,0xaf88d065e77c8cc2239327c5edb3a432268e5831,32,supplied_assets,0,0,USDC,0xaf88d065e77c8cc2239327c5edb3a432268e5831
v1.0,2025-07-16T13:00:00Z,358308228,baseline_close,exact_loan_asset_group,0xfd086bc7cd5c481dcc9c85ebe478a1c0b69fcbb9,13,borrowed_assets,0,0,USD₮0,0xfd086bc7cd5c481dcc9c85ebe478a1c0b69fcbb9
v1.0,2025-07-16T13:00:00Z,358308228,baseline_close,exact_loan_asset_group,0xfd086bc7cd5c481dcc9c85ebe478a1c0b69fcbb9,13,supplied_assets,0,0,USD₮0,0xfd086bc7cd5c481dcc9c85ebe478a1c0b69fcbb9
v1.0,2025-07-16T13:00:00Z,358308228,baseline_close,fixed_program,45_markets,45,active_borrowers,0,0,wallets,
v1.0,2025-07-16T13:00:00Z,358308228,baseline_close,fixed_program,45_markets,45,active_borrowers_shares_only,0,0,wallets,
v1.0,2025-07-16T13:00:00Z,358308228,baseline_close,archetype_market,early_shared_usdc,1,borrowed_assets,0,0,USDC,0xaf88d065e77c8cc2239327c5edb3a432268e5831
v1.0,2025-07-16T13:00:00Z,358308228,baseline_close,archetype_market,early_shared_usdc,1,collateral_assets,0,0,weETH,0x35751007a407ca6feffe80b3cb397736d2cf4dbe
v1.0,2025-07-16T13:00:00Z,358308228,baseline_close,archetype_market,dedicated_syrupusdc,1,borrowed_assets,0,0,USDC,0xaf88d065e77c8cc2239327c5edb3a432268e5831
v1.0,2025-07-16T13:00:00Z,358308228,baseline_close,archetype_market,dedicated_syrupusdc,1,collateral_assets,0,0,syrupUSDC,0x41ca7586cc1311807b4605fbb748a3b8862b42b5
v1.0,2025-07-16T13:00:00Z,358308228,baseline_close,archetype_market,late_usdt0,1,borrowed_assets,0,0,USD₮0,0xfd086bc7cd5c481dcc9c85ebe478a1c0b69fcbb9
v1.0,2025-07-16T13:00:00Z,358308228,baseline_close,archetype_market,late_usdt0,1,collateral_assets,0,0,syrupUSDC,0x41ca7586cc1311807b4605fbb748a3b8862b42b5
v1.0,2025-07-17T13:00:00Z,358654498,baseline_close,exact_loan_asset_group,0xaf88d065e77c8cc2239327c5edb3a432268e5831,32,borrowed_assets,0,0,USDC,0xaf88d065e77c8cc2239327c5edb3a432268e5831
v1.0,2025-07-17T13:00:00Z,358654498,baseline_close,exact_loan_asset_group,0xaf88d065e77c8cc2239327c5edb3a432268e5831,32,supplied_assets,0,0,USDC,0xaf88d065e77c8cc2239327c5edb3a432268e5831
v1.0,2025-07-17T13:00:00Z,358654498,baseline_close,exact_loan_asset_group,0xfd086bc7cd5c481dcc9c85ebe478a1c0b69fcbb9,13,borrowed_assets,0,0,USD₮0,0xfd086bc7cd5c481dcc9c85ebe478a1c0b69fcbb9
v1.0,2025-07-17T13:00:00Z,358654498,baseline_close,exact_loan_asset_group,0xfd086bc7cd5c481dcc9c85ebe478a1c0b69fcbb9,13,supplied_assets,0,0,USD₮0,0xfd086bc7cd5c481dcc9c85ebe478a1c0b69fcbb9
v1.0,2025-07-17T13:00:00Z,358654498,baseline_close,fixed_program,45_markets,45,active_borrowers,0,0,wallets,
v1.0,2025-07-17T13:00:00Z,358654498,baseline_close,fixed_program,45_markets,45,active_borrowers_shares_only,0,0,wallets,
v1.0,2025-07-17T13:00:00Z,358654498,baseline_close,archetype_market,early_shared_usdc,1,borrowed_assets,0,0,USDC,0xaf88d065e77c8cc2239327c5edb3a432268e5831
v1.0,2025-07-17T13:00:00Z,358654498,baseline_close,archetype_market,early_shared_usdc,1,collateral_assets,0,0,weETH,0x35751007a407ca6feffe80b3cb397736d2cf4dbe
v1.0,2025-07-17T13:00:00Z,358654498,baseline_close,archetype_market,dedicated_syrupusdc,1,borrowed_assets,0,0,USDC,0xaf88d065e77c8cc2239327c5edb3a432268e5831
v1.0,2025-07-17T13:00:00Z,358654498,baseline_close,archetype_market,dedicated_syrupusdc,1,collateral_assets,0,0,syrupUSDC,0x41ca7586cc1311807b4605fbb748a3b8862b42b5
v1.0,2025-07-17T13:00:00Z,358654498,baseline_close,archetype_market,late_usdt0,1,borrowed_assets,0,0,USD₮0,0xfd086bc7cd5c481dcc9c85ebe478a1c0b69fcbb9
v1.0,2025-07-17T13:00:00Z,358654498,baseline_close,archetype_market,late_usdt0,1,collateral_assets,0,0,syrupUSDC,0x41ca7586cc1311807b4605fbb748a3b8862b42b5
v1.0,2025-07-18T13:00:00Z,359000767,baseline_close,exact_loan_asset_group,0xaf88d065e77c8cc2239327c5edb3a432268e5831,32,borrowed_assets,4000063,4.000063,USDC,0xaf88d065e77c8cc2239327c5edb3a432268e5831
v1.0,2025-07-18T13:00:00Z,359000767,baseline_close,exact_loan_asset_group,0xaf88d065e77c8cc2239327c5edb3a432268e5831,32,supplied_assets,4000063,4.000063,USDC,0xaf88d065e77c8cc2239327c5edb3a432268e5831
v1.0,2025-07-18T13:00:00Z,359000767,baseline_close,exact_loan_asset_group,0xfd086bc7cd5c481dcc9c85ebe478a1c0b69fcbb9,13,borrowed_assets,2000000,2,USD₮0,0xfd086bc7cd5c481dcc9c85ebe478a1c0b69fcbb9
v1.0,2025-07-18T13:00:00Z,359000767,baseline_close,exact_loan_asset_group,0xfd086bc7cd5c481dcc9c85ebe478a1c0b69fcbb9,13,supplied_assets,2000000,2,USD₮0,0xfd086bc7cd5c481dcc9c85ebe478a1c0b69fcbb9
v1.0,2025-07-18T13:00:00Z,359000767,baseline_close,fixed_program,45_markets,45,active_borrowers,2,2,wallets,
v1.0,2025-07-18T13:00:00Z,359000767,baseline_close,fixed_program,45_markets,45,active_borrowers_shares_only,2,2,wallets,
v1.0,2025-07-18T13:00:00Z,359000767,baseline_close,archetype_market,early_shared_usdc,1,borrowed_assets,1000000,1,USDC,0xaf88d065e77c8cc2239327c5edb3a432268e5831
v1.0,2025-07-18T13:00:00Z,359000767,baseline_close,archetype_market,early_shared_usdc,1,collateral_assets,800000000000000,0.0008,weETH,0x35751007a407ca6feffe80b3cb397736d2cf4dbe
v1.0,2025-07-18T13:00:00Z,359000767,baseline_close,archetype_market,dedicated_syrupusdc,1,borrowed_assets,0,0,USDC,0xaf88d065e77c8cc2239327c5edb3a432268e5831
v1.0,2025-07-18T13:00:00Z,359000767,baseline_close,archetype_market,dedicated_syrupusdc,1,collateral_assets,0,0,syrupUSDC,0x41ca7586cc1311807b4605fbb748a3b8862b42b5
v1.0,2025-07-18T13:00:00Z,359000767,baseline_close,archetype_market,late_usdt0,1,borrowed_assets,0,0,USD₮0,0xfd086bc7cd5c481dcc9c85ebe478a1c0b69fcbb9
v1.0,2025-07-18T13:00:00Z,359000767,baseline_close,archetype_market,late_usdt0,1,collateral_assets,0,0,syrupUSDC,0x41ca7586cc1311807b4605fbb748a3b8862b42b5
v1.0,2025-07-19T13:00:00Z,359346738,baseline_close,exact_loan_asset_group,0xaf88d065e77c8cc2239327c5edb3a432268e5831,32,borrowed_assets,4000063,4.000063,USDC,0xaf88d065e77c8cc2239327c5edb3a432268e5831
v1.0,2025-07-19T13:00:00Z,359346738,baseline_close,exact_loan_asset_group,0xaf88d065e77c8cc2239327c5edb3a432268e5831,32,supplied_assets,4000063,4.000063,USDC,0xaf88d065e77c8cc2239327c5edb3a432268e5831
v1.0,2025-07-19T13:00:00Z,359346738,baseline_close,exact_loan_asset_group,0xfd086bc7cd5c481dcc9c85ebe478a1c0b69fcbb9,13,borrowed_assets,2000000,2,USD₮0,0xfd086bc7cd5c481dcc9c85ebe478a1c0b69fcbb9
v1.0,2025-07-19T13:00:00Z,359346738,baseline_close,exact_loan_asset_group,0xfd086bc7cd5c481dcc9c85ebe478a1c0b69fcbb9,13,supplied_assets,2000000,2,USD₮0,0xfd086bc7cd5c481dcc9c85ebe478a1c0b69fcbb9
v1.0,2025-07-19T13:00:00Z,359346738,baseline_close,fixed_program,45_markets,45,active_borrowers,2,2,wallets,
v1.0,2025-07-19T13:00:00Z,359346738,baseline_close,fixed_program,45_markets,45,active_borrowers_shares_only,2,2,wallets,
v1.0,2025-07-19T13:00:00Z,359346738,baseline_close,archetype_market,early_shared_usdc,1,borrowed_assets,1000000,1,USDC,0xaf88d065e77c8cc2239327c5edb3a432268e5831
v1.0,2025-07-19T13:00:00Z,359346738,baseline_close,archetype_market,early_shared_usdc,1,collateral_assets,800000000000000,0.0008,weETH,0x35751007a407ca6feffe80b3cb397736d2cf4dbe
v1.0,2025-07-19T13:00:00Z,359346738,baseline_close,archetype_market,dedicated_syrupusdc,1,borrowed_assets,0,0,USDC,0xaf88d065e77c8cc2239327c5edb3a432268e5831
v1.0,2025-07-19T13:00:00Z,359346738,baseline_close,archetype_market,dedicated_syrupusdc,1,collateral_assets,0,0,syrupUSDC,0x41ca7586cc1311807b4605fbb748a3b8862b42b5
v1.0,2025-07-19T13:00:00Z,359346738,baseline_close,archetype_market,late_usdt0,1,borrowed_assets,0,0,USD₮0,0xfd086bc7cd5c481dcc9c85ebe478a1c0b69fcbb9
v1.0,2025-07-19T13:00:00Z,359346738,baseline_close,archetype_market,late_usdt0,1,collateral_assets,0,0,syrupUSDC,0x41ca7586cc1311807b4605fbb748a3b8862b42b5
v1.0,2025-07-20T13:00:00Z,359692706,baseline_close,exact_loan_asset_group,0xaf88d065e77c8cc2239327c5edb3a432268e5831,32,borrowed_assets,4000063,4.000063,USDC,0xaf88d065e77c8cc2239327c5edb3a432268e5831
v1.0,2025-07-20T13:00:00Z,359692706,baseline_close,exact_loan_asset_group,0xaf88d065e77c8cc2239327c5edb3a432268e5831,32,supplied_assets,4000063,4.000063,USDC,0xaf88d065e77c8cc2239327c5edb3a432268e5831
v1.0,2025-07-20T13:00:00Z,359692706,baseline_close,exact_loan_asset_group,0xfd086bc7cd5c481dcc9c85ebe478a1c0b69fcbb9,13,borrowed_assets,2000000,2,USD₮0,0xfd086bc7cd5c481dcc9c85ebe478a1c0b69fcbb9
v1.0,2025-07-20T13:00:00Z,359692706,baseline_close,exact_loan_asset_group,0xfd086bc7cd5c481dcc9c85ebe478a1c0b69fcbb9,13,supplied_assets,2000000,2,USD₮0,0xfd086bc7cd5c481dcc9c85ebe478a1c0b69fcbb9
v1.0,2025-07-20T13:00:00Z,359692706,baseline_close,fixed_program,45_markets,45,active_borrowers,2,2,wallets,
v1.0,2025-07-20T13:00:00Z,359692706,baseline_close,fixed_program,45_markets,45,active_borrowers_shares_only,2,2,wallets,
v1.0,2025-07-20T13:00:00Z,359692706,baseline_close,archetype_market,early_shared_usdc,1,borrowed_assets,1000000,1,USDC,0xaf88d065e77c8cc2239327c5edb3a432268e5831
v1.0,2025-07-20T13:00:00Z,359692706,baseline_close,archetype_market,early_shared_usdc,1,collateral_assets,800000000000000,0.0008,weETH,0x35751007a407ca6feffe80b3cb397736d2cf4dbe
v1.0,2025-07-20T13:00:00Z,359692706,baseline_close,archetype_market,dedicated_syrupusdc,1,borrowed_assets,0,0,USDC,0xaf88d065e77c8cc2239327c5edb3a432268e5831
v1.0,2025-07-20T13:00:00Z,359692706,baseline_close,archetype_market,dedicated_syrupusdc,1,collateral_assets,0,0,syrupUSDC,0x41ca7586cc1311807b4605fbb748a3b8862b42b5
v1.0,2025-07-20T13:00:00Z,359692706,baseline_close,archetype_market,late_usdt0,1,borrowed_assets,0,0,USD₮0,0xfd086bc7cd5c481dcc9c85ebe478a1c0b69fcbb9
v1.0,2025-07-20T13:00:00Z,359692706,baseline_close,archetype_market,late_usdt0,1,collateral_assets,0,0,syrupUSDC,0x41ca7586cc1311807b4605fbb748a3b8862b42b5
v1.0,2025-07-21T13:00:00Z,360038825,baseline_close,exact_loan_asset_group,0xaf88d065e77c8cc2239327c5edb3a432268e5831,32,borrowed_assets,4002858,4.002858,USDC,0xaf88d065e77c8cc2239327c5edb3a432268e5831
v1.0,2025-07-21T13:00:00Z,360038825,baseline_close,exact_loan_asset_group,0xaf88d065e77c8cc2239327c5edb3a432268e5831,32,supplied_assets,4684019,4.684019,USDC,0xaf88d065e77c8cc2239327c5edb3a432268e5831
v1.0,2025-07-21T13:00:00Z,360038825,baseline_close,exact_loan_asset_group,0xfd086bc7cd5c481dcc9c85ebe478a1c0b69fcbb9,13,borrowed_assets,2000000,2,USD₮0,0xfd086bc7cd5c481dcc9c85ebe478a1c0b69fcbb9
v1.0,2025-07-21T13:00:00Z,360038825,baseline_close,exact_loan_asset_group,0xfd086bc7cd5c481dcc9c85ebe478a1c0b69fcbb9,13,supplied_assets,2000000,2,USD₮0,0xfd086bc7cd5c481dcc9c85ebe478a1c0b69fcbb9
v1.0,2025-07-21T13:00:00Z,360038825,baseline_close,fixed_program,45_markets,45,active_borrowers,2,2,wallets,
v1.0,2025-07-21T13:00:00Z,360038825,baseline_close,fixed_program,45_markets,45,active_borrowers_shares_only,2,2,wallets,
v1.0,2025-07-21T13:00:00Z,360038825,baseline_close,archetype_market,early_shared_usdc,1,borrowed_assets,1000000,1,USDC,0xaf88d065e77c8cc2239327c5edb3a432268e5831
v1.0,2025-07-21T13:00:00Z,360038825,baseline_close,archetype_market,early_shared_usdc,1,collateral_assets,800000000000000,0.0008,weETH,0x35751007a407ca6feffe80b3cb397736d2cf4dbe
v1.0,2025-07-21T13:00:00Z,360038825,baseline_close,archetype_market,dedicated_syrupusdc,1,borrowed_assets,0,0,USDC,0xaf88d065e77c8cc2239327c5edb3a432268e5831
v1.0,2025-07-21T13:00:00Z,360038825,baseline_close,archetype_market,dedicated_syrupusdc,1,collateral_assets,0,0,syrupUSDC,0x41ca7586cc1311807b4605fbb748a3b8862b42b5
v1.0,2025-07-21T13:00:00Z,360038825,baseline_close,archetype_market,late_usdt0,1,borrowed_assets,0,0,USD₮0,0xfd086bc7cd5c481dcc9c85ebe478a1c0b69fcbb9
v1.0,2025-07-21T13:00:00Z,360038825,baseline_close,archetype_market,late_usdt0,1,collateral_assets,0,0,syrupUSDC,0x41ca7586cc1311807b4605fbb748a3b8862b42b5
v1.0,2025-07-22T13:00:00Z,360384979,baseline_close,exact_loan_asset_group,0xaf88d065e77c8cc2239327c5edb3a432268e5831,32,borrowed_assets,4402937,4.402937,USDC,0xaf88d065e77c8cc2239327c5edb3a432268e5831
v1.0,2025-07-22T13:00:00Z,360384979,baseline_close,exact_loan_asset_group,0xaf88d065e77c8cc2239327c5edb3a432268e5831,32,supplied_assets,4897422,4.897422,USDC,0xaf88d065e77c8cc2239327c5edb3a432268e5831
v1.0,2025-07-22T13:00:00Z,360384979,baseline_close,exact_loan_asset_group,0xfd086bc7cd5c481dcc9c85ebe478a1c0b69fcbb9,13,borrowed_assets,2000000,2,USD₮0,0xfd086bc7cd5c481dcc9c85ebe478a1c0b69fcbb9
v1.0,2025-07-22T13:00:00Z,360384979,baseline_close,exact_loan_asset_group,0xfd086bc7cd5c481dcc9c85ebe478a1c0b69fcbb9,13,supplied_assets,2000000,2,USD₮0,0xfd086bc7cd5c481dcc9c85ebe478a1c0b69fcbb9
v1.0,2025-07-22T13:00:00Z,360384979,baseline_close,fixed_program,45_markets,45,active_borrowers,2,2,wallets,
v1.0,2025-07-22T13:00:00Z,360384979,baseline_close,fixed_program,45_markets,45,active_borrowers_shares_only,3,3,wallets,
v1.0,2025-07-22T13:00:00Z,360384979,baseline_close,archetype_market,early_shared_usdc,1,borrowed_assets,1000000,1,USDC,0xaf88d065e77c8cc2239327c5edb3a432268e5831
v1.0,2025-07-22T13:00:00Z,360384979,baseline_close,archetype_market,early_shared_usdc,1,collateral_assets,800000000000000,0.0008,weETH,0x35751007a407ca6feffe80b3cb397736d2cf4dbe
v1.0,2025-07-22T13:00:00Z,360384979,baseline_close,archetype_market,dedicated_syrupusdc,1,borrowed_assets,0,0,USDC,0xaf88d065e77c8cc2239327c5edb3a432268e5831
v1.0,2025-07-22T13:00:00Z,360384979,baseline_close,archetype_market,dedicated_syrupusdc,1,collateral_assets,0,0,syrupUSDC,0x41ca7586cc1311807b4605fbb748a3b8862b42b5
v1.0,2025-07-22T13:00:00Z,360384979,baseline_close,archetype_market,late_usdt0,1,borrowed_assets,0,0,USD₮0,0xfd086bc7cd5c481dcc9c85ebe478a1c0b69fcbb9
v1.0,2025-07-22T13:00:00Z,360384979,baseline_close,archetype_market,late_usdt0,1,collateral_assets,0,0,syrupUSDC,0x41ca7586cc1311807b4605fbb748a3b8862b42b5
v1.0,2025-07-23T13:00:00Z,360731013,baseline_close,exact_loan_asset_group,0xaf88d065e77c8cc2239327c5edb3a432268e5831,32,borrowed_assets,5109740121,5109.740121,USDC,0xaf88d065e77c8cc2239327c5edb3a432268e5831
v1.0,2025-07-23T13:00:00Z,360731013,baseline_close,exact_loan_asset_group,0xaf88d065e77c8cc2239327c5edb3a432268e5831,32,supplied_assets,75623007909,75623.007909,USDC,0xaf88d065e77c8cc2239327c5edb3a432268e5831
v1.0,2025-07-23T13:00:00Z,360731013,baseline_close,exact_loan_asset_group,0xfd086bc7cd5c481dcc9c85ebe478a1c0b69fcbb9,13,borrowed_assets,2002592,2.002592,USD₮0,0xfd086bc7cd5c481dcc9c85ebe478a1c0b69fcbb9
v1.0,2025-07-23T13:00:00Z,360731013,baseline_close,exact_loan_asset_group,0xfd086bc7cd5c481dcc9c85ebe478a1c0b69fcbb9,13,supplied_assets,2899826,2.899826,USD₮0,0xfd086bc7cd5c481dcc9c85ebe478a1c0b69fcbb9
v1.0,2025-07-23T13:00:00Z,360731013,baseline_close,fixed_program,45_markets,45,active_borrowers,3,3,wallets,
v1.0,2025-07-23T13:00:00Z,360731013,baseline_close,fixed_program,45_markets,45,active_borrowers_shares_only,5,5,wallets,
v1.0,2025-07-23T13:00:00Z,360731013,baseline_close,archetype_market,early_shared_usdc,1,borrowed_assets,1000000,1,USDC,0xaf88d065e77c8cc2239327c5edb3a432268e5831
v1.0,2025-07-23T13:00:00Z,360731013,baseline_close,archetype_market,early_shared_usdc,1,collateral_assets,800000000000000,0.0008,weETH,0x35751007a407ca6feffe80b3cb397736d2cf4dbe
v1.0,2025-07-23T13:00:00Z,360731013,baseline_close,archetype_market,dedicated_syrupusdc,1,borrowed_assets,0,0,USDC,0xaf88d065e77c8cc2239327c5edb3a432268e5831
v1.0,2025-07-23T13:00:00Z,360731013,baseline_close,archetype_market,dedicated_syrupusdc,1,collateral_assets,0,0,syrupUSDC,0x41ca7586cc1311807b4605fbb748a3b8862b42b5
v1.0,2025-07-23T13:00:00Z,360731013,baseline_close,archetype_market,late_usdt0,1,borrowed_assets,0,0,USD₮0,0xfd086bc7cd5c481dcc9c85ebe478a1c0b69fcbb9
v1.0,2025-07-23T13:00:00Z,360731013,baseline_close,archetype_market,late_usdt0,1,collateral_assets,0,0,syrupUSDC,0x41ca7586cc1311807b4605fbb748a3b8862b42b5
v1.0,2025-07-24T13:00:00Z,361077215,baseline_close,exact_loan_asset_group,0xaf88d065e77c8cc2239327c5edb3a432268e5831,32,borrowed_assets,5214492390,5214.49239,USDC,0xaf88d065e77c8cc2239327c5edb3a432268e5831
v1.0,2025-07-24T13:00:00Z,361077215,baseline_close,exact_loan_asset_group,0xaf88d065e77c8cc2239327c5edb3a432268e5831,32,supplied_assets,8014987531,8014.987531,USDC,0xaf88d065e77c8cc2239327c5edb3a432268e5831
v1.0,2025-07-24T13:00:00Z,361077215,baseline_close,exact_loan_asset_group,0xfd086bc7cd5c481dcc9c85ebe478a1c0b69fcbb9,13,borrowed_assets,2002691,2.002691,USD₮0,0xfd086bc7cd5c481dcc9c85ebe478a1c0b69fcbb9
v1.0,2025-07-24T13:00:00Z,361077215,baseline_close,exact_loan_asset_group,0xfd086bc7cd5c481dcc9c85ebe478a1c0b69fcbb9,13,supplied_assets,2899926,2.899926,USD₮0,0xfd086bc7cd5c481dcc9c85ebe478a1c0b69fcbb9
v1.0,2025-07-24T13:00:00Z,361077215,baseline_close,fixed_program,45_markets,45,active_borrowers,3,3,wallets,
v1.0,2025-07-24T13:00:00Z,361077215,baseline_close,fixed_program,45_markets,45,active_borrowers_shares_only,5,5,wallets,
v1.0,2025-07-24T13:00:00Z,361077215,baseline_close,archetype_market,early_shared_usdc,1,borrowed_assets,1000000,1,USDC,0xaf88d065e77c8cc2239327c5edb3a432268e5831
v1.0,2025-07-24T13:00:00Z,361077215,baseline_close,archetype_market,early_shared_usdc,1,collateral_assets,800000000000000,0.0008,weETH,0x35751007a407ca6feffe80b3cb397736d2cf4dbe
v1.0,2025-07-24T13:00:00Z,361077215,baseline_close,archetype_market,dedicated_syrupusdc,1,borrowed_assets,0,0,USDC,0xaf88d065e77c8cc2239327c5edb3a432268e5831
v1.0,2025-07-24T13:00:00Z,361077215,baseline_close,archetype_market,dedicated_syrupusdc,1,collateral_assets,0,0,syrupUSDC,0x41ca7586cc1311807b4605fbb748a3b8862b42b5
v1.0,2025-07-24T13:00:00Z,361077215,baseline_close,archetype_market,late_usdt0,1,borrowed_assets,0,0,USD₮0,0xfd086bc7cd5c481dcc9c85ebe478a1c0b69fcbb9
v1.0,2025-07-24T13:00:00Z,361077215,baseline_close,archetype_market,late_usdt0,1,collateral_assets,0,0,syrupUSDC,0x41ca7586cc1311807b4605fbb748a3b8862b42b5
v1.0,2025-07-25T13:00:00Z,361423486,baseline_close,exact_loan_asset_group,0xaf88d065e77c8cc2239327c5edb3a432268e5831,32,borrowed_assets,5026523243,5026.523243,USDC,0xaf88d065e77c8cc2239327c5edb3a432268e5831
v1.0,2025-07-25T13:00:00Z,361423486,baseline_close,exact_loan_asset_group,0xaf88d065e77c8cc2239327c5edb3a432268e5831,32,supplied_assets,7084944592,7084.944592,USDC,0xaf88d065e77c8cc2239327c5edb3a432268e5831
v1.0,2025-07-25T13:00:00Z,361423486,baseline_close,exact_loan_asset_group,0xfd086bc7cd5c481dcc9c85ebe478a1c0b69fcbb9,13,borrowed_assets,2002691,2.002691,USD₮0,0xfd086bc7cd5c481dcc9c85ebe478a1c0b69fcbb9
v1.0,2025-07-25T13:00:00Z,361423486,baseline_close,exact_loan_asset_group,0xfd086bc7cd5c481dcc9c85ebe478a1c0b69fcbb9,13,supplied_assets,2899926,2.899926,USD₮0,0xfd086bc7cd5c481dcc9c85ebe478a1c0b69fcbb9
v1.0,2025-07-25T13:00:00Z,361423486,baseline_close,fixed_program,45_markets,45,active_borrowers,3,3,wallets,
v1.0,2025-07-25T13:00:00Z,361423486,baseline_close,fixed_program,45_markets,45,active_borrowers_shares_only,5,5,wallets,
v1.0,2025-07-25T13:00:00Z,361423486,baseline_close,archetype_market,early_shared_usdc,1,borrowed_assets,1000000,1,USDC,0xaf88d065e77c8cc2239327c5edb3a432268e5831
v1.0,2025-07-25T13:00:00Z,361423486,baseline_close,archetype_market,early_shared_usdc,1,collateral_assets,800000000000000,0.0008,weETH,0x35751007a407ca6feffe80b3cb397736d2cf4dbe
v1.0,2025-07-25T13:00:00Z,361423486,baseline_close,archetype_market,dedicated_syrupusdc,1,borrowed_assets,0,0,USDC,0xaf88d065e77c8cc2239327c5edb3a432268e5831
v1.0,2025-07-25T13:00:00Z,361423486,baseline_close,archetype_market,dedicated_syrupusdc,1,collateral_assets,0,0,syrupUSDC,0x41ca7586cc1311807b4605fbb748a3b8862b42b5
v1.0,2025-07-25T13:00:00Z,361423486,baseline_close,archetype_market,late_usdt0,1,borrowed_assets,0,0,USD₮0,0xfd086bc7cd5c481dcc9c85ebe478a1c0b69fcbb9
v1.0,2025-07-25T13:00:00Z,361423486,baseline_close,archetype_market,late_usdt0,1,collateral_assets,0,0,syrupUSDC,0x41ca7586cc1311807b4605fbb748a3b8862b42b5
v1.0,2025-07-26T13:00:00Z,361769449,baseline_close,exact_loan_asset_group,0xaf88d065e77c8cc2239327c5edb3a432268e5831,32,borrowed_assets,4004404513,4004.404513,USDC,0xaf88d065e77c8cc2239327c5edb3a432268e5831
v1.0,2025-07-26T13:00:00Z,361769449,baseline_close,exact_loan_asset_group,0xaf88d065e77c8cc2239327c5edb3a432268e5831,32,supplied_assets,7085064927,7085.064927,USDC,0xaf88d065e77c8cc2239327c5edb3a432268e5831
v1.0,2025-07-26T13:00:00Z,361769449,baseline_close,exact_loan_asset_group,0xfd086bc7cd5c481dcc9c85ebe478a1c0b69fcbb9,13,borrowed_assets,2007792,2.007792,USD₮0,0xfd086bc7cd5c481dcc9c85ebe478a1c0b69fcbb9
v1.0,2025-07-26T13:00:00Z,361769449,baseline_close,exact_loan_asset_group,0xfd086bc7cd5c481dcc9c85ebe478a1c0b69fcbb9,13,supplied_assets,2687934,2.687934,USD₮0,0xfd086bc7cd5c481dcc9c85ebe478a1c0b69fcbb9
v1.0,2025-07-26T13:00:00Z,361769449,baseline_close,fixed_program,45_markets,45,active_borrowers,3,3,wallets,
v1.0,2025-07-26T13:00:00Z,361769449,baseline_close,fixed_program,45_markets,45,active_borrowers_shares_only,5,5,wallets,
v1.0,2025-07-26T13:00:00Z,361769449,baseline_close,archetype_market,early_shared_usdc,1,borrowed_assets,1000000,1,USDC,0xaf88d065e77c8cc2239327c5edb3a432268e5831
v1.0,2025-07-26T13:00:00Z,361769449,baseline_close,archetype_market,early_shared_usdc,1,collateral_assets,800000000000000,0.0008,weETH,0x35751007a407ca6feffe80b3cb397736d2cf4dbe
v1.0,2025-07-26T13:00:00Z,361769449,baseline_close,archetype_market,dedicated_syrupusdc,1,borrowed_assets,0,0,USDC,0xaf88d065e77c8cc2239327c5edb3a432268e5831
v1.0,2025-07-26T13:00:00Z,361769449,baseline_close,archetype_market,dedicated_syrupusdc,1,collateral_assets,0,0,syrupUSDC,0x41ca7586cc1311807b4605fbb748a3b8862b42b5
v1.0,2025-07-26T13:00:00Z,361769449,baseline_close,archetype_market,late_usdt0,1,borrowed_assets,0,0,USD₮0,0xfd086bc7cd5c481dcc9c85ebe478a1c0b69fcbb9
v1.0,2025-07-26T13:00:00Z,361769449,baseline_close,archetype_market,late_usdt0,1,collateral_assets,0,0,syrupUSDC,0x41ca7586cc1311807b4605fbb748a3b8862b42b5
v1.0,2025-07-27T13:00:00Z,362115292,baseline_close,exact_loan_asset_group,0xaf88d065e77c8cc2239327c5edb3a432268e5831,32,borrowed_assets,4004404513,4004.404513,USDC,0xaf88d065e77c8cc2239327c5edb3a432268e5831
v1.0,2025-07-27T13:00:00Z,362115292,baseline_close,exact_loan_asset_group,0xaf88d065e77c8cc2239327c5edb3a432268e5831,32,supplied_assets,7085064927,7085.064927,USDC,0xaf88d065e77c8cc2239327c5edb3a432268e5831
v1.0,2025-07-27T13:00:00Z,362115292,baseline_close,exact_loan_asset_group,0xfd086bc7cd5c481dcc9c85ebe478a1c0b69fcbb9,13,borrowed_assets,2007792,2.007792,USD₮0,0xfd086bc7cd5c481dcc9c85ebe478a1c0b69fcbb9
v1.0,2025-07-27T13:00:00Z,362115292,baseline_close,exact_loan_asset_group,0xfd086bc7cd5c481dcc9c85ebe478a1c0b69fcbb9,13,supplied_assets,2687934,2.687934,USD₮0,0xfd086bc7cd5c481dcc9c85ebe478a1c0b69fcbb9
v1.0,2025-07-27T13:00:00Z,362115292,baseline_close,fixed_program,45_markets,45,active_borrowers,3,3,wallets,
v1.0,2025-07-27T13:00:00Z,362115292,baseline_close,fixed_program,45_markets,45,active_borrowers_shares_only,5,5,wallets,
v1.0,2025-07-27T13:00:00Z,362115292,baseline_close,archetype_market,early_shared_usdc,1,borrowed_assets,1000000,1,USDC,0xaf88d065e77c8cc2239327c5edb3a432268e5831
v1.0,2025-07-27T13:00:00Z,362115292,baseline_close,archetype_market,early_shared_usdc,1,collateral_assets,800000000000000,0.0008,weETH,0x35751007a407ca6feffe80b3cb397736d2cf4dbe
v1.0,2025-07-27T13:00:00Z,362115292,baseline_close,archetype_market,dedicated_syrupusdc,1,borrowed_assets,0,0,USDC,0xaf88d065e77c8cc2239327c5edb3a432268e5831
v1.0,2025-07-27T13:00:00Z,362115292,baseline_close,archetype_market,dedicated_syrupusdc,1,collateral_assets,0,0,syrupUSDC,0x41ca7586cc1311807b4605fbb748a3b8862b42b5
v1.0,2025-07-27T13:00:00Z,362115292,baseline_close,archetype_market,late_usdt0,1,borrowed_assets,0,0,USD₮0,0xfd086bc7cd5c481dcc9c85ebe478a1c0b69fcbb9
v1.0,2025-07-27T13:00:00Z,362115292,baseline_close,archetype_market,late_usdt0,1,collateral_assets,0,0,syrupUSDC,0x41ca7586cc1311807b4605fbb748a3b8862b42b5
v1.0,2025-07-28T13:00:00Z,362461303,baseline_close,exact_loan_asset_group,0xaf88d065e77c8cc2239327c5edb3a432268e5831,32,borrowed_assets,4355267616,4355.267616,USDC,0xaf88d065e77c8cc2239327c5edb3a432268e5831
v1.0,2025-07-28T13:00:00Z,362461303,baseline_close,exact_loan_asset_group,0xaf88d065e77c8cc2239327c5edb3a432268e5831,32,supplied_assets,7085648030,7085.64803,USDC,0xaf88d065e77c8cc2239327c5edb3a432268e5831
v1.0,2025-07-28T13:00:00Z,362461303,baseline_close,exact_loan_asset_group,0xfd086bc7cd5c481dcc9c85ebe478a1c0b69fcbb9,13,borrowed_assets,2007792,2.007792,USD₮0,0xfd086bc7cd5c481dcc9c85ebe478a1c0b69fcbb9
v1.0,2025-07-28T13:00:00Z,362461303,baseline_close,exact_loan_asset_group,0xfd086bc7cd5c481dcc9c85ebe478a1c0b69fcbb9,13,supplied_assets,2687934,2.687934,USD₮0,0xfd086bc7cd5c481dcc9c85ebe478a1c0b69fcbb9
v1.0,2025-07-28T13:00:00Z,362461303,baseline_close,fixed_program,45_markets,45,active_borrowers,4,4,wallets,
v1.0,2025-07-28T13:00:00Z,362461303,baseline_close,fixed_program,45_markets,45,active_borrowers_shares_only,6,6,wallets,
v1.0,2025-07-28T13:00:00Z,362461303,baseline_close,archetype_market,early_shared_usdc,1,borrowed_assets,1000000,1,USDC,0xaf88d065e77c8cc2239327c5edb3a432268e5831
v1.0,2025-07-28T13:00:00Z,362461303,baseline_close,archetype_market,early_shared_usdc,1,collateral_assets,800000000000000,0.0008,weETH,0x35751007a407ca6feffe80b3cb397736d2cf4dbe
v1.0,2025-07-28T13:00:00Z,362461303,baseline_close,archetype_market,dedicated_syrupusdc,1,borrowed_assets,0,0,USDC,0xaf88d065e77c8cc2239327c5edb3a432268e5831
v1.0,2025-07-28T13:00:00Z,362461303,baseline_close,archetype_market,dedicated_syrupusdc,1,collateral_assets,0,0,syrupUSDC,0x41ca7586cc1311807b4605fbb748a3b8862b42b5
v1.0,2025-07-28T13:00:00Z,362461303,baseline_close,archetype_market,late_usdt0,1,borrowed_assets,0,0,USD₮0,0xfd086bc7cd5c481dcc9c85ebe478a1c0b69fcbb9
v1.0,2025-07-28T13:00:00Z,362461303,baseline_close,archetype_market,late_usdt0,1,collateral_assets,0,0,syrupUSDC,0x41ca7586cc1311807b4605fbb748a3b8862b42b5
v1.0,2025-07-29T13:00:00Z,362807426,baseline_close,exact_loan_asset_group,0xaf88d065e77c8cc2239327c5edb3a432268e5831,32,borrowed_assets,4356592193,4356.592193,USDC,0xaf88d065e77c8cc2239327c5edb3a432268e5831
v1.0,2025-07-29T13:00:00Z,362807426,baseline_close,exact_loan_asset_group,0xaf88d065e77c8cc2239327c5edb3a432268e5831,32,supplied_assets,7086223824,7086.223824,USDC,0xaf88d065e77c8cc2239327c5edb3a432268e5831
v1.0,2025-07-29T13:00:00Z,362807426,baseline_close,exact_loan_asset_group,0xfd086bc7cd5c481dcc9c85ebe478a1c0b69fcbb9,13,borrowed_assets,2008178,2.008178,USD₮0,0xfd086bc7cd5c481dcc9c85ebe478a1c0b69fcbb9
v1.0,2025-07-29T13:00:00Z,362807426,baseline_close,exact_loan_asset_group,0xfd086bc7cd5c481dcc9c85ebe478a1c0b69fcbb9,13,supplied_assets,2688260,2.68826,USD₮0,0xfd086bc7cd5c481dcc9c85ebe478a1c0b69fcbb9
v1.0,2025-07-29T13:00:00Z,362807426,baseline_close,fixed_program,45_markets,45,active_borrowers,4,4,wallets,
v1.0,2025-07-29T13:00:00Z,362807426,baseline_close,fixed_program,45_markets,45,active_borrowers_shares_only,8,8,wallets,
v1.0,2025-07-29T13:00:00Z,362807426,baseline_close,archetype_market,early_shared_usdc,1,borrowed_assets,1000000,1,USDC,0xaf88d065e77c8cc2239327c5edb3a432268e5831
v1.0,2025-07-29T13:00:00Z,362807426,baseline_close,archetype_market,early_shared_usdc,1,collateral_assets,800000000000000,0.0008,weETH,0x35751007a407ca6feffe80b3cb397736d2cf4dbe
v1.0,2025-07-29T13:00:00Z,362807426,baseline_close,archetype_market,dedicated_syrupusdc,1,borrowed_assets,0,0,USDC,0xaf88d065e77c8cc2239327c5edb3a432268e5831
v1.0,2025-07-29T13:00:00Z,362807426,baseline_close,archetype_market,dedicated_syrupusdc,1,collateral_assets,0,0,syrupUSDC,0x41ca7586cc1311807b4605fbb748a3b8862b42b5
v1.0,2025-07-29T13:00:00Z,362807426,baseline_close,archetype_market,late_usdt0,1,borrowed_assets,0,0,USD₮0,0xfd086bc7cd5c481dcc9c85ebe478a1c0b69fcbb9
v1.0,2025-07-29T13:00:00Z,362807426,baseline_close,archetype_market,late_usdt0,1,collateral_assets,0,0,syrupUSDC,0x41ca7586cc1311807b4605fbb748a3b8862b42b5
v1.0,2025-07-30T13:00:00Z,363153405,baseline_close,exact_loan_asset_group,0xaf88d065e77c8cc2239327c5edb3a432268e5831,32,borrowed_assets,4356756311,4356.756311,USDC,0xaf88d065e77c8cc2239327c5edb3a432268e5831
v1.0,2025-07-30T13:00:00Z,363153405,baseline_close,exact_loan_asset_group,0xaf88d065e77c8cc2239327c5edb3a432268e5831,32,supplied_assets,7084387455,7084.387455,USDC,0xaf88d065e77c8cc2239327c5edb3a432268e5831
v1.0,2025-07-30T13:00:00Z,363153405,baseline_close,exact_loan_asset_group,0xfd086bc7cd5c481dcc9c85ebe478a1c0b69fcbb9,13,borrowed_assets,2014412,2.014412,USD₮0,0xfd086bc7cd5c481dcc9c85ebe478a1c0b69fcbb9
v1.0,2025-07-30T13:00:00Z,363153405,baseline_close,exact_loan_asset_group,0xfd086bc7cd5c481dcc9c85ebe478a1c0b69fcbb9,13,supplied_assets,2688335,2.688335,USD₮0,0xfd086bc7cd5c481dcc9c85ebe478a1c0b69fcbb9
v1.0,2025-07-30T13:00:00Z,363153405,baseline_close,fixed_program,45_markets,45,active_borrowers,4,4,wallets,
v1.0,2025-07-30T13:00:00Z,363153405,baseline_close,fixed_program,45_markets,45,active_borrowers_shares_only,8,8,wallets,
v1.0,2025-07-30T13:00:00Z,363153405,baseline_close,archetype_market,early_shared_usdc,1,borrowed_assets,1000000,1,USDC,0xaf88d065e77c8cc2239327c5edb3a432268e5831
v1.0,2025-07-30T13:00:00Z,363153405,baseline_close,archetype_market,early_shared_usdc,1,collateral_assets,800000000000000,0.0008,weETH,0x35751007a407ca6feffe80b3cb397736d2cf4dbe
v1.0,2025-07-30T13:00:00Z,363153405,baseline_close,archetype_market,dedicated_syrupusdc,1,borrowed_assets,0,0,USDC,0xaf88d065e77c8cc2239327c5edb3a432268e5831
v1.0,2025-07-30T13:00:00Z,363153405,baseline_close,archetype_market,dedicated_syrupusdc,1,collateral_assets,0,0,syrupUSDC,0x41ca7586cc1311807b4605fbb748a3b8862b42b5
v1.0,2025-07-30T13:00:00Z,363153405,baseline_close,archetype_market,late_usdt0,1,borrowed_assets,0,0,USD₮0,0xfd086bc7cd5c481dcc9c85ebe478a1c0b69fcbb9
v1.0,2025-07-30T13:00:00Z,363153405,baseline_close,archetype_market,late_usdt0,1,collateral_assets,0,0,syrupUSDC,0x41ca7586cc1311807b4605fbb748a3b8862b42b5
v1.0,2025-07-31T13:00:00Z,363499366,baseline_close,exact_loan_asset_group,0xaf88d065e77c8cc2239327c5edb3a432268e5831,32,borrowed_assets,4356756311,4356.756311,USDC,0xaf88d065e77c8cc2239327c5edb3a432268e5831
v1.0,2025-07-31T13:00:00Z,363499366,baseline_close,exact_loan_asset_group,0xaf88d065e77c8cc2239327c5edb3a432268e5831,32,supplied_assets,7084387455,7084.387455,USDC,0xaf88d065e77c8cc2239327c5edb3a432268e5831
v1.0,2025-07-31T13:00:00Z,363499366,baseline_close,exact_loan_asset_group,0xfd086bc7cd5c481dcc9c85ebe478a1c0b69fcbb9,13,borrowed_assets,2014412,2.014412,USD₮0,0xfd086bc7cd5c481dcc9c85ebe478a1c0b69fcbb9
v1.0,2025-07-31T13:00:00Z,363499366,baseline_close,exact_loan_asset_group,0xfd086bc7cd5c481dcc9c85ebe478a1c0b69fcbb9,13,supplied_assets,2688335,2.688335,USD₮0,0xfd086bc7cd5c481dcc9c85ebe478a1c0b69fcbb9
v1.0,2025-07-31T13:00:00Z,363499366,baseline_close,fixed_program,45_markets,45,active_borrowers,4,4,wallets,
v1.0,2025-07-31T13:00:00Z,363499366,baseline_close,fixed_program,45_markets,45,active_borrowers_shares_only,8,8,wallets,
v1.0,2025-07-31T13:00:00Z,363499366,baseline_close,archetype_market,early_shared_usdc,1,borrowed_assets,1000000,1,USDC,0xaf88d065e77c8cc2239327c5edb3a432268e5831
v1.0,2025-07-31T13:00:00Z,363499366,baseline_close,archetype_market,early_shared_usdc,1,collateral_assets,800000000000000,0.0008,weETH,0x35751007a407ca6feffe80b3cb397736d2cf4dbe
v1.0,2025-07-31T13:00:00Z,363499366,baseline_close,archetype_market,dedicated_syrupusdc,1,borrowed_assets,0,0,USDC,0xaf88d065e77c8cc2239327c5edb3a432268e5831
v1.0,2025-07-31T13:00:00Z,363499366,baseline_close,archetype_market,dedicated_syrupusdc,1,collateral_assets,0,0,syrupUSDC,0x41ca7586cc1311807b4605fbb748a3b8862b42b5
v1.0,2025-07-31T13:00:00Z,363499366,baseline_close,archetype_market,late_usdt0,1,borrowed_assets,0,0,USD₮0,0xfd086bc7cd5c481dcc9c85ebe478a1c0b69fcbb9
v1.0,2025-07-31T13:00:00Z,363499366,baseline_close,archetype_market,late_usdt0,1,collateral_assets,0,0,syrupUSDC,0x41ca7586cc1311807b4605fbb748a3b8862b42b5
v1.0,2025-08-01T13:00:00Z,363845456,baseline_close,exact_loan_asset_group,0xaf88d065e77c8cc2239327c5edb3a432268e5831,32,borrowed_assets,4382539218,4382.539218,USDC,0xaf88d065e77c8cc2239327c5edb3a432268e5831
v1.0,2025-08-01T13:00:00Z,363845456,baseline_close,exact_loan_asset_group,0xaf88d065e77c8cc2239327c5edb3a432268e5831,32,supplied_assets,7085159211,7085.159211,USDC,0xaf88d065e77c8cc2239327c5edb3a432268e5831
v1.0,2025-08-01T13:00:00Z,363845456,baseline_close,exact_loan_asset_group,0xfd086bc7cd5c481dcc9c85ebe478a1c0b69fcbb9,13,borrowed_assets,2014412,2.014412,USD₮0,0xfd086bc7cd5c481dcc9c85ebe478a1c0b69fcbb9
v1.0,2025-08-01T13:00:00Z,363845456,baseline_close,exact_loan_asset_group,0xfd086bc7cd5c481dcc9c85ebe478a1c0b69fcbb9,13,supplied_assets,2688335,2.688335,USD₮0,0xfd086bc7cd5c481dcc9c85ebe478a1c0b69fcbb9
v1.0,2025-08-01T13:00:00Z,363845456,baseline_close,fixed_program,45_markets,45,active_borrowers,5,5,wallets,
v1.0,2025-08-01T13:00:00Z,363845456,baseline_close,fixed_program,45_markets,45,active_borrowers_shares_only,9,9,wallets,
v1.0,2025-08-01T13:00:00Z,363845456,baseline_close,archetype_market,early_shared_usdc,1,borrowed_assets,1000000,1,USDC,0xaf88d065e77c8cc2239327c5edb3a432268e5831
v1.0,2025-08-01T13:00:00Z,363845456,baseline_close,archetype_market,early_shared_usdc,1,collateral_assets,800000000000000,0.0008,weETH,0x35751007a407ca6feffe80b3cb397736d2cf4dbe
v1.0,2025-08-01T13:00:00Z,363845456,baseline_close,archetype_market,dedicated_syrupusdc,1,borrowed_assets,0,0,USDC,0xaf88d065e77c8cc2239327c5edb3a432268e5831
v1.0,2025-08-01T13:00:00Z,363845456,baseline_close,archetype_market,dedicated_syrupusdc,1,collateral_assets,0,0,syrupUSDC,0x41ca7586cc1311807b4605fbb748a3b8862b42b5
v1.0,2025-08-01T13:00:00Z,363845456,baseline_close,archetype_market,late_usdt0,1,borrowed_assets,0,0,USD₮0,0xfd086bc7cd5c481dcc9c85ebe478a1c0b69fcbb9
v1.0,2025-08-01T13:00:00Z,363845456,baseline_close,archetype_market,late_usdt0,1,collateral_assets,0,0,syrupUSDC,0x41ca7586cc1311807b4605fbb748a3b8862b42b5
v1.0,2025-08-02T13:00:00Z,364191474,baseline_close,exact_loan_asset_group,0xaf88d065e77c8cc2239327c5edb3a432268e5831,32,borrowed_assets,4383121910,4383.12191,USDC,0xaf88d065e77c8cc2239327c5edb3a432268e5831
v1.0,2025-08-02T13:00:00Z,364191474,baseline_close,exact_loan_asset_group,0xaf88d065e77c8cc2239327c5edb3a432268e5831,32,supplied_assets,17099581458,17099.581458,USDC,0xaf88d065e77c8cc2239327c5edb3a432268e5831
v1.0,2025-08-02T13:00:00Z,364191474,baseline_close,exact_loan_asset_group,0xfd086bc7cd5c481dcc9c85ebe478a1c0b69fcbb9,13,borrowed_assets,2014412,2.014412,USD₮0,0xfd086bc7cd5c481dcc9c85ebe478a1c0b69fcbb9
v1.0,2025-08-02T13:00:00Z,364191474,baseline_close,exact_loan_asset_group,0xfd086bc7cd5c481dcc9c85ebe478a1c0b69fcbb9,13,supplied_assets,2688335,2.688335,USD₮0,0xfd086bc7cd5c481dcc9c85ebe478a1c0b69fcbb9
v1.0,2025-08-02T13:00:00Z,364191474,baseline_close,fixed_program,45_markets,45,active_borrowers,5,5,wallets,
v1.0,2025-08-02T13:00:00Z,364191474,baseline_close,fixed_program,45_markets,45,active_borrowers_shares_only,9,9,wallets,
v1.0,2025-08-02T13:00:00Z,364191474,baseline_close,archetype_market,early_shared_usdc,1,borrowed_assets,1017949,1.017949,USDC,0xaf88d065e77c8cc2239327c5edb3a432268e5831
v1.0,2025-08-02T13:00:00Z,364191474,baseline_close,archetype_market,early_shared_usdc,1,collateral_assets,800000000000000,0.0008,weETH,0x35751007a407ca6feffe80b3cb397736d2cf4dbe
v1.0,2025-08-02T13:00:00Z,364191474,baseline_close,archetype_market,dedicated_syrupusdc,1,borrowed_assets,0,0,USDC,0xaf88d065e77c8cc2239327c5edb3a432268e5831
v1.0,2025-08-02T13:00:00Z,364191474,baseline_close,archetype_market,dedicated_syrupusdc,1,collateral_assets,0,0,syrupUSDC,0x41ca7586cc1311807b4605fbb748a3b8862b42b5
v1.0,2025-08-02T13:00:00Z,364191474,baseline_close,archetype_market,late_usdt0,1,borrowed_assets,0,0,USD₮0,0xfd086bc7cd5c481dcc9c85ebe478a1c0b69fcbb9
v1.0,2025-08-02T13:00:00Z,364191474,baseline_close,archetype_market,late_usdt0,1,collateral_assets,0,0,syrupUSDC,0x41ca7586cc1311807b4605fbb748a3b8862b42b5
v1.0,2025-08-03T13:00:00Z,364537248,baseline_close,exact_loan_asset_group,0xaf88d065e77c8cc2239327c5edb3a432268e5831,32,borrowed_assets,9633431843,9633.431843,USDC,0xaf88d065e77c8cc2239327c5edb3a432268e5831
v1.0,2025-08-03T13:00:00Z,364537248,baseline_close,exact_loan_asset_group,0xaf88d065e77c8cc2239327c5edb3a432268e5831,32,supplied_assets,16756058677,16756.058677,USDC,0xaf88d065e77c8cc2239327c5edb3a432268e5831
v1.0,2025-08-03T13:00:00Z,364537248,baseline_close,exact_loan_asset_group,0xfd086bc7cd5c481dcc9c85ebe478a1c0b69fcbb9,13,borrowed_assets,2014412,2.014412,USD₮0,0xfd086bc7cd5c481dcc9c85ebe478a1c0b69fcbb9
v1.0,2025-08-03T13:00:00Z,364537248,baseline_close,exact_loan_asset_group,0xfd086bc7cd5c481dcc9c85ebe478a1c0b69fcbb9,13,supplied_assets,2688335,2.688335,USD₮0,0xfd086bc7cd5c481dcc9c85ebe478a1c0b69fcbb9
v1.0,2025-08-03T13:00:00Z,364537248,baseline_close,fixed_program,45_markets,45,active_borrowers,6,6,wallets,
v1.0,2025-08-03T13:00:00Z,364537248,baseline_close,fixed_program,45_markets,45,active_borrowers_shares_only,10,10,wallets,
v1.0,2025-08-03T13:00:00Z,364537248,baseline_close,archetype_market,early_shared_usdc,1,borrowed_assets,1018226,1.018226,USDC,0xaf88d065e77c8cc2239327c5edb3a432268e5831
v1.0,2025-08-03T13:00:00Z,364537248,baseline_close,archetype_market,early_shared_usdc,1,collateral_assets,800000000000000,0.0008,weETH,0x35751007a407ca6feffe80b3cb397736d2cf4dbe
v1.0,2025-08-03T13:00:00Z,364537248,baseline_close,archetype_market,dedicated_syrupusdc,1,borrowed_assets,0,0,USDC,0xaf88d065e77c8cc2239327c5edb3a432268e5831
v1.0,2025-08-03T13:00:00Z,364537248,baseline_close,archetype_market,dedicated_syrupusdc,1,collateral_assets,0,0,syrupUSDC,0x41ca7586cc1311807b4605fbb748a3b8862b42b5
v1.0,2025-08-03T13:00:00Z,364537248,baseline_close,archetype_market,late_usdt0,1,borrowed_assets,0,0,USD₮0,0xfd086bc7cd5c481dcc9c85ebe478a1c0b69fcbb9
v1.0,2025-08-03T13:00:00Z,364537248,baseline_close,archetype_market,late_usdt0,1,collateral_assets,0,0,syrupUSDC,0x41ca7586cc1311807b4605fbb748a3b8862b42b5
v1.0,2025-08-04T13:00:00Z,364883105,baseline_close,exact_loan_asset_group,0xaf88d065e77c8cc2239327c5edb3a432268e5831,32,borrowed_assets,9633546537,9633.546537,USDC,0xaf88d065e77c8cc2239327c5edb3a432268e5831
v1.0,2025-08-04T13:00:00Z,364883105,baseline_close,exact_loan_asset_group,0xaf88d065e77c8cc2239327c5edb3a432268e5831,32,supplied_assets,20355913335,20355.913335,USDC,0xaf88d065e77c8cc2239327c5edb3a432268e5831
v1.0,2025-08-04T13:00:00Z,364883105,baseline_close,exact_loan_asset_group,0xfd086bc7cd5c481dcc9c85ebe478a1c0b69fcbb9,13,borrowed_assets,2014412,2.014412,USD₮0,0xfd086bc7cd5c481dcc9c85ebe478a1c0b69fcbb9
v1.0,2025-08-04T13:00:00Z,364883105,baseline_close,exact_loan_asset_group,0xfd086bc7cd5c481dcc9c85ebe478a1c0b69fcbb9,13,supplied_assets,2688335,2.688335,USD₮0,0xfd086bc7cd5c481dcc9c85ebe478a1c0b69fcbb9
v1.0,2025-08-04T13:00:00Z,364883105,baseline_close,fixed_program,45_markets,45,active_borrowers,6,6,wallets,
v1.0,2025-08-04T13:00:00Z,364883105,baseline_close,fixed_program,45_markets,45,active_borrowers_shares_only,10,10,wallets,
v1.0,2025-08-04T13:00:00Z,364883105,baseline_close,archetype_market,early_shared_usdc,1,borrowed_assets,1018226,1.018226,USDC,0xaf88d065e77c8cc2239327c5edb3a432268e5831
v1.0,2025-08-04T13:00:00Z,364883105,baseline_close,archetype_market,early_shared_usdc,1,collateral_assets,800000000000000,0.0008,weETH,0x35751007a407ca6feffe80b3cb397736d2cf4dbe
v1.0,2025-08-04T13:00:00Z,364883105,baseline_close,archetype_market,dedicated_syrupusdc,1,borrowed_assets,0,0,USDC,0xaf88d065e77c8cc2239327c5edb3a432268e5831
v1.0,2025-08-04T13:00:00Z,364883105,baseline_close,archetype_market,dedicated_syrupusdc,1,collateral_assets,0,0,syrupUSDC,0x41ca7586cc1311807b4605fbb748a3b8862b42b5
v1.0,2025-08-04T13:00:00Z,364883105,baseline_close,archetype_market,late_usdt0,1,borrowed_assets,0,0,USD₮0,0xfd086bc7cd5c481dcc9c85ebe478a1c0b69fcbb9
v1.0,2025-08-04T13:00:00Z,364883105,baseline_close,archetype_market,late_usdt0,1,collateral_assets,0,0,syrupUSDC,0x41ca7586cc1311807b4605fbb748a3b8862b42b5
v1.0,2025-08-05T13:00:00Z,365228377,baseline_close,exact_loan_asset_group,0xaf88d065e77c8cc2239327c5edb3a432268e5831,32,borrowed_assets,9879258325,9879.258325,USDC,0xaf88d065e77c8cc2239327c5edb3a432268e5831
v1.0,2025-08-05T13:00:00Z,365228377,baseline_close,exact_loan_asset_group,0xaf88d065e77c8cc2239327c5edb3a432268e5831,32,supplied_assets,20356804667,20356.804667,USDC,0xaf88d065e77c8cc2239327c5edb3a432268e5831
v1.0,2025-08-05T13:00:00Z,365228377,baseline_close,exact_loan_asset_group,0xfd086bc7cd5c481dcc9c85ebe478a1c0b69fcbb9,13,borrowed_assets,2014412,2.014412,USD₮0,0xfd086bc7cd5c481dcc9c85ebe478a1c0b69fcbb9
v1.0,2025-08-05T13:00:00Z,365228377,baseline_close,exact_loan_asset_group,0xfd086bc7cd5c481dcc9c85ebe478a1c0b69fcbb9,13,supplied_assets,2688335,2.688335,USD₮0,0xfd086bc7cd5c481dcc9c85ebe478a1c0b69fcbb9
v1.0,2025-08-05T13:00:00Z,365228377,baseline_close,fixed_program,45_markets,45,active_borrowers,9,9,wallets,
v1.0,2025-08-05T13:00:00Z,365228377,baseline_close,fixed_program,45_markets,45,active_borrowers_shares_only,13,13,wallets,
v1.0,2025-08-05T13:00:00Z,365228377,baseline_close,archetype_market,early_shared_usdc,1,borrowed_assets,1018226,1.018226,USDC,0xaf88d065e77c8cc2239327c5edb3a432268e5831
v1.0,2025-08-05T13:00:00Z,365228377,baseline_close,archetype_market,early_shared_usdc,1,collateral_assets,800000000000000,0.0008,weETH,0x35751007a407ca6feffe80b3cb397736d2cf4dbe
v1.0,2025-08-05T13:00:00Z,365228377,baseline_close,archetype_market,dedicated_syrupusdc,1,borrowed_assets,0,0,USDC,0xaf88d065e77c8cc2239327c5edb3a432268e5831
v1.0,2025-08-05T13:00:00Z,365228377,baseline_close,archetype_market,dedicated_syrupusdc,1,collateral_assets,0,0,syrupUSDC,0x41ca7586cc1311807b4605fbb748a3b8862b42b5
v1.0,2025-08-05T13:00:00Z,365228377,baseline_close,archetype_market,late_usdt0,1,borrowed_assets,0,0,USD₮0,0xfd086bc7cd5c481dcc9c85ebe478a1c0b69fcbb9
v1.0,2025-08-05T13:00:00Z,365228377,baseline_close,archetype_market,late_usdt0,1,collateral_assets,0,0,syrupUSDC,0x41ca7586cc1311807b4605fbb748a3b8862b42b5
v1.0,2025-08-06T13:00:00Z,365573102,baseline_close,exact_loan_asset_group,0xaf88d065e77c8cc2239327c5edb3a432268e5831,32,borrowed_assets,10077652877,10077.652877,USDC,0xaf88d065e77c8cc2239327c5edb3a432268e5831
v1.0,2025-08-06T13:00:00Z,365573102,baseline_close,exact_loan_asset_group,0xaf88d065e77c8cc2239327c5edb3a432268e5831,32,supplied_assets,20357259219,20357.259219,USDC,0xaf88d065e77c8cc2239327c5edb3a432268e5831
v1.0,2025-08-06T13:00:00Z,365573102,baseline_close,exact_loan_asset_group,0xfd086bc7cd5c481dcc9c85ebe478a1c0b69fcbb9,13,borrowed_assets,2014412,2.014412,USD₮0,0xfd086bc7cd5c481dcc9c85ebe478a1c0b69fcbb9
v1.0,2025-08-06T13:00:00Z,365573102,baseline_close,exact_loan_asset_group,0xfd086bc7cd5c481dcc9c85ebe478a1c0b69fcbb9,13,supplied_assets,2688335,2.688335,USD₮0,0xfd086bc7cd5c481dcc9c85ebe478a1c0b69fcbb9
v1.0,2025-08-06T13:00:00Z,365573102,baseline_close,fixed_program,45_markets,45,active_borrowers,10,10,wallets,
v1.0,2025-08-06T13:00:00Z,365573102,baseline_close,fixed_program,45_markets,45,active_borrowers_shares_only,14,14,wallets,
v1.0,2025-08-06T13:00:00Z,365573102,baseline_close,archetype_market,early_shared_usdc,1,borrowed_assets,1018226,1.018226,USDC,0xaf88d065e77c8cc2239327c5edb3a432268e5831
v1.0,2025-08-06T13:00:00Z,365573102,baseline_close,archetype_market,early_shared_usdc,1,collateral_assets,800000000000000,0.0008,weETH,0x35751007a407ca6feffe80b3cb397736d2cf4dbe
v1.0,2025-08-06T13:00:00Z,365573102,baseline_close,archetype_market,dedicated_syrupusdc,1,borrowed_assets,0,0,USDC,0xaf88d065e77c8cc2239327c5edb3a432268e5831
v1.0,2025-08-06T13:00:00Z,365573102,baseline_close,archetype_market,dedicated_syrupusdc,1,collateral_assets,0,0,syrupUSDC,0x41ca7586cc1311807b4605fbb748a3b8862b42b5
v1.0,2025-08-06T13:00:00Z,365573102,baseline_close,archetype_market,late_usdt0,1,borrowed_assets,0,0,USD₮0,0xfd086bc7cd5c481dcc9c85ebe478a1c0b69fcbb9
v1.0,2025-08-06T13:00:00Z,365573102,baseline_close,archetype_market,late_usdt0,1,collateral_assets,0,0,syrupUSDC,0x41ca7586cc1311807b4605fbb748a3b8862b42b5
v1.0,2025-08-07T13:00:00Z,365918769,baseline_close,exact_loan_asset_group,0xaf88d065e77c8cc2239327c5edb3a432268e5831,32,borrowed_assets,10086091612,10086.091612,USDC,0xaf88d065e77c8cc2239327c5edb3a432268e5831
v1.0,2025-08-07T13:00:00Z,365918769,baseline_close,exact_loan_asset_group,0xaf88d065e77c8cc2239327c5edb3a432268e5831,32,supplied_assets,14916376451,14916.376451,USDC,0xaf88d065e77c8cc2239327c5edb3a432268e5831
v1.0,2025-08-07T13:00:00Z,365918769,baseline_close,exact_loan_asset_group,0xfd086bc7cd5c481dcc9c85ebe478a1c0b69fcbb9,13,borrowed_assets,2188574,2.188574,USD₮0,0xfd086bc7cd5c481dcc9c85ebe478a1c0b69fcbb9
v1.0,2025-08-07T13:00:00Z,365918769,baseline_close,exact_loan_asset_group,0xfd086bc7cd5c481dcc9c85ebe478a1c0b69fcbb9,13,supplied_assets,2689013,2.689013,USD₮0,0xfd086bc7cd5c481dcc9c85ebe478a1c0b69fcbb9
v1.0,2025-08-07T13:00:00Z,365918769,baseline_close,fixed_program,45_markets,45,active_borrowers,10,10,wallets,
v1.0,2025-08-07T13:00:00Z,365918769,baseline_close,fixed_program,45_markets,45,active_borrowers_shares_only,15,15,wallets,
v1.0,2025-08-07T13:00:00Z,365918769,baseline_close,archetype_market,early_shared_usdc,1,borrowed_assets,1018226,1.018226,USDC,0xaf88d065e77c8cc2239327c5edb3a432268e5831
v1.0,2025-08-07T13:00:00Z,365918769,baseline_close,archetype_market,early_shared_usdc,1,collateral_assets,800000000000000,0.0008,weETH,0x35751007a407ca6feffe80b3cb397736d2cf4dbe
v1.0,2025-08-07T13:00:00Z,365918769,baseline_close,archetype_market,dedicated_syrupusdc,1,borrowed_assets,0,0,USDC,0xaf88d065e77c8cc2239327c5edb3a432268e5831
v1.0,2025-08-07T13:00:00Z,365918769,baseline_close,archetype_market,dedicated_syrupusdc,1,collateral_assets,0,0,syrupUSDC,0x41ca7586cc1311807b4605fbb748a3b8862b42b5
v1.0,2025-08-07T13:00:00Z,365918769,baseline_close,archetype_market,late_usdt0,1,borrowed_assets,0,0,USD₮0,0xfd086bc7cd5c481dcc9c85ebe478a1c0b69fcbb9
v1.0,2025-08-07T13:00:00Z,365918769,baseline_close,archetype_market,late_usdt0,1,collateral_assets,0,0,syrupUSDC,0x41ca7586cc1311807b4605fbb748a3b8862b42b5
v1.0,2025-08-08T13:00:00Z,366265129,baseline_close,exact_loan_asset_group,0xaf88d065e77c8cc2239327c5edb3a432268e5831,32,borrowed_assets,10091642062,10091.642062,USDC,0xaf88d065e77c8cc2239327c5edb3a432268e5831
v1.0,2025-08-08T13:00:00Z,366265129,baseline_close,exact_loan_asset_group,0xaf88d065e77c8cc2239327c5edb3a432268e5831,32,supplied_assets,14916926901,14916.926901,USDC,0xaf88d065e77c8cc2239327c5edb3a432268e5831
v1.0,2025-08-08T13:00:00Z,366265129,baseline_close,exact_loan_asset_group,0xfd086bc7cd5c481dcc9c85ebe478a1c0b69fcbb9,13,borrowed_assets,2188574,2.188574,USD₮0,0xfd086bc7cd5c481dcc9c85ebe478a1c0b69fcbb9
v1.0,2025-08-08T13:00:00Z,366265129,baseline_close,exact_loan_asset_group,0xfd086bc7cd5c481dcc9c85ebe478a1c0b69fcbb9,13,supplied_assets,2689013,2.689013,USD₮0,0xfd086bc7cd5c481dcc9c85ebe478a1c0b69fcbb9
v1.0,2025-08-08T13:00:00Z,366265129,baseline_close,fixed_program,45_markets,45,active_borrowers,10,10,wallets,
v1.0,2025-08-08T13:00:00Z,366265129,baseline_close,fixed_program,45_markets,45,active_borrowers_shares_only,15,15,wallets,
v1.0,2025-08-08T13:00:00Z,366265129,baseline_close,archetype_market,early_shared_usdc,1,borrowed_assets,1018226,1.018226,USDC,0xaf88d065e77c8cc2239327c5edb3a432268e5831
v1.0,2025-08-08T13:00:00Z,366265129,baseline_close,archetype_market,early_shared_usdc,1,collateral_assets,800000000000000,0.0008,weETH,0x35751007a407ca6feffe80b3cb397736d2cf4dbe
v1.0,2025-08-08T13:00:00Z,366265129,baseline_close,archetype_market,dedicated_syrupusdc,1,borrowed_assets,0,0,USDC,0xaf88d065e77c8cc2239327c5edb3a432268e5831
v1.0,2025-08-08T13:00:00Z,366265129,baseline_close,archetype_market,dedicated_syrupusdc,1,collateral_assets,0,0,syrupUSDC,0x41ca7586cc1311807b4605fbb748a3b8862b42b5
v1.0,2025-08-08T13:00:00Z,366265129,baseline_close,archetype_market,late_usdt0,1,borrowed_assets,0,0,USD₮0,0xfd086bc7cd5c481dcc9c85ebe478a1c0b69fcbb9
v1.0,2025-08-08T13:00:00Z,366265129,baseline_close,archetype_market,late_usdt0,1,collateral_assets,0,0,syrupUSDC,0x41ca7586cc1311807b4605fbb748a3b8862b42b5
v1.0,2025-08-09T13:00:00Z,366611279,baseline_close,exact_loan_asset_group,0xaf88d065e77c8cc2239327c5edb3a432268e5831,32,borrowed_assets,11880967705,11880.967705,USDC,0xaf88d065e77c8cc2239327c5edb3a432268e5831
v1.0,2025-08-09T13:00:00Z,366611279,baseline_close,exact_loan_asset_group,0xaf88d065e77c8cc2239327c5edb3a432268e5831,32,supplied_assets,14917585391,14917.585391,USDC,0xaf88d065e77c8cc2239327c5edb3a432268e5831
v1.0,2025-08-09T13:00:00Z,366611279,baseline_close,exact_loan_asset_group,0xfd086bc7cd5c481dcc9c85ebe478a1c0b69fcbb9,13,borrowed_assets,2188574,2.188574,USD₮0,0xfd086bc7cd5c481dcc9c85ebe478a1c0b69fcbb9
v1.0,2025-08-09T13:00:00Z,366611279,baseline_close,exact_loan_asset_group,0xfd086bc7cd5c481dcc9c85ebe478a1c0b69fcbb9,13,supplied_assets,2689013,2.689013,USD₮0,0xfd086bc7cd5c481dcc9c85ebe478a1c0b69fcbb9
v1.0,2025-08-09T13:00:00Z,366611279,baseline_close,fixed_program,45_markets,45,active_borrowers,12,12,wallets,
v1.0,2025-08-09T13:00:00Z,366611279,baseline_close,fixed_program,45_markets,45,active_borrowers_shares_only,17,17,wallets,
v1.0,2025-08-09T13:00:00Z,366611279,baseline_close,archetype_market,early_shared_usdc,1,borrowed_assets,1018226,1.018226,USDC,0xaf88d065e77c8cc2239327c5edb3a432268e5831
v1.0,2025-08-09T13:00:00Z,366611279,baseline_close,archetype_market,early_shared_usdc,1,collateral_assets,800000000000000,0.0008,weETH,0x35751007a407ca6feffe80b3cb397736d2cf4dbe
v1.0,2025-08-09T13:00:00Z,366611279,baseline_close,archetype_market,dedicated_syrupusdc,1,borrowed_assets,0,0,USDC,0xaf88d065e77c8cc2239327c5edb3a432268e5831
v1.0,2025-08-09T13:00:00Z,366611279,baseline_close,archetype_market,dedicated_syrupusdc,1,collateral_assets,0,0,syrupUSDC,0x41ca7586cc1311807b4605fbb748a3b8862b42b5
v1.0,2025-08-09T13:00:00Z,366611279,baseline_close,archetype_market,late_usdt0,1,borrowed_assets,0,0,USD₮0,0xfd086bc7cd5c481dcc9c85ebe478a1c0b69fcbb9
v1.0,2025-08-09T13:00:00Z,366611279,baseline_close,archetype_market,late_usdt0,1,collateral_assets,0,0,syrupUSDC,0x41ca7586cc1311807b4605fbb748a3b8862b42b5
v1.0,2025-08-10T13:00:00Z,366957508,baseline_close,exact_loan_asset_group,0xaf88d065e77c8cc2239327c5edb3a432268e5831,32,borrowed_assets,14759800678,14759.800678,USDC,0xaf88d065e77c8cc2239327c5edb3a432268e5831
v1.0,2025-08-10T13:00:00Z,366957508,baseline_close,exact_loan_asset_group,0xaf88d065e77c8cc2239327c5edb3a432268e5831,32,supplied_assets,33439168117,33439.168117,USDC,0xaf88d065e77c8cc2239327c5edb3a432268e5831
v1.0,2025-08-10T13:00:00Z,366957508,baseline_close,exact_loan_asset_group,0xfd086bc7cd5c481dcc9c85ebe478a1c0b69fcbb9,13,borrowed_assets,2188574,2.188574,USD₮0,0xfd086bc7cd5c481dcc9c85ebe478a1c0b69fcbb9
v1.0,2025-08-10T13:00:00Z,366957508,baseline_close,exact_loan_asset_group,0xfd086bc7cd5c481dcc9c85ebe478a1c0b69fcbb9,13,supplied_assets,2689013,2.689013,USD₮0,0xfd086bc7cd5c481dcc9c85ebe478a1c0b69fcbb9
v1.0,2025-08-10T13:00:00Z,366957508,baseline_close,fixed_program,45_markets,45,active_borrowers,10,10,wallets,
v1.0,2025-08-10T13:00:00Z,366957508,baseline_close,fixed_program,45_markets,45,active_borrowers_shares_only,15,15,wallets,
v1.0,2025-08-10T13:00:00Z,366957508,baseline_close,archetype_market,early_shared_usdc,1,borrowed_assets,1018226,1.018226,USDC,0xaf88d065e77c8cc2239327c5edb3a432268e5831
v1.0,2025-08-10T13:00:00Z,366957508,baseline_close,archetype_market,early_shared_usdc,1,collateral_assets,800000000000000,0.0008,weETH,0x35751007a407ca6feffe80b3cb397736d2cf4dbe
v1.0,2025-08-10T13:00:00Z,366957508,baseline_close,archetype_market,dedicated_syrupusdc,1,borrowed_assets,0,0,USDC,0xaf88d065e77c8cc2239327c5edb3a432268e5831
v1.0,2025-08-10T13:00:00Z,366957508,baseline_close,archetype_market,dedicated_syrupusdc,1,collateral_assets,0,0,syrupUSDC,0x41ca7586cc1311807b4605fbb748a3b8862b42b5
v1.0,2025-08-10T13:00:00Z,366957508,baseline_close,archetype_market,late_usdt0,1,borrowed_assets,0,0,USD₮0,0xfd086bc7cd5c481dcc9c85ebe478a1c0b69fcbb9
v1.0,2025-08-10T13:00:00Z,366957508,baseline_close,archetype_market,late_usdt0,1,collateral_assets,0,0,syrupUSDC,0x41ca7586cc1311807b4605fbb748a3b8862b42b5
v1.0,2025-08-11T13:00:00Z,367303619,baseline_close,exact_loan_asset_group,0xaf88d065e77c8cc2239327c5edb3a432268e5831,32,borrowed_assets,20468390380,20468.39038,USDC,0xaf88d065e77c8cc2239327c5edb3a432268e5831
v1.0,2025-08-11T13:00:00Z,367303619,baseline_close,exact_loan_asset_group,0xaf88d065e77c8cc2239327c5edb3a432268e5831,32,supplied_assets,32873975194,32873.975194,USDC,0xaf88d065e77c8cc2239327c5edb3a432268e5831
v1.0,2025-08-11T13:00:00Z,367303619,baseline_close,exact_loan_asset_group,0xfd086bc7cd5c481dcc9c85ebe478a1c0b69fcbb9,13,borrowed_assets,2188574,2.188574,USD₮0,0xfd086bc7cd5c481dcc9c85ebe478a1c0b69fcbb9
v1.0,2025-08-11T13:00:00Z,367303619,baseline_close,exact_loan_asset_group,0xfd086bc7cd5c481dcc9c85ebe478a1c0b69fcbb9,13,supplied_assets,2689013,2.689013,USD₮0,0xfd086bc7cd5c481dcc9c85ebe478a1c0b69fcbb9
v1.0,2025-08-11T13:00:00Z,367303619,baseline_close,fixed_program,45_markets,45,active_borrowers,12,12,wallets,
v1.0,2025-08-11T13:00:00Z,367303619,baseline_close,fixed_program,45_markets,45,active_borrowers_shares_only,17,17,wallets,
v1.0,2025-08-11T13:00:00Z,367303619,baseline_close,archetype_market,early_shared_usdc,1,borrowed_assets,1018226,1.018226,USDC,0xaf88d065e77c8cc2239327c5edb3a432268e5831
v1.0,2025-08-11T13:00:00Z,367303619,baseline_close,archetype_market,early_shared_usdc,1,collateral_assets,800000000000000,0.0008,weETH,0x35751007a407ca6feffe80b3cb397736d2cf4dbe
v1.0,2025-08-11T13:00:00Z,367303619,baseline_close,archetype_market,dedicated_syrupusdc,1,borrowed_assets,0,0,USDC,0xaf88d065e77c8cc2239327c5edb3a432268e5831
v1.0,2025-08-11T13:00:00Z,367303619,baseline_close,archetype_market,dedicated_syrupusdc,1,collateral_assets,0,0,syrupUSDC,0x41ca7586cc1311807b4605fbb748a3b8862b42b5
v1.0,2025-08-11T13:00:00Z,367303619,baseline_close,archetype_market,late_usdt0,1,borrowed_assets,0,0,USD₮0,0xfd086bc7cd5c481dcc9c85ebe478a1c0b69fcbb9
v1.0,2025-08-11T13:00:00Z,367303619,baseline_close,archetype_market,late_usdt0,1,collateral_assets,0,0,syrupUSDC,0x41ca7586cc1311807b4605fbb748a3b8862b42b5
v1.0,2025-08-12T13:00:00Z,367649758,baseline_close,exact_loan_asset_group,0xaf88d065e77c8cc2239327c5edb3a432268e5831,32,borrowed_assets,21617703758,21617.703758,USDC,0xaf88d065e77c8cc2239327c5edb3a432268e5831
v1.0,2025-08-12T13:00:00Z,367649758,baseline_close,exact_loan_asset_group,0xaf88d065e77c8cc2239327c5edb3a432268e5831,32,supplied_assets,24312976737,24312.976737,USDC,0xaf88d065e77c8cc2239327c5edb3a432268e5831
v1.0,2025-08-12T13:00:00Z,367649758,baseline_close,exact_loan_asset_group,0xfd086bc7cd5c481dcc9c85ebe478a1c0b69fcbb9,13,borrowed_assets,2188574,2.188574,USD₮0,0xfd086bc7cd5c481dcc9c85ebe478a1c0b69fcbb9
v1.0,2025-08-12T13:00:00Z,367649758,baseline_close,exact_loan_asset_group,0xfd086bc7cd5c481dcc9c85ebe478a1c0b69fcbb9,13,supplied_assets,2689013,2.689013,USD₮0,0xfd086bc7cd5c481dcc9c85ebe478a1c0b69fcbb9
v1.0,2025-08-12T13:00:00Z,367649758,baseline_close,fixed_program,45_markets,45,active_borrowers,12,12,wallets,
v1.0,2025-08-12T13:00:00Z,367649758,baseline_close,fixed_program,45_markets,45,active_borrowers_shares_only,17,17,wallets,
v1.0,2025-08-12T13:00:00Z,367649758,baseline_close,archetype_market,early_shared_usdc,1,borrowed_assets,1018226,1.018226,USDC,0xaf88d065e77c8cc2239327c5edb3a432268e5831
v1.0,2025-08-12T13:00:00Z,367649758,baseline_close,archetype_market,early_shared_usdc,1,collateral_assets,800000000000000,0.0008,weETH,0x35751007a407ca6feffe80b3cb397736d2cf4dbe
v1.0,2025-08-12T13:00:00Z,367649758,baseline_close,archetype_market,dedicated_syrupusdc,1,borrowed_assets,0,0,USDC,0xaf88d065e77c8cc2239327c5edb3a432268e5831
v1.0,2025-08-12T13:00:00Z,367649758,baseline_close,archetype_market,dedicated_syrupusdc,1,collateral_assets,0,0,syrupUSDC,0x41ca7586cc1311807b4605fbb748a3b8862b42b5
v1.0,2025-08-12T13:00:00Z,367649758,baseline_close,archetype_market,late_usdt0,1,borrowed_assets,0,0,USD₮0,0xfd086bc7cd5c481dcc9c85ebe478a1c0b69fcbb9
v1.0,2025-08-12T13:00:00Z,367649758,baseline_close,archetype_market,late_usdt0,1,collateral_assets,0,0,syrupUSDC,0x41ca7586cc1311807b4605fbb748a3b8862b42b5
v1.0,2025-08-13T13:00:00Z,367995935,baseline_close,exact_loan_asset_group,0xaf88d065e77c8cc2239327c5edb3a432268e5831,32,borrowed_assets,75092141654,75092.141654,USDC,0xaf88d065e77c8cc2239327c5edb3a432268e5831
v1.0,2025-08-13T13:00:00Z,367995935,baseline_close,exact_loan_asset_group,0xaf88d065e77c8cc2239327c5edb3a432268e5831,32,supplied_assets,374105230078,374105.230078,USDC,0xaf88d065e77c8cc2239327c5edb3a432268e5831
v1.0,2025-08-13T13:00:00Z,367995935,baseline_close,exact_loan_asset_group,0xfd086bc7cd5c481dcc9c85ebe478a1c0b69fcbb9,13,borrowed_assets,2188574,2.188574,USD₮0,0xfd086bc7cd5c481dcc9c85ebe478a1c0b69fcbb9
v1.0,2025-08-13T13:00:00Z,367995935,baseline_close,exact_loan_asset_group,0xfd086bc7cd5c481dcc9c85ebe478a1c0b69fcbb9,13,supplied_assets,2689013,2.689013,USD₮0,0xfd086bc7cd5c481dcc9c85ebe478a1c0b69fcbb9
v1.0,2025-08-13T13:00:00Z,367995935,baseline_close,fixed_program,45_markets,45,active_borrowers,16,16,wallets,
v1.0,2025-08-13T13:00:00Z,367995935,baseline_close,fixed_program,45_markets,45,active_borrowers_shares_only,21,21,wallets,
v1.0,2025-08-13T13:00:00Z,367995935,baseline_close,archetype_market,early_shared_usdc,1,borrowed_assets,1057109,1.057109,USDC,0xaf88d065e77c8cc2239327c5edb3a432268e5831
v1.0,2025-08-13T13:00:00Z,367995935,baseline_close,archetype_market,early_shared_usdc,1,collateral_assets,800000000000000,0.0008,weETH,0x35751007a407ca6feffe80b3cb397736d2cf4dbe
v1.0,2025-08-13T13:00:00Z,367995935,baseline_close,archetype_market,dedicated_syrupusdc,1,borrowed_assets,0,0,USDC,0xaf88d065e77c8cc2239327c5edb3a432268e5831
v1.0,2025-08-13T13:00:00Z,367995935,baseline_close,archetype_market,dedicated_syrupusdc,1,collateral_assets,0,0,syrupUSDC,0x41ca7586cc1311807b4605fbb748a3b8862b42b5
v1.0,2025-08-13T13:00:00Z,367995935,baseline_close,archetype_market,late_usdt0,1,borrowed_assets,0,0,USD₮0,0xfd086bc7cd5c481dcc9c85ebe478a1c0b69fcbb9
v1.0,2025-08-13T13:00:00Z,367995935,baseline_close,archetype_market,late_usdt0,1,collateral_assets,0,0,syrupUSDC,0x41ca7586cc1311807b4605fbb748a3b8862b42b5
v1.0,2025-08-14T13:00:00Z,368342250,baseline_close,exact_loan_asset_group,0xaf88d065e77c8cc2239327c5edb3a432268e5831,32,borrowed_assets,79808807227,79808.807227,USDC,0xaf88d065e77c8cc2239327c5edb3a432268e5831
v1.0,2025-08-14T13:00:00Z,368342250,baseline_close,exact_loan_asset_group,0xaf88d065e77c8cc2239327c5edb3a432268e5831,32,supplied_assets,234106497229,234106.497229,USDC,0xaf88d065e77c8cc2239327c5edb3a432268e5831
v1.0,2025-08-14T13:00:00Z,368342250,baseline_close,exact_loan_asset_group,0xfd086bc7cd5c481dcc9c85ebe478a1c0b69fcbb9,13,borrowed_assets,3188574,3.188574,USD₮0,0xfd086bc7cd5c481dcc9c85ebe478a1c0b69fcbb9
v1.0,2025-08-14T13:00:00Z,368342250,baseline_close,exact_loan_asset_group,0xfd086bc7cd5c481dcc9c85ebe478a1c0b69fcbb9,13,supplied_assets,3689013,3.689013,USD₮0,0xfd086bc7cd5c481dcc9c85ebe478a1c0b69fcbb9
v1.0,2025-08-14T13:00:00Z,368342250,baseline_close,fixed_program,45_markets,45,active_borrowers,17,17,wallets,
v1.0,2025-08-14T13:00:00Z,368342250,baseline_close,fixed_program,45_markets,45,active_borrowers_shares_only,22,22,wallets,
v1.0,2025-08-14T13:00:00Z,368342250,baseline_close,archetype_market,early_shared_usdc,1,borrowed_assets,1057109,1.057109,USDC,0xaf88d065e77c8cc2239327c5edb3a432268e5831
v1.0,2025-08-14T13:00:00Z,368342250,baseline_close,archetype_market,early_shared_usdc,1,collateral_assets,800000000000000,0.0008,weETH,0x35751007a407ca6feffe80b3cb397736d2cf4dbe
v1.0,2025-08-14T13:00:00Z,368342250,baseline_close,archetype_market,dedicated_syrupusdc,1,borrowed_assets,0,0,USDC,0xaf88d065e77c8cc2239327c5edb3a432268e5831
v1.0,2025-08-14T13:00:00Z,368342250,baseline_close,archetype_market,dedicated_syrupusdc,1,collateral_assets,0,0,syrupUSDC,0x41ca7586cc1311807b4605fbb748a3b8862b42b5
v1.0,2025-08-14T13:00:00Z,368342250,baseline_close,archetype_market,late_usdt0,1,borrowed_assets,0,0,USD₮0,0xfd086bc7cd5c481dcc9c85ebe478a1c0b69fcbb9
v1.0,2025-08-14T13:00:00Z,368342250,baseline_close,archetype_market,late_usdt0,1,collateral_assets,0,0,syrupUSDC,0x41ca7586cc1311807b4605fbb748a3b8862b42b5
v1.0,2025-08-15T13:00:00Z,368688422,baseline_close,exact_loan_asset_group,0xaf88d065e77c8cc2239327c5edb3a432268e5831,32,borrowed_assets,228462471648,228462.471648,USDC,0xaf88d065e77c8cc2239327c5edb3a432268e5831
v1.0,2025-08-15T13:00:00Z,368688422,baseline_close,exact_loan_asset_group,0xaf88d065e77c8cc2239327c5edb3a432268e5831,32,supplied_assets,2021387058821,2021387.058821,USDC,0xaf88d065e77c8cc2239327c5edb3a432268e5831
v1.0,2025-08-15T13:00:00Z,368688422,baseline_close,exact_loan_asset_group,0xfd086bc7cd5c481dcc9c85ebe478a1c0b69fcbb9,13,borrowed_assets,3196267,3.196267,USD₮0,0xfd086bc7cd5c481dcc9c85ebe478a1c0b69fcbb9
v1.0,2025-08-15T13:00:00Z,368688422,baseline_close,exact_loan_asset_group,0xfd086bc7cd5c481dcc9c85ebe478a1c0b69fcbb9,13,supplied_assets,4578622,4.578622,USD₮0,0xfd086bc7cd5c481dcc9c85ebe478a1c0b69fcbb9
v1.0,2025-08-15T13:00:00Z,368688422,baseline_close,fixed_program,45_markets,45,active_borrowers,24,24,wallets,
v1.0,2025-08-15T13:00:00Z,368688422,baseline_close,fixed_program,45_markets,45,active_borrowers_shares_only,29,29,wallets,
v1.0,2025-08-15T13:00:00Z,368688422,baseline_close,archetype_market,early_shared_usdc,1,borrowed_assets,1057805,1.057805,USDC,0xaf88d065e77c8cc2239327c5edb3a432268e5831
v1.0,2025-08-15T13:00:00Z,368688422,baseline_close,archetype_market,early_shared_usdc,1,collateral_assets,800000000000000,0.0008,weETH,0x35751007a407ca6feffe80b3cb397736d2cf4dbe
v1.0,2025-08-15T13:00:00Z,368688422,baseline_close,archetype_market,dedicated_syrupusdc,1,borrowed_assets,0,0,USDC,0xaf88d065e77c8cc2239327c5edb3a432268e5831
v1.0,2025-08-15T13:00:00Z,368688422,baseline_close,archetype_market,dedicated_syrupusdc,1,collateral_assets,0,0,syrupUSDC,0x41ca7586cc1311807b4605fbb748a3b8862b42b5
v1.0,2025-08-15T13:00:00Z,368688422,baseline_close,archetype_market,late_usdt0,1,borrowed_assets,0,0,USD₮0,0xfd086bc7cd5c481dcc9c85ebe478a1c0b69fcbb9
v1.0,2025-08-15T13:00:00Z,368688422,baseline_close,archetype_market,late_usdt0,1,collateral_assets,0,0,syrupUSDC,0x41ca7586cc1311807b4605fbb748a3b8862b42b5
v1.0,2025-08-16T13:00:00Z,369034506,baseline_close,exact_loan_asset_group,0xaf88d065e77c8cc2239327c5edb3a432268e5831,32,borrowed_assets,236262043971,236262.043971,USDC,0xaf88d065e77c8cc2239327c5edb3a432268e5831
v1.0,2025-08-16T13:00:00Z,369034506,baseline_close,exact_loan_asset_group,0xaf88d065e77c8cc2239327c5edb3a432268e5831,32,supplied_assets,2780306579832,2780306.579832,USDC,0xaf88d065e77c8cc2239327c5edb3a432268e5831
v1.0,2025-08-16T13:00:00Z,369034506,baseline_close,exact_loan_asset_group,0xfd086bc7cd5c481dcc9c85ebe478a1c0b69fcbb9,13,borrowed_assets,3197217,3.197217,USD₮0,0xfd086bc7cd5c481dcc9c85ebe478a1c0b69fcbb9
v1.0,2025-08-16T13:00:00Z,369034506,baseline_close,exact_loan_asset_group,0xfd086bc7cd5c481dcc9c85ebe478a1c0b69fcbb9,13,supplied_assets,4129667,4.129667,USD₮0,0xfd086bc7cd5c481dcc9c85ebe478a1c0b69fcbb9
v1.0,2025-08-16T13:00:00Z,369034506,baseline_close,fixed_program,45_markets,45,active_borrowers,26,26,wallets,
v1.0,2025-08-16T13:00:00Z,369034506,baseline_close,fixed_program,45_markets,45,active_borrowers_shares_only,31,31,wallets,
v1.0,2025-08-16T13:00:00Z,369034506,baseline_close,archetype_market,early_shared_usdc,1,borrowed_assets,1058265,1.058265,USDC,0xaf88d065e77c8cc2239327c5edb3a432268e5831
v1.0,2025-08-16T13:00:00Z,369034506,baseline_close,archetype_market,early_shared_usdc,1,collateral_assets,800000000000000,0.0008,weETH,0x35751007a407ca6feffe80b3cb397736d2cf4dbe
v1.0,2025-08-16T13:00:00Z,369034506,baseline_close,archetype_market,dedicated_syrupusdc,1,borrowed_assets,0,0,USDC,0xaf88d065e77c8cc2239327c5edb3a432268e5831
v1.0,2025-08-16T13:00:00Z,369034506,baseline_close,archetype_market,dedicated_syrupusdc,1,collateral_assets,0,0,syrupUSDC,0x41ca7586cc1311807b4605fbb748a3b8862b42b5
v1.0,2025-08-16T13:00:00Z,369034506,baseline_close,archetype_market,late_usdt0,1,borrowed_assets,0,0,USD₮0,0xfd086bc7cd5c481dcc9c85ebe478a1c0b69fcbb9
v1.0,2025-08-16T13:00:00Z,369034506,baseline_close,archetype_market,late_usdt0,1,collateral_assets,0,0,syrupUSDC,0x41ca7586cc1311807b4605fbb748a3b8862b42b5
v1.0,2025-08-17T13:00:00Z,369380278,baseline_close,exact_loan_asset_group,0xaf88d065e77c8cc2239327c5edb3a432268e5831,32,borrowed_assets,245283650097,245283.650097,USDC,0xaf88d065e77c8cc2239327c5edb3a432268e5831
v1.0,2025-08-17T13:00:00Z,369380278,baseline_close,exact_loan_asset_group,0xaf88d065e77c8cc2239327c5edb3a432268e5831,32,supplied_assets,2682904004587,2682904.004587,USDC,0xaf88d065e77c8cc2239327c5edb3a432268e5831
v1.0,2025-08-17T13:00:00Z,369380278,baseline_close,exact_loan_asset_group,0xfd086bc7cd5c481dcc9c85ebe478a1c0b69fcbb9,13,borrowed_assets,3197217,3.197217,USD₮0,0xfd086bc7cd5c481dcc9c85ebe478a1c0b69fcbb9
v1.0,2025-08-17T13:00:00Z,369380278,baseline_close,exact_loan_asset_group,0xfd086bc7cd5c481dcc9c85ebe478a1c0b69fcbb9,13,supplied_assets,4129667,4.129667,USD₮0,0xfd086bc7cd5c481dcc9c85ebe478a1c0b69fcbb9
v1.0,2025-08-17T13:00:00Z,369380278,baseline_close,fixed_program,45_markets,45,active_borrowers,29,29,wallets,
v1.0,2025-08-17T13:00:00Z,369380278,baseline_close,fixed_program,45_markets,45,active_borrowers_shares_only,34,34,wallets,
v1.0,2025-08-17T13:00:00Z,369380278,baseline_close,archetype_market,early_shared_usdc,1,borrowed_assets,1058265,1.058265,USDC,0xaf88d065e77c8cc2239327c5edb3a432268e5831
v1.0,2025-08-17T13:00:00Z,369380278,baseline_close,archetype_market,early_shared_usdc,1,collateral_assets,800000000000000,0.0008,weETH,0x35751007a407ca6feffe80b3cb397736d2cf4dbe
v1.0,2025-08-17T13:00:00Z,369380278,baseline_close,archetype_market,dedicated_syrupusdc,1,borrowed_assets,0,0,USDC,0xaf88d065e77c8cc2239327c5edb3a432268e5831
v1.0,2025-08-17T13:00:00Z,369380278,baseline_close,archetype_market,dedicated_syrupusdc,1,collateral_assets,0,0,syrupUSDC,0x41ca7586cc1311807b4605fbb748a3b8862b42b5
v1.0,2025-08-17T13:00:00Z,369380278,baseline_close,archetype_market,late_usdt0,1,borrowed_assets,0,0,USD₮0,0xfd086bc7cd5c481dcc9c85ebe478a1c0b69fcbb9
v1.0,2025-08-17T13:00:00Z,369380278,baseline_close,archetype_market,late_usdt0,1,collateral_assets,0,0,syrupUSDC,0x41ca7586cc1311807b4605fbb748a3b8862b42b5
v1.0,2025-08-18T13:00:00Z,369726293,baseline_close,exact_loan_asset_group,0xaf88d065e77c8cc2239327c5edb3a432268e5831,32,borrowed_assets,281257799515,281257.799515,USDC,0xaf88d065e77c8cc2239327c5edb3a432268e5831
v1.0,2025-08-18T13:00:00Z,369726293,baseline_close,exact_loan_asset_group,0xaf88d065e77c8cc2239327c5edb3a432268e5831,32,supplied_assets,2667468268339,2667468.268339,USDC,0xaf88d065e77c8cc2239327c5edb3a432268e5831
v1.0,2025-08-18T13:00:00Z,369726293,baseline_close,exact_loan_asset_group,0xfd086bc7cd5c481dcc9c85ebe478a1c0b69fcbb9,13,borrowed_assets,3198772,3.198772,USD₮0,0xfd086bc7cd5c481dcc9c85ebe478a1c0b69fcbb9
v1.0,2025-08-18T13:00:00Z,369726293,baseline_close,exact_loan_asset_group,0xfd086bc7cd5c481dcc9c85ebe478a1c0b69fcbb9,13,supplied_assets,5030035,5.030035,USD₮0,0xfd086bc7cd5c481dcc9c85ebe478a1c0b69fcbb9
v1.0,2025-08-18T13:00:00Z,369726293,baseline_close,fixed_program,45_markets,45,active_borrowers,31,31,wallets,
v1.0,2025-08-18T13:00:00Z,369726293,baseline_close,fixed_program,45_markets,45,active_borrowers_shares_only,36,36,wallets,
v1.0,2025-08-18T13:00:00Z,369726293,baseline_close,archetype_market,early_shared_usdc,1,borrowed_assets,1058851,1.058851,USDC,0xaf88d065e77c8cc2239327c5edb3a432268e5831
v1.0,2025-08-18T13:00:00Z,369726293,baseline_close,archetype_market,early_shared_usdc,1,collateral_assets,800000000000000,0.0008,weETH,0x35751007a407ca6feffe80b3cb397736d2cf4dbe
v1.0,2025-08-18T13:00:00Z,369726293,baseline_close,archetype_market,dedicated_syrupusdc,1,borrowed_assets,0,0,USDC,0xaf88d065e77c8cc2239327c5edb3a432268e5831
v1.0,2025-08-18T13:00:00Z,369726293,baseline_close,archetype_market,dedicated_syrupusdc,1,collateral_assets,0,0,syrupUSDC,0x41ca7586cc1311807b4605fbb748a3b8862b42b5
v1.0,2025-08-18T13:00:00Z,369726293,baseline_close,archetype_market,late_usdt0,1,borrowed_assets,0,0,USD₮0,0xfd086bc7cd5c481dcc9c85ebe478a1c0b69fcbb9
v1.0,2025-08-18T13:00:00Z,369726293,baseline_close,archetype_market,late_usdt0,1,collateral_assets,0,0,syrupUSDC,0x41ca7586cc1311807b4605fbb748a3b8862b42b5
v1.0,2025-08-19T13:00:00Z,370072194,baseline_close,exact_loan_asset_group,0xaf88d065e77c8cc2239327c5edb3a432268e5831,32,borrowed_assets,398073556306,398073.556306,USDC,0xaf88d065e77c8cc2239327c5edb3a432268e5831
v1.0,2025-08-19T13:00:00Z,370072194,baseline_close,exact_loan_asset_group,0xaf88d065e77c8cc2239327c5edb3a432268e5831,32,supplied_assets,2661162416940,2661162.41694,USDC,0xaf88d065e77c8cc2239327c5edb3a432268e5831
v1.0,2025-08-19T13:00:00Z,370072194,baseline_close,exact_loan_asset_group,0xfd086bc7cd5c481dcc9c85ebe478a1c0b69fcbb9,13,borrowed_assets,3199010,3.19901,USD₮0,0xfd086bc7cd5c481dcc9c85ebe478a1c0b69fcbb9
v1.0,2025-08-19T13:00:00Z,370072194,baseline_close,exact_loan_asset_group,0xfd086bc7cd5c481dcc9c85ebe478a1c0b69fcbb9,13,supplied_assets,62065280,62.06528,USD₮0,0xfd086bc7cd5c481dcc9c85ebe478a1c0b69fcbb9
v1.0,2025-08-19T13:00:00Z,370072194,baseline_close,fixed_program,45_markets,45,active_borrowers,34,34,wallets,
v1.0,2025-08-19T13:00:00Z,370072194,baseline_close,fixed_program,45_markets,45,active_borrowers_shares_only,39,39,wallets,
v1.0,2025-08-19T13:00:00Z,370072194,baseline_close,archetype_market,early_shared_usdc,1,borrowed_assets,1058851,1.058851,USDC,0xaf88d065e77c8cc2239327c5edb3a432268e5831
v1.0,2025-08-19T13:00:00Z,370072194,baseline_close,archetype_market,early_shared_usdc,1,collateral_assets,800000000000000,0.0008,weETH,0x35751007a407ca6feffe80b3cb397736d2cf4dbe
v1.0,2025-08-19T13:00:00Z,370072194,baseline_close,archetype_market,dedicated_syrupusdc,1,borrowed_assets,0,0,USDC,0xaf88d065e77c8cc2239327c5edb3a432268e5831
v1.0,2025-08-19T13:00:00Z,370072194,baseline_close,archetype_market,dedicated_syrupusdc,1,collateral_assets,0,0,syrupUSDC,0x41ca7586cc1311807b4605fbb748a3b8862b42b5
v1.0,2025-08-19T13:00:00Z,370072194,baseline_close,archetype_market,late_usdt0,1,borrowed_assets,0,0,USD₮0,0xfd086bc7cd5c481dcc9c85ebe478a1c0b69fcbb9
v1.0,2025-08-19T13:00:00Z,370072194,baseline_close,archetype_market,late_usdt0,1,collateral_assets,0,0,syrupUSDC,0x41ca7586cc1311807b4605fbb748a3b8862b42b5
v1.0,2025-08-20T13:00:00Z,370418255,baseline_close,exact_loan_asset_group,0xaf88d065e77c8cc2239327c5edb3a432268e5831,32,borrowed_assets,443632328512,443632.328512,USDC,0xaf88d065e77c8cc2239327c5edb3a432268e5831
v1.0,2025-08-20T13:00:00Z,370418255,baseline_close,exact_loan_asset_group,0xaf88d065e77c8cc2239327c5edb3a432268e5831,32,supplied_assets,3239384651820,3239384.65182,USDC,0xaf88d065e77c8cc2239327c5edb3a432268e5831
v1.0,2025-08-20T13:00:00Z,370418255,baseline_close,exact_loan_asset_group,0xfd086bc7cd5c481dcc9c85ebe478a1c0b69fcbb9,13,borrowed_assets,3199010,3.19901,USD₮0,0xfd086bc7cd5c481dcc9c85ebe478a1c0b69fcbb9
v1.0,2025-08-20T13:00:00Z,370418255,baseline_close,exact_loan_asset_group,0xfd086bc7cd5c481dcc9c85ebe478a1c0b69fcbb9,13,supplied_assets,62065280,62.06528,USD₮0,0xfd086bc7cd5c481dcc9c85ebe478a1c0b69fcbb9
v1.0,2025-08-20T13:00:00Z,370418255,baseline_close,fixed_program,45_markets,45,active_borrowers,37,37,wallets,
v1.0,2025-08-20T13:00:00Z,370418255,baseline_close,fixed_program,45_markets,45,active_borrowers_shares_only,42,42,wallets,
v1.0,2025-08-20T13:00:00Z,370418255,baseline_close,archetype_market,early_shared_usdc,1,borrowed_assets,1059415,1.059415,USDC,0xaf88d065e77c8cc2239327c5edb3a432268e5831
v1.0,2025-08-20T13:00:00Z,370418255,baseline_close,archetype_market,early_shared_usdc,1,collateral_assets,800000000000000,0.0008,weETH,0x35751007a407ca6feffe80b3cb397736d2cf4dbe
v1.0,2025-08-20T13:00:00Z,370418255,baseline_close,archetype_market,dedicated_syrupusdc,1,borrowed_assets,0,0,USDC,0xaf88d065e77c8cc2239327c5edb3a432268e5831
v1.0,2025-08-20T13:00:00Z,370418255,baseline_close,archetype_market,dedicated_syrupusdc,1,collateral_assets,0,0,syrupUSDC,0x41ca7586cc1311807b4605fbb748a3b8862b42b5
v1.0,2025-08-20T13:00:00Z,370418255,baseline_close,archetype_market,late_usdt0,1,borrowed_assets,0,0,USD₮0,0xfd086bc7cd5c481dcc9c85ebe478a1c0b69fcbb9
v1.0,2025-08-20T13:00:00Z,370418255,baseline_close,archetype_market,late_usdt0,1,collateral_assets,0,0,syrupUSDC,0x41ca7586cc1311807b4605fbb748a3b8862b42b5
v1.0,2025-08-21T13:00:00Z,370764489,baseline_close,exact_loan_asset_group,0xaf88d065e77c8cc2239327c5edb3a432268e5831,32,borrowed_assets,644710838532,644710.838532,USDC,0xaf88d065e77c8cc2239327c5edb3a432268e5831
v1.0,2025-08-21T13:00:00Z,370764489,baseline_close,exact_loan_asset_group,0xaf88d065e77c8cc2239327c5edb3a432268e5831,32,supplied_assets,3390819654695,3390819.654695,USDC,0xaf88d065e77c8cc2239327c5edb3a432268e5831
v1.0,2025-08-21T13:00:00Z,370764489,baseline_close,exact_loan_asset_group,0xfd086bc7cd5c481dcc9c85ebe478a1c0b69fcbb9,13,borrowed_assets,3199010,3.19901,USD₮0,0xfd086bc7cd5c481dcc9c85ebe478a1c0b69fcbb9
v1.0,2025-08-21T13:00:00Z,370764489,baseline_close,exact_loan_asset_group,0xfd086bc7cd5c481dcc9c85ebe478a1c0b69fcbb9,13,supplied_assets,62065280,62.06528,USD₮0,0xfd086bc7cd5c481dcc9c85ebe478a1c0b69fcbb9
v1.0,2025-08-21T13:00:00Z,370764489,baseline_close,fixed_program,45_markets,45,active_borrowers,39,39,wallets,
v1.0,2025-08-21T13:00:00Z,370764489,baseline_close,fixed_program,45_markets,45,active_borrowers_shares_only,44,44,wallets,
v1.0,2025-08-21T13:00:00Z,370764489,baseline_close,archetype_market,early_shared_usdc,1,borrowed_assets,1059415,1.059415,USDC,0xaf88d065e77c8cc2239327c5edb3a432268e5831
v1.0,2025-08-21T13:00:00Z,370764489,baseline_close,archetype_market,early_shared_usdc,1,collateral_assets,800000000000000,0.0008,weETH,0x35751007a407ca6feffe80b3cb397736d2cf4dbe
v1.0,2025-08-21T13:00:00Z,370764489,baseline_close,archetype_market,dedicated_syrupusdc,1,borrowed_assets,0,0,USDC,0xaf88d065e77c8cc2239327c5edb3a432268e5831
v1.0,2025-08-21T13:00:00Z,370764489,baseline_close,archetype_market,dedicated_syrupusdc,1,collateral_assets,0,0,syrupUSDC,0x41ca7586cc1311807b4605fbb748a3b8862b42b5
v1.0,2025-08-21T13:00:00Z,370764489,baseline_close,archetype_market,late_usdt0,1,borrowed_assets,0,0,USD₮0,0xfd086bc7cd5c481dcc9c85ebe478a1c0b69fcbb9
v1.0,2025-08-21T13:00:00Z,370764489,baseline_close,archetype_market,late_usdt0,1,collateral_assets,0,0,syrupUSDC,0x41ca7586cc1311807b4605fbb748a3b8862b42b5
v1.0,2025-08-22T13:00:00Z,371110538,baseline_close,exact_loan_asset_group,0xaf88d065e77c8cc2239327c5edb3a432268e5831,32,borrowed_assets,922665739743,922665.739743,USDC,0xaf88d065e77c8cc2239327c5edb3a432268e5831
v1.0,2025-08-22T13:00:00Z,371110538,baseline_close,exact_loan_asset_group,0xaf88d065e77c8cc2239327c5edb3a432268e5831,32,supplied_assets,3236866146821,3236866.146821,USDC,0xaf88d065e77c8cc2239327c5edb3a432268e5831
v1.0,2025-08-22T13:00:00Z,371110538,baseline_close,exact_loan_asset_group,0xfd086bc7cd5c481dcc9c85ebe478a1c0b69fcbb9,13,borrowed_assets,68025714,68.025714,USD₮0,0xfd086bc7cd5c481dcc9c85ebe478a1c0b69fcbb9
v1.0,2025-08-22T13:00:00Z,371110538,baseline_close,exact_loan_asset_group,0xfd086bc7cd5c481dcc9c85ebe478a1c0b69fcbb9,13,supplied_assets,113180131,113.180131,USD₮0,0xfd086bc7cd5c481dcc9c85ebe478a1c0b69fcbb9
v1.0,2025-08-22T13:00:00Z,371110538,baseline_close,fixed_program,45_markets,45,active_borrowers,41,41,wallets,
v1.0,2025-08-22T13:00:00Z,371110538,baseline_close,fixed_program,45_markets,45,active_borrowers_shares_only,45,45,wallets,
v1.0,2025-08-22T13:00:00Z,371110538,baseline_close,archetype_market,early_shared_usdc,1,borrowed_assets,1059753,1.059753,USDC,0xaf88d065e77c8cc2239327c5edb3a432268e5831
v1.0,2025-08-22T13:00:00Z,371110538,baseline_close,archetype_market,early_shared_usdc,1,collateral_assets,800000000000000,0.0008,weETH,0x35751007a407ca6feffe80b3cb397736d2cf4dbe
v1.0,2025-08-22T13:00:00Z,371110538,baseline_close,archetype_market,dedicated_syrupusdc,1,borrowed_assets,0,0,USDC,0xaf88d065e77c8cc2239327c5edb3a432268e5831
v1.0,2025-08-22T13:00:00Z,371110538,baseline_close,archetype_market,dedicated_syrupusdc,1,collateral_assets,0,0,syrupUSDC,0x41ca7586cc1311807b4605fbb748a3b8862b42b5
v1.0,2025-08-22T13:00:00Z,371110538,baseline_close,archetype_market,late_usdt0,1,borrowed_assets,0,0,USD₮0,0xfd086bc7cd5c481dcc9c85ebe478a1c0b69fcbb9
v1.0,2025-08-22T13:00:00Z,371110538,baseline_close,archetype_market,late_usdt0,1,collateral_assets,0,0,syrupUSDC,0x41ca7586cc1311807b4605fbb748a3b8862b42b5
v1.0,2025-08-23T13:00:00Z,371456631,baseline_close,exact_loan_asset_group,0xaf88d065e77c8cc2239327c5edb3a432268e5831,32,borrowed_assets,566577345330,566577.34533,USDC,0xaf88d065e77c8cc2239327c5edb3a432268e5831
v1.0,2025-08-23T13:00:00Z,371456631,baseline_close,exact_loan_asset_group,0xaf88d065e77c8cc2239327c5edb3a432268e5831,32,supplied_assets,631570067010,631570.06701,USDC,0xaf88d065e77c8cc2239327c5edb3a432268e5831
v1.0,2025-08-23T13:00:00Z,371456631,baseline_close,exact_loan_asset_group,0xfd086bc7cd5c481dcc9c85ebe478a1c0b69fcbb9,13,borrowed_assets,68025714,68.025714,USD₮0,0xfd086bc7cd5c481dcc9c85ebe478a1c0b69fcbb9
v1.0,2025-08-23T13:00:00Z,371456631,baseline_close,exact_loan_asset_group,0xfd086bc7cd5c481dcc9c85ebe478a1c0b69fcbb9,13,supplied_assets,113180131,113.180131,USD₮0,0xfd086bc7cd5c481dcc9c85ebe478a1c0b69fcbb9
v1.0,2025-08-23T13:00:00Z,371456631,baseline_close,fixed_program,45_markets,45,active_borrowers,40,40,wallets,
v1.0,2025-08-23T13:00:00Z,371456631,baseline_close,fixed_program,45_markets,45,active_borrowers_shares_only,44,44,wallets,
v1.0,2025-08-23T13:00:00Z,371456631,baseline_close,archetype_market,early_shared_usdc,1,borrowed_assets,1059903,1.059903,USDC,0xaf88d065e77c8cc2239327c5edb3a432268e5831
v1.0,2025-08-23T13:00:00Z,371456631,baseline_close,archetype_market,early_shared_usdc,1,collateral_assets,800000000000000,0.0008,weETH,0x35751007a407ca6feffe80b3cb397736d2cf4dbe
v1.0,2025-08-23T13:00:00Z,371456631,baseline_close,archetype_market,dedicated_syrupusdc,1,borrowed_assets,0,0,USDC,0xaf88d065e77c8cc2239327c5edb3a432268e5831
v1.0,2025-08-23T13:00:00Z,371456631,baseline_close,archetype_market,dedicated_syrupusdc,1,collateral_assets,0,0,syrupUSDC,0x41ca7586cc1311807b4605fbb748a3b8862b42b5
v1.0,2025-08-23T13:00:00Z,371456631,baseline_close,archetype_market,late_usdt0,1,borrowed_assets,0,0,USD₮0,0xfd086bc7cd5c481dcc9c85ebe478a1c0b69fcbb9
v1.0,2025-08-23T13:00:00Z,371456631,baseline_close,archetype_market,late_usdt0,1,collateral_assets,0,0,syrupUSDC,0x41ca7586cc1311807b4605fbb748a3b8862b42b5
v1.0,2025-08-24T13:00:00Z,371802489,baseline_close,exact_loan_asset_group,0xaf88d065e77c8cc2239327c5edb3a432268e5831,32,borrowed_assets,644645257547,644645.257547,USDC,0xaf88d065e77c8cc2239327c5edb3a432268e5831
v1.0,2025-08-24T13:00:00Z,371802489,baseline_close,exact_loan_asset_group,0xaf88d065e77c8cc2239327c5edb3a432268e5831,32,supplied_assets,717829308462,717829.308462,USDC,0xaf88d065e77c8cc2239327c5edb3a432268e5831
v1.0,2025-08-24T13:00:00Z,371802489,baseline_close,exact_loan_asset_group,0xfd086bc7cd5c481dcc9c85ebe478a1c0b69fcbb9,13,borrowed_assets,68025714,68.025714,USD₮0,0xfd086bc7cd5c481dcc9c85ebe478a1c0b69fcbb9
v1.0,2025-08-24T13:00:00Z,371802489,baseline_close,exact_loan_asset_group,0xfd086bc7cd5c481dcc9c85ebe478a1c0b69fcbb9,13,supplied_assets,113180131,113.180131,USD₮0,0xfd086bc7cd5c481dcc9c85ebe478a1c0b69fcbb9
v1.0,2025-08-24T13:00:00Z,371802489,baseline_close,fixed_program,45_markets,45,active_borrowers,42,42,wallets,
v1.0,2025-08-24T13:00:00Z,371802489,baseline_close,fixed_program,45_markets,45,active_borrowers_shares_only,46,46,wallets,
v1.0,2025-08-24T13:00:00Z,371802489,baseline_close,archetype_market,early_shared_usdc,1,borrowed_assets,1060060,1.06006,USDC,0xaf88d065e77c8cc2239327c5edb3a432268e5831
v1.0,2025-08-24T13:00:00Z,371802489,baseline_close,archetype_market,early_shared_usdc,1,collateral_assets,800000000000000,0.0008,weETH,0x35751007a407ca6feffe80b3cb397736d2cf4dbe
v1.0,2025-08-24T13:00:00Z,371802489,baseline_close,archetype_market,dedicated_syrupusdc,1,borrowed_assets,0,0,USDC,0xaf88d065e77c8cc2239327c5edb3a432268e5831
v1.0,2025-08-24T13:00:00Z,371802489,baseline_close,archetype_market,dedicated_syrupusdc,1,collateral_assets,0,0,syrupUSDC,0x41ca7586cc1311807b4605fbb748a3b8862b42b5
v1.0,2025-08-24T13:00:00Z,371802489,baseline_close,archetype_market,late_usdt0,1,borrowed_assets,0,0,USD₮0,0xfd086bc7cd5c481dcc9c85ebe478a1c0b69fcbb9
v1.0,2025-08-24T13:00:00Z,371802489,baseline_close,archetype_market,late_usdt0,1,collateral_assets,0,0,syrupUSDC,0x41ca7586cc1311807b4605fbb748a3b8862b42b5
v1.0,2025-08-25T13:00:00Z,372148679,baseline_close,exact_loan_asset_group,0xaf88d065e77c8cc2239327c5edb3a432268e5831,32,borrowed_assets,1153421399236,1153421.399236,USDC,0xaf88d065e77c8cc2239327c5edb3a432268e5831
v1.0,2025-08-25T13:00:00Z,372148679,baseline_close,exact_loan_asset_group,0xaf88d065e77c8cc2239327c5edb3a432268e5831,32,supplied_assets,1270900201190,1270900.20119,USDC,0xaf88d065e77c8cc2239327c5edb3a432268e5831
v1.0,2025-08-25T13:00:00Z,372148679,baseline_close,exact_loan_asset_group,0xfd086bc7cd5c481dcc9c85ebe478a1c0b69fcbb9,13,borrowed_assets,68025714,68.025714,USD₮0,0xfd086bc7cd5c481dcc9c85ebe478a1c0b69fcbb9
v1.0,2025-08-25T13:00:00Z,372148679,baseline_close,exact_loan_asset_group,0xfd086bc7cd5c481dcc9c85ebe478a1c0b69fcbb9,13,supplied_assets,113180131,113.180131,USD₮0,0xfd086bc7cd5c481dcc9c85ebe478a1c0b69fcbb9
v1.0,2025-08-25T13:00:00Z,372148679,baseline_close,fixed_program,45_markets,45,active_borrowers,47,47,wallets,
v1.0,2025-08-25T13:00:00Z,372148679,baseline_close,fixed_program,45_markets,45,active_borrowers_shares_only,51,51,wallets,
v1.0,2025-08-25T13:00:00Z,372148679,baseline_close,archetype_market,early_shared_usdc,1,borrowed_assets,1060060,1.06006,USDC,0xaf88d065e77c8cc2239327c5edb3a432268e5831
v1.0,2025-08-25T13:00:00Z,372148679,baseline_close,archetype_market,early_shared_usdc,1,collateral_assets,800000000000000,0.0008,weETH,0x35751007a407ca6feffe80b3cb397736d2cf4dbe
v1.0,2025-08-25T13:00:00Z,372148679,baseline_close,archetype_market,dedicated_syrupusdc,1,borrowed_assets,0,0,USDC,0xaf88d065e77c8cc2239327c5edb3a432268e5831
v1.0,2025-08-25T13:00:00Z,372148679,baseline_close,archetype_market,dedicated_syrupusdc,1,collateral_assets,0,0,syrupUSDC,0x41ca7586cc1311807b4605fbb748a3b8862b42b5
v1.0,2025-08-25T13:00:00Z,372148679,baseline_close,archetype_market,late_usdt0,1,borrowed_assets,0,0,USD₮0,0xfd086bc7cd5c481dcc9c85ebe478a1c0b69fcbb9
v1.0,2025-08-25T13:00:00Z,372148679,baseline_close,archetype_market,late_usdt0,1,collateral_assets,0,0,syrupUSDC,0x41ca7586cc1311807b4605fbb748a3b8862b42b5
v1.0,2025-08-26T13:00:00Z,372494987,baseline_close,exact_loan_asset_group,0xaf88d065e77c8cc2239327c5edb3a432268e5831,32,borrowed_assets,681645494551,681645.494551,USDC,0xaf88d065e77c8cc2239327c5edb3a432268e5831
v1.0,2025-08-26T13:00:00Z,372494987,baseline_close,exact_loan_asset_group,0xaf88d065e77c8cc2239327c5edb3a432268e5831,32,supplied_assets,2043162224821,2043162.224821,USDC,0xaf88d065e77c8cc2239327c5edb3a432268e5831
v1.0,2025-08-26T13:00:00Z,372494987,baseline_close,exact_loan_asset_group,0xfd086bc7cd5c481dcc9c85ebe478a1c0b69fcbb9,13,borrowed_assets,64027369,64.027369,USD₮0,0xfd086bc7cd5c481dcc9c85ebe478a1c0b69fcbb9
v1.0,2025-08-26T13:00:00Z,372494987,baseline_close,exact_loan_asset_group,0xfd086bc7cd5c481dcc9c85ebe478a1c0b69fcbb9,13,supplied_assets,190746662,190.746662,USD₮0,0xfd086bc7cd5c481dcc9c85ebe478a1c0b69fcbb9
v1.0,2025-08-26T13:00:00Z,372494987,baseline_close,fixed_program,45_markets,45,active_borrowers,49,49,wallets,
v1.0,2025-08-26T13:00:00Z,372494987,baseline_close,fixed_program,45_markets,45,active_borrowers_shares_only,54,54,wallets,
v1.0,2025-08-26T13:00:00Z,372494987,baseline_close,archetype_market,early_shared_usdc,1,borrowed_assets,1060060,1.06006,USDC,0xaf88d065e77c8cc2239327c5edb3a432268e5831
v1.0,2025-08-26T13:00:00Z,372494987,baseline_close,archetype_market,early_shared_usdc,1,collateral_assets,800000000000000,0.0008,weETH,0x35751007a407ca6feffe80b3cb397736d2cf4dbe
v1.0,2025-08-26T13:00:00Z,372494987,baseline_close,archetype_market,dedicated_syrupusdc,1,borrowed_assets,0,0,USDC,0xaf88d065e77c8cc2239327c5edb3a432268e5831
v1.0,2025-08-26T13:00:00Z,372494987,baseline_close,archetype_market,dedicated_syrupusdc,1,collateral_assets,0,0,syrupUSDC,0x41ca7586cc1311807b4605fbb748a3b8862b42b5
v1.0,2025-08-26T13:00:00Z,372494987,baseline_close,archetype_market,late_usdt0,1,borrowed_assets,0,0,USD₮0,0xfd086bc7cd5c481dcc9c85ebe478a1c0b69fcbb9
v1.0,2025-08-26T13:00:00Z,372494987,baseline_close,archetype_market,late_usdt0,1,collateral_assets,0,0,syrupUSDC,0x41ca7586cc1311807b4605fbb748a3b8862b42b5
v1.0,2025-08-27T13:00:00Z,372841194,baseline_close,exact_loan_asset_group,0xaf88d065e77c8cc2239327c5edb3a432268e5831,32,borrowed_assets,752329047791,752329.047791,USDC,0xaf88d065e77c8cc2239327c5edb3a432268e5831
v1.0,2025-08-27T13:00:00Z,372841194,baseline_close,exact_loan_asset_group,0xaf88d065e77c8cc2239327c5edb3a432268e5831,32,supplied_assets,1087646088739,1087646.088739,USDC,0xaf88d065e77c8cc2239327c5edb3a432268e5831
v1.0,2025-08-27T13:00:00Z,372841194,baseline_close,exact_loan_asset_group,0xfd086bc7cd5c481dcc9c85ebe478a1c0b69fcbb9,13,borrowed_assets,64128371,64.128371,USD₮0,0xfd086bc7cd5c481dcc9c85ebe478a1c0b69fcbb9
v1.0,2025-08-27T13:00:00Z,372841194,baseline_close,exact_loan_asset_group,0xfd086bc7cd5c481dcc9c85ebe478a1c0b69fcbb9,13,supplied_assets,190747664,190.747664,USD₮0,0xfd086bc7cd5c481dcc9c85ebe478a1c0b69fcbb9
v1.0,2025-08-27T13:00:00Z,372841194,baseline_close,fixed_program,45_markets,45,active_borrowers,52,52,wallets,
v1.0,2025-08-27T13:00:00Z,372841194,baseline_close,fixed_program,45_markets,45,active_borrowers_shares_only,58,58,wallets,
v1.0,2025-08-27T13:00:00Z,372841194,baseline_close,archetype_market,early_shared_usdc,1,borrowed_assets,1060538,1.060538,USDC,0xaf88d065e77c8cc2239327c5edb3a432268e5831
v1.0,2025-08-27T13:00:00Z,372841194,baseline_close,archetype_market,early_shared_usdc,1,collateral_assets,800000000000000,0.0008,weETH,0x35751007a407ca6feffe80b3cb397736d2cf4dbe
v1.0,2025-08-27T13:00:00Z,372841194,baseline_close,archetype_market,dedicated_syrupusdc,1,borrowed_assets,0,0,USDC,0xaf88d065e77c8cc2239327c5edb3a432268e5831
v1.0,2025-08-27T13:00:00Z,372841194,baseline_close,archetype_market,dedicated_syrupusdc,1,collateral_assets,0,0,syrupUSDC,0x41ca7586cc1311807b4605fbb748a3b8862b42b5
v1.0,2025-08-27T13:00:00Z,372841194,baseline_close,archetype_market,late_usdt0,1,borrowed_assets,0,0,USD₮0,0xfd086bc7cd5c481dcc9c85ebe478a1c0b69fcbb9
v1.0,2025-08-27T13:00:00Z,372841194,baseline_close,archetype_market,late_usdt0,1,collateral_assets,0,0,syrupUSDC,0x41ca7586cc1311807b4605fbb748a3b8862b42b5
v1.0,2025-08-28T13:00:00Z,373187378,baseline_close,exact_loan_asset_group,0xaf88d065e77c8cc2239327c5edb3a432268e5831,32,borrowed_assets,821373613235,821373.613235,USDC,0xaf88d065e77c8cc2239327c5edb3a432268e5831
v1.0,2025-08-28T13:00:00Z,373187378,baseline_close,exact_loan_asset_group,0xaf88d065e77c8cc2239327c5edb3a432268e5831,32,supplied_assets,2592402232139,2592402.232139,USDC,0xaf88d065e77c8cc2239327c5edb3a432268e5831
v1.0,2025-08-28T13:00:00Z,373187378,baseline_close,exact_loan_asset_group,0xfd086bc7cd5c481dcc9c85ebe478a1c0b69fcbb9,13,borrowed_assets,64229335,64.229335,USD₮0,0xfd086bc7cd5c481dcc9c85ebe478a1c0b69fcbb9
v1.0,2025-08-28T13:00:00Z,373187378,baseline_close,exact_loan_asset_group,0xfd086bc7cd5c481dcc9c85ebe478a1c0b69fcbb9,13,supplied_assets,190748628,190.748628,USD₮0,0xfd086bc7cd5c481dcc9c85ebe478a1c0b69fcbb9
v1.0,2025-08-28T13:00:00Z,373187378,baseline_close,fixed_program,45_markets,45,active_borrowers,53,53,wallets,
v1.0,2025-08-28T13:00:00Z,373187378,baseline_close,fixed_program,45_markets,45,active_borrowers_shares_only,61,61,wallets,
v1.0,2025-08-28T13:00:00Z,373187378,baseline_close,archetype_market,early_shared_usdc,1,borrowed_assets,1060615,1.060615,USDC,0xaf88d065e77c8cc2239327c5edb3a432268e5831
v1.0,2025-08-28T13:00:00Z,373187378,baseline_close,archetype_market,early_shared_usdc,1,collateral_assets,800000000000000,0.0008,weETH,0x35751007a407ca6feffe80b3cb397736d2cf4dbe
v1.0,2025-08-28T13:00:00Z,373187378,baseline_close,archetype_market,dedicated_syrupusdc,1,borrowed_assets,0,0,USDC,0xaf88d065e77c8cc2239327c5edb3a432268e5831
v1.0,2025-08-28T13:00:00Z,373187378,baseline_close,archetype_market,dedicated_syrupusdc,1,collateral_assets,0,0,syrupUSDC,0x41ca7586cc1311807b4605fbb748a3b8862b42b5
v1.0,2025-08-28T13:00:00Z,373187378,baseline_close,archetype_market,late_usdt0,1,borrowed_assets,0,0,USD₮0,0xfd086bc7cd5c481dcc9c85ebe478a1c0b69fcbb9
v1.0,2025-08-28T13:00:00Z,373187378,baseline_close,archetype_market,late_usdt0,1,collateral_assets,0,0,syrupUSDC,0x41ca7586cc1311807b4605fbb748a3b8862b42b5
v1.0,2025-08-29T13:00:00Z,373533569,baseline_close,exact_loan_asset_group,0xaf88d065e77c8cc2239327c5edb3a432268e5831,32,borrowed_assets,815366274830,815366.27483,USDC,0xaf88d065e77c8cc2239327c5edb3a432268e5831
v1.0,2025-08-29T13:00:00Z,373533569,baseline_close,exact_loan_asset_group,0xaf88d065e77c8cc2239327c5edb3a432268e5831,32,supplied_assets,1273989129264,1273989.129264,USDC,0xaf88d065e77c8cc2239327c5edb3a432268e5831
v1.0,2025-08-29T13:00:00Z,373533569,baseline_close,exact_loan_asset_group,0xfd086bc7cd5c481dcc9c85ebe478a1c0b69fcbb9,13,borrowed_assets,64229335,64.229335,USD₮0,0xfd086bc7cd5c481dcc9c85ebe478a1c0b69fcbb9
v1.0,2025-08-29T13:00:00Z,373533569,baseline_close,exact_loan_asset_group,0xfd086bc7cd5c481dcc9c85ebe478a1c0b69fcbb9,13,supplied_assets,190748628,190.748628,USD₮0,0xfd086bc7cd5c481dcc9c85ebe478a1c0b69fcbb9
v1.0,2025-08-29T13:00:00Z,373533569,baseline_close,fixed_program,45_markets,45,active_borrowers,54,54,wallets,
v1.0,2025-08-29T13:00:00Z,373533569,baseline_close,fixed_program,45_markets,45,active_borrowers_shares_only,62,62,wallets,
v1.0,2025-08-29T13:00:00Z,373533569,baseline_close,archetype_market,early_shared_usdc,1,borrowed_assets,1060714,1.060714,USDC,0xaf88d065e77c8cc2239327c5edb3a432268e5831
v1.0,2025-08-29T13:00:00Z,373533569,baseline_close,archetype_market,early_shared_usdc,1,collateral_assets,800000000000000,0.0008,weETH,0x35751007a407ca6feffe80b3cb397736d2cf4dbe
v1.0,2025-08-29T13:00:00Z,373533569,baseline_close,archetype_market,dedicated_syrupusdc,1,borrowed_assets,0,0,USDC,0xaf88d065e77c8cc2239327c5edb3a432268e5831
v1.0,2025-08-29T13:00:00Z,373533569,baseline_close,archetype_market,dedicated_syrupusdc,1,collateral_assets,0,0,syrupUSDC,0x41ca7586cc1311807b4605fbb748a3b8862b42b5
v1.0,2025-08-29T13:00:00Z,373533569,baseline_close,archetype_market,late_usdt0,1,borrowed_assets,0,0,USD₮0,0xfd086bc7cd5c481dcc9c85ebe478a1c0b69fcbb9
v1.0,2025-08-29T13:00:00Z,373533569,baseline_close,archetype_market,late_usdt0,1,collateral_assets,0,0,syrupUSDC,0x41ca7586cc1311807b4605fbb748a3b8862b42b5
v1.0,2025-08-30T13:00:00Z,373879731,baseline_close,exact_loan_asset_group,0xaf88d065e77c8cc2239327c5edb3a432268e5831,32,borrowed_assets,827785785297,827785.785297,USDC,0xaf88d065e77c8cc2239327c5edb3a432268e5831
v1.0,2025-08-30T13:00:00Z,373879731,baseline_close,exact_loan_asset_group,0xaf88d065e77c8cc2239327c5edb3a432268e5831,32,supplied_assets,985212960640,985212.96064,USDC,0xaf88d065e77c8cc2239327c5edb3a432268e5831
v1.0,2025-08-30T13:00:00Z,373879731,baseline_close,exact_loan_asset_group,0xfd086bc7cd5c481dcc9c85ebe478a1c0b69fcbb9,13,borrowed_assets,64229335,64.229335,USD₮0,0xfd086bc7cd5c481dcc9c85ebe478a1c0b69fcbb9
v1.0,2025-08-30T13:00:00Z,373879731,baseline_close,exact_loan_asset_group,0xfd086bc7cd5c481dcc9c85ebe478a1c0b69fcbb9,13,supplied_assets,190748628,190.748628,USD₮0,0xfd086bc7cd5c481dcc9c85ebe478a1c0b69fcbb9
v1.0,2025-08-30T13:00:00Z,373879731,baseline_close,fixed_program,45_markets,45,active_borrowers,57,57,wallets,
v1.0,2025-08-30T13:00:00Z,373879731,baseline_close,fixed_program,45_markets,45,active_borrowers_shares_only,65,65,wallets,
v1.0,2025-08-30T13:00:00Z,373879731,baseline_close,archetype_market,early_shared_usdc,1,borrowed_assets,1060790,1.06079,USDC,0xaf88d065e77c8cc2239327c5edb3a432268e5831
v1.0,2025-08-30T13:00:00Z,373879731,baseline_close,archetype_market,early_shared_usdc,1,collateral_assets,800000000000000,0.0008,weETH,0x35751007a407ca6feffe80b3cb397736d2cf4dbe
v1.0,2025-08-30T13:00:00Z,373879731,baseline_close,archetype_market,dedicated_syrupusdc,1,borrowed_assets,1000000,1,USDC,0xaf88d065e77c8cc2239327c5edb3a432268e5831
v1.0,2025-08-30T13:00:00Z,373879731,baseline_close,archetype_market,dedicated_syrupusdc,1,collateral_assets,3567459,3.567459,syrupUSDC,0x41ca7586cc1311807b4605fbb748a3b8862b42b5
v1.0,2025-08-30T13:00:00Z,373879731,baseline_close,archetype_market,late_usdt0,1,borrowed_assets,0,0,USD₮0,0xfd086bc7cd5c481dcc9c85ebe478a1c0b69fcbb9
v1.0,2025-08-30T13:00:00Z,373879731,baseline_close,archetype_market,late_usdt0,1,collateral_assets,0,0,syrupUSDC,0x41ca7586cc1311807b4605fbb748a3b8862b42b5
v1.0,2025-08-31T13:00:00Z,374225637,baseline_close,exact_loan_asset_group,0xaf88d065e77c8cc2239327c5edb3a432268e5831,32,borrowed_assets,801621680494,801621.680494,USDC,0xaf88d065e77c8cc2239327c5edb3a432268e5831
v1.0,2025-08-31T13:00:00Z,374225637,baseline_close,exact_loan_asset_group,0xaf88d065e77c8cc2239327c5edb3a432268e5831,32,supplied_assets,889257839866,889257.839866,USDC,0xaf88d065e77c8cc2239327c5edb3a432268e5831
v1.0,2025-08-31T13:00:00Z,374225637,baseline_close,exact_loan_asset_group,0xfd086bc7cd5c481dcc9c85ebe478a1c0b69fcbb9,13,borrowed_assets,64229335,64.229335,USD₮0,0xfd086bc7cd5c481dcc9c85ebe478a1c0b69fcbb9
v1.0,2025-08-31T13:00:00Z,374225637,baseline_close,exact_loan_asset_group,0xfd086bc7cd5c481dcc9c85ebe478a1c0b69fcbb9,13,supplied_assets,190748628,190.748628,USD₮0,0xfd086bc7cd5c481dcc9c85ebe478a1c0b69fcbb9
v1.0,2025-08-31T13:00:00Z,374225637,baseline_close,fixed_program,45_markets,45,active_borrowers,58,58,wallets,
v1.0,2025-08-31T13:00:00Z,374225637,baseline_close,fixed_program,45_markets,45,active_borrowers_shares_only,66,66,wallets,
v1.0,2025-08-31T13:00:00Z,374225637,baseline_close,archetype_market,early_shared_usdc,1,borrowed_assets,1211060805,1211.060805,USDC,0xaf88d065e77c8cc2239327c5edb3a432268e5831
v1.0,2025-08-31T13:00:00Z,374225637,baseline_close,archetype_market,early_shared_usdc,1,collateral_assets,941788464705147227,0.941788464705,weETH,0x35751007a407ca6feffe80b3cb397736d2cf4dbe
v1.0,2025-08-31T13:00:00Z,374225637,baseline_close,archetype_market,dedicated_syrupusdc,1,borrowed_assets,1000000,1,USDC,0xaf88d065e77c8cc2239327c5edb3a432268e5831
v1.0,2025-08-31T13:00:00Z,374225637,baseline_close,archetype_market,dedicated_syrupusdc,1,collateral_assets,3567459,3.567459,syrupUSDC,0x41ca7586cc1311807b4605fbb748a3b8862b42b5
v1.0,2025-08-31T13:00:00Z,374225637,baseline_close,archetype_market,late_usdt0,1,borrowed_assets,0,0,USD₮0,0xfd086bc7cd5c481dcc9c85ebe478a1c0b69fcbb9
v1.0,2025-08-31T13:00:00Z,374225637,baseline_close,archetype_market,late_usdt0,1,collateral_assets,0,0,syrupUSDC,0x41ca7586cc1311807b4605fbb748a3b8862b42b5
v1.0,2025-09-01T13:00:00Z,374571460,baseline_close,exact_loan_asset_group,0xaf88d065e77c8cc2239327c5edb3a432268e5831,32,borrowed_assets,912273429224,912273.429224,USDC,0xaf88d065e77c8cc2239327c5edb3a432268e5831
v1.0,2025-09-01T13:00:00Z,374571460,baseline_close,exact_loan_asset_group,0xaf88d065e77c8cc2239327c5edb3a432268e5831,32,supplied_assets,1020908954609,1020908.954609,USDC,0xaf88d065e77c8cc2239327c5edb3a432268e5831
v1.0,2025-09-01T13:00:00Z,374571460,baseline_close,exact_loan_asset_group,0xfd086bc7cd5c481dcc9c85ebe478a1c0b69fcbb9,13,borrowed_assets,64229335,64.229335,USD₮0,0xfd086bc7cd5c481dcc9c85ebe478a1c0b69fcbb9
v1.0,2025-09-01T13:00:00Z,374571460,baseline_close,exact_loan_asset_group,0xfd086bc7cd5c481dcc9c85ebe478a1c0b69fcbb9,13,supplied_assets,190748628,190.748628,USD₮0,0xfd086bc7cd5c481dcc9c85ebe478a1c0b69fcbb9
v1.0,2025-09-01T13:00:00Z,374571460,baseline_close,fixed_program,45_markets,45,active_borrowers,60,60,wallets,
v1.0,2025-09-01T13:00:00Z,374571460,baseline_close,fixed_program,45_markets,45,active_borrowers_shares_only,68,68,wallets,
v1.0,2025-09-01T13:00:00Z,374571460,baseline_close,archetype_market,early_shared_usdc,1,borrowed_assets,1211487788,1211.487788,USDC,0xaf88d065e77c8cc2239327c5edb3a432268e5831
v1.0,2025-09-01T13:00:00Z,374571460,baseline_close,archetype_market,early_shared_usdc,1,collateral_assets,941788464705147227,0.941788464705,weETH,0x35751007a407ca6feffe80b3cb397736d2cf4dbe
v1.0,2025-09-01T13:00:00Z,374571460,baseline_close,archetype_market,dedicated_syrupusdc,1,borrowed_assets,1000000,1,USDC,0xaf88d065e77c8cc2239327c5edb3a432268e5831
v1.0,2025-09-01T13:00:00Z,374571460,baseline_close,archetype_market,dedicated_syrupusdc,1,collateral_assets,3567459,3.567459,syrupUSDC,0x41ca7586cc1311807b4605fbb748a3b8862b42b5
v1.0,2025-09-01T13:00:00Z,374571460,baseline_close,archetype_market,late_usdt0,1,borrowed_assets,0,0,USD₮0,0xfd086bc7cd5c481dcc9c85ebe478a1c0b69fcbb9
v1.0,2025-09-01T13:00:00Z,374571460,baseline_close,archetype_market,late_usdt0,1,collateral_assets,0,0,syrupUSDC,0x41ca7586cc1311807b4605fbb748a3b8862b42b5
v1.0,2025-09-02T13:00:00Z,374917435,baseline_close,exact_loan_asset_group,0xaf88d065e77c8cc2239327c5edb3a432268e5831,32,borrowed_assets,921618791065,921618.791065,USDC,0xaf88d065e77c8cc2239327c5edb3a432268e5831
v1.0,2025-09-02T13:00:00Z,374917435,baseline_close,exact_loan_asset_group,0xaf88d065e77c8cc2239327c5edb3a432268e5831,32,supplied_assets,1057944395954,1057944.395954,USDC,0xaf88d065e77c8cc2239327c5edb3a432268e5831
v1.0,2025-09-02T13:00:00Z,374917435,baseline_close,exact_loan_asset_group,0xfd086bc7cd5c481dcc9c85ebe478a1c0b69fcbb9,13,borrowed_assets,64229335,64.229335,USD₮0,0xfd086bc7cd5c481dcc9c85ebe478a1c0b69fcbb9
v1.0,2025-09-02T13:00:00Z,374917435,baseline_close,exact_loan_asset_group,0xfd086bc7cd5c481dcc9c85ebe478a1c0b69fcbb9,13,supplied_assets,190748628,190.748628,USD₮0,0xfd086bc7cd5c481dcc9c85ebe478a1c0b69fcbb9
v1.0,2025-09-02T13:00:00Z,374917435,baseline_close,fixed_program,45_markets,45,active_borrowers,62,62,wallets,
v1.0,2025-09-02T13:00:00Z,374917435,baseline_close,fixed_program,45_markets,45,active_borrowers_shares_only,71,71,wallets,
v1.0,2025-09-02T13:00:00Z,374917435,baseline_close,archetype_market,early_shared_usdc,1,borrowed_assets,1211696086,1211.696086,USDC,0xaf88d065e77c8cc2239327c5edb3a432268e5831
v1.0,2025-09-02T13:00:00Z,374917435,baseline_close,archetype_market,early_shared_usdc,1,collateral_assets,941788464705147227,0.941788464705,weETH,0x35751007a407ca6feffe80b3cb397736d2cf4dbe
v1.0,2025-09-02T13:00:00Z,374917435,baseline_close,archetype_market,dedicated_syrupusdc,1,borrowed_assets,1000000,1,USDC,0xaf88d065e77c8cc2239327c5edb3a432268e5831
v1.0,2025-09-02T13:00:00Z,374917435,baseline_close,archetype_market,dedicated_syrupusdc,1,collateral_assets,3567459,3.567459,syrupUSDC,0x41ca7586cc1311807b4605fbb748a3b8862b42b5
v1.0,2025-09-02T13:00:00Z,374917435,baseline_close,archetype_market,late_usdt0,1,borrowed_assets,0,0,USD₮0,0xfd086bc7cd5c481dcc9c85ebe478a1c0b69fcbb9
v1.0,2025-09-02T13:00:00Z,374917435,baseline_close,archetype_market,late_usdt0,1,collateral_assets,0,0,syrupUSDC,0x41ca7586cc1311807b4605fbb748a3b8862b42b5
v1.0,2025-09-03T13:00:00Z,375263392,baseline_close,exact_loan_asset_group,0xaf88d065e77c8cc2239327c5edb3a432268e5831,32,borrowed_assets,1032980059275,1032980.059275,USDC,0xaf88d065e77c8cc2239327c5edb3a432268e5831
v1.0,2025-09-03T13:00:00Z,375263392,baseline_close,exact_loan_asset_group,0xaf88d065e77c8cc2239327c5edb3a432268e5831,32,supplied_assets,1181753497435,1181753.497435,USDC,0xaf88d065e77c8cc2239327c5edb3a432268e5831
v1.0,2025-09-03T13:00:00Z,375263392,baseline_close,exact_loan_asset_group,0xfd086bc7cd5c481dcc9c85ebe478a1c0b69fcbb9,13,borrowed_assets,68230032,68.230032,USD₮0,0xfd086bc7cd5c481dcc9c85ebe478a1c0b69fcbb9
v1.0,2025-09-03T13:00:00Z,375263392,baseline_close,exact_loan_asset_group,0xfd086bc7cd5c481dcc9c85ebe478a1c0b69fcbb9,13,supplied_assets,191074679,191.074679,USD₮0,0xfd086bc7cd5c481dcc9c85ebe478a1c0b69fcbb9
v1.0,2025-09-03T13:00:00Z,375263392,baseline_close,fixed_program,45_markets,45,active_borrowers,66,66,wallets,
v1.0,2025-09-03T13:00:00Z,375263392,baseline_close,fixed_program,45_markets,45,active_borrowers_shares_only,75,75,wallets,
v1.0,2025-09-03T13:00:00Z,375263392,baseline_close,archetype_market,early_shared_usdc,1,borrowed_assets,1211987615,1211.987615,USDC,0xaf88d065e77c8cc2239327c5edb3a432268e5831
v1.0,2025-09-03T13:00:00Z,375263392,baseline_close,archetype_market,early_shared_usdc,1,collateral_assets,941788464705147227,0.941788464705,weETH,0x35751007a407ca6feffe80b3cb397736d2cf4dbe
v1.0,2025-09-03T13:00:00Z,375263392,baseline_close,archetype_market,dedicated_syrupusdc,1,borrowed_assets,1000207,1.000207,USDC,0xaf88d065e77c8cc2239327c5edb3a432268e5831
v1.0,2025-09-03T13:00:00Z,375263392,baseline_close,archetype_market,dedicated_syrupusdc,1,collateral_assets,3567459,3.567459,syrupUSDC,0x41ca7586cc1311807b4605fbb748a3b8862b42b5
v1.0,2025-09-03T13:00:00Z,375263392,baseline_close,archetype_market,late_usdt0,1,borrowed_assets,0,0,USD₮0,0xfd086bc7cd5c481dcc9c85ebe478a1c0b69fcbb9
v1.0,2025-09-03T13:00:00Z,375263392,baseline_close,archetype_market,late_usdt0,1,collateral_assets,0,0,syrupUSDC,0x41ca7586cc1311807b4605fbb748a3b8862b42b5
v1.0,2025-09-04T13:00:00Z,375609474,campaign_snapshot,exact_loan_asset_group,0xaf88d065e77c8cc2239327c5edb3a432268e5831,32,borrowed_assets,21573860107507,21573860.107507,USDC,0xaf88d065e77c8cc2239327c5edb3a432268e5831
v1.0,2025-09-04T13:00:00Z,375609474,campaign_snapshot,exact_loan_asset_group,0xaf88d065e77c8cc2239327c5edb3a432268e5831,32,supplied_assets,26369959239932,26369959.239932,USDC,0xaf88d065e77c8cc2239327c5edb3a432268e5831
v1.0,2025-09-04T13:00:00Z,375609474,campaign_snapshot,exact_loan_asset_group,0xfd086bc7cd5c481dcc9c85ebe478a1c0b69fcbb9,13,borrowed_assets,108235979,108.235979,USD₮0,0xfd086bc7cd5c481dcc9c85ebe478a1c0b69fcbb9
v1.0,2025-09-04T13:00:00Z,375609474,campaign_snapshot,exact_loan_asset_group,0xfd086bc7cd5c481dcc9c85ebe478a1c0b69fcbb9,13,supplied_assets,110190926,110.190926,USD₮0,0xfd086bc7cd5c481dcc9c85ebe478a1c0b69fcbb9
v1.0,2025-09-04T13:00:00Z,375609474,campaign_snapshot,fixed_program,45_markets,45,active_borrowers,147,147,wallets,
v1.0,2025-09-04T13:00:00Z,375609474,campaign_snapshot,fixed_program,45_markets,45,active_borrowers_shares_only,160,160,wallets,
v1.0,2025-09-04T13:00:00Z,375609474,campaign_snapshot,archetype_market,early_shared_usdc,1,borrowed_assets,858327647341,858327.647341,USDC,0xaf88d065e77c8cc2239327c5edb3a432268e5831
v1.0,2025-09-04T13:00:00Z,375609474,campaign_snapshot,archetype_market,early_shared_usdc,1,collateral_assets,309564965021195532645,309.564965021196,weETH,0x35751007a407ca6feffe80b3cb397736d2cf4dbe
v1.0,2025-09-04T13:00:00Z,375609474,campaign_snapshot,archetype_market,dedicated_syrupusdc,1,borrowed_assets,2015080169017,2015080.169017,USDC,0xaf88d065e77c8cc2239327c5edb3a432268e5831
v1.0,2025-09-04T13:00:00Z,375609474,campaign_snapshot,archetype_market,dedicated_syrupusdc,1,collateral_assets,2085901575292,2085901.575292,syrupUSDC,0x41ca7586cc1311807b4605fbb748a3b8862b42b5
v1.0,2025-09-04T13:00:00Z,375609474,campaign_snapshot,archetype_market,late_usdt0,1,borrowed_assets,0,0,USD₮0,0xfd086bc7cd5c481dcc9c85ebe478a1c0b69fcbb9
v1.0,2025-09-04T13:00:00Z,375609474,campaign_snapshot,archetype_market,late_usdt0,1,collateral_assets,0,0,syrupUSDC,0x41ca7586cc1311807b4605fbb748a3b8862b42b5
v1.0,2025-09-05T13:00:00Z,375955404,campaign_snapshot,exact_loan_asset_group,0xaf88d065e77c8cc2239327c5edb3a432268e5831,32,borrowed_assets,28373228922502,28373228.922502,USDC,0xaf88d065e77c8cc2239327c5edb3a432268e5831
v1.0,2025-09-05T13:00:00Z,375955404,campaign_snapshot,exact_loan_asset_group,0xaf88d065e77c8cc2239327c5edb3a432268e5831,32,supplied_assets,30125742488442,30125742.488442,USDC,0xaf88d065e77c8cc2239327c5edb3a432268e5831
v1.0,2025-09-05T13:00:00Z,375955404,campaign_snapshot,exact_loan_asset_group,0xfd086bc7cd5c481dcc9c85ebe478a1c0b69fcbb9,13,borrowed_assets,108239955,108.239955,USD₮0,0xfd086bc7cd5c481dcc9c85ebe478a1c0b69fcbb9
v1.0,2025-09-05T13:00:00Z,375955404,campaign_snapshot,exact_loan_asset_group,0xfd086bc7cd5c481dcc9c85ebe478a1c0b69fcbb9,13,supplied_assets,110370838,110.370838,USD₮0,0xfd086bc7cd5c481dcc9c85ebe478a1c0b69fcbb9
v1.0,2025-09-05T13:00:00Z,375955404,campaign_snapshot,fixed_program,45_markets,45,active_borrowers,170,170,wallets,
v1.0,2025-09-05T13:00:00Z,375955404,campaign_snapshot,fixed_program,45_markets,45,active_borrowers_shares_only,186,186,wallets,
v1.0,2025-09-05T13:00:00Z,375955404,campaign_snapshot,archetype_market,early_shared_usdc,1,borrowed_assets,858689361508,858689.361508,USDC,0xaf88d065e77c8cc2239327c5edb3a432268e5831
v1.0,2025-09-05T13:00:00Z,375955404,campaign_snapshot,archetype_market,early_shared_usdc,1,collateral_assets,309621695527336216279,309.621695527336,weETH,0x35751007a407ca6feffe80b3cb397736d2cf4dbe
v1.0,2025-09-05T13:00:00Z,375955404,campaign_snapshot,archetype_market,dedicated_syrupusdc,1,borrowed_assets,2037350417693,2037350.417693,USDC,0xaf88d065e77c8cc2239327c5edb3a432268e5831
v1.0,2025-09-05T13:00:00Z,375955404,campaign_snapshot,archetype_market,dedicated_syrupusdc,1,collateral_assets,2559873578296,2559873.578296,syrupUSDC,0x41ca7586cc1311807b4605fbb748a3b8862b42b5
v1.0,2025-09-05T13:00:00Z,375955404,campaign_snapshot,archetype_market,late_usdt0,1,borrowed_assets,0,0,USD₮0,0xfd086bc7cd5c481dcc9c85ebe478a1c0b69fcbb9
v1.0,2025-09-05T13:00:00Z,375955404,campaign_snapshot,archetype_market,late_usdt0,1,collateral_assets,0,0,syrupUSDC,0x41ca7586cc1311807b4605fbb748a3b8862b42b5
v1.0,2025-09-06T13:00:00Z,376301176,campaign_snapshot,exact_loan_asset_group,0xaf88d065e77c8cc2239327c5edb3a432268e5831,32,borrowed_assets,24952781923711,24952781.923711,USDC,0xaf88d065e77c8cc2239327c5edb3a432268e5831
v1.0,2025-09-06T13:00:00Z,376301176,campaign_snapshot,exact_loan_asset_group,0xaf88d065e77c8cc2239327c5edb3a432268e5831,32,supplied_assets,28245140971623,28245140.971623,USDC,0xaf88d065e77c8cc2239327c5edb3a432268e5831
v1.0,2025-09-06T13:00:00Z,376301176,campaign_snapshot,exact_loan_asset_group,0xfd086bc7cd5c481dcc9c85ebe478a1c0b69fcbb9,13,borrowed_assets,108240013,108.240013,USD₮0,0xfd086bc7cd5c481dcc9c85ebe478a1c0b69fcbb9
v1.0,2025-09-06T13:00:00Z,376301176,campaign_snapshot,exact_loan_asset_group,0xfd086bc7cd5c481dcc9c85ebe478a1c0b69fcbb9,13,supplied_assets,110370896,110.370896,USD₮0,0xfd086bc7cd5c481dcc9c85ebe478a1c0b69fcbb9
v1.0,2025-09-06T13:00:00Z,376301176,campaign_snapshot,fixed_program,45_markets,45,active_borrowers,175,175,wallets,
v1.0,2025-09-06T13:00:00Z,376301176,campaign_snapshot,fixed_program,45_markets,45,active_borrowers_shares_only,190,190,wallets,
v1.0,2025-09-06T13:00:00Z,376301176,campaign_snapshot,archetype_market,early_shared_usdc,1,borrowed_assets,700261507134,700261.507134,USDC,0xaf88d065e77c8cc2239327c5edb3a432268e5831
v1.0,2025-09-06T13:00:00Z,376301176,campaign_snapshot,archetype_market,early_shared_usdc,1,collateral_assets,250669199976946064571,250.669199976946,weETH,0x35751007a407ca6feffe80b3cb397736d2cf4dbe
v1.0,2025-09-06T13:00:00Z,376301176,campaign_snapshot,archetype_market,dedicated_syrupusdc,1,borrowed_assets,2011037357840,2011037.35784,USDC,0xaf88d065e77c8cc2239327c5edb3a432268e5831
v1.0,2025-09-06T13:00:00Z,376301176,campaign_snapshot,archetype_market,dedicated_syrupusdc,1,collateral_assets,2099779806986,2099779.806986,syrupUSDC,0x41ca7586cc1311807b4605fbb748a3b8862b42b5
v1.0,2025-09-06T13:00:00Z,376301176,campaign_snapshot,archetype_market,late_usdt0,1,borrowed_assets,0,0,USD₮0,0xfd086bc7cd5c481dcc9c85ebe478a1c0b69fcbb9
v1.0,2025-09-06T13:00:00Z,376301176,campaign_snapshot,archetype_market,late_usdt0,1,collateral_assets,0,0,syrupUSDC,0x41ca7586cc1311807b4605fbb748a3b8862b42b5
v1.0,2025-09-07T13:00:00Z,376646849,campaign_snapshot,exact_loan_asset_group,0xaf88d065e77c8cc2239327c5edb3a432268e5831,32,borrowed_assets,25923326608344,25923326.608344,USDC,0xaf88d065e77c8cc2239327c5edb3a432268e5831
v1.0,2025-09-07T13:00:00Z,376646849,campaign_snapshot,exact_loan_asset_group,0xaf88d065e77c8cc2239327c5edb3a432268e5831,32,supplied_assets,29017740602678,29017740.602678,USDC,0xaf88d065e77c8cc2239327c5edb3a432268e5831
v1.0,2025-09-07T13:00:00Z,376646849,campaign_snapshot,exact_loan_asset_group,0xfd086bc7cd5c481dcc9c85ebe478a1c0b69fcbb9,13,borrowed_assets,108260892,108.260892,USD₮0,0xfd086bc7cd5c481dcc9c85ebe478a1c0b69fcbb9
v1.0,2025-09-07T13:00:00Z,376646849,campaign_snapshot,exact_loan_asset_group,0xfd086bc7cd5c481dcc9c85ebe478a1c0b69fcbb9,13,supplied_assets,118880325,118.880325,USD₮0,0xfd086bc7cd5c481dcc9c85ebe478a1c0b69fcbb9
v1.0,2025-09-07T13:00:00Z,376646849,campaign_snapshot,fixed_program,45_markets,45,active_borrowers,186,186,wallets,
v1.0,2025-09-07T13:00:00Z,376646849,campaign_snapshot,fixed_program,45_markets,45,active_borrowers_shares_only,201,201,wallets,
v1.0,2025-09-07T13:00:00Z,376646849,campaign_snapshot,archetype_market,early_shared_usdc,1,borrowed_assets,699536540135,699536.540135,USDC,0xaf88d065e77c8cc2239327c5edb3a432268e5831
v1.0,2025-09-07T13:00:00Z,376646849,campaign_snapshot,archetype_market,early_shared_usdc,1,collateral_assets,249728211512240917344,249.728211512241,weETH,0x35751007a407ca6feffe80b3cb397736d2cf4dbe
v1.0,2025-09-07T13:00:00Z,376646849,campaign_snapshot,archetype_market,dedicated_syrupusdc,1,borrowed_assets,2011124841887,2011124.841887,USDC,0xaf88d065e77c8cc2239327c5edb3a432268e5831
v1.0,2025-09-07T13:00:00Z,376646849,campaign_snapshot,archetype_market,dedicated_syrupusdc,1,collateral_assets,2099779806986,2099779.806986,syrupUSDC,0x41ca7586cc1311807b4605fbb748a3b8862b42b5
v1.0,2025-09-07T13:00:00Z,376646849,campaign_snapshot,archetype_market,late_usdt0,1,borrowed_assets,0,0,USD₮0,0xfd086bc7cd5c481dcc9c85ebe478a1c0b69fcbb9
v1.0,2025-09-07T13:00:00Z,376646849,campaign_snapshot,archetype_market,late_usdt0,1,collateral_assets,0,0,syrupUSDC,0x41ca7586cc1311807b4605fbb748a3b8862b42b5
v1.0,2025-09-08T13:00:00Z,376992822,campaign_snapshot,exact_loan_asset_group,0xaf88d065e77c8cc2239327c5edb3a432268e5831,32,borrowed_assets,31931942158722,31931942.158722,USDC,0xaf88d065e77c8cc2239327c5edb3a432268e5831
v1.0,2025-09-08T13:00:00Z,376992822,campaign_snapshot,exact_loan_asset_group,0xaf88d065e77c8cc2239327c5edb3a432268e5831,32,supplied_assets,34679790623455,34679790.623455,USDC,0xaf88d065e77c8cc2239327c5edb3a432268e5831
v1.0,2025-09-08T13:00:00Z,376992822,campaign_snapshot,exact_loan_asset_group,0xfd086bc7cd5c481dcc9c85ebe478a1c0b69fcbb9,13,borrowed_assets,114262526,114.262526,USD₮0,0xfd086bc7cd5c481dcc9c85ebe478a1c0b69fcbb9
v1.0,2025-09-08T13:00:00Z,376992822,campaign_snapshot,exact_loan_asset_group,0xfd086bc7cd5c481dcc9c85ebe478a1c0b69fcbb9,13,supplied_assets,115087427,115.087427,USD₮0,0xfd086bc7cd5c481dcc9c85ebe478a1c0b69fcbb9
v1.0,2025-09-08T13:00:00Z,376992822,campaign_snapshot,fixed_program,45_markets,45,active_borrowers,195,195,wallets,
v1.0,2025-09-08T13:00:00Z,376992822,campaign_snapshot,fixed_program,45_markets,45,active_borrowers_shares_only,210,210,wallets,
v1.0,2025-09-08T13:00:00Z,376992822,campaign_snapshot,archetype_market,early_shared_usdc,1,borrowed_assets,650027110374,650027.110374,USDC,0xaf88d065e77c8cc2239327c5edb3a432268e5831
v1.0,2025-09-08T13:00:00Z,376992822,campaign_snapshot,archetype_market,early_shared_usdc,1,collateral_assets,229915464163949599069,229.91546416395,weETH,0x35751007a407ca6feffe80b3cb397736d2cf4dbe
v1.0,2025-09-08T13:00:00Z,376992822,campaign_snapshot,archetype_market,dedicated_syrupusdc,1,borrowed_assets,2011431281620,2011431.28162,USDC,0xaf88d065e77c8cc2239327c5edb3a432268e5831
v1.0,2025-09-08T13:00:00Z,376992822,campaign_snapshot,archetype_market,dedicated_syrupusdc,1,collateral_assets,2099790498448,2099790.498448,syrupUSDC,0x41ca7586cc1311807b4605fbb748a3b8862b42b5
v1.0,2025-09-08T13:00:00Z,376992822,campaign_snapshot,archetype_market,late_usdt0,1,borrowed_assets,0,0,USD₮0,0xfd086bc7cd5c481dcc9c85ebe478a1c0b69fcbb9
v1.0,2025-09-08T13:00:00Z,376992822,campaign_snapshot,archetype_market,late_usdt0,1,collateral_assets,0,0,syrupUSDC,0x41ca7586cc1311807b4605fbb748a3b8862b42b5
v1.0,2025-09-09T13:00:00Z,377338838,campaign_snapshot,exact_loan_asset_group,0xaf88d065e77c8cc2239327c5edb3a432268e5831,32,borrowed_assets,49980118705357,49980118.705357,USDC,0xaf88d065e77c8cc2239327c5edb3a432268e5831
v1.0,2025-09-09T13:00:00Z,377338838,campaign_snapshot,exact_loan_asset_group,0xaf88d065e77c8cc2239327c5edb3a432268e5831,32,supplied_assets,51958664093049,51958664.093049,USDC,0xaf88d065e77c8cc2239327c5edb3a432268e5831
v1.0,2025-09-09T13:00:00Z,377338838,campaign_snapshot,exact_loan_asset_group,0xfd086bc7cd5c481dcc9c85ebe478a1c0b69fcbb9,13,borrowed_assets,114264117,114.264117,USD₮0,0xfd086bc7cd5c481dcc9c85ebe478a1c0b69fcbb9
v1.0,2025-09-09T13:00:00Z,377338838,campaign_snapshot,exact_loan_asset_group,0xfd086bc7cd5c481dcc9c85ebe478a1c0b69fcbb9,13,supplied_assets,115208274,115.208274,USD₮0,0xfd086bc7cd5c481dcc9c85ebe478a1c0b69fcbb9
v1.0,2025-09-09T13:00:00Z,377338838,campaign_snapshot,fixed_program,45_markets,45,active_borrowers,209,209,wallets,
v1.0,2025-09-09T13:00:00Z,377338838,campaign_snapshot,fixed_program,45_markets,45,active_borrowers_shares_only,225,225,wallets,
v1.0,2025-09-09T13:00:00Z,377338838,campaign_snapshot,archetype_market,early_shared_usdc,1,borrowed_assets,347929769288,347929.769288,USDC,0xaf88d065e77c8cc2239327c5edb3a432268e5831
v1.0,2025-09-09T13:00:00Z,377338838,campaign_snapshot,archetype_market,early_shared_usdc,1,collateral_assets,126489667854021807399,126.489667854022,weETH,0x35751007a407ca6feffe80b3cb397736d2cf4dbe
v1.0,2025-09-09T13:00:00Z,377338838,campaign_snapshot,archetype_market,dedicated_syrupusdc,1,borrowed_assets,2237220122613,2237220.122613,USDC,0xaf88d065e77c8cc2239327c5edb3a432268e5831
v1.0,2025-09-09T13:00:00Z,377338838,campaign_snapshot,archetype_market,dedicated_syrupusdc,1,collateral_assets,2327731335504,2327731.335504,syrupUSDC,0x41ca7586cc1311807b4605fbb748a3b8862b42b5
v1.0,2025-09-09T13:00:00Z,377338838,campaign_snapshot,archetype_market,late_usdt0,1,borrowed_assets,0,0,USD₮0,0xfd086bc7cd5c481dcc9c85ebe478a1c0b69fcbb9
v1.0,2025-09-09T13:00:00Z,377338838,campaign_snapshot,archetype_market,late_usdt0,1,collateral_assets,0,0,syrupUSDC,0x41ca7586cc1311807b4605fbb748a3b8862b42b5
v1.0,2025-09-10T13:00:00Z,377684597,campaign_snapshot,exact_loan_asset_group,0xaf88d065e77c8cc2239327c5edb3a432268e5831,32,borrowed_assets,50470223465002,50470223.465002,USDC,0xaf88d065e77c8cc2239327c5edb3a432268e5831
v1.0,2025-09-10T13:00:00Z,377684597,campaign_snapshot,exact_loan_asset_group,0xaf88d065e77c8cc2239327c5edb3a432268e5831,32,supplied_assets,63868491039509,63868491.039509,USDC,0xaf88d065e77c8cc2239327c5edb3a432268e5831
v1.0,2025-09-10T13:00:00Z,377684597,campaign_snapshot,exact_loan_asset_group,0xfd086bc7cd5c481dcc9c85ebe478a1c0b69fcbb9,13,borrowed_assets,114265628,114.265628,USD₮0,0xfd086bc7cd5c481dcc9c85ebe478a1c0b69fcbb9
v1.0,2025-09-10T13:00:00Z,377684597,campaign_snapshot,exact_loan_asset_group,0xfd086bc7cd5c481dcc9c85ebe478a1c0b69fcbb9,13,supplied_assets,115200382,115.200382,USD₮0,0xfd086bc7cd5c481dcc9c85ebe478a1c0b69fcbb9
v1.0,2025-09-10T13:00:00Z,377684597,campaign_snapshot,fixed_program,45_markets,45,active_borrowers,241,241,wallets,
v1.0,2025-09-10T13:00:00Z,377684597,campaign_snapshot,fixed_program,45_markets,45,active_borrowers_shares_only,257,257,wallets,
v1.0,2025-09-10T13:00:00Z,377684597,campaign_snapshot,archetype_market,early_shared_usdc,1,borrowed_assets,45774662296,45774.662296,USDC,0xaf88d065e77c8cc2239327c5edb3a432268e5831
v1.0,2025-09-10T13:00:00Z,377684597,campaign_snapshot,archetype_market,early_shared_usdc,1,collateral_assets,28950679035403273706,28.950679035403,weETH,0x35751007a407ca6feffe80b3cb397736d2cf4dbe
v1.0,2025-09-10T13:00:00Z,377684597,campaign_snapshot,archetype_market,dedicated_syrupusdc,1,borrowed_assets,2510188955961,2510188.955961,USDC,0xaf88d065e77c8cc2239327c5edb3a432268e5831
v1.0,2025-09-10T13:00:00Z,377684597,campaign_snapshot,archetype_market,dedicated_syrupusdc,1,collateral_assets,2834969059492,2834969.059492,syrupUSDC,0x41ca7586cc1311807b4605fbb748a3b8862b42b5
v1.0,2025-09-10T13:00:00Z,377684597,campaign_snapshot,archetype_market,late_usdt0,1,borrowed_assets,0,0,USD₮0,0xfd086bc7cd5c481dcc9c85ebe478a1c0b69fcbb9
v1.0,2025-09-10T13:00:00Z,377684597,campaign_snapshot,archetype_market,late_usdt0,1,collateral_assets,0,0,syrupUSDC,0x41ca7586cc1311807b4605fbb748a3b8862b42b5
v1.0,2025-09-11T13:00:00Z,378030513,campaign_snapshot,exact_loan_asset_group,0xaf88d065e77c8cc2239327c5edb3a432268e5831,32,borrowed_assets,50778611147033,50778611.147033,USDC,0xaf88d065e77c8cc2239327c5edb3a432268e5831
v1.0,2025-09-11T13:00:00Z,378030513,campaign_snapshot,exact_loan_asset_group,0xaf88d065e77c8cc2239327c5edb3a432268e5831,32,supplied_assets,61810340627279,61810340.627279,USDC,0xaf88d065e77c8cc2239327c5edb3a432268e5831
v1.0,2025-09-11T13:00:00Z,378030513,campaign_snapshot,exact_loan_asset_group,0xfd086bc7cd5c481dcc9c85ebe478a1c0b69fcbb9,13,borrowed_assets,114307536,114.307536,USD₮0,0xfd086bc7cd5c481dcc9c85ebe478a1c0b69fcbb9
v1.0,2025-09-11T13:00:00Z,378030513,campaign_snapshot,exact_loan_asset_group,0xfd086bc7cd5c481dcc9c85ebe478a1c0b69fcbb9,13,supplied_assets,116356950,116.35695,USD₮0,0xfd086bc7cd5c481dcc9c85ebe478a1c0b69fcbb9
v1.0,2025-09-11T13:00:00Z,378030513,campaign_snapshot,fixed_program,45_markets,45,active_borrowers,259,259,wallets,
v1.0,2025-09-11T13:00:00Z,378030513,campaign_snapshot,fixed_program,45_markets,45,active_borrowers_shares_only,277,277,wallets,
v1.0,2025-09-11T13:00:00Z,378030513,campaign_snapshot,archetype_market,early_shared_usdc,1,borrowed_assets,46594044940,46594.04494,USDC,0xaf88d065e77c8cc2239327c5edb3a432268e5831
v1.0,2025-09-11T13:00:00Z,378030513,campaign_snapshot,archetype_market,early_shared_usdc,1,collateral_assets,29419402850273476692,29.419402850273,weETH,0x35751007a407ca6feffe80b3cb397736d2cf4dbe
v1.0,2025-09-11T13:00:00Z,378030513,campaign_snapshot,archetype_market,dedicated_syrupusdc,1,borrowed_assets,3008103048963,3008103.048963,USDC,0xaf88d065e77c8cc2239327c5edb3a432268e5831
v1.0,2025-09-11T13:00:00Z,378030513,campaign_snapshot,archetype_market,dedicated_syrupusdc,1,collateral_assets,3110206449785,3110206.449785,syrupUSDC,0x41ca7586cc1311807b4605fbb748a3b8862b42b5
v1.0,2025-09-11T13:00:00Z,378030513,campaign_snapshot,archetype_market,late_usdt0,1,borrowed_assets,0,0,USD₮0,0xfd086bc7cd5c481dcc9c85ebe478a1c0b69fcbb9
v1.0,2025-09-11T13:00:00Z,378030513,campaign_snapshot,archetype_market,late_usdt0,1,collateral_assets,0,0,syrupUSDC,0x41ca7586cc1311807b4605fbb748a3b8862b42b5
v1.0,2025-09-12T13:00:00Z,378376190,campaign_snapshot,exact_loan_asset_group,0xaf88d065e77c8cc2239327c5edb3a432268e5831,32,borrowed_assets,58909364038053,58909364.038053,USDC,0xaf88d065e77c8cc2239327c5edb3a432268e5831
v1.0,2025-09-12T13:00:00Z,378376190,campaign_snapshot,exact_loan_asset_group,0xaf88d065e77c8cc2239327c5edb3a432268e5831,32,supplied_assets,64209758656584,64209758.656584,USDC,0xaf88d065e77c8cc2239327c5edb3a432268e5831
v1.0,2025-09-12T13:00:00Z,378376190,campaign_snapshot,exact_loan_asset_group,0xfd086bc7cd5c481dcc9c85ebe478a1c0b69fcbb9,13,borrowed_assets,114324197,114.324197,USD₮0,0xfd086bc7cd5c481dcc9c85ebe478a1c0b69fcbb9
v1.0,2025-09-12T13:00:00Z,378376190,campaign_snapshot,exact_loan_asset_group,0xfd086bc7cd5c481dcc9c85ebe478a1c0b69fcbb9,13,supplied_assets,116382803,116.382803,USD₮0,0xfd086bc7cd5c481dcc9c85ebe478a1c0b69fcbb9
v1.0,2025-09-12T13:00:00Z,378376190,campaign_snapshot,fixed_program,45_markets,45,active_borrowers,277,277,wallets,
v1.0,2025-09-12T13:00:00Z,378376190,campaign_snapshot,fixed_program,45_markets,45,active_borrowers_shares_only,295,295,wallets,
v1.0,2025-09-12T13:00:00Z,378376190,campaign_snapshot,archetype_market,early_shared_usdc,1,borrowed_assets,47066171349,47066.171349,USDC,0xaf88d065e77c8cc2239327c5edb3a432268e5831
v1.0,2025-09-12T13:00:00Z,378376190,campaign_snapshot,archetype_market,early_shared_usdc,1,collateral_assets,29538174976107292253,29.538174976107,weETH,0x35751007a407ca6feffe80b3cb397736d2cf4dbe
v1.0,2025-09-12T13:00:00Z,378376190,campaign_snapshot,archetype_market,dedicated_syrupusdc,1,borrowed_assets,9645663977679,9645663.977679,USDC,0xaf88d065e77c8cc2239327c5edb3a432268e5831
v1.0,2025-09-12T13:00:00Z,378376190,campaign_snapshot,archetype_market,dedicated_syrupusdc,1,collateral_assets,9883810254793,9883810.254793,syrupUSDC,0x41ca7586cc1311807b4605fbb748a3b8862b42b5
v1.0,2025-09-12T13:00:00Z,378376190,campaign_snapshot,archetype_market,late_usdt0,1,borrowed_assets,0,0,USD₮0,0xfd086bc7cd5c481dcc9c85ebe478a1c0b69fcbb9
v1.0,2025-09-12T13:00:00Z,378376190,campaign_snapshot,archetype_market,late_usdt0,1,collateral_assets,0,0,syrupUSDC,0x41ca7586cc1311807b4605fbb748a3b8862b42b5
v1.0,2025-09-13T13:00:00Z,378721853,campaign_snapshot,exact_loan_asset_group,0xaf88d065e77c8cc2239327c5edb3a432268e5831,32,borrowed_assets,58998713635992,58998713.635992,USDC,0xaf88d065e77c8cc2239327c5edb3a432268e5831
v1.0,2025-09-13T13:00:00Z,378721853,campaign_snapshot,exact_loan_asset_group,0xaf88d065e77c8cc2239327c5edb3a432268e5831,32,supplied_assets,65154262192395,65154262.192395,USDC,0xaf88d065e77c8cc2239327c5edb3a432268e5831
v1.0,2025-09-13T13:00:00Z,378721853,campaign_snapshot,exact_loan_asset_group,0xfd086bc7cd5c481dcc9c85ebe478a1c0b69fcbb9,13,borrowed_assets,114343419,114.343419,USD₮0,0xfd086bc7cd5c481dcc9c85ebe478a1c0b69fcbb9
v1.0,2025-09-13T13:00:00Z,378721853,campaign_snapshot,exact_loan_asset_group,0xfd086bc7cd5c481dcc9c85ebe478a1c0b69fcbb9,13,supplied_assets,116380690,116.38069,USD₮0,0xfd086bc7cd5c481dcc9c85ebe478a1c0b69fcbb9
v1.0,2025-09-13T13:00:00Z,378721853,campaign_snapshot,fixed_program,45_markets,45,active_borrowers,286,286,wallets,
v1.0,2025-09-13T13:00:00Z,378721853,campaign_snapshot,fixed_program,45_markets,45,active_borrowers_shares_only,304,304,wallets,
v1.0,2025-09-13T13:00:00Z,378721853,campaign_snapshot,archetype_market,early_shared_usdc,1,borrowed_assets,46605433943,46605.433943,USDC,0xaf88d065e77c8cc2239327c5edb3a432268e5831
v1.0,2025-09-13T13:00:00Z,378721853,campaign_snapshot,archetype_market,early_shared_usdc,1,collateral_assets,29405015971712110546,29.405015971712,weETH,0x35751007a407ca6feffe80b3cb397736d2cf4dbe
v1.0,2025-09-13T13:00:00Z,378721853,campaign_snapshot,archetype_market,dedicated_syrupusdc,1,borrowed_assets,9407035963584,9407035.963584,USDC,0xaf88d065e77c8cc2239327c5edb3a432268e5831
v1.0,2025-09-13T13:00:00Z,378721853,campaign_snapshot,archetype_market,dedicated_syrupusdc,1,collateral_assets,9611716170324,9611716.170324,syrupUSDC,0x41ca7586cc1311807b4605fbb748a3b8862b42b5
v1.0,2025-09-13T13:00:00Z,378721853,campaign_snapshot,archetype_market,late_usdt0,1,borrowed_assets,0,0,USD₮0,0xfd086bc7cd5c481dcc9c85ebe478a1c0b69fcbb9
v1.0,2025-09-13T13:00:00Z,378721853,campaign_snapshot,archetype_market,late_usdt0,1,collateral_assets,0,0,syrupUSDC,0x41ca7586cc1311807b4605fbb748a3b8862b42b5
v1.0,2025-09-14T13:00:00Z,379066707,campaign_snapshot,exact_loan_asset_group,0xaf88d065e77c8cc2239327c5edb3a432268e5831,32,borrowed_assets,58124207464697,58124207.464697,USDC,0xaf88d065e77c8cc2239327c5edb3a432268e5831
v1.0,2025-09-14T13:00:00Z,379066707,campaign_snapshot,exact_loan_asset_group,0xaf88d065e77c8cc2239327c5edb3a432268e5831,32,supplied_assets,67396640794419,67396640.794419,USDC,0xaf88d065e77c8cc2239327c5edb3a432268e5831
v1.0,2025-09-14T13:00:00Z,379066707,campaign_snapshot,exact_loan_asset_group,0xfd086bc7cd5c481dcc9c85ebe478a1c0b69fcbb9,13,borrowed_assets,114374288,114.374288,USD₮0,0xfd086bc7cd5c481dcc9c85ebe478a1c0b69fcbb9
v1.0,2025-09-14T13:00:00Z,379066707,campaign_snapshot,exact_loan_asset_group,0xfd086bc7cd5c481dcc9c85ebe478a1c0b69fcbb9,13,supplied_assets,187918915,187.918915,USD₮0,0xfd086bc7cd5c481dcc9c85ebe478a1c0b69fcbb9
v1.0,2025-09-14T13:00:00Z,379066707,campaign_snapshot,fixed_program,45_markets,45,active_borrowers,295,295,wallets,
v1.0,2025-09-14T13:00:00Z,379066707,campaign_snapshot,fixed_program,45_markets,45,active_borrowers_shares_only,313,313,wallets,
v1.0,2025-09-14T13:00:00Z,379066707,campaign_snapshot,archetype_market,early_shared_usdc,1,borrowed_assets,46615656407,46615.656407,USDC,0xaf88d065e77c8cc2239327c5edb3a432268e5831
v1.0,2025-09-14T13:00:00Z,379066707,campaign_snapshot,archetype_market,early_shared_usdc,1,collateral_assets,29405015971712110546,29.405015971712,weETH,0x35751007a407ca6feffe80b3cb397736d2cf4dbe
v1.0,2025-09-14T13:00:00Z,379066707,campaign_snapshot,archetype_market,dedicated_syrupusdc,1,borrowed_assets,8598792337379,8598792.337379,USDC,0xaf88d065e77c8cc2239327c5edb3a432268e5831
v1.0,2025-09-14T13:00:00Z,379066707,campaign_snapshot,archetype_market,dedicated_syrupusdc,1,collateral_assets,8768478921858,8768478.921858,syrupUSDC,0x41ca7586cc1311807b4605fbb748a3b8862b42b5
v1.0,2025-09-14T13:00:00Z,379066707,campaign_snapshot,archetype_market,late_usdt0,1,borrowed_assets,0,0,USD₮0,0xfd086bc7cd5c481dcc9c85ebe478a1c0b69fcbb9
v1.0,2025-09-14T13:00:00Z,379066707,campaign_snapshot,archetype_market,late_usdt0,1,collateral_assets,0,0,syrupUSDC,0x41ca7586cc1311807b4605fbb748a3b8862b42b5
v1.0,2025-09-15T13:00:00Z,379412369,campaign_snapshot,exact_loan_asset_group,0xaf88d065e77c8cc2239327c5edb3a432268e5831,32,borrowed_assets,58228046310812,58228046.310812,USDC,0xaf88d065e77c8cc2239327c5edb3a432268e5831
v1.0,2025-09-15T13:00:00Z,379412369,campaign_snapshot,exact_loan_asset_group,0xaf88d065e77c8cc2239327c5edb3a432268e5831,32,supplied_assets,62231689594484,62231689.594484,USDC,0xaf88d065e77c8cc2239327c5edb3a432268e5831
v1.0,2025-09-15T13:00:00Z,379412369,campaign_snapshot,exact_loan_asset_group,0xfd086bc7cd5c481dcc9c85ebe478a1c0b69fcbb9,13,borrowed_assets,114374288,114.374288,USD₮0,0xfd086bc7cd5c481dcc9c85ebe478a1c0b69fcbb9
v1.0,2025-09-15T13:00:00Z,379412369,campaign_snapshot,exact_loan_asset_group,0xfd086bc7cd5c481dcc9c85ebe478a1c0b69fcbb9,13,supplied_assets,187918915,187.918915,USD₮0,0xfd086bc7cd5c481dcc9c85ebe478a1c0b69fcbb9
v1.0,2025-09-15T13:00:00Z,379412369,campaign_snapshot,fixed_program,45_markets,45,active_borrowers,297,297,wallets,
v1.0,2025-09-15T13:00:00Z,379412369,campaign_snapshot,fixed_program,45_markets,45,active_borrowers_shares_only,315,315,wallets,
v1.0,2025-09-15T13:00:00Z,379412369,campaign_snapshot,archetype_market,early_shared_usdc,1,borrowed_assets,46625153366,46625.153366,USDC,0xaf88d065e77c8cc2239327c5edb3a432268e5831
v1.0,2025-09-15T13:00:00Z,379412369,campaign_snapshot,archetype_market,early_shared_usdc,1,collateral_assets,29405015971712110546,29.405015971712,weETH,0x35751007a407ca6feffe80b3cb397736d2cf4dbe
v1.0,2025-09-15T13:00:00Z,379412369,campaign_snapshot,archetype_market,dedicated_syrupusdc,1,borrowed_assets,10202127416748,10202127.416748,USDC,0xaf88d065e77c8cc2239327c5edb3a432268e5831
v1.0,2025-09-15T13:00:00Z,379412369,campaign_snapshot,archetype_market,dedicated_syrupusdc,1,collateral_assets,12055126794167,12055126.794167,syrupUSDC,0x41ca7586cc1311807b4605fbb748a3b8862b42b5
v1.0,2025-09-15T13:00:00Z,379412369,campaign_snapshot,archetype_market,late_usdt0,1,borrowed_assets,0,0,USD₮0,0xfd086bc7cd5c481dcc9c85ebe478a1c0b69fcbb9
v1.0,2025-09-15T13:00:00Z,379412369,campaign_snapshot,archetype_market,late_usdt0,1,collateral_assets,0,0,syrupUSDC,0x41ca7586cc1311807b4605fbb748a3b8862b42b5
v1.0,2025-09-16T13:00:00Z,379757881,campaign_snapshot,exact_loan_asset_group,0xaf88d065e77c8cc2239327c5edb3a432268e5831,32,borrowed_assets,60085540718910,60085540.71891,USDC,0xaf88d065e77c8cc2239327c5edb3a432268e5831
v1.0,2025-09-16T13:00:00Z,379757881,campaign_snapshot,exact_loan_asset_group,0xaf88d065e77c8cc2239327c5edb3a432268e5831,32,supplied_assets,61953602560269,61953602.560269,USDC,0xaf88d065e77c8cc2239327c5edb3a432268e5831
v1.0,2025-09-16T13:00:00Z,379757881,campaign_snapshot,exact_loan_asset_group,0xfd086bc7cd5c481dcc9c85ebe478a1c0b69fcbb9,13,borrowed_assets,124985046,124.985046,USD₮0,0xfd086bc7cd5c481dcc9c85ebe478a1c0b69fcbb9
v1.0,2025-09-16T13:00:00Z,379757881,campaign_snapshot,exact_loan_asset_group,0xfd086bc7cd5c481dcc9c85ebe478a1c0b69fcbb9,13,supplied_assets,126039954,126.039954,USD₮0,0xfd086bc7cd5c481dcc9c85ebe478a1c0b69fcbb9
v1.0,2025-09-16T13:00:00Z,379757881,campaign_snapshot,fixed_program,45_markets,45,active_borrowers,307,307,wallets,
v1.0,2025-09-16T13:00:00Z,379757881,campaign_snapshot,fixed_program,45_markets,45,active_borrowers_shares_only,326,326,wallets,
v1.0,2025-09-16T13:00:00Z,379757881,campaign_snapshot,archetype_market,early_shared_usdc,1,borrowed_assets,47137131412,47137.131412,USDC,0xaf88d065e77c8cc2239327c5edb3a432268e5831
v1.0,2025-09-16T13:00:00Z,379757881,campaign_snapshot,archetype_market,early_shared_usdc,1,collateral_assets,29605015971712110546,29.605015971712,weETH,0x35751007a407ca6feffe80b3cb397736d2cf4dbe
v1.0,2025-09-16T13:00:00Z,379757881,campaign_snapshot,archetype_market,dedicated_syrupusdc,1,borrowed_assets,10399596148506,10399596.148506,USDC,0xaf88d065e77c8cc2239327c5edb3a432268e5831
v1.0,2025-09-16T13:00:00Z,379757881,campaign_snapshot,archetype_market,dedicated_syrupusdc,1,collateral_assets,12337236037516,12337236.037516,syrupUSDC,0x41ca7586cc1311807b4605fbb748a3b8862b42b5
v1.0,2025-09-16T13:00:00Z,379757881,campaign_snapshot,archetype_market,late_usdt0,1,borrowed_assets,0,0,USD₮0,0xfd086bc7cd5c481dcc9c85ebe478a1c0b69fcbb9
v1.0,2025-09-16T13:00:00Z,379757881,campaign_snapshot,archetype_market,late_usdt0,1,collateral_assets,0,0,syrupUSDC,0x41ca7586cc1311807b4605fbb748a3b8862b42b5
v1.0,2025-09-17T13:00:00Z,380103383,campaign_snapshot,exact_loan_asset_group,0xaf88d065e77c8cc2239327c5edb3a432268e5831,32,borrowed_assets,58799217558418,58799217.558418,USDC,0xaf88d065e77c8cc2239327c5edb3a432268e5831
v1.0,2025-09-17T13:00:00Z,380103383,campaign_snapshot,exact_loan_asset_group,0xaf88d065e77c8cc2239327c5edb3a432268e5831,32,supplied_assets,60610791205770,60610791.20577,USDC,0xaf88d065e77c8cc2239327c5edb3a432268e5831
v1.0,2025-09-17T13:00:00Z,380103383,campaign_snapshot,exact_loan_asset_group,0xfd086bc7cd5c481dcc9c85ebe478a1c0b69fcbb9,13,borrowed_assets,125013060,125.01306,USD₮0,0xfd086bc7cd5c481dcc9c85ebe478a1c0b69fcbb9
v1.0,2025-09-17T13:00:00Z,380103383,campaign_snapshot,exact_loan_asset_group,0xfd086bc7cd5c481dcc9c85ebe478a1c0b69fcbb9,13,supplied_assets,126070114,126.070114,USD₮0,0xfd086bc7cd5c481dcc9c85ebe478a1c0b69fcbb9
v1.0,2025-09-17T13:00:00Z,380103383,campaign_snapshot,fixed_program,45_markets,45,active_borrowers,306,306,wallets,
v1.0,2025-09-17T13:00:00Z,380103383,campaign_snapshot,fixed_program,45_markets,45,active_borrowers_shares_only,325,325,wallets,
v1.0,2025-09-17T13:00:00Z,380103383,campaign_snapshot,archetype_market,early_shared_usdc,1,borrowed_assets,47151539810,47151.53981,USDC,0xaf88d065e77c8cc2239327c5edb3a432268e5831
v1.0,2025-09-17T13:00:00Z,380103383,campaign_snapshot,archetype_market,early_shared_usdc,1,collateral_assets,29605015971712110546,29.605015971712,weETH,0x35751007a407ca6feffe80b3cb397736d2cf4dbe
v1.0,2025-09-17T13:00:00Z,380103383,campaign_snapshot,archetype_market,dedicated_syrupusdc,1,borrowed_assets,10130584943319,10130584.943319,USDC,0xaf88d065e77c8cc2239327c5edb3a432268e5831
v1.0,2025-09-17T13:00:00Z,380103383,campaign_snapshot,archetype_market,dedicated_syrupusdc,1,collateral_assets,12039585665011,12039585.665011,syrupUSDC,0x41ca7586cc1311807b4605fbb748a3b8862b42b5
v1.0,2025-09-17T13:00:00Z,380103383,campaign_snapshot,archetype_market,late_usdt0,1,borrowed_assets,0,0,USD₮0,0xfd086bc7cd5c481dcc9c85ebe478a1c0b69fcbb9
v1.0,2025-09-17T13:00:00Z,380103383,campaign_snapshot,archetype_market,late_usdt0,1,collateral_assets,0,0,syrupUSDC,0x41ca7586cc1311807b4605fbb748a3b8862b42b5
v1.0,2025-09-18T13:00:00Z,380449200,campaign_snapshot,exact_loan_asset_group,0xaf88d065e77c8cc2239327c5edb3a432268e5831,32,borrowed_assets,66429134301929,66429134.301929,USDC,0xaf88d065e77c8cc2239327c5edb3a432268e5831
v1.0,2025-09-18T13:00:00Z,380449200,campaign_snapshot,exact_loan_asset_group,0xaf88d065e77c8cc2239327c5edb3a432268e5831,32,supplied_assets,76309554558231,76309554.558231,USDC,0xaf88d065e77c8cc2239327c5edb3a432268e5831
v1.0,2025-09-18T13:00:00Z,380449200,campaign_snapshot,exact_loan_asset_group,0xfd086bc7cd5c481dcc9c85ebe478a1c0b69fcbb9,13,borrowed_assets,125032893,125.032893,USD₮0,0xfd086bc7cd5c481dcc9c85ebe478a1c0b69fcbb9
v1.0,2025-09-18T13:00:00Z,380449200,campaign_snapshot,exact_loan_asset_group,0xfd086bc7cd5c481dcc9c85ebe478a1c0b69fcbb9,13,supplied_assets,125115161,125.115161,USD₮0,0xfd086bc7cd5c481dcc9c85ebe478a1c0b69fcbb9
v1.0,2025-09-18T13:00:00Z,380449200,campaign_snapshot,fixed_program,45_markets,45,active_borrowers,329,329,wallets,
v1.0,2025-09-18T13:00:00Z,380449200,campaign_snapshot,fixed_program,45_markets,45,active_borrowers_shares_only,354,354,wallets,
v1.0,2025-09-18T13:00:00Z,380449200,campaign_snapshot,archetype_market,early_shared_usdc,1,borrowed_assets,47363749512,47363.749512,USDC,0xaf88d065e77c8cc2239327c5edb3a432268e5831
v1.0,2025-09-18T13:00:00Z,380449200,campaign_snapshot,archetype_market,early_shared_usdc,1,collateral_assets,29668419439737214496,29.668419439737,weETH,0x35751007a407ca6feffe80b3cb397736d2cf4dbe
v1.0,2025-09-18T13:00:00Z,380449200,campaign_snapshot,archetype_market,dedicated_syrupusdc,1,borrowed_assets,16295771927306,16295771.927306,USDC,0xaf88d065e77c8cc2239327c5edb3a432268e5831
v1.0,2025-09-18T13:00:00Z,380449200,campaign_snapshot,archetype_market,dedicated_syrupusdc,1,collateral_assets,17800865238241,17800865.238241,syrupUSDC,0x41ca7586cc1311807b4605fbb748a3b8862b42b5
v1.0,2025-09-18T13:00:00Z,380449200,campaign_snapshot,archetype_market,late_usdt0,1,borrowed_assets,0,0,USD₮0,0xfd086bc7cd5c481dcc9c85ebe478a1c0b69fcbb9
v1.0,2025-09-18T13:00:00Z,380449200,campaign_snapshot,archetype_market,late_usdt0,1,collateral_assets,0,0,syrupUSDC,0x41ca7586cc1311807b4605fbb748a3b8862b42b5
v1.0,2025-09-19T13:00:00Z,380794936,campaign_snapshot,exact_loan_asset_group,0xaf88d065e77c8cc2239327c5edb3a432268e5831,32,borrowed_assets,77750100148524,77750100.148524,USDC,0xaf88d065e77c8cc2239327c5edb3a432268e5831
v1.0,2025-09-19T13:00:00Z,380794936,campaign_snapshot,exact_loan_asset_group,0xaf88d065e77c8cc2239327c5edb3a432268e5831,32,supplied_assets,85574476700787,85574476.700787,USDC,0xaf88d065e77c8cc2239327c5edb3a432268e5831
v1.0,2025-09-19T13:00:00Z,380794936,campaign_snapshot,exact_loan_asset_group,0xfd086bc7cd5c481dcc9c85ebe478a1c0b69fcbb9,13,borrowed_assets,125058278,125.058278,USD₮0,0xfd086bc7cd5c481dcc9c85ebe478a1c0b69fcbb9
v1.0,2025-09-19T13:00:00Z,380794936,campaign_snapshot,exact_loan_asset_group,0xfd086bc7cd5c481dcc9c85ebe478a1c0b69fcbb9,13,supplied_assets,125082295,125.082295,USD₮0,0xfd086bc7cd5c481dcc9c85ebe478a1c0b69fcbb9
v1.0,2025-09-19T13:00:00Z,380794936,campaign_snapshot,fixed_program,45_markets,45,active_borrowers,389,389,wallets,
v1.0,2025-09-19T13:00:00Z,380794936,campaign_snapshot,fixed_program,45_markets,45,active_borrowers_shares_only,421,421,wallets,
v1.0,2025-09-19T13:00:00Z,380794936,campaign_snapshot,archetype_market,early_shared_usdc,1,borrowed_assets,47719294416,47719.294416,USDC,0xaf88d065e77c8cc2239327c5edb3a432268e5831
v1.0,2025-09-19T13:00:00Z,380794936,campaign_snapshot,archetype_market,early_shared_usdc,1,collateral_assets,29758001816764169843,29.758001816764,weETH,0x35751007a407ca6feffe80b3cb397736d2cf4dbe
v1.0,2025-09-19T13:00:00Z,380794936,campaign_snapshot,archetype_market,dedicated_syrupusdc,1,borrowed_assets,23250667913194,23250667.913194,USDC,0xaf88d065e77c8cc2239327c5edb3a432268e5831
v1.0,2025-09-19T13:00:00Z,380794936,campaign_snapshot,archetype_market,dedicated_syrupusdc,1,collateral_assets,24754823387172,24754823.387172,syrupUSDC,0x41ca7586cc1311807b4605fbb748a3b8862b42b5
v1.0,2025-09-19T13:00:00Z,380794936,campaign_snapshot,archetype_market,late_usdt0,1,borrowed_assets,0,0,USD₮0,0xfd086bc7cd5c481dcc9c85ebe478a1c0b69fcbb9
v1.0,2025-09-19T13:00:00Z,380794936,campaign_snapshot,archetype_market,late_usdt0,1,collateral_assets,0,0,syrupUSDC,0x41ca7586cc1311807b4605fbb748a3b8862b42b5
v1.0,2025-09-20T13:00:00Z,381140692,campaign_snapshot,exact_loan_asset_group,0xaf88d065e77c8cc2239327c5edb3a432268e5831,32,borrowed_assets,84087060494724,84087060.494724,USDC,0xaf88d065e77c8cc2239327c5edb3a432268e5831
v1.0,2025-09-20T13:00:00Z,381140692,campaign_snapshot,exact_loan_asset_group,0xaf88d065e77c8cc2239327c5edb3a432268e5831,32,supplied_assets,97330473354677,97330473.354677,USDC,0xaf88d065e77c8cc2239327c5edb3a432268e5831
v1.0,2025-09-20T13:00:00Z,381140692,campaign_snapshot,exact_loan_asset_group,0xfd086bc7cd5c481dcc9c85ebe478a1c0b69fcbb9,13,borrowed_assets,3125105739,3125.105739,USD₮0,0xfd086bc7cd5c481dcc9c85ebe478a1c0b69fcbb9
v1.0,2025-09-20T13:00:00Z,381140692,campaign_snapshot,exact_loan_asset_group,0xfd086bc7cd5c481dcc9c85ebe478a1c0b69fcbb9,13,supplied_assets,6823241816,6823.241816,USD₮0,0xfd086bc7cd5c481dcc9c85ebe478a1c0b69fcbb9
v1.0,2025-09-20T13:00:00Z,381140692,campaign_snapshot,fixed_program,45_markets,45,active_borrowers,513,513,wallets,
v1.0,2025-09-20T13:00:00Z,381140692,campaign_snapshot,fixed_program,45_markets,45,active_borrowers_shares_only,849,849,wallets,
v1.0,2025-09-20T13:00:00Z,381140692,campaign_snapshot,archetype_market,early_shared_usdc,1,borrowed_assets,50732369589,50732.369589,USDC,0xaf88d065e77c8cc2239327c5edb3a432268e5831
v1.0,2025-09-20T13:00:00Z,381140692,campaign_snapshot,archetype_market,early_shared_usdc,1,collateral_assets,30706973836337074574,30.706973836337,weETH,0x35751007a407ca6feffe80b3cb397736d2cf4dbe
v1.0,2025-09-20T13:00:00Z,381140692,campaign_snapshot,archetype_market,dedicated_syrupusdc,1,borrowed_assets,23254949629965,23254949.629965,USDC,0xaf88d065e77c8cc2239327c5edb3a432268e5831
v1.0,2025-09-20T13:00:00Z,381140692,campaign_snapshot,archetype_market,dedicated_syrupusdc,1,collateral_assets,24754973381616,24754973.381616,syrupUSDC,0x41ca7586cc1311807b4605fbb748a3b8862b42b5
v1.0,2025-09-20T13:00:00Z,381140692,campaign_snapshot,archetype_market,late_usdt0,1,borrowed_assets,0,0,USD₮0,0xfd086bc7cd5c481dcc9c85ebe478a1c0b69fcbb9
v1.0,2025-09-20T13:00:00Z,381140692,campaign_snapshot,archetype_market,late_usdt0,1,collateral_assets,0,0,syrupUSDC,0x41ca7586cc1311807b4605fbb748a3b8862b42b5
v1.0,2025-09-21T13:00:00Z,381486378,campaign_snapshot,exact_loan_asset_group,0xaf88d065e77c8cc2239327c5edb3a432268e5831,32,borrowed_assets,85826950073688,85826950.073688,USDC,0xaf88d065e77c8cc2239327c5edb3a432268e5831
v1.0,2025-09-21T13:00:00Z,381486378,campaign_snapshot,exact_loan_asset_group,0xaf88d065e77c8cc2239327c5edb3a432268e5831,32,supplied_assets,100256019570411,100256019.570411,USDC,0xaf88d065e77c8cc2239327c5edb3a432268e5831
v1.0,2025-09-21T13:00:00Z,381486378,campaign_snapshot,exact_loan_asset_group,0xfd086bc7cd5c481dcc9c85ebe478a1c0b69fcbb9,13,borrowed_assets,7425412103,7425.412103,USD₮0,0xfd086bc7cd5c481dcc9c85ebe478a1c0b69fcbb9
v1.0,2025-09-21T13:00:00Z,381486378,campaign_snapshot,exact_loan_asset_group,0xfd086bc7cd5c481dcc9c85ebe478a1c0b69fcbb9,13,supplied_assets,7454455264,7454.455264,USD₮0,0xfd086bc7cd5c481dcc9c85ebe478a1c0b69fcbb9
v1.0,2025-09-21T13:00:00Z,381486378,campaign_snapshot,fixed_program,45_markets,45,active_borrowers,596,596,wallets,
v1.0,2025-09-21T13:00:00Z,381486378,campaign_snapshot,fixed_program,45_markets,45,active_borrowers_shares_only,999,999,wallets,
v1.0,2025-09-21T13:00:00Z,381486378,campaign_snapshot,archetype_market,early_shared_usdc,1,borrowed_assets,47740242350,47740.24235,USDC,0xaf88d065e77c8cc2239327c5edb3a432268e5831
v1.0,2025-09-21T13:00:00Z,381486378,campaign_snapshot,archetype_market,early_shared_usdc,1,collateral_assets,29758001816764169843,29.758001816764,weETH,0x35751007a407ca6feffe80b3cb397736d2cf4dbe
v1.0,2025-09-21T13:00:00Z,381486378,campaign_snapshot,archetype_market,dedicated_syrupusdc,1,borrowed_assets,23262265996566,23262265.996566,USDC,0xaf88d065e77c8cc2239327c5edb3a432268e5831
v1.0,2025-09-21T13:00:00Z,381486378,campaign_snapshot,archetype_market,dedicated_syrupusdc,1,collateral_assets,24760973635949,24760973.635949,syrupUSDC,0x41ca7586cc1311807b4605fbb748a3b8862b42b5
v1.0,2025-09-21T13:00:00Z,381486378,campaign_snapshot,archetype_market,late_usdt0,1,borrowed_assets,0,0,USD₮0,0xfd086bc7cd5c481dcc9c85ebe478a1c0b69fcbb9
v1.0,2025-09-21T13:00:00Z,381486378,campaign_snapshot,archetype_market,late_usdt0,1,collateral_assets,0,0,syrupUSDC,0x41ca7586cc1311807b4605fbb748a3b8862b42b5
v1.0,2025-09-22T13:00:00Z,381832177,campaign_snapshot,exact_loan_asset_group,0xaf88d065e77c8cc2239327c5edb3a432268e5831,32,borrowed_assets,88208635739592,88208635.739592,USDC,0xaf88d065e77c8cc2239327c5edb3a432268e5831
v1.0,2025-09-22T13:00:00Z,381832177,campaign_snapshot,exact_loan_asset_group,0xaf88d065e77c8cc2239327c5edb3a432268e5831,32,supplied_assets,98068670332059,98068670.332059,USDC,0xaf88d065e77c8cc2239327c5edb3a432268e5831
v1.0,2025-09-22T13:00:00Z,381832177,campaign_snapshot,exact_loan_asset_group,0xfd086bc7cd5c481dcc9c85ebe478a1c0b69fcbb9,13,borrowed_assets,9585489352,9585.489352,USD₮0,0xfd086bc7cd5c481dcc9c85ebe478a1c0b69fcbb9
v1.0,2025-09-22T13:00:00Z,381832177,campaign_snapshot,exact_loan_asset_group,0xfd086bc7cd5c481dcc9c85ebe478a1c0b69fcbb9,13,supplied_assets,12475482924,12475.482924,USD₮0,0xfd086bc7cd5c481dcc9c85ebe478a1c0b69fcbb9
v1.0,2025-09-22T13:00:00Z,381832177,campaign_snapshot,fixed_program,45_markets,45,active_borrowers,666,666,wallets,
v1.0,2025-09-22T13:00:00Z,381832177,campaign_snapshot,fixed_program,45_markets,45,active_borrowers_shares_only,1098,1098,wallets,
v1.0,2025-09-22T13:00:00Z,381832177,campaign_snapshot,archetype_market,early_shared_usdc,1,borrowed_assets,47408825867,47408.825867,USDC,0xaf88d065e77c8cc2239327c5edb3a432268e5831
v1.0,2025-09-22T13:00:00Z,381832177,campaign_snapshot,archetype_market,early_shared_usdc,1,collateral_assets,29677863809266932505,29.677863809267,weETH,0x35751007a407ca6feffe80b3cb397736d2cf4dbe
v1.0,2025-09-22T13:00:00Z,381832177,campaign_snapshot,archetype_market,dedicated_syrupusdc,1,borrowed_assets,23410649405455,23410649.405455,USDC,0xaf88d065e77c8cc2239327c5edb3a432268e5831
v1.0,2025-09-22T13:00:00Z,381832177,campaign_snapshot,archetype_market,dedicated_syrupusdc,1,collateral_assets,27590181204068,27590181.204068,syrupUSDC,0x41ca7586cc1311807b4605fbb748a3b8862b42b5
v1.0,2025-09-22T13:00:00Z,381832177,campaign_snapshot,archetype_market,late_usdt0,1,borrowed_assets,0,0,USD₮0,0xfd086bc7cd5c481dcc9c85ebe478a1c0b69fcbb9
v1.0,2025-09-22T13:00:00Z,381832177,campaign_snapshot,archetype_market,late_usdt0,1,collateral_assets,0,0,syrupUSDC,0x41ca7586cc1311807b4605fbb748a3b8862b42b5
v1.0,2025-09-23T13:00:00Z,382178444,campaign_snapshot,exact_loan_asset_group,0xaf88d065e77c8cc2239327c5edb3a432268e5831,32,borrowed_assets,94516578715163,94516578.715163,USDC,0xaf88d065e77c8cc2239327c5edb3a432268e5831
v1.0,2025-09-23T13:00:00Z,382178444,campaign_snapshot,exact_loan_asset_group,0xaf88d065e77c8cc2239327c5edb3a432268e5831,32,supplied_assets,106564206902719,106564206.902719,USDC,0xaf88d065e77c8cc2239327c5edb3a432268e5831
v1.0,2025-09-23T13:00:00Z,382178444,campaign_snapshot,exact_loan_asset_group,0xfd086bc7cd5c481dcc9c85ebe478a1c0b69fcbb9,13,borrowed_assets,10588183514,10588.183514,USD₮0,0xfd086bc7cd5c481dcc9c85ebe478a1c0b69fcbb9
v1.0,2025-09-23T13:00:00Z,382178444,campaign_snapshot,exact_loan_asset_group,0xfd086bc7cd5c481dcc9c85ebe478a1c0b69fcbb9,13,supplied_assets,12387703906,12387.703906,USD₮0,0xfd086bc7cd5c481dcc9c85ebe478a1c0b69fcbb9
v1.0,2025-09-23T13:00:00Z,382178444,campaign_snapshot,fixed_program,45_markets,45,active_borrowers,683,683,wallets,
v1.0,2025-09-23T13:00:00Z,382178444,campaign_snapshot,fixed_program,45_markets,45,active_borrowers_shares_only,1123,1123,wallets,
v1.0,2025-09-23T13:00:00Z,382178444,campaign_snapshot,archetype_market,early_shared_usdc,1,borrowed_assets,48088610645,48088.610645,USDC,0xaf88d065e77c8cc2239327c5edb3a432268e5831
v1.0,2025-09-23T13:00:00Z,382178444,campaign_snapshot,archetype_market,early_shared_usdc,1,collateral_assets,29869369265841358392,29.869369265841,weETH,0x35751007a407ca6feffe80b3cb397736d2cf4dbe
v1.0,2025-09-23T13:00:00Z,382178444,campaign_snapshot,archetype_market,dedicated_syrupusdc,1,borrowed_assets,18785889416795,18785889.416795,USDC,0xaf88d065e77c8cc2239327c5edb3a432268e5831
v1.0,2025-09-23T13:00:00Z,382178444,campaign_snapshot,archetype_market,dedicated_syrupusdc,1,collateral_assets,22855755049021,22855755.049021,syrupUSDC,0x41ca7586cc1311807b4605fbb748a3b8862b42b5
v1.0,2025-09-23T13:00:00Z,382178444,campaign_snapshot,archetype_market,late_usdt0,1,borrowed_assets,0,0,USD₮0,0xfd086bc7cd5c481dcc9c85ebe478a1c0b69fcbb9
v1.0,2025-09-23T13:00:00Z,382178444,campaign_snapshot,archetype_market,late_usdt0,1,collateral_assets,0,0,syrupUSDC,0x41ca7586cc1311807b4605fbb748a3b8862b42b5
v1.0,2025-09-24T13:00:00Z,382524781,campaign_snapshot,exact_loan_asset_group,0xaf88d065e77c8cc2239327c5edb3a432268e5831,32,borrowed_assets,97531191787659,97531191.787659,USDC,0xaf88d065e77c8cc2239327c5edb3a432268e5831
v1.0,2025-09-24T13:00:00Z,382524781,campaign_snapshot,exact_loan_asset_group,0xaf88d065e77c8cc2239327c5edb3a432268e5831,32,supplied_assets,106994294316638,106994294.316638,USDC,0xaf88d065e77c8cc2239327c5edb3a432268e5831
v1.0,2025-09-24T13:00:00Z,382524781,campaign_snapshot,exact_loan_asset_group,0xfd086bc7cd5c481dcc9c85ebe478a1c0b69fcbb9,13,borrowed_assets,10587942114,10587.942114,USD₮0,0xfd086bc7cd5c481dcc9c85ebe478a1c0b69fcbb9
v1.0,2025-09-24T13:00:00Z,382524781,campaign_snapshot,exact_loan_asset_group,0xfd086bc7cd5c481dcc9c85ebe478a1c0b69fcbb9,13,supplied_assets,12388573718,12388.573718,USD₮0,0xfd086bc7cd5c481dcc9c85ebe478a1c0b69fcbb9
v1.0,2025-09-24T13:00:00Z,382524781,campaign_snapshot,fixed_program,45_markets,45,active_borrowers,722,722,wallets,
v1.0,2025-09-24T13:00:00Z,382524781,campaign_snapshot,fixed_program,45_markets,45,active_borrowers_shares_only,1174,1174,wallets,
v1.0,2025-09-24T13:00:00Z,382524781,campaign_snapshot,archetype_market,early_shared_usdc,1,borrowed_assets,48103286620,48103.28662,USDC,0xaf88d065e77c8cc2239327c5edb3a432268e5831
v1.0,2025-09-24T13:00:00Z,382524781,campaign_snapshot,archetype_market,early_shared_usdc,1,collateral_assets,29869369265841358392,29.869369265841,weETH,0x35751007a407ca6feffe80b3cb397736d2cf4dbe
v1.0,2025-09-24T13:00:00Z,382524781,campaign_snapshot,archetype_market,dedicated_syrupusdc,1,borrowed_assets,18726697692219,18726697.692219,USDC,0xaf88d065e77c8cc2239327c5edb3a432268e5831
v1.0,2025-09-24T13:00:00Z,382524781,campaign_snapshot,archetype_market,dedicated_syrupusdc,1,collateral_assets,22791639310650,22791639.31065,syrupUSDC,0x41ca7586cc1311807b4605fbb748a3b8862b42b5
v1.0,2025-09-24T13:00:00Z,382524781,campaign_snapshot,archetype_market,late_usdt0,1,borrowed_assets,0,0,USD₮0,0xfd086bc7cd5c481dcc9c85ebe478a1c0b69fcbb9
v1.0,2025-09-24T13:00:00Z,382524781,campaign_snapshot,archetype_market,late_usdt0,1,collateral_assets,0,0,syrupUSDC,0x41ca7586cc1311807b4605fbb748a3b8862b42b5
v1.0,2025-09-25T13:00:00Z,382871454,campaign_snapshot,exact_loan_asset_group,0xaf88d065e77c8cc2239327c5edb3a432268e5831,32,borrowed_assets,106523972259867,106523972.259867,USDC,0xaf88d065e77c8cc2239327c5edb3a432268e5831
v1.0,2025-09-25T13:00:00Z,382871454,campaign_snapshot,exact_loan_asset_group,0xaf88d065e77c8cc2239327c5edb3a432268e5831,32,supplied_assets,107804109337450,107804109.33745,USDC,0xaf88d065e77c8cc2239327c5edb3a432268e5831
v1.0,2025-09-25T13:00:00Z,382871454,campaign_snapshot,exact_loan_asset_group,0xfd086bc7cd5c481dcc9c85ebe478a1c0b69fcbb9,13,borrowed_assets,10550604711,10550.604711,USD₮0,0xfd086bc7cd5c481dcc9c85ebe478a1c0b69fcbb9
v1.0,2025-09-25T13:00:00Z,382871454,campaign_snapshot,exact_loan_asset_group,0xfd086bc7cd5c481dcc9c85ebe478a1c0b69fcbb9,13,supplied_assets,20560415885,20560.415885,USD₮0,0xfd086bc7cd5c481dcc9c85ebe478a1c0b69fcbb9
v1.0,2025-09-25T13:00:00Z,382871454,campaign_snapshot,fixed_program,45_markets,45,active_borrowers,795,795,wallets,
v1.0,2025-09-25T13:00:00Z,382871454,campaign_snapshot,fixed_program,45_markets,45,active_borrowers_shares_only,1254,1254,wallets,
v1.0,2025-09-25T13:00:00Z,382871454,campaign_snapshot,archetype_market,early_shared_usdc,1,borrowed_assets,9848695538,9848.695538,USDC,0xaf88d065e77c8cc2239327c5edb3a432268e5831
v1.0,2025-09-25T13:00:00Z,382871454,campaign_snapshot,archetype_market,early_shared_usdc,1,collateral_assets,4839074948141336765,4.839074948141,weETH,0x35751007a407ca6feffe80b3cb397736d2cf4dbe
v1.0,2025-09-25T13:00:00Z,382871454,campaign_snapshot,archetype_market,dedicated_syrupusdc,1,borrowed_assets,18728056434408,18728056.434408,USDC,0xaf88d065e77c8cc2239327c5edb3a432268e5831
v1.0,2025-09-25T13:00:00Z,382871454,campaign_snapshot,archetype_market,dedicated_syrupusdc,1,collateral_assets,22791656692715,22791656.692715,syrupUSDC,0x41ca7586cc1311807b4605fbb748a3b8862b42b5
v1.0,2025-09-25T13:00:00Z,382871454,campaign_snapshot,archetype_market,late_usdt0,1,borrowed_assets,0,0,USD₮0,0xfd086bc7cd5c481dcc9c85ebe478a1c0b69fcbb9
v1.0,2025-09-25T13:00:00Z,382871454,campaign_snapshot,archetype_market,late_usdt0,1,collateral_assets,0,0,syrupUSDC,0x41ca7586cc1311807b4605fbb748a3b8862b42b5
v1.0,2025-09-26T13:00:00Z,383218187,campaign_snapshot,exact_loan_asset_group,0xaf88d065e77c8cc2239327c5edb3a432268e5831,32,borrowed_assets,103105302811731,103105302.811731,USDC,0xaf88d065e77c8cc2239327c5edb3a432268e5831
v1.0,2025-09-26T13:00:00Z,383218187,campaign_snapshot,exact_loan_asset_group,0xaf88d065e77c8cc2239327c5edb3a432268e5831,32,supplied_assets,116057849137666,116057849.137666,USDC,0xaf88d065e77c8cc2239327c5edb3a432268e5831
v1.0,2025-09-26T13:00:00Z,383218187,campaign_snapshot,exact_loan_asset_group,0xfd086bc7cd5c481dcc9c85ebe478a1c0b69fcbb9,13,borrowed_assets,10544054161,10544.054161,USD₮0,0xfd086bc7cd5c481dcc9c85ebe478a1c0b69fcbb9
v1.0,2025-09-26T13:00:00Z,383218187,campaign_snapshot,exact_loan_asset_group,0xfd086bc7cd5c481dcc9c85ebe478a1c0b69fcbb9,13,supplied_assets,10604844726,10604.844726,USD₮0,0xfd086bc7cd5c481dcc9c85ebe478a1c0b69fcbb9
v1.0,2025-09-26T13:00:00Z,383218187,campaign_snapshot,fixed_program,45_markets,45,active_borrowers,919,919,wallets,
v1.0,2025-09-26T13:00:00Z,383218187,campaign_snapshot,fixed_program,45_markets,45,active_borrowers_shares_only,1383,1383,wallets,
v1.0,2025-09-26T13:00:00Z,383218187,campaign_snapshot,archetype_market,early_shared_usdc,1,borrowed_assets,9848610100,9848.6101,USDC,0xaf88d065e77c8cc2239327c5edb3a432268e5831
v1.0,2025-09-26T13:00:00Z,383218187,campaign_snapshot,archetype_market,early_shared_usdc,1,collateral_assets,4949928874279013116,4.949928874279,weETH,0x35751007a407ca6feffe80b3cb397736d2cf4dbe
v1.0,2025-09-26T13:00:00Z,383218187,campaign_snapshot,archetype_market,dedicated_syrupusdc,1,borrowed_assets,18560200452736,18560200.452736,USDC,0xaf88d065e77c8cc2239327c5edb3a432268e5831
v1.0,2025-09-26T13:00:00Z,383218187,campaign_snapshot,archetype_market,dedicated_syrupusdc,1,collateral_assets,22614410099711,22614410.099711,syrupUSDC,0x41ca7586cc1311807b4605fbb748a3b8862b42b5
v1.0,2025-09-26T13:00:00Z,383218187,campaign_snapshot,archetype_market,late_usdt0,1,borrowed_assets,0,0,USD₮0,0xfd086bc7cd5c481dcc9c85ebe478a1c0b69fcbb9
v1.0,2025-09-26T13:00:00Z,383218187,campaign_snapshot,archetype_market,late_usdt0,1,collateral_assets,0,0,syrupUSDC,0x41ca7586cc1311807b4605fbb748a3b8862b42b5
v1.0,2025-09-27T13:00:00Z,383564514,campaign_snapshot,exact_loan_asset_group,0xaf88d065e77c8cc2239327c5edb3a432268e5831,32,borrowed_assets,112449105661059,112449105.661059,USDC,0xaf88d065e77c8cc2239327c5edb3a432268e5831
v1.0,2025-09-27T13:00:00Z,383564514,campaign_snapshot,exact_loan_asset_group,0xaf88d065e77c8cc2239327c5edb3a432268e5831,32,supplied_assets,122947837232356,122947837.232356,USDC,0xaf88d065e77c8cc2239327c5edb3a432268e5831
v1.0,2025-09-27T13:00:00Z,383564514,campaign_snapshot,exact_loan_asset_group,0xfd086bc7cd5c481dcc9c85ebe478a1c0b69fcbb9,13,borrowed_assets,10514206457,10514.206457,USD₮0,0xfd086bc7cd5c481dcc9c85ebe478a1c0b69fcbb9
v1.0,2025-09-27T13:00:00Z,383564514,campaign_snapshot,exact_loan_asset_group,0xfd086bc7cd5c481dcc9c85ebe478a1c0b69fcbb9,13,supplied_assets,11557903964,11557.903964,USD₮0,0xfd086bc7cd5c481dcc9c85ebe478a1c0b69fcbb9
v1.0,2025-09-27T13:00:00Z,383564514,campaign_snapshot,fixed_program,45_markets,45,active_borrowers,951,951,wallets,
v1.0,2025-09-27T13:00:00Z,383564514,campaign_snapshot,fixed_program,45_markets,45,active_borrowers_shares_only,1427,1427,wallets,
v1.0,2025-09-27T13:00:00Z,383564514,campaign_snapshot,archetype_market,early_shared_usdc,1,borrowed_assets,9851029303,9851.029303,USDC,0xaf88d065e77c8cc2239327c5edb3a432268e5831
v1.0,2025-09-27T13:00:00Z,383564514,campaign_snapshot,archetype_market,early_shared_usdc,1,collateral_assets,4949928874279013116,4.949928874279,weETH,0x35751007a407ca6feffe80b3cb397736d2cf4dbe
v1.0,2025-09-27T13:00:00Z,383564514,campaign_snapshot,archetype_market,dedicated_syrupusdc,1,borrowed_assets,18483218143836,18483218.143836,USDC,0xaf88d065e77c8cc2239327c5edb3a432268e5831
v1.0,2025-09-27T13:00:00Z,383564514,campaign_snapshot,archetype_market,dedicated_syrupusdc,1,collateral_assets,22528355947766,22528355.947766,syrupUSDC,0x41ca7586cc1311807b4605fbb748a3b8862b42b5
v1.0,2025-09-27T13:00:00Z,383564514,campaign_snapshot,archetype_market,late_usdt0,1,borrowed_assets,0,0,USD₮0,0xfd086bc7cd5c481dcc9c85ebe478a1c0b69fcbb9
v1.0,2025-09-27T13:00:00Z,383564514,campaign_snapshot,archetype_market,late_usdt0,1,collateral_assets,0,0,syrupUSDC,0x41ca7586cc1311807b4605fbb748a3b8862b42b5
v1.0,2025-09-28T13:00:00Z,383910647,campaign_snapshot,exact_loan_asset_group,0xaf88d065e77c8cc2239327c5edb3a432268e5831,32,borrowed_assets,113727979922987,113727979.922987,USDC,0xaf88d065e77c8cc2239327c5edb3a432268e5831
v1.0,2025-09-28T13:00:00Z,383910647,campaign_snapshot,exact_loan_asset_group,0xaf88d065e77c8cc2239327c5edb3a432268e5831,32,supplied_assets,125640372204100,125640372.2041,USDC,0xaf88d065e77c8cc2239327c5edb3a432268e5831
v1.0,2025-09-28T13:00:00Z,383910647,campaign_snapshot,exact_loan_asset_group,0xfd086bc7cd5c481dcc9c85ebe478a1c0b69fcbb9,13,borrowed_assets,9981770716,9981.770716,USD₮0,0xfd086bc7cd5c481dcc9c85ebe478a1c0b69fcbb9
v1.0,2025-09-28T13:00:00Z,383910647,campaign_snapshot,exact_loan_asset_group,0xfd086bc7cd5c481dcc9c85ebe478a1c0b69fcbb9,13,supplied_assets,11559431272,11559.431272,USD₮0,0xfd086bc7cd5c481dcc9c85ebe478a1c0b69fcbb9
v1.0,2025-09-28T13:00:00Z,383910647,campaign_snapshot,fixed_program,45_markets,45,active_borrowers,991,991,wallets,
v1.0,2025-09-28T13:00:00Z,383910647,campaign_snapshot,fixed_program,45_markets,45,active_borrowers_shares_only,1481,1481,wallets,
v1.0,2025-09-28T13:00:00Z,383910647,campaign_snapshot,archetype_market,early_shared_usdc,1,borrowed_assets,9652989155,9652.989155,USDC,0xaf88d065e77c8cc2239327c5edb3a432268e5831
v1.0,2025-09-28T13:00:00Z,383910647,campaign_snapshot,archetype_market,early_shared_usdc,1,collateral_assets,4886537206112470118,4.886537206112,weETH,0x35751007a407ca6feffe80b3cb397736d2cf4dbe
v1.0,2025-09-28T13:00:00Z,383910647,campaign_snapshot,archetype_market,dedicated_syrupusdc,1,borrowed_assets,18157227980609,18157227.980609,USDC,0xaf88d065e77c8cc2239327c5edb3a432268e5831
v1.0,2025-09-28T13:00:00Z,383910647,campaign_snapshot,archetype_market,dedicated_syrupusdc,1,collateral_assets,22183012008644,22183012.008644,syrupUSDC,0x41ca7586cc1311807b4605fbb748a3b8862b42b5
v1.0,2025-09-28T13:00:00Z,383910647,campaign_snapshot,archetype_market,late_usdt0,1,borrowed_assets,0,0,USD₮0,0xfd086bc7cd5c481dcc9c85ebe478a1c0b69fcbb9
v1.0,2025-09-28T13:00:00Z,383910647,campaign_snapshot,archetype_market,late_usdt0,1,collateral_assets,0,0,syrupUSDC,0x41ca7586cc1311807b4605fbb748a3b8862b42b5
v1.0,2025-09-29T13:00:00Z,384256638,campaign_snapshot,exact_loan_asset_group,0xaf88d065e77c8cc2239327c5edb3a432268e5831,32,borrowed_assets,114439450981894,114439450.981894,USDC,0xaf88d065e77c8cc2239327c5edb3a432268e5831
v1.0,2025-09-29T13:00:00Z,384256638,campaign_snapshot,exact_loan_asset_group,0xaf88d065e77c8cc2239327c5edb3a432268e5831,32,supplied_assets,132225453354577,132225453.354577,USDC,0xaf88d065e77c8cc2239327c5edb3a432268e5831
v1.0,2025-09-29T13:00:00Z,384256638,campaign_snapshot,exact_loan_asset_group,0xfd086bc7cd5c481dcc9c85ebe478a1c0b69fcbb9,13,borrowed_assets,10493093290,10493.09329,USD₮0,0xfd086bc7cd5c481dcc9c85ebe478a1c0b69fcbb9
v1.0,2025-09-29T13:00:00Z,384256638,campaign_snapshot,exact_loan_asset_group,0xfd086bc7cd5c481dcc9c85ebe478a1c0b69fcbb9,13,supplied_assets,11555760741,11555.760741,USD₮0,0xfd086bc7cd5c481dcc9c85ebe478a1c0b69fcbb9
v1.0,2025-09-29T13:00:00Z,384256638,campaign_snapshot,fixed_program,45_markets,45,active_borrowers,1061,1061,wallets,
v1.0,2025-09-29T13:00:00Z,384256638,campaign_snapshot,fixed_program,45_markets,45,active_borrowers_shares_only,1552,1552,wallets,
v1.0,2025-09-29T13:00:00Z,384256638,campaign_snapshot,archetype_market,early_shared_usdc,1,borrowed_assets,9655532502,9655.532502,USDC,0xaf88d065e77c8cc2239327c5edb3a432268e5831
v1.0,2025-09-29T13:00:00Z,384256638,campaign_snapshot,archetype_market,early_shared_usdc,1,collateral_assets,4886537206112470118,4.886537206112,weETH,0x35751007a407ca6feffe80b3cb397736d2cf4dbe
v1.0,2025-09-29T13:00:00Z,384256638,campaign_snapshot,archetype_market,dedicated_syrupusdc,1,borrowed_assets,19128430589799,19128430.589799,USDC,0xaf88d065e77c8cc2239327c5edb3a432268e5831
v1.0,2025-09-29T13:00:00Z,384256638,campaign_snapshot,archetype_market,dedicated_syrupusdc,1,collateral_assets,23318792707606,23318792.707606,syrupUSDC,0x41ca7586cc1311807b4605fbb748a3b8862b42b5
v1.0,2025-09-29T13:00:00Z,384256638,campaign_snapshot,archetype_market,late_usdt0,1,borrowed_assets,0,0,USD₮0,0xfd086bc7cd5c481dcc9c85ebe478a1c0b69fcbb9
v1.0,2025-09-29T13:00:00Z,384256638,campaign_snapshot,archetype_market,late_usdt0,1,collateral_assets,0,0,syrupUSDC,0x41ca7586cc1311807b4605fbb748a3b8862b42b5
v1.0,2025-09-30T13:00:00Z,384602703,campaign_snapshot,exact_loan_asset_group,0xaf88d065e77c8cc2239327c5edb3a432268e5831,32,borrowed_assets,118174297909556,118174297.909556,USDC,0xaf88d065e77c8cc2239327c5edb3a432268e5831
v1.0,2025-09-30T13:00:00Z,384602703,campaign_snapshot,exact_loan_asset_group,0xaf88d065e77c8cc2239327c5edb3a432268e5831,32,supplied_assets,133512888010337,133512888.010337,USDC,0xaf88d065e77c8cc2239327c5edb3a432268e5831
v1.0,2025-09-30T13:00:00Z,384602703,campaign_snapshot,exact_loan_asset_group,0xfd086bc7cd5c481dcc9c85ebe478a1c0b69fcbb9,13,borrowed_assets,10493093290,10493.09329,USD₮0,0xfd086bc7cd5c481dcc9c85ebe478a1c0b69fcbb9
v1.0,2025-09-30T13:00:00Z,384602703,campaign_snapshot,exact_loan_asset_group,0xfd086bc7cd5c481dcc9c85ebe478a1c0b69fcbb9,13,supplied_assets,11555760741,11555.760741,USD₮0,0xfd086bc7cd5c481dcc9c85ebe478a1c0b69fcbb9
v1.0,2025-09-30T13:00:00Z,384602703,campaign_snapshot,fixed_program,45_markets,45,active_borrowers,1083,1083,wallets,
v1.0,2025-09-30T13:00:00Z,384602703,campaign_snapshot,fixed_program,45_markets,45,active_borrowers_shares_only,1578,1578,wallets,
v1.0,2025-09-30T13:00:00Z,384602703,campaign_snapshot,archetype_market,early_shared_usdc,1,borrowed_assets,8448067329,8448.067329,USDC,0xaf88d065e77c8cc2239327c5edb3a432268e5831
v1.0,2025-09-30T13:00:00Z,384602703,campaign_snapshot,archetype_market,early_shared_usdc,1,collateral_assets,4313962356327963832,4.313962356328,weETH,0x35751007a407ca6feffe80b3cb397736d2cf4dbe
v1.0,2025-09-30T13:00:00Z,384602703,campaign_snapshot,archetype_market,dedicated_syrupusdc,1,borrowed_assets,19921354071060,19921354.07106,USDC,0xaf88d065e77c8cc2239327c5edb3a432268e5831
v1.0,2025-09-30T13:00:00Z,384602703,campaign_snapshot,archetype_market,dedicated_syrupusdc,1,collateral_assets,24205521605256,24205521.605256,syrupUSDC,0x41ca7586cc1311807b4605fbb748a3b8862b42b5
v1.0,2025-09-30T13:00:00Z,384602703,campaign_snapshot,archetype_market,late_usdt0,1,borrowed_assets,0,0,USD₮0,0xfd086bc7cd5c481dcc9c85ebe478a1c0b69fcbb9
v1.0,2025-09-30T13:00:00Z,384602703,campaign_snapshot,archetype_market,late_usdt0,1,collateral_assets,0,0,syrupUSDC,0x41ca7586cc1311807b4605fbb748a3b8862b42b5
v1.0,2025-10-01T13:00:00Z,384948832,campaign_snapshot,exact_loan_asset_group,0xaf88d065e77c8cc2239327c5edb3a432268e5831,32,borrowed_assets,119389282540487,119389282.540487,USDC,0xaf88d065e77c8cc2239327c5edb3a432268e5831
v1.0,2025-10-01T13:00:00Z,384948832,campaign_snapshot,exact_loan_asset_group,0xaf88d065e77c8cc2239327c5edb3a432268e5831,32,supplied_assets,137222315175006,137222315.175006,USDC,0xaf88d065e77c8cc2239327c5edb3a432268e5831
v1.0,2025-10-01T13:00:00Z,384948832,campaign_snapshot,exact_loan_asset_group,0xfd086bc7cd5c481dcc9c85ebe478a1c0b69fcbb9,13,borrowed_assets,10497636378,10497.636378,USD₮0,0xfd086bc7cd5c481dcc9c85ebe478a1c0b69fcbb9
v1.0,2025-10-01T13:00:00Z,384948832,campaign_snapshot,exact_loan_asset_group,0xfd086bc7cd5c481dcc9c85ebe478a1c0b69fcbb9,13,supplied_assets,36048158047,36048.158047,USD₮0,0xfd086bc7cd5c481dcc9c85ebe478a1c0b69fcbb9
v1.0,2025-10-01T13:00:00Z,384948832,campaign_snapshot,fixed_program,45_markets,45,active_borrowers,1205,1205,wallets,
v1.0,2025-10-01T13:00:00Z,384948832,campaign_snapshot,fixed_program,45_markets,45,active_borrowers_shares_only,1702,1702,wallets,
v1.0,2025-10-01T13:00:00Z,384948832,campaign_snapshot,archetype_market,early_shared_usdc,1,borrowed_assets,8449872129,8449.872129,USDC,0xaf88d065e77c8cc2239327c5edb3a432268e5831
v1.0,2025-10-01T13:00:00Z,384948832,campaign_snapshot,archetype_market,early_shared_usdc,1,collateral_assets,4313962356327963832,4.313962356328,weETH,0x35751007a407ca6feffe80b3cb397736d2cf4dbe
v1.0,2025-10-01T13:00:00Z,384948832,campaign_snapshot,archetype_market,dedicated_syrupusdc,1,borrowed_assets,19924625350033,19924625.350033,USDC,0xaf88d065e77c8cc2239327c5edb3a432268e5831
v1.0,2025-10-01T13:00:00Z,384948832,campaign_snapshot,archetype_market,dedicated_syrupusdc,1,collateral_assets,24205361402660,24205361.40266,syrupUSDC,0x41ca7586cc1311807b4605fbb748a3b8862b42b5
v1.0,2025-10-01T13:00:00Z,384948832,campaign_snapshot,archetype_market,late_usdt0,1,borrowed_assets,0,0,USD₮0,0xfd086bc7cd5c481dcc9c85ebe478a1c0b69fcbb9
v1.0,2025-10-01T13:00:00Z,384948832,campaign_snapshot,archetype_market,late_usdt0,1,collateral_assets,0,0,syrupUSDC,0x41ca7586cc1311807b4605fbb748a3b8862b42b5
v1.0,2025-10-02T13:00:00Z,385294976,campaign_snapshot,exact_loan_asset_group,0xaf88d065e77c8cc2239327c5edb3a432268e5831,32,borrowed_assets,127087675931409,127087675.931409,USDC,0xaf88d065e77c8cc2239327c5edb3a432268e5831
v1.0,2025-10-02T13:00:00Z,385294976,campaign_snapshot,exact_loan_asset_group,0xaf88d065e77c8cc2239327c5edb3a432268e5831,32,supplied_assets,152965125458954,152965125.458954,USDC,0xaf88d065e77c8cc2239327c5edb3a432268e5831
v1.0,2025-10-02T13:00:00Z,385294976,campaign_snapshot,exact_loan_asset_group,0xfd086bc7cd5c481dcc9c85ebe478a1c0b69fcbb9,13,borrowed_assets,10498118089,10498.118089,USD₮0,0xfd086bc7cd5c481dcc9c85ebe478a1c0b69fcbb9
v1.0,2025-10-02T13:00:00Z,385294976,campaign_snapshot,exact_loan_asset_group,0xfd086bc7cd5c481dcc9c85ebe478a1c0b69fcbb9,13,supplied_assets,34546987357,34546.987357,USD₮0,0xfd086bc7cd5c481dcc9c85ebe478a1c0b69fcbb9
v1.0,2025-10-02T13:00:00Z,385294976,campaign_snapshot,fixed_program,45_markets,45,active_borrowers,1295,1295,wallets,
v1.0,2025-10-02T13:00:00Z,385294976,campaign_snapshot,fixed_program,45_markets,45,active_borrowers_shares_only,1796,1796,wallets,
v1.0,2025-10-02T13:00:00Z,385294976,campaign_snapshot,archetype_market,early_shared_usdc,1,borrowed_assets,13452288510,13452.28851,USDC,0xaf88d065e77c8cc2239327c5edb3a432268e5831
v1.0,2025-10-02T13:00:00Z,385294976,campaign_snapshot,archetype_market,early_shared_usdc,1,collateral_assets,5916957758739662748,5.91695775874,weETH,0x35751007a407ca6feffe80b3cb397736d2cf4dbe
v1.0,2025-10-02T13:00:00Z,385294976,campaign_snapshot,archetype_market,dedicated_syrupusdc,1,borrowed_assets,20154108563581,20154108.563581,USDC,0xaf88d065e77c8cc2239327c5edb3a432268e5831
v1.0,2025-10-02T13:00:00Z,385294976,campaign_snapshot,archetype_market,dedicated_syrupusdc,1,collateral_assets,24436000163186,24436000.163186,syrupUSDC,0x41ca7586cc1311807b4605fbb748a3b8862b42b5
v1.0,2025-10-02T13:00:00Z,385294976,campaign_snapshot,archetype_market,late_usdt0,1,borrowed_assets,0,0,USD₮0,0xfd086bc7cd5c481dcc9c85ebe478a1c0b69fcbb9
v1.0,2025-10-02T13:00:00Z,385294976,campaign_snapshot,archetype_market,late_usdt0,1,collateral_assets,0,0,syrupUSDC,0x41ca7586cc1311807b4605fbb748a3b8862b42b5
v1.0,2025-10-03T13:00:00Z,385640830,campaign_snapshot,exact_loan_asset_group,0xaf88d065e77c8cc2239327c5edb3a432268e5831,32,borrowed_assets,128223719492212,128223719.492212,USDC,0xaf88d065e77c8cc2239327c5edb3a432268e5831
v1.0,2025-10-03T13:00:00Z,385640830,campaign_snapshot,exact_loan_asset_group,0xaf88d065e77c8cc2239327c5edb3a432268e5831,32,supplied_assets,161850542518029,161850542.518029,USDC,0xaf88d065e77c8cc2239327c5edb3a432268e5831
v1.0,2025-10-03T13:00:00Z,385640830,campaign_snapshot,exact_loan_asset_group,0xfd086bc7cd5c481dcc9c85ebe478a1c0b69fcbb9,13,borrowed_assets,12550677164,12550.677164,USD₮0,0xfd086bc7cd5c481dcc9c85ebe478a1c0b69fcbb9
v1.0,2025-10-03T13:00:00Z,385640830,campaign_snapshot,exact_loan_asset_group,0xfd086bc7cd5c481dcc9c85ebe478a1c0b69fcbb9,13,supplied_assets,23393945355,23393.945355,USD₮0,0xfd086bc7cd5c481dcc9c85ebe478a1c0b69fcbb9
v1.0,2025-10-03T13:00:00Z,385640830,campaign_snapshot,fixed_program,45_markets,45,active_borrowers,1423,1423,wallets,
v1.0,2025-10-03T13:00:00Z,385640830,campaign_snapshot,fixed_program,45_markets,45,active_borrowers_shares_only,1925,1925,wallets,
v1.0,2025-10-03T13:00:00Z,385640830,campaign_snapshot,archetype_market,early_shared_usdc,1,borrowed_assets,12504775830,12504.77583,USDC,0xaf88d065e77c8cc2239327c5edb3a432268e5831
v1.0,2025-10-03T13:00:00Z,385640830,campaign_snapshot,archetype_market,early_shared_usdc,1,collateral_assets,5666957758739662748,5.66695775874,weETH,0x35751007a407ca6feffe80b3cb397736d2cf4dbe
v1.0,2025-10-03T13:00:00Z,385640830,campaign_snapshot,archetype_market,dedicated_syrupusdc,1,borrowed_assets,20382886162505,20382886.162505,USDC,0xaf88d065e77c8cc2239327c5edb3a432268e5831
v1.0,2025-10-03T13:00:00Z,385640830,campaign_snapshot,archetype_market,dedicated_syrupusdc,1,collateral_assets,24666011058692,24666011.058692,syrupUSDC,0x41ca7586cc1311807b4605fbb748a3b8862b42b5
v1.0,2025-10-03T13:00:00Z,385640830,campaign_snapshot,archetype_market,late_usdt0,1,borrowed_assets,0,0,USD₮0,0xfd086bc7cd5c481dcc9c85ebe478a1c0b69fcbb9
v1.0,2025-10-03T13:00:00Z,385640830,campaign_snapshot,archetype_market,late_usdt0,1,collateral_assets,0,0,syrupUSDC,0x41ca7586cc1311807b4605fbb748a3b8862b42b5
v1.0,2025-10-04T13:00:00Z,385986531,campaign_snapshot,exact_loan_asset_group,0xaf88d065e77c8cc2239327c5edb3a432268e5831,32,borrowed_assets,129962468706459,129962468.706459,USDC,0xaf88d065e77c8cc2239327c5edb3a432268e5831
v1.0,2025-10-04T13:00:00Z,385986531,campaign_snapshot,exact_loan_asset_group,0xaf88d065e77c8cc2239327c5edb3a432268e5831,32,supplied_assets,154616736094238,154616736.094238,USDC,0xaf88d065e77c8cc2239327c5edb3a432268e5831
v1.0,2025-10-04T13:00:00Z,385986531,campaign_snapshot,exact_loan_asset_group,0xfd086bc7cd5c481dcc9c85ebe478a1c0b69fcbb9,13,borrowed_assets,9979464327,9979.464327,USD₮0,0xfd086bc7cd5c481dcc9c85ebe478a1c0b69fcbb9
v1.0,2025-10-04T13:00:00Z,385986531,campaign_snapshot,exact_loan_asset_group,0xfd086bc7cd5c481dcc9c85ebe478a1c0b69fcbb9,13,supplied_assets,12099037124,12099.037124,USD₮0,0xfd086bc7cd5c481dcc9c85ebe478a1c0b69fcbb9
v1.0,2025-10-04T13:00:00Z,385986531,campaign_snapshot,fixed_program,45_markets,45,active_borrowers,1427,1427,wallets,
v1.0,2025-10-04T13:00:00Z,385986531,campaign_snapshot,fixed_program,45_markets,45,active_borrowers_shares_only,1932,1932,wallets,
v1.0,2025-10-04T13:00:00Z,385986531,campaign_snapshot,archetype_market,early_shared_usdc,1,borrowed_assets,12507183011,12507.183011,USDC,0xaf88d065e77c8cc2239327c5edb3a432268e5831
v1.0,2025-10-04T13:00:00Z,385986531,campaign_snapshot,archetype_market,early_shared_usdc,1,collateral_assets,5666957758739662748,5.66695775874,weETH,0x35751007a407ca6feffe80b3cb397736d2cf4dbe
v1.0,2025-10-04T13:00:00Z,385986531,campaign_snapshot,archetype_market,dedicated_syrupusdc,1,borrowed_assets,23341136747511,23341136.747511,USDC,0xaf88d065e77c8cc2239327c5edb3a432268e5831
v1.0,2025-10-04T13:00:00Z,385986531,campaign_snapshot,archetype_market,dedicated_syrupusdc,1,collateral_assets,27802306429519,27802306.429519,syrupUSDC,0x41ca7586cc1311807b4605fbb748a3b8862b42b5
v1.0,2025-10-04T13:00:00Z,385986531,campaign_snapshot,archetype_market,late_usdt0,1,borrowed_assets,0,0,USD₮0,0xfd086bc7cd5c481dcc9c85ebe478a1c0b69fcbb9
v1.0,2025-10-04T13:00:00Z,385986531,campaign_snapshot,archetype_market,late_usdt0,1,collateral_assets,0,0,syrupUSDC,0x41ca7586cc1311807b4605fbb748a3b8862b42b5
v1.0,2025-10-05T13:00:00Z,386332929,campaign_snapshot,exact_loan_asset_group,0xaf88d065e77c8cc2239327c5edb3a432268e5831,32,borrowed_assets,136453497948107,136453497.948107,USDC,0xaf88d065e77c8cc2239327c5edb3a432268e5831
v1.0,2025-10-05T13:00:00Z,386332929,campaign_snapshot,exact_loan_asset_group,0xaf88d065e77c8cc2239327c5edb3a432268e5831,32,supplied_assets,151610716047090,151610716.04709,USDC,0xaf88d065e77c8cc2239327c5edb3a432268e5831
v1.0,2025-10-05T13:00:00Z,386332929,campaign_snapshot,exact_loan_asset_group,0xfd086bc7cd5c481dcc9c85ebe478a1c0b69fcbb9,13,borrowed_assets,9981312112,9981.312112,USD₮0,0xfd086bc7cd5c481dcc9c85ebe478a1c0b69fcbb9
v1.0,2025-10-05T13:00:00Z,386332929,campaign_snapshot,exact_loan_asset_group,0xfd086bc7cd5c481dcc9c85ebe478a1c0b69fcbb9,13,supplied_assets,11248851213,11248.851213,USD₮0,0xfd086bc7cd5c481dcc9c85ebe478a1c0b69fcbb9
v1.0,2025-10-05T13:00:00Z,386332929,campaign_snapshot,fixed_program,45_markets,45,active_borrowers,1514,1514,wallets,
v1.0,2025-10-05T13:00:00Z,386332929,campaign_snapshot,fixed_program,45_markets,45,active_borrowers_shares_only,2028,2028,wallets,
v1.0,2025-10-05T13:00:00Z,386332929,campaign_snapshot,archetype_market,early_shared_usdc,1,borrowed_assets,12509640696,12509.640696,USDC,0xaf88d065e77c8cc2239327c5edb3a432268e5831
v1.0,2025-10-05T13:00:00Z,386332929,campaign_snapshot,archetype_market,early_shared_usdc,1,collateral_assets,5666957758739662748,5.66695775874,weETH,0x35751007a407ca6feffe80b3cb397736d2cf4dbe
v1.0,2025-10-05T13:00:00Z,386332929,campaign_snapshot,archetype_market,dedicated_syrupusdc,1,borrowed_assets,29180351400858,29180351.400858,USDC,0xaf88d065e77c8cc2239327c5edb3a432268e5831
v1.0,2025-10-05T13:00:00Z,386332929,campaign_snapshot,archetype_market,dedicated_syrupusdc,1,collateral_assets,33905224982983,33905224.982983,syrupUSDC,0x41ca7586cc1311807b4605fbb748a3b8862b42b5
v1.0,2025-10-05T13:00:00Z,386332929,campaign_snapshot,archetype_market,late_usdt0,1,borrowed_assets,0,0,USD₮0,0xfd086bc7cd5c481dcc9c85ebe478a1c0b69fcbb9
v1.0,2025-10-05T13:00:00Z,386332929,campaign_snapshot,archetype_market,late_usdt0,1,collateral_assets,0,0,syrupUSDC,0x41ca7586cc1311807b4605fbb748a3b8862b42b5
v1.0,2025-10-06T13:00:00Z,386678711,campaign_snapshot,exact_loan_asset_group,0xaf88d065e77c8cc2239327c5edb3a432268e5831,32,borrowed_assets,138182506661526,138182506.661526,USDC,0xaf88d065e77c8cc2239327c5edb3a432268e5831
v1.0,2025-10-06T13:00:00Z,386678711,campaign_snapshot,exact_loan_asset_group,0xaf88d065e77c8cc2239327c5edb3a432268e5831,32,supplied_assets,156521445965326,156521445.965326,USDC,0xaf88d065e77c8cc2239327c5edb3a432268e5831
v1.0,2025-10-06T13:00:00Z,386678711,campaign_snapshot,exact_loan_asset_group,0xfd086bc7cd5c481dcc9c85ebe478a1c0b69fcbb9,13,borrowed_assets,9982451445,9982.451445,USD₮0,0xfd086bc7cd5c481dcc9c85ebe478a1c0b69fcbb9
v1.0,2025-10-06T13:00:00Z,386678711,campaign_snapshot,exact_loan_asset_group,0xfd086bc7cd5c481dcc9c85ebe478a1c0b69fcbb9,13,supplied_assets,9989738137,9989.738137,USD₮0,0xfd086bc7cd5c481dcc9c85ebe478a1c0b69fcbb9
v1.0,2025-10-06T13:00:00Z,386678711,campaign_snapshot,fixed_program,45_markets,45,active_borrowers,1618,1618,wallets,
v1.0,2025-10-06T13:00:00Z,386678711,campaign_snapshot,fixed_program,45_markets,45,active_borrowers_shares_only,2141,2141,wallets,
v1.0,2025-10-06T13:00:00Z,386678711,campaign_snapshot,archetype_market,early_shared_usdc,1,borrowed_assets,12512330616,12512.330616,USDC,0xaf88d065e77c8cc2239327c5edb3a432268e5831
v1.0,2025-10-06T13:00:00Z,386678711,campaign_snapshot,archetype_market,early_shared_usdc,1,collateral_assets,5666957758739662748,5.66695775874,weETH,0x35751007a407ca6feffe80b3cb397736d2cf4dbe
v1.0,2025-10-06T13:00:00Z,386678711,campaign_snapshot,archetype_market,dedicated_syrupusdc,1,borrowed_assets,31183965322107,31183965.322107,USDC,0xaf88d065e77c8cc2239327c5edb3a432268e5831
v1.0,2025-10-06T13:00:00Z,386678711,campaign_snapshot,archetype_market,dedicated_syrupusdc,1,collateral_assets,36386035785066,36386035.785066,syrupUSDC,0x41ca7586cc1311807b4605fbb748a3b8862b42b5
v1.0,2025-10-06T13:00:00Z,386678711,campaign_snapshot,archetype_market,late_usdt0,1,borrowed_assets,0,0,USD₮0,0xfd086bc7cd5c481dcc9c85ebe478a1c0b69fcbb9
v1.0,2025-10-06T13:00:00Z,386678711,campaign_snapshot,archetype_market,late_usdt0,1,collateral_assets,0,0,syrupUSDC,0x41ca7586cc1311807b4605fbb748a3b8862b42b5
v1.0,2025-10-07T13:00:00Z,387025200,campaign_snapshot,exact_loan_asset_group,0xaf88d065e77c8cc2239327c5edb3a432268e5831,32,borrowed_assets,138010904389819,138010904.389819,USDC,0xaf88d065e77c8cc2239327c5edb3a432268e5831
v1.0,2025-10-07T13:00:00Z,387025200,campaign_snapshot,exact_loan_asset_group,0xaf88d065e77c8cc2239327c5edb3a432268e5831,32,supplied_assets,172906049356944,172906049.356944,USDC,0xaf88d065e77c8cc2239327c5edb3a432268e5831
v1.0,2025-10-07T13:00:00Z,387025200,campaign_snapshot,exact_loan_asset_group,0xfd086bc7cd5c481dcc9c85ebe478a1c0b69fcbb9,13,borrowed_assets,9939287156,9939.287156,USD₮0,0xfd086bc7cd5c481dcc9c85ebe478a1c0b69fcbb9
v1.0,2025-10-07T13:00:00Z,387025200,campaign_snapshot,exact_loan_asset_group,0xfd086bc7cd5c481dcc9c85ebe478a1c0b69fcbb9,13,supplied_assets,13460320762,13460.320762,USD₮0,0xfd086bc7cd5c481dcc9c85ebe478a1c0b69fcbb9
v1.0,2025-10-07T13:00:00Z,387025200,campaign_snapshot,fixed_program,45_markets,45,active_borrowers,1736,1736,wallets,
v1.0,2025-10-07T13:00:00Z,387025200,campaign_snapshot,fixed_program,45_markets,45,active_borrowers_shares_only,2260,2260,wallets,
v1.0,2025-10-07T13:00:00Z,387025200,campaign_snapshot,archetype_market,early_shared_usdc,1,borrowed_assets,8509928361,8509.928361,USDC,0xaf88d065e77c8cc2239327c5edb3a432268e5831
v1.0,2025-10-07T13:00:00Z,387025200,campaign_snapshot,archetype_market,early_shared_usdc,1,collateral_assets,4313962356327963832,4.313962356328,weETH,0x35751007a407ca6feffe80b3cb397736d2cf4dbe
v1.0,2025-10-07T13:00:00Z,387025200,campaign_snapshot,archetype_market,dedicated_syrupusdc,1,borrowed_assets,32967903579942,32967903.579942,USDC,0xaf88d065e77c8cc2239327c5edb3a432268e5831
v1.0,2025-10-07T13:00:00Z,387025200,campaign_snapshot,archetype_market,dedicated_syrupusdc,1,collateral_assets,38216219718325,38216219.718325,syrupUSDC,0x41ca7586cc1311807b4605fbb748a3b8862b42b5
v1.0,2025-10-07T13:00:00Z,387025200,campaign_snapshot,archetype_market,late_usdt0,1,borrowed_assets,0,0,USD₮0,0xfd086bc7cd5c481dcc9c85ebe478a1c0b69fcbb9
v1.0,2025-10-07T13:00:00Z,387025200,campaign_snapshot,archetype_market,late_usdt0,1,collateral_assets,0,0,syrupUSDC,0x41ca7586cc1311807b4605fbb748a3b8862b42b5
v1.0,2025-10-08T13:00:00Z,387371582,campaign_snapshot,exact_loan_asset_group,0xaf88d065e77c8cc2239327c5edb3a432268e5831,32,borrowed_assets,151858865097804,151858865.097804,USDC,0xaf88d065e77c8cc2239327c5edb3a432268e5831
v1.0,2025-10-08T13:00:00Z,387371582,campaign_snapshot,exact_loan_asset_group,0xaf88d065e77c8cc2239327c5edb3a432268e5831,32,supplied_assets,168398886809160,168398886.80916,USDC,0xaf88d065e77c8cc2239327c5edb3a432268e5831
v1.0,2025-10-08T13:00:00Z,387371582,campaign_snapshot,exact_loan_asset_group,0xfd086bc7cd5c481dcc9c85ebe478a1c0b69fcbb9,13,borrowed_assets,11732433841,11732.433841,USD₮0,0xfd086bc7cd5c481dcc9c85ebe478a1c0b69fcbb9
v1.0,2025-10-08T13:00:00Z,387371582,campaign_snapshot,exact_loan_asset_group,0xfd086bc7cd5c481dcc9c85ebe478a1c0b69fcbb9,13,supplied_assets,13461960170,13461.96017,USD₮0,0xfd086bc7cd5c481dcc9c85ebe478a1c0b69fcbb9
v1.0,2025-10-08T13:00:00Z,387371582,campaign_snapshot,fixed_program,45_markets,45,active_borrowers,1748,1748,wallets,
v1.0,2025-10-08T13:00:00Z,387371582,campaign_snapshot,fixed_program,45_markets,45,active_borrowers_shares_only,2272,2272,wallets,
v1.0,2025-10-08T13:00:00Z,387371582,campaign_snapshot,archetype_market,early_shared_usdc,1,borrowed_assets,8511630339,8511.630339,USDC,0xaf88d065e77c8cc2239327c5edb3a432268e5831
v1.0,2025-10-08T13:00:00Z,387371582,campaign_snapshot,archetype_market,early_shared_usdc,1,collateral_assets,4313962356327963832,4.313962356328,weETH,0x35751007a407ca6feffe80b3cb397736d2cf4dbe
v1.0,2025-10-08T13:00:00Z,387371582,campaign_snapshot,archetype_market,dedicated_syrupusdc,1,borrowed_assets,33949164394794,33949164.394794,USDC,0xaf88d065e77c8cc2239327c5edb3a432268e5831
v1.0,2025-10-08T13:00:00Z,387371582,campaign_snapshot,archetype_market,dedicated_syrupusdc,1,collateral_assets,39232405147084,39232405.147084,syrupUSDC,0x41ca7586cc1311807b4605fbb748a3b8862b42b5
v1.0,2025-10-08T13:00:00Z,387371582,campaign_snapshot,archetype_market,late_usdt0,1,borrowed_assets,0,0,USD₮0,0xfd086bc7cd5c481dcc9c85ebe478a1c0b69fcbb9
v1.0,2025-10-08T13:00:00Z,387371582,campaign_snapshot,archetype_market,late_usdt0,1,collateral_assets,0,0,syrupUSDC,0x41ca7586cc1311807b4605fbb748a3b8862b42b5
v1.0,2025-10-09T13:00:00Z,387717904,campaign_snapshot,exact_loan_asset_group,0xaf88d065e77c8cc2239327c5edb3a432268e5831,32,borrowed_assets,156070400195873,156070400.195873,USDC,0xaf88d065e77c8cc2239327c5edb3a432268e5831
v1.0,2025-10-09T13:00:00Z,387717904,campaign_snapshot,exact_loan_asset_group,0xaf88d065e77c8cc2239327c5edb3a432268e5831,32,supplied_assets,178758781461125,178758781.461125,USDC,0xaf88d065e77c8cc2239327c5edb3a432268e5831
v1.0,2025-10-09T13:00:00Z,387717904,campaign_snapshot,exact_loan_asset_group,0xfd086bc7cd5c481dcc9c85ebe478a1c0b69fcbb9,13,borrowed_assets,10827261868,10827.261868,USD₮0,0xfd086bc7cd5c481dcc9c85ebe478a1c0b69fcbb9
v1.0,2025-10-09T13:00:00Z,387717904,campaign_snapshot,exact_loan_asset_group,0xfd086bc7cd5c481dcc9c85ebe478a1c0b69fcbb9,13,supplied_assets,10989680587,10989.680587,USD₮0,0xfd086bc7cd5c481dcc9c85ebe478a1c0b69fcbb9
v1.0,2025-10-09T13:00:00Z,387717904,campaign_snapshot,fixed_program,45_markets,45,active_borrowers,1905,1905,wallets,
v1.0,2025-10-09T13:00:00Z,387717904,campaign_snapshot,fixed_program,45_markets,45,active_borrowers_shares_only,2430,2430,wallets,
v1.0,2025-10-09T13:00:00Z,387717904,campaign_snapshot,archetype_market,early_shared_usdc,1,borrowed_assets,8513307448,8513.307448,USDC,0xaf88d065e77c8cc2239327c5edb3a432268e5831
v1.0,2025-10-09T13:00:00Z,387717904,campaign_snapshot,archetype_market,early_shared_usdc,1,collateral_assets,4313962356327963832,4.313962356328,weETH,0x35751007a407ca6feffe80b3cb397736d2cf4dbe
v1.0,2025-10-09T13:00:00Z,387717904,campaign_snapshot,archetype_market,dedicated_syrupusdc,1,borrowed_assets,39925220154962,39925220.154962,USDC,0xaf88d065e77c8cc2239327c5edb3a432268e5831
v1.0,2025-10-09T13:00:00Z,387717904,campaign_snapshot,archetype_market,dedicated_syrupusdc,1,collateral_assets,45525444849301,45525444.849301,syrupUSDC,0x41ca7586cc1311807b4605fbb748a3b8862b42b5
v1.0,2025-10-09T13:00:00Z,387717904,campaign_snapshot,archetype_market,late_usdt0,1,borrowed_assets,0,0,USD₮0,0xfd086bc7cd5c481dcc9c85ebe478a1c0b69fcbb9
v1.0,2025-10-09T13:00:00Z,387717904,campaign_snapshot,archetype_market,late_usdt0,1,collateral_assets,0,0,syrupUSDC,0x41ca7586cc1311807b4605fbb748a3b8862b42b5
v1.0,2025-10-10T13:00:00Z,388064027,campaign_snapshot,exact_loan_asset_group,0xaf88d065e77c8cc2239327c5edb3a432268e5831,32,borrowed_assets,159295898449889,159295898.449889,USDC,0xaf88d065e77c8cc2239327c5edb3a432268e5831
v1.0,2025-10-10T13:00:00Z,388064027,campaign_snapshot,exact_loan_asset_group,0xaf88d065e77c8cc2239327c5edb3a432268e5831,32,supplied_assets,175194515361221,175194515.361221,USDC,0xaf88d065e77c8cc2239327c5edb3a432268e5831
v1.0,2025-10-10T13:00:00Z,388064027,campaign_snapshot,exact_loan_asset_group,0xfd086bc7cd5c481dcc9c85ebe478a1c0b69fcbb9,13,borrowed_assets,10820830385,10820.830385,USD₮0,0xfd086bc7cd5c481dcc9c85ebe478a1c0b69fcbb9
v1.0,2025-10-10T13:00:00Z,388064027,campaign_snapshot,exact_loan_asset_group,0xfd086bc7cd5c481dcc9c85ebe478a1c0b69fcbb9,13,supplied_assets,12940520819,12940.520819,USD₮0,0xfd086bc7cd5c481dcc9c85ebe478a1c0b69fcbb9
v1.0,2025-10-10T13:00:00Z,388064027,campaign_snapshot,fixed_program,45_markets,45,active_borrowers,2032,2032,wallets,
v1.0,2025-10-10T13:00:00Z,388064027,campaign_snapshot,fixed_program,45_markets,45,active_borrowers_shares_only,2558,2558,wallets,
v1.0,2025-10-10T13:00:00Z,388064027,campaign_snapshot,archetype_market,early_shared_usdc,1,borrowed_assets,8514986535,8514.986535,USDC,0xaf88d065e77c8cc2239327c5edb3a432268e5831
v1.0,2025-10-10T13:00:00Z,388064027,campaign_snapshot,archetype_market,early_shared_usdc,1,collateral_assets,4313962356327963832,4.313962356328,weETH,0x35751007a407ca6feffe80b3cb397736d2cf4dbe
v1.0,2025-10-10T13:00:00Z,388064027,campaign_snapshot,archetype_market,dedicated_syrupusdc,1,borrowed_assets,44059350478150,44059350.47815,USDC,0xaf88d065e77c8cc2239327c5edb3a432268e5831
v1.0,2025-10-10T13:00:00Z,388064027,campaign_snapshot,archetype_market,dedicated_syrupusdc,1,collateral_assets,49970595929323,49970595.929323,syrupUSDC,0x41ca7586cc1311807b4605fbb748a3b8862b42b5
v1.0,2025-10-10T13:00:00Z,388064027,campaign_snapshot,archetype_market,late_usdt0,1,borrowed_assets,0,0,USD₮0,0xfd086bc7cd5c481dcc9c85ebe478a1c0b69fcbb9
v1.0,2025-10-10T13:00:00Z,388064027,campaign_snapshot,archetype_market,late_usdt0,1,collateral_assets,0,0,syrupUSDC,0x41ca7586cc1311807b4605fbb748a3b8862b42b5
v1.0,2025-10-11T13:00:00Z,388410398,campaign_snapshot,exact_loan_asset_group,0xaf88d065e77c8cc2239327c5edb3a432268e5831,32,borrowed_assets,141464195411880,141464195.41188,USDC,0xaf88d065e77c8cc2239327c5edb3a432268e5831
v1.0,2025-10-11T13:00:00Z,388410398,campaign_snapshot,exact_loan_asset_group,0xaf88d065e77c8cc2239327c5edb3a432268e5831,32,supplied_assets,173073390486307,173073390.486307,USDC,0xaf88d065e77c8cc2239327c5edb3a432268e5831
v1.0,2025-10-11T13:00:00Z,388410398,campaign_snapshot,exact_loan_asset_group,0xfd086bc7cd5c481dcc9c85ebe478a1c0b69fcbb9,13,borrowed_assets,10123392447,10123.392447,USD₮0,0xfd086bc7cd5c481dcc9c85ebe478a1c0b69fcbb9
v1.0,2025-10-11T13:00:00Z,388410398,campaign_snapshot,exact_loan_asset_group,0xfd086bc7cd5c481dcc9c85ebe478a1c0b69fcbb9,13,supplied_assets,10634094213,10634.094213,USD₮0,0xfd086bc7cd5c481dcc9c85ebe478a1c0b69fcbb9
v1.0,2025-10-11T13:00:00Z,388410398,campaign_snapshot,fixed_program,45_markets,45,active_borrowers,1992,1992,wallets,
v1.0,2025-10-11T13:00:00Z,388410398,campaign_snapshot,fixed_program,45_markets,45,active_borrowers_shares_only,2526,2526,wallets,
v1.0,2025-10-11T13:00:00Z,388410398,campaign_snapshot,archetype_market,early_shared_usdc,1,borrowed_assets,7798584751,7798.584751,USDC,0xaf88d065e77c8cc2239327c5edb3a432268e5831
v1.0,2025-10-11T13:00:00Z,388410398,campaign_snapshot,archetype_market,early_shared_usdc,1,collateral_assets,4134266732950925752,4.134266732951,weETH,0x35751007a407ca6feffe80b3cb397736d2cf4dbe
v1.0,2025-10-11T13:00:00Z,388410398,campaign_snapshot,archetype_market,dedicated_syrupusdc,1,borrowed_assets,41569150785860,41569150.78586,USDC,0xaf88d065e77c8cc2239327c5edb3a432268e5831
v1.0,2025-10-11T13:00:00Z,388410398,campaign_snapshot,archetype_market,dedicated_syrupusdc,1,collateral_assets,49441051322637,49441051.322637,syrupUSDC,0x41ca7586cc1311807b4605fbb748a3b8862b42b5
v1.0,2025-10-11T13:00:00Z,388410398,campaign_snapshot,archetype_market,late_usdt0,1,borrowed_assets,0,0,USD₮0,0xfd086bc7cd5c481dcc9c85ebe478a1c0b69fcbb9
v1.0,2025-10-11T13:00:00Z,388410398,campaign_snapshot,archetype_market,late_usdt0,1,collateral_assets,0,0,syrupUSDC,0x41ca7586cc1311807b4605fbb748a3b8862b42b5
v1.0,2025-10-12T13:00:00Z,388756679,campaign_snapshot,exact_loan_asset_group,0xaf88d065e77c8cc2239327c5edb3a432268e5831,32,borrowed_assets,141314743166411,141314743.166411,USDC,0xaf88d065e77c8cc2239327c5edb3a432268e5831
v1.0,2025-10-12T13:00:00Z,388756679,campaign_snapshot,exact_loan_asset_group,0xaf88d065e77c8cc2239327c5edb3a432268e5831,32,supplied_assets,178648076142140,178648076.14214,USDC,0xaf88d065e77c8cc2239327c5edb3a432268e5831
v1.0,2025-10-12T13:00:00Z,388756679,campaign_snapshot,exact_loan_asset_group,0xfd086bc7cd5c481dcc9c85ebe478a1c0b69fcbb9,13,borrowed_assets,10125898281,10125.898281,USD₮0,0xfd086bc7cd5c481dcc9c85ebe478a1c0b69fcbb9
v1.0,2025-10-12T13:00:00Z,388756679,campaign_snapshot,exact_loan_asset_group,0xfd086bc7cd5c481dcc9c85ebe478a1c0b69fcbb9,13,supplied_assets,10132528961,10132.528961,USD₮0,0xfd086bc7cd5c481dcc9c85ebe478a1c0b69fcbb9
v1.0,2025-10-12T13:00:00Z,388756679,campaign_snapshot,fixed_program,45_markets,45,active_borrowers,1994,1994,wallets,
v1.0,2025-10-12T13:00:00Z,388756679,campaign_snapshot,fixed_program,45_markets,45,active_borrowers_shares_only,2529,2529,wallets,
v1.0,2025-10-12T13:00:00Z,388756679,campaign_snapshot,archetype_market,early_shared_usdc,1,borrowed_assets,7793237632,7793.237632,USDC,0xaf88d065e77c8cc2239327c5edb3a432268e5831
v1.0,2025-10-12T13:00:00Z,388756679,campaign_snapshot,archetype_market,early_shared_usdc,1,collateral_assets,4388867362426398984,4.388867362426,weETH,0x35751007a407ca6feffe80b3cb397736d2cf4dbe
v1.0,2025-10-12T13:00:00Z,388756679,campaign_snapshot,archetype_market,dedicated_syrupusdc,1,borrowed_assets,41863252860276,41863252.860276,USDC,0xaf88d065e77c8cc2239327c5edb3a432268e5831
v1.0,2025-10-12T13:00:00Z,388756679,campaign_snapshot,archetype_market,dedicated_syrupusdc,1,collateral_assets,49736651322637,49736651.322637,syrupUSDC,0x41ca7586cc1311807b4605fbb748a3b8862b42b5
v1.0,2025-10-12T13:00:00Z,388756679,campaign_snapshot,archetype_market,late_usdt0,1,borrowed_assets,0,0,USD₮0,0xfd086bc7cd5c481dcc9c85ebe478a1c0b69fcbb9
v1.0,2025-10-12T13:00:00Z,388756679,campaign_snapshot,archetype_market,late_usdt0,1,collateral_assets,0,0,syrupUSDC,0x41ca7586cc1311807b4605fbb748a3b8862b42b5
v1.0,2025-10-13T13:00:00Z,389102782,campaign_snapshot,exact_loan_asset_group,0xaf88d065e77c8cc2239327c5edb3a432268e5831,32,borrowed_assets,143001068356297,143001068.356297,USDC,0xaf88d065e77c8cc2239327c5edb3a432268e5831
v1.0,2025-10-13T13:00:00Z,389102782,campaign_snapshot,exact_loan_asset_group,0xaf88d065e77c8cc2239327c5edb3a432268e5831,32,supplied_assets,182744827892054,182744827.892054,USDC,0xaf88d065e77c8cc2239327c5edb3a432268e5831
v1.0,2025-10-13T13:00:00Z,389102782,campaign_snapshot,exact_loan_asset_group,0xfd086bc7cd5c481dcc9c85ebe478a1c0b69fcbb9,13,borrowed_assets,11588004244,11588.004244,USD₮0,0xfd086bc7cd5c481dcc9c85ebe478a1c0b69fcbb9
v1.0,2025-10-13T13:00:00Z,389102782,campaign_snapshot,exact_loan_asset_group,0xfd086bc7cd5c481dcc9c85ebe478a1c0b69fcbb9,13,supplied_assets,19700571755,19700.571755,USD₮0,0xfd086bc7cd5c481dcc9c85ebe478a1c0b69fcbb9
v1.0,2025-10-13T13:00:00Z,389102782,campaign_snapshot,fixed_program,45_markets,45,active_borrowers,1998,1998,wallets,
v1.0,2025-10-13T13:00:00Z,389102782,campaign_snapshot,fixed_program,45_markets,45,active_borrowers_shares_only,2536,2536,wallets,
v1.0,2025-10-13T13:00:00Z,389102782,campaign_snapshot,archetype_market,early_shared_usdc,1,borrowed_assets,7794724456,7794.724456,USDC,0xaf88d065e77c8cc2239327c5edb3a432268e5831
v1.0,2025-10-13T13:00:00Z,389102782,campaign_snapshot,archetype_market,early_shared_usdc,1,collateral_assets,4388867362426398984,4.388867362426,weETH,0x35751007a407ca6feffe80b3cb397736d2cf4dbe
v1.0,2025-10-13T13:00:00Z,389102782,campaign_snapshot,archetype_market,dedicated_syrupusdc,1,borrowed_assets,43961746392419,43961746.392419,USDC,0xaf88d065e77c8cc2239327c5edb3a432268e5831
v1.0,2025-10-13T13:00:00Z,389102782,campaign_snapshot,archetype_market,dedicated_syrupusdc,1,collateral_assets,51383570078946,51383570.078946,syrupUSDC,0x41ca7586cc1311807b4605fbb748a3b8862b42b5
v1.0,2025-10-13T13:00:00Z,389102782,campaign_snapshot,archetype_market,late_usdt0,1,borrowed_assets,0,0,USD₮0,0xfd086bc7cd5c481dcc9c85ebe478a1c0b69fcbb9
v1.0,2025-10-13T13:00:00Z,389102782,campaign_snapshot,archetype_market,late_usdt0,1,collateral_assets,0,0,syrupUSDC,0x41ca7586cc1311807b4605fbb748a3b8862b42b5
v1.0,2025-10-14T13:00:00Z,389449080,campaign_snapshot,exact_loan_asset_group,0xaf88d065e77c8cc2239327c5edb3a432268e5831,32,borrowed_assets,147610509926011,147610509.926011,USDC,0xaf88d065e77c8cc2239327c5edb3a432268e5831
v1.0,2025-10-14T13:00:00Z,389449080,campaign_snapshot,exact_loan_asset_group,0xaf88d065e77c8cc2239327c5edb3a432268e5831,32,supplied_assets,176134943116180,176134943.11618,USDC,0xaf88d065e77c8cc2239327c5edb3a432268e5831
v1.0,2025-10-14T13:00:00Z,389449080,campaign_snapshot,exact_loan_asset_group,0xfd086bc7cd5c481dcc9c85ebe478a1c0b69fcbb9,13,borrowed_assets,11589222034,11589.222034,USD₮0,0xfd086bc7cd5c481dcc9c85ebe478a1c0b69fcbb9
v1.0,2025-10-14T13:00:00Z,389449080,campaign_snapshot,exact_loan_asset_group,0xfd086bc7cd5c481dcc9c85ebe478a1c0b69fcbb9,13,supplied_assets,17201953673,17201.953673,USD₮0,0xfd086bc7cd5c481dcc9c85ebe478a1c0b69fcbb9
v1.0,2025-10-14T13:00:00Z,389449080,campaign_snapshot,fixed_program,45_markets,45,active_borrowers,2169,2169,wallets,
v1.0,2025-10-14T13:00:00Z,389449080,campaign_snapshot,fixed_program,45_markets,45,active_borrowers_shares_only,2711,2711,wallets,
v1.0,2025-10-14T13:00:00Z,389449080,campaign_snapshot,archetype_market,early_shared_usdc,1,borrowed_assets,7796398809,7796.398809,USDC,0xaf88d065e77c8cc2239327c5edb3a432268e5831
v1.0,2025-10-14T13:00:00Z,389449080,campaign_snapshot,archetype_market,early_shared_usdc,1,collateral_assets,4388867362426398984,4.388867362426,weETH,0x35751007a407ca6feffe80b3cb397736d2cf4dbe
v1.0,2025-10-14T13:00:00Z,389449080,campaign_snapshot,archetype_market,dedicated_syrupusdc,1,borrowed_assets,46202179416589,46202179.416589,USDC,0xaf88d065e77c8cc2239327c5edb3a432268e5831
v1.0,2025-10-14T13:00:00Z,389449080,campaign_snapshot,archetype_market,dedicated_syrupusdc,1,collateral_assets,52312175873758,52312175.873758,syrupUSDC,0x41ca7586cc1311807b4605fbb748a3b8862b42b5
v1.0,2025-10-14T13:00:00Z,389449080,campaign_snapshot,archetype_market,late_usdt0,1,borrowed_assets,0,0,USD₮0,0xfd086bc7cd5c481dcc9c85ebe478a1c0b69fcbb9
v1.0,2025-10-14T13:00:00Z,389449080,campaign_snapshot,archetype_market,late_usdt0,1,collateral_assets,0,0,syrupUSDC,0x41ca7586cc1311807b4605fbb748a3b8862b42b5
v1.0,2025-10-15T13:00:00Z,389795233,campaign_snapshot,exact_loan_asset_group,0xaf88d065e77c8cc2239327c5edb3a432268e5831,32,borrowed_assets,162098961637121,162098961.637121,USDC,0xaf88d065e77c8cc2239327c5edb3a432268e5831
v1.0,2025-10-15T13:00:00Z,389795233,campaign_snapshot,exact_loan_asset_group,0xaf88d065e77c8cc2239327c5edb3a432268e5831,32,supplied_assets,185163615926008,185163615.926008,USDC,0xaf88d065e77c8cc2239327c5edb3a432268e5831
v1.0,2025-10-15T13:00:00Z,389795233,campaign_snapshot,exact_loan_asset_group,0xfd086bc7cd5c481dcc9c85ebe478a1c0b69fcbb9,13,borrowed_assets,11594580525,11594.580525,USD₮0,0xfd086bc7cd5c481dcc9c85ebe478a1c0b69fcbb9
v1.0,2025-10-15T13:00:00Z,389795233,campaign_snapshot,exact_loan_asset_group,0xfd086bc7cd5c481dcc9c85ebe478a1c0b69fcbb9,13,supplied_assets,11603114600,11603.1146,USD₮0,0xfd086bc7cd5c481dcc9c85ebe478a1c0b69fcbb9
v1.0,2025-10-15T13:00:00Z,389795233,campaign_snapshot,fixed_program,45_markets,45,active_borrowers,2190,2190,wallets,
v1.0,2025-10-15T13:00:00Z,389795233,campaign_snapshot,fixed_program,45_markets,45,active_borrowers_shares_only,2736,2736,wallets,
v1.0,2025-10-15T13:00:00Z,389795233,campaign_snapshot,archetype_market,early_shared_usdc,1,borrowed_assets,7797919399,7797.919399,USDC,0xaf88d065e77c8cc2239327c5edb3a432268e5831
v1.0,2025-10-15T13:00:00Z,389795233,campaign_snapshot,archetype_market,early_shared_usdc,1,collateral_assets,4388867362426398984,4.388867362426,weETH,0x35751007a407ca6feffe80b3cb397736d2cf4dbe
v1.0,2025-10-15T13:00:00Z,389795233,campaign_snapshot,archetype_market,dedicated_syrupusdc,1,borrowed_assets,54129982897897,54129982.897897,USDC,0xaf88d065e77c8cc2239327c5edb3a432268e5831
v1.0,2025-10-15T13:00:00Z,389795233,campaign_snapshot,archetype_market,dedicated_syrupusdc,1,collateral_assets,60421111307003,60421111.307003,syrupUSDC,0x41ca7586cc1311807b4605fbb748a3b8862b42b5
v1.0,2025-10-15T13:00:00Z,389795233,campaign_snapshot,archetype_market,late_usdt0,1,borrowed_assets,0,0,USD₮0,0xfd086bc7cd5c481dcc9c85ebe478a1c0b69fcbb9
v1.0,2025-10-15T13:00:00Z,389795233,campaign_snapshot,archetype_market,late_usdt0,1,collateral_assets,0,0,syrupUSDC,0x41ca7586cc1311807b4605fbb748a3b8862b42b5
v1.0,2025-10-16T13:00:00Z,390141346,campaign_snapshot,exact_loan_asset_group,0xaf88d065e77c8cc2239327c5edb3a432268e5831,32,borrowed_assets,169292303051898,169292303.051898,USDC,0xaf88d065e77c8cc2239327c5edb3a432268e5831
v1.0,2025-10-16T13:00:00Z,390141346,campaign_snapshot,exact_loan_asset_group,0xaf88d065e77c8cc2239327c5edb3a432268e5831,32,supplied_assets,190931724993097,190931724.993097,USDC,0xaf88d065e77c8cc2239327c5edb3a432268e5831
v1.0,2025-10-16T13:00:00Z,390141346,campaign_snapshot,exact_loan_asset_group,0xfd086bc7cd5c481dcc9c85ebe478a1c0b69fcbb9,13,borrowed_assets,11602416458,11602.416458,USD₮0,0xfd086bc7cd5c481dcc9c85ebe478a1c0b69fcbb9
v1.0,2025-10-16T13:00:00Z,390141346,campaign_snapshot,exact_loan_asset_group,0xfd086bc7cd5c481dcc9c85ebe478a1c0b69fcbb9,13,supplied_assets,15567761941,15567.761941,USD₮0,0xfd086bc7cd5c481dcc9c85ebe478a1c0b69fcbb9
v1.0,2025-10-16T13:00:00Z,390141346,campaign_snapshot,fixed_program,45_markets,45,active_borrowers,2251,2251,wallets,
v1.0,2025-10-16T13:00:00Z,390141346,campaign_snapshot,fixed_program,45_markets,45,active_borrowers_shares_only,2799,2799,wallets,
v1.0,2025-10-16T13:00:00Z,390141346,campaign_snapshot,archetype_market,early_shared_usdc,1,borrowed_assets,7949596155,7949.596155,USDC,0xaf88d065e77c8cc2239327c5edb3a432268e5831
v1.0,2025-10-16T13:00:00Z,390141346,campaign_snapshot,archetype_market,early_shared_usdc,1,collateral_assets,4388867362426398984,4.388867362426,weETH,0x35751007a407ca6feffe80b3cb397736d2cf4dbe
v1.0,2025-10-16T13:00:00Z,390141346,campaign_snapshot,archetype_market,dedicated_syrupusdc,1,borrowed_assets,61645935634331,61645935.634331,USDC,0xaf88d065e77c8cc2239327c5edb3a432268e5831
v1.0,2025-10-16T13:00:00Z,390141346,campaign_snapshot,archetype_market,dedicated_syrupusdc,1,collateral_assets,65111871530571,65111871.530571,syrupUSDC,0x41ca7586cc1311807b4605fbb748a3b8862b42b5
v1.0,2025-10-16T13:00:00Z,390141346,campaign_snapshot,archetype_market,late_usdt0,1,borrowed_assets,0,0,USD₮0,0xfd086bc7cd5c481dcc9c85ebe478a1c0b69fcbb9
v1.0,2025-10-16T13:00:00Z,390141346,campaign_snapshot,archetype_market,late_usdt0,1,collateral_assets,0,0,syrupUSDC,0x41ca7586cc1311807b4605fbb748a3b8862b42b5
v1.0,2025-10-17T13:00:00Z,390487358,campaign_snapshot,exact_loan_asset_group,0xaf88d065e77c8cc2239327c5edb3a432268e5831,32,borrowed_assets,164877199822066,164877199.822066,USDC,0xaf88d065e77c8cc2239327c5edb3a432268e5831
v1.0,2025-10-17T13:00:00Z,390487358,campaign_snapshot,exact_loan_asset_group,0xaf88d065e77c8cc2239327c5edb3a432268e5831,32,supplied_assets,183161343087290,183161343.08729,USDC,0xaf88d065e77c8cc2239327c5edb3a432268e5831
v1.0,2025-10-17T13:00:00Z,390487358,campaign_snapshot,exact_loan_asset_group,0xfd086bc7cd5c481dcc9c85ebe478a1c0b69fcbb9,13,borrowed_assets,9108060097,9108.060097,USD₮0,0xfd086bc7cd5c481dcc9c85ebe478a1c0b69fcbb9
v1.0,2025-10-17T13:00:00Z,390487358,campaign_snapshot,exact_loan_asset_group,0xfd086bc7cd5c481dcc9c85ebe478a1c0b69fcbb9,13,supplied_assets,9108185970,9108.18597,USD₮0,0xfd086bc7cd5c481dcc9c85ebe478a1c0b69fcbb9
v1.0,2025-10-17T13:00:00Z,390487358,campaign_snapshot,fixed_program,45_markets,45,active_borrowers,2293,2293,wallets,
v1.0,2025-10-17T13:00:00Z,390487358,campaign_snapshot,fixed_program,45_markets,45,active_borrowers_shares_only,2844,2844,wallets,
v1.0,2025-10-17T13:00:00Z,390487358,campaign_snapshot,archetype_market,early_shared_usdc,1,borrowed_assets,7951172782,7951.172782,USDC,0xaf88d065e77c8cc2239327c5edb3a432268e5831
v1.0,2025-10-17T13:00:00Z,390487358,campaign_snapshot,archetype_market,early_shared_usdc,1,collateral_assets,4388867362426398984,4.388867362426,weETH,0x35751007a407ca6feffe80b3cb397736d2cf4dbe
v1.0,2025-10-17T13:00:00Z,390487358,campaign_snapshot,archetype_market,dedicated_syrupusdc,1,borrowed_assets,61664533518366,61664533.518366,USDC,0xaf88d065e77c8cc2239327c5edb3a432268e5831
v1.0,2025-10-17T13:00:00Z,390487358,campaign_snapshot,archetype_market,dedicated_syrupusdc,1,collateral_assets,65124837389128,65124837.389128,syrupUSDC,0x41ca7586cc1311807b4605fbb748a3b8862b42b5
v1.0,2025-10-17T13:00:00Z,390487358,campaign_snapshot,archetype_market,late_usdt0,1,borrowed_assets,0,0,USD₮0,0xfd086bc7cd5c481dcc9c85ebe478a1c0b69fcbb9
v1.0,2025-10-17T13:00:00Z,390487358,campaign_snapshot,archetype_market,late_usdt0,1,collateral_assets,0,0,syrupUSDC,0x41ca7586cc1311807b4605fbb748a3b8862b42b5
v1.0,2025-10-18T13:00:00Z,390833089,campaign_snapshot,exact_loan_asset_group,0xaf88d065e77c8cc2239327c5edb3a432268e5831,32,borrowed_assets,165266310139774,165266310.139774,USDC,0xaf88d065e77c8cc2239327c5edb3a432268e5831
v1.0,2025-10-18T13:00:00Z,390833089,campaign_snapshot,exact_loan_asset_group,0xaf88d065e77c8cc2239327c5edb3a432268e5831,32,supplied_assets,192221245698076,192221245.698076,USDC,0xaf88d065e77c8cc2239327c5edb3a432268e5831
v1.0,2025-10-18T13:00:00Z,390833089,campaign_snapshot,exact_loan_asset_group,0xfd086bc7cd5c481dcc9c85ebe478a1c0b69fcbb9,13,borrowed_assets,8830244867,8830.244867,USD₮0,0xfd086bc7cd5c481dcc9c85ebe478a1c0b69fcbb9
v1.0,2025-10-18T13:00:00Z,390833089,campaign_snapshot,exact_loan_asset_group,0xfd086bc7cd5c481dcc9c85ebe478a1c0b69fcbb9,13,supplied_assets,13230250855,13230.250855,USD₮0,0xfd086bc7cd5c481dcc9c85ebe478a1c0b69fcbb9
v1.0,2025-10-18T13:00:00Z,390833089,campaign_snapshot,fixed_program,45_markets,45,active_borrowers,2305,2305,wallets,
v1.0,2025-10-18T13:00:00Z,390833089,campaign_snapshot,fixed_program,45_markets,45,active_borrowers_shares_only,2859,2859,wallets,
v1.0,2025-10-18T13:00:00Z,390833089,campaign_snapshot,archetype_market,early_shared_usdc,1,borrowed_assets,7952248063,7952.248063,USDC,0xaf88d065e77c8cc2239327c5edb3a432268e5831
v1.0,2025-10-18T13:00:00Z,390833089,campaign_snapshot,archetype_market,early_shared_usdc,1,collateral_assets,4388867362426398984,4.388867362426,weETH,0x35751007a407ca6feffe80b3cb397736d2cf4dbe
v1.0,2025-10-18T13:00:00Z,390833089,campaign_snapshot,archetype_market,dedicated_syrupusdc,1,borrowed_assets,61636991598490,61636991.59849,USDC,0xaf88d065e77c8cc2239327c5edb3a432268e5831
v1.0,2025-10-18T13:00:00Z,390833089,campaign_snapshot,archetype_market,dedicated_syrupusdc,1,collateral_assets,65087831321173,65087831.321173,syrupUSDC,0x41ca7586cc1311807b4605fbb748a3b8862b42b5
v1.0,2025-10-18T13:00:00Z,390833089,campaign_snapshot,archetype_market,late_usdt0,1,borrowed_assets,0,0,USD₮0,0xfd086bc7cd5c481dcc9c85ebe478a1c0b69fcbb9
v1.0,2025-10-18T13:00:00Z,390833089,campaign_snapshot,archetype_market,late_usdt0,1,collateral_assets,0,0,syrupUSDC,0x41ca7586cc1311807b4605fbb748a3b8862b42b5
v1.0,2025-10-19T13:00:00Z,391178803,campaign_snapshot,exact_loan_asset_group,0xaf88d065e77c8cc2239327c5edb3a432268e5831,32,borrowed_assets,176353867944159,176353867.944159,USDC,0xaf88d065e77c8cc2239327c5edb3a432268e5831
v1.0,2025-10-19T13:00:00Z,391178803,campaign_snapshot,exact_loan_asset_group,0xaf88d065e77c8cc2239327c5edb3a432268e5831,32,supplied_assets,209270680946661,209270680.946661,USDC,0xaf88d065e77c8cc2239327c5edb3a432268e5831
v1.0,2025-10-19T13:00:00Z,391178803,campaign_snapshot,exact_loan_asset_group,0xfd086bc7cd5c481dcc9c85ebe478a1c0b69fcbb9,13,borrowed_assets,8831317219,8831.317219,USD₮0,0xfd086bc7cd5c481dcc9c85ebe478a1c0b69fcbb9
v1.0,2025-10-19T13:00:00Z,391178803,campaign_snapshot,exact_loan_asset_group,0xfd086bc7cd5c481dcc9c85ebe478a1c0b69fcbb9,13,supplied_assets,13226759267,13226.759267,USD₮0,0xfd086bc7cd5c481dcc9c85ebe478a1c0b69fcbb9
v1.0,2025-10-19T13:00:00Z,391178803,campaign_snapshot,fixed_program,45_markets,45,active_borrowers,2313,2313,wallets,
v1.0,2025-10-19T13:00:00Z,391178803,campaign_snapshot,fixed_program,45_markets,45,active_borrowers_shares_only,2871,2871,wallets,
v1.0,2025-10-19T13:00:00Z,391178803,campaign_snapshot,archetype_market,early_shared_usdc,1,borrowed_assets,7953770192,7953.770192,USDC,0xaf88d065e77c8cc2239327c5edb3a432268e5831
v1.0,2025-10-19T13:00:00Z,391178803,campaign_snapshot,archetype_market,early_shared_usdc,1,collateral_assets,4388867362426398984,4.388867362426,weETH,0x35751007a407ca6feffe80b3cb397736d2cf4dbe
v1.0,2025-10-19T13:00:00Z,391178803,campaign_snapshot,archetype_market,dedicated_syrupusdc,1,borrowed_assets,71566112114593,71566112.114593,USDC,0xaf88d065e77c8cc2239327c5edb3a432268e5831
v1.0,2025-10-19T13:00:00Z,391178803,campaign_snapshot,archetype_market,dedicated_syrupusdc,1,collateral_assets,75047231654534,75047231.654534,syrupUSDC,0x41ca7586cc1311807b4605fbb748a3b8862b42b5
v1.0,2025-10-19T13:00:00Z,391178803,campaign_snapshot,archetype_market,late_usdt0,1,borrowed_assets,0,0,USD₮0,0xfd086bc7cd5c481dcc9c85ebe478a1c0b69fcbb9
v1.0,2025-10-19T13:00:00Z,391178803,campaign_snapshot,archetype_market,late_usdt0,1,collateral_assets,0,0,syrupUSDC,0x41ca7586cc1311807b4605fbb748a3b8862b42b5
v1.0,2025-10-20T13:00:00Z,391523910,campaign_snapshot,exact_loan_asset_group,0xaf88d065e77c8cc2239327c5edb3a432268e5831,32,borrowed_assets,178113771086307,178113771.086307,USDC,0xaf88d065e77c8cc2239327c5edb3a432268e5831
v1.0,2025-10-20T13:00:00Z,391523910,campaign_snapshot,exact_loan_asset_group,0xaf88d065e77c8cc2239327c5edb3a432268e5831,32,supplied_assets,211986046636046,211986046.636046,USDC,0xaf88d065e77c8cc2239327c5edb3a432268e5831
v1.0,2025-10-20T13:00:00Z,391523910,campaign_snapshot,exact_loan_asset_group,0xfd086bc7cd5c481dcc9c85ebe478a1c0b69fcbb9,13,borrowed_assets,8833236827,8833.236827,USD₮0,0xfd086bc7cd5c481dcc9c85ebe478a1c0b69fcbb9
v1.0,2025-10-20T13:00:00Z,391523910,campaign_snapshot,exact_loan_asset_group,0xfd086bc7cd5c481dcc9c85ebe478a1c0b69fcbb9,13,supplied_assets,11586984906,11586.984906,USD₮0,0xfd086bc7cd5c481dcc9c85ebe478a1c0b69fcbb9
v1.0,2025-10-20T13:00:00Z,391523910,campaign_snapshot,fixed_program,45_markets,45,active_borrowers,2394,2394,wallets,
v1.0,2025-10-20T13:00:00Z,391523910,campaign_snapshot,fixed_program,45_markets,45,active_borrowers_shares_only,2952,2952,wallets,
v1.0,2025-10-20T13:00:00Z,391523910,campaign_snapshot,archetype_market,early_shared_usdc,1,borrowed_assets,7954877613,7954.877613,USDC,0xaf88d065e77c8cc2239327c5edb3a432268e5831
v1.0,2025-10-20T13:00:00Z,391523910,campaign_snapshot,archetype_market,early_shared_usdc,1,collateral_assets,4388867362426398984,4.388867362426,weETH,0x35751007a407ca6feffe80b3cb397736d2cf4dbe
v1.0,2025-10-20T13:00:00Z,391523910,campaign_snapshot,archetype_market,dedicated_syrupusdc,1,borrowed_assets,71572702082058,71572702.082058,USDC,0xaf88d065e77c8cc2239327c5edb3a432268e5831
v1.0,2025-10-20T13:00:00Z,391523910,campaign_snapshot,archetype_market,dedicated_syrupusdc,1,collateral_assets,75044132769512,75044132.769512,syrupUSDC,0x41ca7586cc1311807b4605fbb748a3b8862b42b5
v1.0,2025-10-20T13:00:00Z,391523910,campaign_snapshot,archetype_market,late_usdt0,1,borrowed_assets,0,0,USD₮0,0xfd086bc7cd5c481dcc9c85ebe478a1c0b69fcbb9
v1.0,2025-10-20T13:00:00Z,391523910,campaign_snapshot,archetype_market,late_usdt0,1,collateral_assets,0,0,syrupUSDC,0x41ca7586cc1311807b4605fbb748a3b8862b42b5
v1.0,2025-10-21T13:00:00Z,391869163,campaign_snapshot,exact_loan_asset_group,0xaf88d065e77c8cc2239327c5edb3a432268e5831,32,borrowed_assets,180056506627140,180056506.62714,USDC,0xaf88d065e77c8cc2239327c5edb3a432268e5831
v1.0,2025-10-21T13:00:00Z,391869163,campaign_snapshot,exact_loan_asset_group,0xaf88d065e77c8cc2239327c5edb3a432268e5831,32,supplied_assets,209217448246542,209217448.246542,USDC,0xaf88d065e77c8cc2239327c5edb3a432268e5831
v1.0,2025-10-21T13:00:00Z,391869163,campaign_snapshot,exact_loan_asset_group,0xfd086bc7cd5c481dcc9c85ebe478a1c0b69fcbb9,13,borrowed_assets,8833236827,8833.236827,USD₮0,0xfd086bc7cd5c481dcc9c85ebe478a1c0b69fcbb9
v1.0,2025-10-21T13:00:00Z,391869163,campaign_snapshot,exact_loan_asset_group,0xfd086bc7cd5c481dcc9c85ebe478a1c0b69fcbb9,13,supplied_assets,11586984906,11586.984906,USD₮0,0xfd086bc7cd5c481dcc9c85ebe478a1c0b69fcbb9
v1.0,2025-10-21T13:00:00Z,391869163,campaign_snapshot,fixed_program,45_markets,45,active_borrowers,2418,2418,wallets,
v1.0,2025-10-21T13:00:00Z,391869163,campaign_snapshot,fixed_program,45_markets,45,active_borrowers_shares_only,2981,2981,wallets,
v1.0,2025-10-21T13:00:00Z,391869163,campaign_snapshot,archetype_market,early_shared_usdc,1,borrowed_assets,8017010885,8017.010885,USDC,0xaf88d065e77c8cc2239327c5edb3a432268e5831
v1.0,2025-10-21T13:00:00Z,391869163,campaign_snapshot,archetype_market,early_shared_usdc,1,collateral_assets,4388867362426398984,4.388867362426,weETH,0x35751007a407ca6feffe80b3cb397736d2cf4dbe
v1.0,2025-10-21T13:00:00Z,391869163,campaign_snapshot,archetype_market,dedicated_syrupusdc,1,borrowed_assets,74295226521340,74295226.52134,USDC,0xaf88d065e77c8cc2239327c5edb3a432268e5831
v1.0,2025-10-21T13:00:00Z,391869163,campaign_snapshot,archetype_market,dedicated_syrupusdc,1,collateral_assets,77800523965671,77800523.965671,syrupUSDC,0x41ca7586cc1311807b4605fbb748a3b8862b42b5
v1.0,2025-10-21T13:00:00Z,391869163,campaign_snapshot,archetype_market,late_usdt0,1,borrowed_assets,0,0,USD₮0,0xfd086bc7cd5c481dcc9c85ebe478a1c0b69fcbb9
v1.0,2025-10-21T13:00:00Z,391869163,campaign_snapshot,archetype_market,late_usdt0,1,collateral_assets,0,0,syrupUSDC,0x41ca7586cc1311807b4605fbb748a3b8862b42b5
v1.0,2025-10-22T13:00:00Z,392215014,campaign_snapshot,exact_loan_asset_group,0xaf88d065e77c8cc2239327c5edb3a432268e5831,32,borrowed_assets,180871350308110,180871350.30811,USDC,0xaf88d065e77c8cc2239327c5edb3a432268e5831
v1.0,2025-10-22T13:00:00Z,392215014,campaign_snapshot,exact_loan_asset_group,0xaf88d065e77c8cc2239327c5edb3a432268e5831,32,supplied_assets,212289500440993,212289500.440993,USDC,0xaf88d065e77c8cc2239327c5edb3a432268e5831
v1.0,2025-10-22T13:00:00Z,392215014,campaign_snapshot,exact_loan_asset_group,0xfd086bc7cd5c481dcc9c85ebe478a1c0b69fcbb9,13,borrowed_assets,8836220805,8836.220805,USD₮0,0xfd086bc7cd5c481dcc9c85ebe478a1c0b69fcbb9
v1.0,2025-10-22T13:00:00Z,392215014,campaign_snapshot,exact_loan_asset_group,0xfd086bc7cd5c481dcc9c85ebe478a1c0b69fcbb9,13,supplied_assets,11224495447,11224.495447,USD₮0,0xfd086bc7cd5c481dcc9c85ebe478a1c0b69fcbb9
v1.0,2025-10-22T13:00:00Z,392215014,campaign_snapshot,fixed_program,45_markets,45,active_borrowers,2437,2437,wallets,
v1.0,2025-10-22T13:00:00Z,392215014,campaign_snapshot,fixed_program,45_markets,45,active_borrowers_shares_only,3004,3004,wallets,
v1.0,2025-10-22T13:00:00Z,392215014,campaign_snapshot,archetype_market,early_shared_usdc,1,borrowed_assets,8017924532,8017.924532,USDC,0xaf88d065e77c8cc2239327c5edb3a432268e5831
v1.0,2025-10-22T13:00:00Z,392215014,campaign_snapshot,archetype_market,early_shared_usdc,1,collateral_assets,4388867362426398984,4.388867362426,weETH,0x35751007a407ca6feffe80b3cb397736d2cf4dbe
v1.0,2025-10-22T13:00:00Z,392215014,campaign_snapshot,archetype_market,dedicated_syrupusdc,1,borrowed_assets,74305409514327,74305409.514327,USDC,0xaf88d065e77c8cc2239327c5edb3a432268e5831
v1.0,2025-10-22T13:00:00Z,392215014,campaign_snapshot,archetype_market,dedicated_syrupusdc,1,collateral_assets,77800126132630,77800126.13263,syrupUSDC,0x41ca7586cc1311807b4605fbb748a3b8862b42b5
v1.0,2025-10-22T13:00:00Z,392215014,campaign_snapshot,archetype_market,late_usdt0,1,borrowed_assets,0,0,USD₮0,0xfd086bc7cd5c481dcc9c85ebe478a1c0b69fcbb9
v1.0,2025-10-22T13:00:00Z,392215014,campaign_snapshot,archetype_market,late_usdt0,1,collateral_assets,0,0,syrupUSDC,0x41ca7586cc1311807b4605fbb748a3b8862b42b5
v1.0,2025-10-23T13:00:00Z,392561156,campaign_snapshot,exact_loan_asset_group,0xaf88d065e77c8cc2239327c5edb3a432268e5831,32,borrowed_assets,179144026873984,179144026.873984,USDC,0xaf88d065e77c8cc2239327c5edb3a432268e5831
v1.0,2025-10-23T13:00:00Z,392561156,campaign_snapshot,exact_loan_asset_group,0xaf88d065e77c8cc2239327c5edb3a432268e5831,32,supplied_assets,195072177371659,195072177.371659,USDC,0xaf88d065e77c8cc2239327c5edb3a432268e5831
v1.0,2025-10-23T13:00:00Z,392561156,campaign_snapshot,exact_loan_asset_group,0xfd086bc7cd5c481dcc9c85ebe478a1c0b69fcbb9,13,borrowed_assets,8687185416,8687.185416,USD₮0,0xfd086bc7cd5c481dcc9c85ebe478a1c0b69fcbb9
v1.0,2025-10-23T13:00:00Z,392561156,campaign_snapshot,exact_loan_asset_group,0xfd086bc7cd5c481dcc9c85ebe478a1c0b69fcbb9,13,supplied_assets,11225908373,11225.908373,USD₮0,0xfd086bc7cd5c481dcc9c85ebe478a1c0b69fcbb9
v1.0,2025-10-23T13:00:00Z,392561156,campaign_snapshot,fixed_program,45_markets,45,active_borrowers,2458,2458,wallets,
v1.0,2025-10-23T13:00:00Z,392561156,campaign_snapshot,fixed_program,45_markets,45,active_borrowers_shares_only,3027,3027,wallets,
v1.0,2025-10-23T13:00:00Z,392561156,campaign_snapshot,archetype_market,early_shared_usdc,1,borrowed_assets,8019415362,8019.415362,USDC,0xaf88d065e77c8cc2239327c5edb3a432268e5831
v1.0,2025-10-23T13:00:00Z,392561156,campaign_snapshot,archetype_market,early_shared_usdc,1,collateral_assets,4388867362426398984,4.388867362426,weETH,0x35751007a407ca6feffe80b3cb397736d2cf4dbe
v1.0,2025-10-23T13:00:00Z,392561156,campaign_snapshot,archetype_market,dedicated_syrupusdc,1,borrowed_assets,74830081593337,74830081.593337,USDC,0xaf88d065e77c8cc2239327c5edb3a432268e5831
v1.0,2025-10-23T13:00:00Z,392561156,campaign_snapshot,archetype_market,dedicated_syrupusdc,1,collateral_assets,78523976186460,78523976.18646,syrupUSDC,0x41ca7586cc1311807b4605fbb748a3b8862b42b5
v1.0,2025-10-23T13:00:00Z,392561156,campaign_snapshot,archetype_market,late_usdt0,1,borrowed_assets,0,0,USD₮0,0xfd086bc7cd5c481dcc9c85ebe478a1c0b69fcbb9
v1.0,2025-10-23T13:00:00Z,392561156,campaign_snapshot,archetype_market,late_usdt0,1,collateral_assets,0,0,syrupUSDC,0x41ca7586cc1311807b4605fbb748a3b8862b42b5
v1.0,2025-10-24T13:00:00Z,392907426,campaign_snapshot,exact_loan_asset_group,0xaf88d065e77c8cc2239327c5edb3a432268e5831,32,borrowed_assets,179204310057205,179204310.057205,USDC,0xaf88d065e77c8cc2239327c5edb3a432268e5831
v1.0,2025-10-24T13:00:00Z,392907426,campaign_snapshot,exact_loan_asset_group,0xaf88d065e77c8cc2239327c5edb3a432268e5831,32,supplied_assets,201587341239601,201587341.239601,USDC,0xaf88d065e77c8cc2239327c5edb3a432268e5831
v1.0,2025-10-24T13:00:00Z,392907426,campaign_snapshot,exact_loan_asset_group,0xfd086bc7cd5c481dcc9c85ebe478a1c0b69fcbb9,13,borrowed_assets,7682672229,7682.672229,USD₮0,0xfd086bc7cd5c481dcc9c85ebe478a1c0b69fcbb9
v1.0,2025-10-24T13:00:00Z,392907426,campaign_snapshot,exact_loan_asset_group,0xfd086bc7cd5c481dcc9c85ebe478a1c0b69fcbb9,13,supplied_assets,11226899893,11226.899893,USD₮0,0xfd086bc7cd5c481dcc9c85ebe478a1c0b69fcbb9
v1.0,2025-10-24T13:00:00Z,392907426,campaign_snapshot,fixed_program,45_markets,45,active_borrowers,2486,2486,wallets,
v1.0,2025-10-24T13:00:00Z,392907426,campaign_snapshot,fixed_program,45_markets,45,active_borrowers_shares_only,3055,3055,wallets,
v1.0,2025-10-24T13:00:00Z,392907426,campaign_snapshot,archetype_market,early_shared_usdc,1,borrowed_assets,8020912376,8020.912376,USDC,0xaf88d065e77c8cc2239327c5edb3a432268e5831
v1.0,2025-10-24T13:00:00Z,392907426,campaign_snapshot,archetype_market,early_shared_usdc,1,collateral_assets,4388867362426398984,4.388867362426,weETH,0x35751007a407ca6feffe80b3cb397736d2cf4dbe
v1.0,2025-10-24T13:00:00Z,392907426,campaign_snapshot,archetype_market,dedicated_syrupusdc,1,borrowed_assets,74789575379983,74789575.379983,USDC,0xaf88d065e77c8cc2239327c5edb3a432268e5831
v1.0,2025-10-24T13:00:00Z,392907426,campaign_snapshot,archetype_market,dedicated_syrupusdc,1,collateral_assets,78475576114016,78475576.114016,syrupUSDC,0x41ca7586cc1311807b4605fbb748a3b8862b42b5
v1.0,2025-10-24T13:00:00Z,392907426,campaign_snapshot,archetype_market,late_usdt0,1,borrowed_assets,0,0,USD₮0,0xfd086bc7cd5c481dcc9c85ebe478a1c0b69fcbb9
v1.0,2025-10-24T13:00:00Z,392907426,campaign_snapshot,archetype_market,late_usdt0,1,collateral_assets,0,0,syrupUSDC,0x41ca7586cc1311807b4605fbb748a3b8862b42b5
v1.0,2025-10-25T13:00:00Z,393253312,campaign_snapshot,exact_loan_asset_group,0xaf88d065e77c8cc2239327c5edb3a432268e5831,32,borrowed_assets,179124185075766,179124185.075766,USDC,0xaf88d065e77c8cc2239327c5edb3a432268e5831
v1.0,2025-10-25T13:00:00Z,393253312,campaign_snapshot,exact_loan_asset_group,0xaf88d065e77c8cc2239327c5edb3a432268e5831,32,supplied_assets,201294990856294,201294990.856294,USDC,0xaf88d065e77c8cc2239327c5edb3a432268e5831
v1.0,2025-10-25T13:00:00Z,393253312,campaign_snapshot,exact_loan_asset_group,0xfd086bc7cd5c481dcc9c85ebe478a1c0b69fcbb9,13,borrowed_assets,7683790191,7683.790191,USD₮0,0xfd086bc7cd5c481dcc9c85ebe478a1c0b69fcbb9
v1.0,2025-10-25T13:00:00Z,393253312,campaign_snapshot,exact_loan_asset_group,0xfd086bc7cd5c481dcc9c85ebe478a1c0b69fcbb9,13,supplied_assets,11205461135,11205.461135,USD₮0,0xfd086bc7cd5c481dcc9c85ebe478a1c0b69fcbb9
v1.0,2025-10-25T13:00:00Z,393253312,campaign_snapshot,fixed_program,45_markets,45,active_borrowers,2503,2503,wallets,
v1.0,2025-10-25T13:00:00Z,393253312,campaign_snapshot,fixed_program,45_markets,45,active_borrowers_shares_only,3077,3077,wallets,
v1.0,2025-10-25T13:00:00Z,393253312,campaign_snapshot,archetype_market,early_shared_usdc,1,borrowed_assets,8022363064,8022.363064,USDC,0xaf88d065e77c8cc2239327c5edb3a432268e5831
v1.0,2025-10-25T13:00:00Z,393253312,campaign_snapshot,archetype_market,early_shared_usdc,1,collateral_assets,4388867362426398984,4.388867362426,weETH,0x35751007a407ca6feffe80b3cb397736d2cf4dbe
v1.0,2025-10-25T13:00:00Z,393253312,campaign_snapshot,archetype_market,dedicated_syrupusdc,1,borrowed_assets,75069322009347,75069322.009347,USDC,0xaf88d065e77c8cc2239327c5edb3a432268e5831
v1.0,2025-10-25T13:00:00Z,393253312,campaign_snapshot,archetype_market,dedicated_syrupusdc,1,collateral_assets,79001845222939,79001845.222939,syrupUSDC,0x41ca7586cc1311807b4605fbb748a3b8862b42b5
v1.0,2025-10-25T13:00:00Z,393253312,campaign_snapshot,archetype_market,late_usdt0,1,borrowed_assets,0,0,USD₮0,0xfd086bc7cd5c481dcc9c85ebe478a1c0b69fcbb9
v1.0,2025-10-25T13:00:00Z,393253312,campaign_snapshot,archetype_market,late_usdt0,1,collateral_assets,0,0,syrupUSDC,0x41ca7586cc1311807b4605fbb748a3b8862b42b5
v1.0,2025-10-26T13:00:00Z,393599045,campaign_snapshot,exact_loan_asset_group,0xaf88d065e77c8cc2239327c5edb3a432268e5831,32,borrowed_assets,178976580822525,178976580.822525,USDC,0xaf88d065e77c8cc2239327c5edb3a432268e5831
v1.0,2025-10-26T13:00:00Z,393599045,campaign_snapshot,exact_loan_asset_group,0xaf88d065e77c8cc2239327c5edb3a432268e5831,32,supplied_assets,198652276295419,198652276.295419,USDC,0xaf88d065e77c8cc2239327c5edb3a432268e5831
v1.0,2025-10-26T13:00:00Z,393599045,campaign_snapshot,exact_loan_asset_group,0xfd086bc7cd5c481dcc9c85ebe478a1c0b69fcbb9,13,borrowed_assets,7270045814,7270.045814,USD₮0,0xfd086bc7cd5c481dcc9c85ebe478a1c0b69fcbb9
v1.0,2025-10-26T13:00:00Z,393599045,campaign_snapshot,exact_loan_asset_group,0xfd086bc7cd5c481dcc9c85ebe478a1c0b69fcbb9,13,supplied_assets,11111187433,11111.187433,USD₮0,0xfd086bc7cd5c481dcc9c85ebe478a1c0b69fcbb9
v1.0,2025-10-26T13:00:00Z,393599045,campaign_snapshot,fixed_program,45_markets,45,active_borrowers,2557,2557,wallets,
v1.0,2025-10-26T13:00:00Z,393599045,campaign_snapshot,fixed_program,45_markets,45,active_borrowers_shares_only,3129,3129,wallets,
v1.0,2025-10-26T13:00:00Z,393599045,campaign_snapshot,archetype_market,early_shared_usdc,1,borrowed_assets,8673194533,8673.194533,USDC,0xaf88d065e77c8cc2239327c5edb3a432268e5831
v1.0,2025-10-26T13:00:00Z,393599045,campaign_snapshot,archetype_market,early_shared_usdc,1,collateral_assets,4701155824402115608,4.701155824402,weETH,0x35751007a407ca6feffe80b3cb397736d2cf4dbe
v1.0,2025-10-26T13:00:00Z,393599045,campaign_snapshot,archetype_market,dedicated_syrupusdc,1,borrowed_assets,75081718394011,75081718.394011,USDC,0xaf88d065e77c8cc2239327c5edb3a432268e5831
v1.0,2025-10-26T13:00:00Z,393599045,campaign_snapshot,archetype_market,dedicated_syrupusdc,1,collateral_assets,79001845222939,79001845.222939,syrupUSDC,0x41ca7586cc1311807b4605fbb748a3b8862b42b5
v1.0,2025-10-26T13:00:00Z,393599045,campaign_snapshot,archetype_market,late_usdt0,1,borrowed_assets,0,0,USD₮0,0xfd086bc7cd5c481dcc9c85ebe478a1c0b69fcbb9
v1.0,2025-10-26T13:00:00Z,393599045,campaign_snapshot,archetype_market,late_usdt0,1,collateral_assets,0,0,syrupUSDC,0x41ca7586cc1311807b4605fbb748a3b8862b42b5
v1.0,2025-10-27T13:00:00Z,393945026,campaign_snapshot,exact_loan_asset_group,0xaf88d065e77c8cc2239327c5edb3a432268e5831,32,borrowed_assets,172354931551811,172354931.551811,USDC,0xaf88d065e77c8cc2239327c5edb3a432268e5831
v1.0,2025-10-27T13:00:00Z,393945026,campaign_snapshot,exact_loan_asset_group,0xaf88d065e77c8cc2239327c5edb3a432268e5831,32,supplied_assets,192197520100013,192197520.100013,USDC,0xaf88d065e77c8cc2239327c5edb3a432268e5831
v1.0,2025-10-27T13:00:00Z,393945026,campaign_snapshot,exact_loan_asset_group,0xfd086bc7cd5c481dcc9c85ebe478a1c0b69fcbb9,13,borrowed_assets,7270269322,7270.269322,USD₮0,0xfd086bc7cd5c481dcc9c85ebe478a1c0b69fcbb9
v1.0,2025-10-27T13:00:00Z,393945026,campaign_snapshot,exact_loan_asset_group,0xfd086bc7cd5c481dcc9c85ebe478a1c0b69fcbb9,13,supplied_assets,11113811121,11113.811121,USD₮0,0xfd086bc7cd5c481dcc9c85ebe478a1c0b69fcbb9
v1.0,2025-10-27T13:00:00Z,393945026,campaign_snapshot,fixed_program,45_markets,45,active_borrowers,2589,2589,wallets,
v1.0,2025-10-27T13:00:00Z,393945026,campaign_snapshot,fixed_program,45_markets,45,active_borrowers_shares_only,3161,3161,wallets,
v1.0,2025-10-27T13:00:00Z,393945026,campaign_snapshot,archetype_market,early_shared_usdc,1,borrowed_assets,8675298956,8675.298956,USDC,0xaf88d065e77c8cc2239327c5edb3a432268e5831
v1.0,2025-10-27T13:00:00Z,393945026,campaign_snapshot,archetype_market,early_shared_usdc,1,collateral_assets,4701155824402115608,4.701155824402,weETH,0x35751007a407ca6feffe80b3cb397736d2cf4dbe
v1.0,2025-10-27T13:00:00Z,393945026,campaign_snapshot,archetype_market,dedicated_syrupusdc,1,borrowed_assets,71160063798509,71160063.798509,USDC,0xaf88d065e77c8cc2239327c5edb3a432268e5831
v1.0,2025-10-27T13:00:00Z,393945026,campaign_snapshot,archetype_market,dedicated_syrupusdc,1,collateral_assets,74796483327826,74796483.327826,syrupUSDC,0x41ca7586cc1311807b4605fbb748a3b8862b42b5
v1.0,2025-10-27T13:00:00Z,393945026,campaign_snapshot,archetype_market,late_usdt0,1,borrowed_assets,0,0,USD₮0,0xfd086bc7cd5c481dcc9c85ebe478a1c0b69fcbb9
v1.0,2025-10-27T13:00:00Z,393945026,campaign_snapshot,archetype_market,late_usdt0,1,collateral_assets,0,0,syrupUSDC,0x41ca7586cc1311807b4605fbb748a3b8862b42b5
v1.0,2025-10-28T13:00:00Z,394291211,campaign_snapshot,exact_loan_asset_group,0xaf88d065e77c8cc2239327c5edb3a432268e5831,32,borrowed_assets,172923005065477,172923005.065477,USDC,0xaf88d065e77c8cc2239327c5edb3a432268e5831
v1.0,2025-10-28T13:00:00Z,394291211,campaign_snapshot,exact_loan_asset_group,0xaf88d065e77c8cc2239327c5edb3a432268e5831,32,supplied_assets,193614905084008,193614905.084008,USDC,0xaf88d065e77c8cc2239327c5edb3a432268e5831
v1.0,2025-10-28T13:00:00Z,394291211,campaign_snapshot,exact_loan_asset_group,0xfd086bc7cd5c481dcc9c85ebe478a1c0b69fcbb9,13,borrowed_assets,7029157546,7029.157546,USD₮0,0xfd086bc7cd5c481dcc9c85ebe478a1c0b69fcbb9
v1.0,2025-10-28T13:00:00Z,394291211,campaign_snapshot,exact_loan_asset_group,0xfd086bc7cd5c481dcc9c85ebe478a1c0b69fcbb9,13,supplied_assets,11107095576,11107.095576,USD₮0,0xfd086bc7cd5c481dcc9c85ebe478a1c0b69fcbb9
v1.0,2025-10-28T13:00:00Z,394291211,campaign_snapshot,fixed_program,45_markets,45,active_borrowers,2550,2550,wallets,
v1.0,2025-10-28T13:00:00Z,394291211,campaign_snapshot,fixed_program,45_markets,45,active_borrowers_shares_only,3121,3121,wallets,
v1.0,2025-10-28T13:00:00Z,394291211,campaign_snapshot,archetype_market,early_shared_usdc,1,borrowed_assets,8676835064,8676.835064,USDC,0xaf88d065e77c8cc2239327c5edb3a432268e5831
v1.0,2025-10-28T13:00:00Z,394291211,campaign_snapshot,archetype_market,early_shared_usdc,1,collateral_assets,4701155824402115608,4.701155824402,weETH,0x35751007a407ca6feffe80b3cb397736d2cf4dbe
v1.0,2025-10-28T13:00:00Z,394291211,campaign_snapshot,archetype_market,dedicated_syrupusdc,1,borrowed_assets,71178618349291,71178618.349291,USDC,0xaf88d065e77c8cc2239327c5edb3a432268e5831
v1.0,2025-10-28T13:00:00Z,394291211,campaign_snapshot,archetype_market,dedicated_syrupusdc,1,collateral_assets,74796483327826,74796483.327826,syrupUSDC,0x41ca7586cc1311807b4605fbb748a3b8862b42b5
v1.0,2025-10-28T13:00:00Z,394291211,campaign_snapshot,archetype_market,late_usdt0,1,borrowed_assets,0,0,USD₮0,0xfd086bc7cd5c481dcc9c85ebe478a1c0b69fcbb9
v1.0,2025-10-28T13:00:00Z,394291211,campaign_snapshot,archetype_market,late_usdt0,1,collateral_assets,0,0,syrupUSDC,0x41ca7586cc1311807b4605fbb748a3b8862b42b5
v1.0,2025-10-29T13:00:00Z,394637362,campaign_snapshot,exact_loan_asset_group,0xaf88d065e77c8cc2239327c5edb3a432268e5831,32,borrowed_assets,159119374904823,159119374.904823,USDC,0xaf88d065e77c8cc2239327c5edb3a432268e5831
v1.0,2025-10-29T13:00:00Z,394637362,campaign_snapshot,exact_loan_asset_group,0xaf88d065e77c8cc2239327c5edb3a432268e5831,32,supplied_assets,191791133495473,191791133.495473,USDC,0xaf88d065e77c8cc2239327c5edb3a432268e5831
v1.0,2025-10-29T13:00:00Z,394637362,campaign_snapshot,exact_loan_asset_group,0xfd086bc7cd5c481dcc9c85ebe478a1c0b69fcbb9,13,borrowed_assets,5112206711,5112.206711,USD₮0,0xfd086bc7cd5c481dcc9c85ebe478a1c0b69fcbb9
v1.0,2025-10-29T13:00:00Z,394637362,campaign_snapshot,exact_loan_asset_group,0xfd086bc7cd5c481dcc9c85ebe478a1c0b69fcbb9,13,supplied_assets,11100362985,11100.362985,USD₮0,0xfd086bc7cd5c481dcc9c85ebe478a1c0b69fcbb9
v1.0,2025-10-29T13:00:00Z,394637362,campaign_snapshot,fixed_program,45_markets,45,active_borrowers,2596,2596,wallets,
v1.0,2025-10-29T13:00:00Z,394637362,campaign_snapshot,fixed_program,45_markets,45,active_borrowers_shares_only,3168,3168,wallets,
v1.0,2025-10-29T13:00:00Z,394637362,campaign_snapshot,archetype_market,early_shared_usdc,1,borrowed_assets,8678225722,8678.225722,USDC,0xaf88d065e77c8cc2239327c5edb3a432268e5831
v1.0,2025-10-29T13:00:00Z,394637362,campaign_snapshot,archetype_market,early_shared_usdc,1,collateral_assets,4701155824402115608,4.701155824402,weETH,0x35751007a407ca6feffe80b3cb397736d2cf4dbe
v1.0,2025-10-29T13:00:00Z,394637362,campaign_snapshot,archetype_market,dedicated_syrupusdc,1,borrowed_assets,69280161039251,69280161.039251,USDC,0xaf88d065e77c8cc2239327c5edb3a432268e5831
v1.0,2025-10-29T13:00:00Z,394637362,campaign_snapshot,archetype_market,dedicated_syrupusdc,1,collateral_assets,72653391617610,72653391.61761,syrupUSDC,0x41ca7586cc1311807b4605fbb748a3b8862b42b5
v1.0,2025-10-29T13:00:00Z,394637362,campaign_snapshot,archetype_market,late_usdt0,1,borrowed_assets,0,0,USD₮0,0xfd086bc7cd5c481dcc9c85ebe478a1c0b69fcbb9
v1.0,2025-10-29T13:00:00Z,394637362,campaign_snapshot,archetype_market,late_usdt0,1,collateral_assets,0,0,syrupUSDC,0x41ca7586cc1311807b4605fbb748a3b8862b42b5
v1.0,2025-10-30T13:00:00Z,394983572,campaign_snapshot,exact_loan_asset_group,0xaf88d065e77c8cc2239327c5edb3a432268e5831,32,borrowed_assets,150417796578510,150417796.57851,USDC,0xaf88d065e77c8cc2239327c5edb3a432268e5831
v1.0,2025-10-30T13:00:00Z,394983572,campaign_snapshot,exact_loan_asset_group,0xaf88d065e77c8cc2239327c5edb3a432268e5831,32,supplied_assets,165498296771291,165498296.771291,USDC,0xaf88d065e77c8cc2239327c5edb3a432268e5831
v1.0,2025-10-30T13:00:00Z,394983572,campaign_snapshot,exact_loan_asset_group,0xfd086bc7cd5c481dcc9c85ebe478a1c0b69fcbb9,13,borrowed_assets,5112915746,5112.915746,USD₮0,0xfd086bc7cd5c481dcc9c85ebe478a1c0b69fcbb9
v1.0,2025-10-30T13:00:00Z,394983572,campaign_snapshot,exact_loan_asset_group,0xfd086bc7cd5c481dcc9c85ebe478a1c0b69fcbb9,13,supplied_assets,7845991788,7845.991788,USD₮0,0xfd086bc7cd5c481dcc9c85ebe478a1c0b69fcbb9
v1.0,2025-10-30T13:00:00Z,394983572,campaign_snapshot,fixed_program,45_markets,45,active_borrowers,2734,2734,wallets,
v1.0,2025-10-30T13:00:00Z,394983572,campaign_snapshot,fixed_program,45_markets,45,active_borrowers_shares_only,3313,3313,wallets,
v1.0,2025-10-30T13:00:00Z,394983572,campaign_snapshot,archetype_market,early_shared_usdc,1,borrowed_assets,8679421940,8679.42194,USDC,0xaf88d065e77c8cc2239327c5edb3a432268e5831
v1.0,2025-10-30T13:00:00Z,394983572,campaign_snapshot,archetype_market,early_shared_usdc,1,collateral_assets,4701155824402115608,4.701155824402,weETH,0x35751007a407ca6feffe80b3cb397736d2cf4dbe
v1.0,2025-10-30T13:00:00Z,394983572,campaign_snapshot,archetype_market,dedicated_syrupusdc,1,borrowed_assets,66682217108273,66682217.108273,USDC,0xaf88d065e77c8cc2239327c5edb3a432268e5831
v1.0,2025-10-30T13:00:00Z,394983572,campaign_snapshot,archetype_market,dedicated_syrupusdc,1,collateral_assets,69858788156399,69858788.156399,syrupUSDC,0x41ca7586cc1311807b4605fbb748a3b8862b42b5
v1.0,2025-10-30T13:00:00Z,394983572,campaign_snapshot,archetype_market,late_usdt0,1,borrowed_assets,0,0,USD₮0,0xfd086bc7cd5c481dcc9c85ebe478a1c0b69fcbb9
v1.0,2025-10-30T13:00:00Z,394983572,campaign_snapshot,archetype_market,late_usdt0,1,collateral_assets,0,0,syrupUSDC,0x41ca7586cc1311807b4605fbb748a3b8862b42b5
v1.0,2025-10-31T13:00:00Z,395329658,campaign_snapshot,exact_loan_asset_group,0xaf88d065e77c8cc2239327c5edb3a432268e5831,32,borrowed_assets,146786092101511,146786092.101511,USDC,0xaf88d065e77c8cc2239327c5edb3a432268e5831
v1.0,2025-10-31T13:00:00Z,395329658,campaign_snapshot,exact_loan_asset_group,0xaf88d065e77c8cc2239327c5edb3a432268e5831,32,supplied_assets,167029294688001,167029294.688001,USDC,0xaf88d065e77c8cc2239327c5edb3a432268e5831
v1.0,2025-10-31T13:00:00Z,395329658,campaign_snapshot,exact_loan_asset_group,0xfd086bc7cd5c481dcc9c85ebe478a1c0b69fcbb9,13,borrowed_assets,5113088302,5113.088302,USD₮0,0xfd086bc7cd5c481dcc9c85ebe478a1c0b69fcbb9
v1.0,2025-10-31T13:00:00Z,395329658,campaign_snapshot,exact_loan_asset_group,0xfd086bc7cd5c481dcc9c85ebe478a1c0b69fcbb9,13,supplied_assets,7815139781,7815.139781,USD₮0,0xfd086bc7cd5c481dcc9c85ebe478a1c0b69fcbb9
v1.0,2025-10-31T13:00:00Z,395329658,campaign_snapshot,fixed_program,45_markets,45,active_borrowers,2833,2833,wallets,
v1.0,2025-10-31T13:00:00Z,395329658,campaign_snapshot,fixed_program,45_markets,45,active_borrowers_shares_only,3418,3418,wallets,
v1.0,2025-10-31T13:00:00Z,395329658,campaign_snapshot,archetype_market,early_shared_usdc,1,borrowed_assets,8680944865,8680.944865,USDC,0xaf88d065e77c8cc2239327c5edb3a432268e5831
v1.0,2025-10-31T13:00:00Z,395329658,campaign_snapshot,archetype_market,early_shared_usdc,1,collateral_assets,4701155824402115608,4.701155824402,weETH,0x35751007a407ca6feffe80b3cb397736d2cf4dbe
v1.0,2025-10-31T13:00:00Z,395329658,campaign_snapshot,archetype_market,dedicated_syrupusdc,1,borrowed_assets,63406800090183,63406800.090183,USDC,0xaf88d065e77c8cc2239327c5edb3a432268e5831
v1.0,2025-10-31T13:00:00Z,395329658,campaign_snapshot,archetype_market,dedicated_syrupusdc,1,collateral_assets,66659149395530,66659149.39553,syrupUSDC,0x41ca7586cc1311807b4605fbb748a3b8862b42b5
v1.0,2025-10-31T13:00:00Z,395329658,campaign_snapshot,archetype_market,late_usdt0,1,borrowed_assets,0,0,USD₮0,0xfd086bc7cd5c481dcc9c85ebe478a1c0b69fcbb9
v1.0,2025-10-31T13:00:00Z,395329658,campaign_snapshot,archetype_market,late_usdt0,1,collateral_assets,0,0,syrupUSDC,0x41ca7586cc1311807b4605fbb748a3b8862b42b5
v1.0,2025-11-01T13:00:00Z,395675846,campaign_snapshot,exact_loan_asset_group,0xaf88d065e77c8cc2239327c5edb3a432268e5831,32,borrowed_assets,147023524370690,147023524.37069,USDC,0xaf88d065e77c8cc2239327c5edb3a432268e5831
v1.0,2025-11-01T13:00:00Z,395675846,campaign_snapshot,exact_loan_asset_group,0xaf88d065e77c8cc2239327c5edb3a432268e5831,32,supplied_assets,163575191823113,163575191.823113,USDC,0xaf88d065e77c8cc2239327c5edb3a432268e5831
v1.0,2025-11-01T13:00:00Z,395675846,campaign_snapshot,exact_loan_asset_group,0xfd086bc7cd5c481dcc9c85ebe478a1c0b69fcbb9,13,borrowed_assets,5058582813,5058.582813,USD₮0,0xfd086bc7cd5c481dcc9c85ebe478a1c0b69fcbb9
v1.0,2025-11-01T13:00:00Z,395675846,campaign_snapshot,exact_loan_asset_group,0xfd086bc7cd5c481dcc9c85ebe478a1c0b69fcbb9,13,supplied_assets,7815766950,7815.76695,USD₮0,0xfd086bc7cd5c481dcc9c85ebe478a1c0b69fcbb9
v1.0,2025-11-01T13:00:00Z,395675846,campaign_snapshot,fixed_program,45_markets,45,active_borrowers,2884,2884,wallets,
v1.0,2025-11-01T13:00:00Z,395675846,campaign_snapshot,fixed_program,45_markets,45,active_borrowers_shares_only,3488,3488,wallets,
v1.0,2025-11-01T13:00:00Z,395675846,campaign_snapshot,archetype_market,early_shared_usdc,1,borrowed_assets,8682291924,8682.291924,USDC,0xaf88d065e77c8cc2239327c5edb3a432268e5831
v1.0,2025-11-01T13:00:00Z,395675846,campaign_snapshot,archetype_market,early_shared_usdc,1,collateral_assets,4701155824402115608,4.701155824402,weETH,0x35751007a407ca6feffe80b3cb397736d2cf4dbe
v1.0,2025-11-01T13:00:00Z,395675846,campaign_snapshot,archetype_market,dedicated_syrupusdc,1,borrowed_assets,63397743955268,63397743.955268,USDC,0xaf88d065e77c8cc2239327c5edb3a432268e5831
v1.0,2025-11-01T13:00:00Z,395675846,campaign_snapshot,archetype_market,dedicated_syrupusdc,1,collateral_assets,66637494938630,66637494.93863,syrupUSDC,0x41ca7586cc1311807b4605fbb748a3b8862b42b5
v1.0,2025-11-01T13:00:00Z,395675846,campaign_snapshot,archetype_market,late_usdt0,1,borrowed_assets,0,0,USD₮0,0xfd086bc7cd5c481dcc9c85ebe478a1c0b69fcbb9
v1.0,2025-11-01T13:00:00Z,395675846,campaign_snapshot,archetype_market,late_usdt0,1,collateral_assets,0,0,syrupUSDC,0x41ca7586cc1311807b4605fbb748a3b8862b42b5
v1.0,2025-11-02T13:00:00Z,396021793,campaign_snapshot,exact_loan_asset_group,0xaf88d065e77c8cc2239327c5edb3a432268e5831,32,borrowed_assets,147278977365034,147278977.365034,USDC,0xaf88d065e77c8cc2239327c5edb3a432268e5831
v1.0,2025-11-02T13:00:00Z,396021793,campaign_snapshot,exact_loan_asset_group,0xaf88d065e77c8cc2239327c5edb3a432268e5831,32,supplied_assets,167354049435460,167354049.43546,USDC,0xaf88d065e77c8cc2239327c5edb3a432268e5831
v1.0,2025-11-02T13:00:00Z,396021793,campaign_snapshot,exact_loan_asset_group,0xfd086bc7cd5c481dcc9c85ebe478a1c0b69fcbb9,13,borrowed_assets,5058582813,5058.582813,USD₮0,0xfd086bc7cd5c481dcc9c85ebe478a1c0b69fcbb9
v1.0,2025-11-02T13:00:00Z,396021793,campaign_snapshot,exact_loan_asset_group,0xfd086bc7cd5c481dcc9c85ebe478a1c0b69fcbb9,13,supplied_assets,7815766950,7815.76695,USD₮0,0xfd086bc7cd5c481dcc9c85ebe478a1c0b69fcbb9
v1.0,2025-11-02T13:00:00Z,396021793,campaign_snapshot,fixed_program,45_markets,45,active_borrowers,3000,3000,wallets,
v1.0,2025-11-02T13:00:00Z,396021793,campaign_snapshot,fixed_program,45_markets,45,active_borrowers_shares_only,3620,3620,wallets,
v1.0,2025-11-02T13:00:00Z,396021793,campaign_snapshot,archetype_market,early_shared_usdc,1,borrowed_assets,8683740058,8683.740058,USDC,0xaf88d065e77c8cc2239327c5edb3a432268e5831
v1.0,2025-11-02T13:00:00Z,396021793,campaign_snapshot,archetype_market,early_shared_usdc,1,collateral_assets,4701155824402115608,4.701155824402,weETH,0x35751007a407ca6feffe80b3cb397736d2cf4dbe
v1.0,2025-11-02T13:00:00Z,396021793,campaign_snapshot,archetype_market,dedicated_syrupusdc,1,borrowed_assets,63409627338413,63409627.338413,USDC,0xaf88d065e77c8cc2239327c5edb3a432268e5831
v1.0,2025-11-02T13:00:00Z,396021793,campaign_snapshot,archetype_market,dedicated_syrupusdc,1,collateral_assets,66637498545399,66637498.545399,syrupUSDC,0x41ca7586cc1311807b4605fbb748a3b8862b42b5
v1.0,2025-11-02T13:00:00Z,396021793,campaign_snapshot,archetype_market,late_usdt0,1,borrowed_assets,0,0,USD₮0,0xfd086bc7cd5c481dcc9c85ebe478a1c0b69fcbb9
v1.0,2025-11-02T13:00:00Z,396021793,campaign_snapshot,archetype_market,late_usdt0,1,collateral_assets,0,0,syrupUSDC,0x41ca7586cc1311807b4605fbb748a3b8862b42b5
v1.0,2025-11-03T13:00:00Z,396367919,campaign_snapshot,exact_loan_asset_group,0xaf88d065e77c8cc2239327c5edb3a432268e5831,32,borrowed_assets,145806047753048,145806047.753048,USDC,0xaf88d065e77c8cc2239327c5edb3a432268e5831
v1.0,2025-11-03T13:00:00Z,396367919,campaign_snapshot,exact_loan_asset_group,0xaf88d065e77c8cc2239327c5edb3a432268e5831,32,supplied_assets,168290681345691,168290681.345691,USDC,0xaf88d065e77c8cc2239327c5edb3a432268e5831
v1.0,2025-11-03T13:00:00Z,396367919,campaign_snapshot,exact_loan_asset_group,0xfd086bc7cd5c481dcc9c85ebe478a1c0b69fcbb9,13,borrowed_assets,5058601064,5058.601064,USD₮0,0xfd086bc7cd5c481dcc9c85ebe478a1c0b69fcbb9
v1.0,2025-11-03T13:00:00Z,396367919,campaign_snapshot,exact_loan_asset_group,0xfd086bc7cd5c481dcc9c85ebe478a1c0b69fcbb9,13,supplied_assets,7816535317,7816.535317,USD₮0,0xfd086bc7cd5c481dcc9c85ebe478a1c0b69fcbb9
v1.0,2025-11-03T13:00:00Z,396367919,campaign_snapshot,fixed_program,45_markets,45,active_borrowers,3102,3102,wallets,
v1.0,2025-11-03T13:00:00Z,396367919,campaign_snapshot,fixed_program,45_markets,45,active_borrowers_shares_only,3731,3731,wallets,
v1.0,2025-11-03T13:00:00Z,396367919,campaign_snapshot,archetype_market,early_shared_usdc,1,borrowed_assets,8684959197,8684.959197,USDC,0xaf88d065e77c8cc2239327c5edb3a432268e5831
v1.0,2025-11-03T13:00:00Z,396367919,campaign_snapshot,archetype_market,early_shared_usdc,1,collateral_assets,4701155824402115608,4.701155824402,weETH,0x35751007a407ca6feffe80b3cb397736d2cf4dbe
v1.0,2025-11-03T13:00:00Z,396367919,campaign_snapshot,archetype_market,dedicated_syrupusdc,1,borrowed_assets,63301316846939,63301316.846939,USDC,0xaf88d065e77c8cc2239327c5edb3a432268e5831
v1.0,2025-11-03T13:00:00Z,396367919,campaign_snapshot,archetype_market,dedicated_syrupusdc,1,collateral_assets,66522704451681,66522704.451681,syrupUSDC,0x41ca7586cc1311807b4605fbb748a3b8862b42b5
v1.0,2025-11-03T13:00:00Z,396367919,campaign_snapshot,archetype_market,late_usdt0,1,borrowed_assets,0,0,USD₮0,0xfd086bc7cd5c481dcc9c85ebe478a1c0b69fcbb9
v1.0,2025-11-03T13:00:00Z,396367919,campaign_snapshot,archetype_market,late_usdt0,1,collateral_assets,0,0,syrupUSDC,0x41ca7586cc1311807b4605fbb748a3b8862b42b5
v1.0,2025-11-04T13:00:00Z,396714016,campaign_snapshot,exact_loan_asset_group,0xaf88d065e77c8cc2239327c5edb3a432268e5831,32,borrowed_assets,128924109174144,128924109.174144,USDC,0xaf88d065e77c8cc2239327c5edb3a432268e5831
v1.0,2025-11-04T13:00:00Z,396714016,campaign_snapshot,exact_loan_asset_group,0xaf88d065e77c8cc2239327c5edb3a432268e5831,32,supplied_assets,137373911399744,137373911.399744,USDC,0xaf88d065e77c8cc2239327c5edb3a432268e5831
v1.0,2025-11-04T13:00:00Z,396714016,campaign_snapshot,exact_loan_asset_group,0xfd086bc7cd5c481dcc9c85ebe478a1c0b69fcbb9,13,borrowed_assets,185893366,185.893366,USD₮0,0xfd086bc7cd5c481dcc9c85ebe478a1c0b69fcbb9
v1.0,2025-11-04T13:00:00Z,396714016,campaign_snapshot,exact_loan_asset_group,0xfd086bc7cd5c481dcc9c85ebe478a1c0b69fcbb9,13,supplied_assets,7817711218,7817.711218,USD₮0,0xfd086bc7cd5c481dcc9c85ebe478a1c0b69fcbb9
v1.0,2025-11-04T13:00:00Z,396714016,campaign_snapshot,fixed_program,45_markets,45,active_borrowers,3122,3122,wallets,
v1.0,2025-11-04T13:00:00Z,396714016,campaign_snapshot,fixed_program,45_markets,45,active_borrowers_shares_only,3750,3750,wallets,
v1.0,2025-11-04T13:00:00Z,396714016,campaign_snapshot,archetype_market,early_shared_usdc,1,borrowed_assets,2124762764,2124.762764,USDC,0xaf88d065e77c8cc2239327c5edb3a432268e5831
v1.0,2025-11-04T13:00:00Z,396714016,campaign_snapshot,archetype_market,early_shared_usdc,1,collateral_assets,1152501125302437854,1.152501125302,weETH,0x35751007a407ca6feffe80b3cb397736d2cf4dbe
v1.0,2025-11-04T13:00:00Z,396714016,campaign_snapshot,archetype_market,dedicated_syrupusdc,1,borrowed_assets,52924306925161,52924306.925161,USDC,0xaf88d065e77c8cc2239327c5edb3a432268e5831
v1.0,2025-11-04T13:00:00Z,396714016,campaign_snapshot,archetype_market,dedicated_syrupusdc,1,collateral_assets,55296765882910,55296765.88291,syrupUSDC,0x41ca7586cc1311807b4605fbb748a3b8862b42b5
v1.0,2025-11-04T13:00:00Z,396714016,campaign_snapshot,archetype_market,late_usdt0,1,borrowed_assets,0,0,USD₮0,0xfd086bc7cd5c481dcc9c85ebe478a1c0b69fcbb9
v1.0,2025-11-04T13:00:00Z,396714016,campaign_snapshot,archetype_market,late_usdt0,1,collateral_assets,0,0,syrupUSDC,0x41ca7586cc1311807b4605fbb748a3b8862b42b5
v1.0,2025-11-05T13:00:00Z,397060272,campaign_snapshot,exact_loan_asset_group,0xaf88d065e77c8cc2239327c5edb3a432268e5831,32,borrowed_assets,96858842450850,96858842.45085,USDC,0xaf88d065e77c8cc2239327c5edb3a432268e5831
v1.0,2025-11-05T13:00:00Z,397060272,campaign_snapshot,exact_loan_asset_group,0xaf88d065e77c8cc2239327c5edb3a432268e5831,32,supplied_assets,100642859766141,100642859.766141,USDC,0xaf88d065e77c8cc2239327c5edb3a432268e5831
v1.0,2025-11-05T13:00:00Z,397060272,campaign_snapshot,exact_loan_asset_group,0xfd086bc7cd5c481dcc9c85ebe478a1c0b69fcbb9,13,borrowed_assets,832908863,832.908863,USD₮0,0xfd086bc7cd5c481dcc9c85ebe478a1c0b69fcbb9
v1.0,2025-11-05T13:00:00Z,397060272,campaign_snapshot,exact_loan_asset_group,0xfd086bc7cd5c481dcc9c85ebe478a1c0b69fcbb9,13,supplied_assets,7667377694,7667.377694,USD₮0,0xfd086bc7cd5c481dcc9c85ebe478a1c0b69fcbb9
v1.0,2025-11-05T13:00:00Z,397060272,campaign_snapshot,fixed_program,45_markets,45,active_borrowers,3132,3132,wallets,
v1.0,2025-11-05T13:00:00Z,397060272,campaign_snapshot,fixed_program,45_markets,45,active_borrowers_shares_only,3762,3762,wallets,
v1.0,2025-11-05T13:00:00Z,397060272,campaign_snapshot,archetype_market,early_shared_usdc,1,borrowed_assets,2065232868,2065.232868,USDC,0xaf88d065e77c8cc2239327c5edb3a432268e5831
v1.0,2025-11-05T13:00:00Z,397060272,campaign_snapshot,archetype_market,early_shared_usdc,1,collateral_assets,1336038515420757941,1.336038515421,weETH,0x35751007a407ca6feffe80b3cb397736d2cf4dbe
v1.0,2025-11-05T13:00:00Z,397060272,campaign_snapshot,archetype_market,dedicated_syrupusdc,1,borrowed_assets,25206262699665,25206262.699665,USDC,0xaf88d065e77c8cc2239327c5edb3a432268e5831
v1.0,2025-11-05T13:00:00Z,397060272,campaign_snapshot,archetype_market,dedicated_syrupusdc,1,collateral_assets,26071372823608,26071372.823608,syrupUSDC,0x41ca7586cc1311807b4605fbb748a3b8862b42b5
v1.0,2025-11-05T13:00:00Z,397060272,campaign_snapshot,archetype_market,late_usdt0,1,borrowed_assets,0,0,USD₮0,0xfd086bc7cd5c481dcc9c85ebe478a1c0b69fcbb9
v1.0,2025-11-05T13:00:00Z,397060272,campaign_snapshot,archetype_market,late_usdt0,1,collateral_assets,0,0,syrupUSDC,0x41ca7586cc1311807b4605fbb748a3b8862b42b5
v1.0,2025-11-06T13:00:00Z,397406280,campaign_snapshot,exact_loan_asset_group,0xaf88d065e77c8cc2239327c5edb3a432268e5831,32,borrowed_assets,104776630956233,104776630.956233,USDC,0xaf88d065e77c8cc2239327c5edb3a432268e5831
v1.0,2025-11-06T13:00:00Z,397406280,campaign_snapshot,exact_loan_asset_group,0xaf88d065e77c8cc2239327c5edb3a432268e5831,32,supplied_assets,117011741354647,117011741.354647,USDC,0xaf88d065e77c8cc2239327c5edb3a432268e5831
v1.0,2025-11-06T13:00:00Z,397406280,campaign_snapshot,exact_loan_asset_group,0xfd086bc7cd5c481dcc9c85ebe478a1c0b69fcbb9,13,borrowed_assets,332900707,332.900707,USD₮0,0xfd086bc7cd5c481dcc9c85ebe478a1c0b69fcbb9
v1.0,2025-11-06T13:00:00Z,397406280,campaign_snapshot,exact_loan_asset_group,0xfd086bc7cd5c481dcc9c85ebe478a1c0b69fcbb9,13,supplied_assets,7667379672,7667.379672,USD₮0,0xfd086bc7cd5c481dcc9c85ebe478a1c0b69fcbb9
v1.0,2025-11-06T13:00:00Z,397406280,campaign_snapshot,fixed_program,45_markets,45,active_borrowers,3053,3053,wallets,
v1.0,2025-11-06T13:00:00Z,397406280,campaign_snapshot,fixed_program,45_markets,45,active_borrowers_shares_only,3683,3683,wallets,
v1.0,2025-11-06T13:00:00Z,397406280,campaign_snapshot,archetype_market,early_shared_usdc,1,borrowed_assets,2065625717,2065.625717,USDC,0xaf88d065e77c8cc2239327c5edb3a432268e5831
v1.0,2025-11-06T13:00:00Z,397406280,campaign_snapshot,archetype_market,early_shared_usdc,1,collateral_assets,1336038515420757941,1.336038515421,weETH,0x35751007a407ca6feffe80b3cb397736d2cf4dbe
v1.0,2025-11-06T13:00:00Z,397406280,campaign_snapshot,archetype_market,dedicated_syrupusdc,1,borrowed_assets,17448877666918,17448877.666918,USDC,0xaf88d065e77c8cc2239327c5edb3a432268e5831
v1.0,2025-11-06T13:00:00Z,397406280,campaign_snapshot,archetype_market,dedicated_syrupusdc,1,collateral_assets,18318630743784,18318630.743784,syrupUSDC,0x41ca7586cc1311807b4605fbb748a3b8862b42b5
v1.0,2025-11-06T13:00:00Z,397406280,campaign_snapshot,archetype_market,late_usdt0,1,borrowed_assets,0,0,USD₮0,0xfd086bc7cd5c481dcc9c85ebe478a1c0b69fcbb9
v1.0,2025-11-06T13:00:00Z,397406280,campaign_snapshot,archetype_market,late_usdt0,1,collateral_assets,0,0,syrupUSDC,0x41ca7586cc1311807b4605fbb748a3b8862b42b5
v1.0,2025-11-07T13:00:00Z,397752346,campaign_snapshot,exact_loan_asset_group,0xaf88d065e77c8cc2239327c5edb3a432268e5831,32,borrowed_assets,98999768934179,98999768.934179,USDC,0xaf88d065e77c8cc2239327c5edb3a432268e5831
v1.0,2025-11-07T13:00:00Z,397752346,campaign_snapshot,exact_loan_asset_group,0xaf88d065e77c8cc2239327c5edb3a432268e5831,32,supplied_assets,113415118135962,113415118.135962,USDC,0xaf88d065e77c8cc2239327c5edb3a432268e5831
v1.0,2025-11-07T13:00:00Z,397752346,campaign_snapshot,exact_loan_asset_group,0xfd086bc7cd5c481dcc9c85ebe478a1c0b69fcbb9,13,borrowed_assets,332900733,332.900733,USD₮0,0xfd086bc7cd5c481dcc9c85ebe478a1c0b69fcbb9
v1.0,2025-11-07T13:00:00Z,397752346,campaign_snapshot,exact_loan_asset_group,0xfd086bc7cd5c481dcc9c85ebe478a1c0b69fcbb9,13,supplied_assets,5558250408,5558.250408,USD₮0,0xfd086bc7cd5c481dcc9c85ebe478a1c0b69fcbb9
v1.0,2025-11-07T13:00:00Z,397752346,campaign_snapshot,fixed_program,45_markets,45,active_borrowers,2915,2915,wallets,
v1.0,2025-11-07T13:00:00Z,397752346,campaign_snapshot,fixed_program,45_markets,45,active_borrowers_shares_only,3547,3547,wallets,
v1.0,2025-11-07T13:00:00Z,397752346,campaign_snapshot,archetype_market,early_shared_usdc,1,borrowed_assets,2066120499,2066.120499,USDC,0xaf88d065e77c8cc2239327c5edb3a432268e5831
v1.0,2025-11-07T13:00:00Z,397752346,campaign_snapshot,archetype_market,early_shared_usdc,1,collateral_assets,1336038108491283804,1.336038108491,weETH,0x35751007a407ca6feffe80b3cb397736d2cf4dbe
v1.0,2025-11-07T13:00:00Z,397752346,campaign_snapshot,archetype_market,dedicated_syrupusdc,1,borrowed_assets,16609760800591,16609760.800591,USDC,0xaf88d065e77c8cc2239327c5edb3a432268e5831
v1.0,2025-11-07T13:00:00Z,397752346,campaign_snapshot,archetype_market,dedicated_syrupusdc,1,collateral_assets,17271665127739,17271665.127739,syrupUSDC,0x41ca7586cc1311807b4605fbb748a3b8862b42b5
v1.0,2025-11-07T13:00:00Z,397752346,campaign_snapshot,archetype_market,late_usdt0,1,borrowed_assets,0,0,USD₮0,0xfd086bc7cd5c481dcc9c85ebe478a1c0b69fcbb9
v1.0,2025-11-07T13:00:00Z,397752346,campaign_snapshot,archetype_market,late_usdt0,1,collateral_assets,0,0,syrupUSDC,0x41ca7586cc1311807b4605fbb748a3b8862b42b5
v1.0,2025-11-08T13:00:00Z,398098517,campaign_snapshot,exact_loan_asset_group,0xaf88d065e77c8cc2239327c5edb3a432268e5831,32,borrowed_assets,78836009021198,78836009.021198,USDC,0xaf88d065e77c8cc2239327c5edb3a432268e5831
v1.0,2025-11-08T13:00:00Z,398098517,campaign_snapshot,exact_loan_asset_group,0xaf88d065e77c8cc2239327c5edb3a432268e5831,32,supplied_assets,118932240319053,118932240.319053,USDC,0xaf88d065e77c8cc2239327c5edb3a432268e5831
v1.0,2025-11-08T13:00:00Z,398098517,campaign_snapshot,exact_loan_asset_group,0xfd086bc7cd5c481dcc9c85ebe478a1c0b69fcbb9,13,borrowed_assets,425919802,425.919802,USD₮0,0xfd086bc7cd5c481dcc9c85ebe478a1c0b69fcbb9
v1.0,2025-11-08T13:00:00Z,398098517,campaign_snapshot,exact_loan_asset_group,0xfd086bc7cd5c481dcc9c85ebe478a1c0b69fcbb9,13,supplied_assets,3543653302,3543.653302,USD₮0,0xfd086bc7cd5c481dcc9c85ebe478a1c0b69fcbb9
v1.0,2025-11-08T13:00:00Z,398098517,campaign_snapshot,fixed_program,45_markets,45,active_borrowers,2809,2809,wallets,
v1.0,2025-11-08T13:00:00Z,398098517,campaign_snapshot,fixed_program,45_markets,45,active_borrowers_shares_only,3442,3442,wallets,
v1.0,2025-11-08T13:00:00Z,398098517,campaign_snapshot,archetype_market,early_shared_usdc,1,borrowed_assets,2066466265,2066.466265,USDC,0xaf88d065e77c8cc2239327c5edb3a432268e5831
v1.0,2025-11-08T13:00:00Z,398098517,campaign_snapshot,archetype_market,early_shared_usdc,1,collateral_assets,1336038108491283804,1.336038108491,weETH,0x35751007a407ca6feffe80b3cb397736d2cf4dbe
v1.0,2025-11-08T13:00:00Z,398098517,campaign_snapshot,archetype_market,dedicated_syrupusdc,1,borrowed_assets,16611926717383,16611926.717383,USDC,0xaf88d065e77c8cc2239327c5edb3a432268e5831
v1.0,2025-11-08T13:00:00Z,398098517,campaign_snapshot,archetype_market,dedicated_syrupusdc,1,collateral_assets,17271665127739,17271665.127739,syrupUSDC,0x41ca7586cc1311807b4605fbb748a3b8862b42b5
v1.0,2025-11-08T13:00:00Z,398098517,campaign_snapshot,archetype_market,late_usdt0,1,borrowed_assets,0,0,USD₮0,0xfd086bc7cd5c481dcc9c85ebe478a1c0b69fcbb9
v1.0,2025-11-08T13:00:00Z,398098517,campaign_snapshot,archetype_market,late_usdt0,1,collateral_assets,0,0,syrupUSDC,0x41ca7586cc1311807b4605fbb748a3b8862b42b5
v1.0,2025-11-09T13:00:00Z,398444333,campaign_snapshot,exact_loan_asset_group,0xaf88d065e77c8cc2239327c5edb3a432268e5831,32,borrowed_assets,79318820114464,79318820.114464,USDC,0xaf88d065e77c8cc2239327c5edb3a432268e5831
v1.0,2025-11-09T13:00:00Z,398444333,campaign_snapshot,exact_loan_asset_group,0xaf88d065e77c8cc2239327c5edb3a432268e5831,32,supplied_assets,113794677712490,113794677.71249,USDC,0xaf88d065e77c8cc2239327c5edb3a432268e5831
v1.0,2025-11-09T13:00:00Z,398444333,campaign_snapshot,exact_loan_asset_group,0xfd086bc7cd5c481dcc9c85ebe478a1c0b69fcbb9,13,borrowed_assets,509928206,509.928206,USD₮0,0xfd086bc7cd5c481dcc9c85ebe478a1c0b69fcbb9
v1.0,2025-11-09T13:00:00Z,398444333,campaign_snapshot,exact_loan_asset_group,0xfd086bc7cd5c481dcc9c85ebe478a1c0b69fcbb9,13,supplied_assets,3543661706,3543.661706,USD₮0,0xfd086bc7cd5c481dcc9c85ebe478a1c0b69fcbb9
v1.0,2025-11-09T13:00:00Z,398444333,campaign_snapshot,fixed_program,45_markets,45,active_borrowers,2661,2661,wallets,
v1.0,2025-11-09T13:00:00Z,398444333,campaign_snapshot,fixed_program,45_markets,45,active_borrowers_shares_only,3293,3293,wallets,
v1.0,2025-11-09T13:00:00Z,398444333,campaign_snapshot,archetype_market,early_shared_usdc,1,borrowed_assets,2066749244,2066.749244,USDC,0xaf88d065e77c8cc2239327c5edb3a432268e5831
v1.0,2025-11-09T13:00:00Z,398444333,campaign_snapshot,archetype_market,early_shared_usdc,1,collateral_assets,1336038108491283804,1.336038108491,weETH,0x35751007a407ca6feffe80b3cb397736d2cf4dbe
v1.0,2025-11-09T13:00:00Z,398444333,campaign_snapshot,archetype_market,dedicated_syrupusdc,1,borrowed_assets,17656857251312,17656857.251312,USDC,0xaf88d065e77c8cc2239327c5edb3a432268e5831
v1.0,2025-11-09T13:00:00Z,398444333,campaign_snapshot,archetype_market,dedicated_syrupusdc,1,collateral_assets,18328530458328,18328530.458328,syrupUSDC,0x41ca7586cc1311807b4605fbb748a3b8862b42b5
v1.0,2025-11-09T13:00:00Z,398444333,campaign_snapshot,archetype_market,late_usdt0,1,borrowed_assets,0,0,USD₮0,0xfd086bc7cd5c481dcc9c85ebe478a1c0b69fcbb9
v1.0,2025-11-09T13:00:00Z,398444333,campaign_snapshot,archetype_market,late_usdt0,1,collateral_assets,0,0,syrupUSDC,0x41ca7586cc1311807b4605fbb748a3b8862b42b5
v1.0,2025-11-10T13:00:00Z,398790346,campaign_snapshot,exact_loan_asset_group,0xaf88d065e77c8cc2239327c5edb3a432268e5831,32,borrowed_assets,81098318233966,81098318.233966,USDC,0xaf88d065e77c8cc2239327c5edb3a432268e5831
v1.0,2025-11-10T13:00:00Z,398790346,campaign_snapshot,exact_loan_asset_group,0xaf88d065e77c8cc2239327c5edb3a432268e5831,32,supplied_assets,115827248803832,115827248.803832,USDC,0xaf88d065e77c8cc2239327c5edb3a432268e5831
v1.0,2025-11-10T13:00:00Z,398790346,campaign_snapshot,exact_loan_asset_group,0xfd086bc7cd5c481dcc9c85ebe478a1c0b69fcbb9,13,borrowed_assets,734228210,734.22821,USD₮0,0xfd086bc7cd5c481dcc9c85ebe478a1c0b69fcbb9
v1.0,2025-11-10T13:00:00Z,398790346,campaign_snapshot,exact_loan_asset_group,0xfd086bc7cd5c481dcc9c85ebe478a1c0b69fcbb9,13,supplied_assets,3543685821,3543.685821,USD₮0,0xfd086bc7cd5c481dcc9c85ebe478a1c0b69fcbb9
v1.0,2025-11-10T13:00:00Z,398790346,campaign_snapshot,fixed_program,45_markets,45,active_borrowers,2536,2536,wallets,
v1.0,2025-11-10T13:00:00Z,398790346,campaign_snapshot,fixed_program,45_markets,45,active_borrowers_shares_only,3168,3168,wallets,
v1.0,2025-11-10T13:00:00Z,398790346,campaign_snapshot,archetype_market,early_shared_usdc,1,borrowed_assets,2067009451,2067.009451,USDC,0xaf88d065e77c8cc2239327c5edb3a432268e5831
v1.0,2025-11-10T13:00:00Z,398790346,campaign_snapshot,archetype_market,early_shared_usdc,1,collateral_assets,1336038108491283804,1.336038108491,weETH,0x35751007a407ca6feffe80b3cb397736d2cf4dbe
v1.0,2025-11-10T13:00:00Z,398790346,campaign_snapshot,archetype_market,dedicated_syrupusdc,1,borrowed_assets,23800458712815,23800458.712815,USDC,0xaf88d065e77c8cc2239327c5edb3a432268e5831
v1.0,2025-11-10T13:00:00Z,398790346,campaign_snapshot,archetype_market,dedicated_syrupusdc,1,collateral_assets,24899324098415,24899324.098415,syrupUSDC,0x41ca7586cc1311807b4605fbb748a3b8862b42b5
v1.0,2025-11-10T13:00:00Z,398790346,campaign_snapshot,archetype_market,late_usdt0,1,borrowed_assets,0,0,USD₮0,0xfd086bc7cd5c481dcc9c85ebe478a1c0b69fcbb9
v1.0,2025-11-10T13:00:00Z,398790346,campaign_snapshot,archetype_market,late_usdt0,1,collateral_assets,0,0,syrupUSDC,0x41ca7586cc1311807b4605fbb748a3b8862b42b5
v1.0,2025-11-11T13:00:00Z,399136482,campaign_snapshot,exact_loan_asset_group,0xaf88d065e77c8cc2239327c5edb3a432268e5831,32,borrowed_assets,92061736800451,92061736.800451,USDC,0xaf88d065e77c8cc2239327c5edb3a432268e5831
v1.0,2025-11-11T13:00:00Z,399136482,campaign_snapshot,exact_loan_asset_group,0xaf88d065e77c8cc2239327c5edb3a432268e5831,32,supplied_assets,121975946524448,121975946.524448,USDC,0xaf88d065e77c8cc2239327c5edb3a432268e5831
v1.0,2025-11-11T13:00:00Z,399136482,campaign_snapshot,exact_loan_asset_group,0xfd086bc7cd5c481dcc9c85ebe478a1c0b69fcbb9,13,borrowed_assets,754244961,754.244961,USD₮0,0xfd086bc7cd5c481dcc9c85ebe478a1c0b69fcbb9
v1.0,2025-11-11T13:00:00Z,399136482,campaign_snapshot,exact_loan_asset_group,0xfd086bc7cd5c481dcc9c85ebe478a1c0b69fcbb9,13,supplied_assets,3544702572,3544.702572,USD₮0,0xfd086bc7cd5c481dcc9c85ebe478a1c0b69fcbb9
v1.0,2025-11-11T13:00:00Z,399136482,campaign_snapshot,fixed_program,45_markets,45,active_borrowers,2411,2411,wallets,
v1.0,2025-11-11T13:00:00Z,399136482,campaign_snapshot,fixed_program,45_markets,45,active_borrowers_shares_only,3043,3043,wallets,
v1.0,2025-11-11T13:00:00Z,399136482,campaign_snapshot,archetype_market,early_shared_usdc,1,borrowed_assets,2067233313,2067.233313,USDC,0xaf88d065e77c8cc2239327c5edb3a432268e5831
v1.0,2025-11-11T13:00:00Z,399136482,campaign_snapshot,archetype_market,early_shared_usdc,1,collateral_assets,1336038108491283804,1.336038108491,weETH,0x35751007a407ca6feffe80b3cb397736d2cf4dbe
v1.0,2025-11-11T13:00:00Z,399136482,campaign_snapshot,archetype_market,dedicated_syrupusdc,1,borrowed_assets,30186628280833,30186628.280833,USDC,0xaf88d065e77c8cc2239327c5edb3a432268e5831
v1.0,2025-11-11T13:00:00Z,399136482,campaign_snapshot,archetype_market,dedicated_syrupusdc,1,collateral_assets,31779658237292,31779658.237292,syrupUSDC,0x41ca7586cc1311807b4605fbb748a3b8862b42b5
v1.0,2025-11-11T13:00:00Z,399136482,campaign_snapshot,archetype_market,late_usdt0,1,borrowed_assets,0,0,USD₮0,0xfd086bc7cd5c481dcc9c85ebe478a1c0b69fcbb9
v1.0,2025-11-11T13:00:00Z,399136482,campaign_snapshot,archetype_market,late_usdt0,1,collateral_assets,0,0,syrupUSDC,0x41ca7586cc1311807b4605fbb748a3b8862b42b5
v1.0,2025-11-12T13:00:00Z,399482381,campaign_snapshot,exact_loan_asset_group,0xaf88d065e77c8cc2239327c5edb3a432268e5831,32,borrowed_assets,90538572968135,90538572.968135,USDC,0xaf88d065e77c8cc2239327c5edb3a432268e5831
v1.0,2025-11-12T13:00:00Z,399482381,campaign_snapshot,exact_loan_asset_group,0xaf88d065e77c8cc2239327c5edb3a432268e5831,32,supplied_assets,127509011381622,127509011.381622,USDC,0xaf88d065e77c8cc2239327c5edb3a432268e5831
v1.0,2025-11-12T13:00:00Z,399482381,campaign_snapshot,exact_loan_asset_group,0xfd086bc7cd5c481dcc9c85ebe478a1c0b69fcbb9,13,borrowed_assets,838258787,838.258787,USD₮0,0xfd086bc7cd5c481dcc9c85ebe478a1c0b69fcbb9
v1.0,2025-11-12T13:00:00Z,399482381,campaign_snapshot,exact_loan_asset_group,0xfd086bc7cd5c481dcc9c85ebe478a1c0b69fcbb9,13,supplied_assets,2005905809,2005.905809,USD₮0,0xfd086bc7cd5c481dcc9c85ebe478a1c0b69fcbb9
v1.0,2025-11-12T13:00:00Z,399482381,campaign_snapshot,fixed_program,45_markets,45,active_borrowers,2265,2265,wallets,
v1.0,2025-11-12T13:00:00Z,399482381,campaign_snapshot,fixed_program,45_markets,45,active_borrowers_shares_only,2898,2898,wallets,
v1.0,2025-11-12T13:00:00Z,399482381,campaign_snapshot,archetype_market,early_shared_usdc,1,borrowed_assets,2067472741,2067.472741,USDC,0xaf88d065e77c8cc2239327c5edb3a432268e5831
v1.0,2025-11-12T13:00:00Z,399482381,campaign_snapshot,archetype_market,early_shared_usdc,1,collateral_assets,1336038108491283804,1.336038108491,weETH,0x35751007a407ca6feffe80b3cb397736d2cf4dbe
v1.0,2025-11-12T13:00:00Z,399482381,campaign_snapshot,archetype_market,dedicated_syrupusdc,1,borrowed_assets,31566091685830,31566091.68583,USDC,0xaf88d065e77c8cc2239327c5edb3a432268e5831
v1.0,2025-11-12T13:00:00Z,399482381,campaign_snapshot,archetype_market,dedicated_syrupusdc,1,collateral_assets,33234783696829,33234783.696829,syrupUSDC,0x41ca7586cc1311807b4605fbb748a3b8862b42b5
v1.0,2025-11-12T13:00:00Z,399482381,campaign_snapshot,archetype_market,late_usdt0,1,borrowed_assets,0,0,USD₮0,0xfd086bc7cd5c481dcc9c85ebe478a1c0b69fcbb9
v1.0,2025-11-12T13:00:00Z,399482381,campaign_snapshot,archetype_market,late_usdt0,1,collateral_assets,0,0,syrupUSDC,0x41ca7586cc1311807b4605fbb748a3b8862b42b5
v1.0,2025-11-13T13:00:00Z,399828446,campaign_snapshot,exact_loan_asset_group,0xaf88d065e77c8cc2239327c5edb3a432268e5831,32,borrowed_assets,90486127244040,90486127.24404,USDC,0xaf88d065e77c8cc2239327c5edb3a432268e5831
v1.0,2025-11-13T13:00:00Z,399828446,campaign_snapshot,exact_loan_asset_group,0xaf88d065e77c8cc2239327c5edb3a432268e5831,32,supplied_assets,101854883044514,101854883.044514,USDC,0xaf88d065e77c8cc2239327c5edb3a432268e5831
v1.0,2025-11-13T13:00:00Z,399828446,campaign_snapshot,exact_loan_asset_group,0xfd086bc7cd5c481dcc9c85ebe478a1c0b69fcbb9,13,borrowed_assets,838282155,838.282155,USD₮0,0xfd086bc7cd5c481dcc9c85ebe478a1c0b69fcbb9
v1.0,2025-11-13T13:00:00Z,399828446,campaign_snapshot,exact_loan_asset_group,0xfd086bc7cd5c481dcc9c85ebe478a1c0b69fcbb9,13,supplied_assets,1545353023,1545.353023,USD₮0,0xfd086bc7cd5c481dcc9c85ebe478a1c0b69fcbb9
v1.0,2025-11-13T13:00:00Z,399828446,campaign_snapshot,fixed_program,45_markets,45,active_borrowers,2201,2201,wallets,
v1.0,2025-11-13T13:00:00Z,399828446,campaign_snapshot,fixed_program,45_markets,45,active_borrowers_shares_only,2835,2835,wallets,
v1.0,2025-11-13T13:00:00Z,399828446,campaign_snapshot,archetype_market,early_shared_usdc,1,borrowed_assets,2067850246,2067.850246,USDC,0xaf88d065e77c8cc2239327c5edb3a432268e5831
v1.0,2025-11-13T13:00:00Z,399828446,campaign_snapshot,archetype_market,early_shared_usdc,1,collateral_assets,1336038108491283804,1.336038108491,weETH,0x35751007a407ca6feffe80b3cb397736d2cf4dbe
v1.0,2025-11-13T13:00:00Z,399828446,campaign_snapshot,archetype_market,dedicated_syrupusdc,1,borrowed_assets,32999261544641,32999261.544641,USDC,0xaf88d065e77c8cc2239327c5edb3a432268e5831
v1.0,2025-11-13T13:00:00Z,399828446,campaign_snapshot,archetype_market,dedicated_syrupusdc,1,collateral_assets,34744936062228,34744936.062228,syrupUSDC,0x41ca7586cc1311807b4605fbb748a3b8862b42b5
v1.0,2025-11-13T13:00:00Z,399828446,campaign_snapshot,archetype_market,late_usdt0,1,borrowed_assets,0,0,USD₮0,0xfd086bc7cd5c481dcc9c85ebe478a1c0b69fcbb9
v1.0,2025-11-13T13:00:00Z,399828446,campaign_snapshot,archetype_market,late_usdt0,1,collateral_assets,0,0,syrupUSDC,0x41ca7586cc1311807b4605fbb748a3b8862b42b5
v1.0,2025-11-14T13:00:00Z,400174582,campaign_snapshot,exact_loan_asset_group,0xaf88d065e77c8cc2239327c5edb3a432268e5831,32,borrowed_assets,86362382204367,86362382.204367,USDC,0xaf88d065e77c8cc2239327c5edb3a432268e5831
v1.0,2025-11-14T13:00:00Z,400174582,campaign_snapshot,exact_loan_asset_group,0xaf88d065e77c8cc2239327c5edb3a432268e5831,32,supplied_assets,99698146182227,99698146.182227,USDC,0xaf88d065e77c8cc2239327c5edb3a432268e5831
v1.0,2025-11-14T13:00:00Z,400174582,campaign_snapshot,exact_loan_asset_group,0xfd086bc7cd5c481dcc9c85ebe478a1c0b69fcbb9,13,borrowed_assets,662011016,662.011016,USD₮0,0xfd086bc7cd5c481dcc9c85ebe478a1c0b69fcbb9
v1.0,2025-11-14T13:00:00Z,400174582,campaign_snapshot,exact_loan_asset_group,0xfd086bc7cd5c481dcc9c85ebe478a1c0b69fcbb9,13,supplied_assets,1540870484,1540.870484,USD₮0,0xfd086bc7cd5c481dcc9c85ebe478a1c0b69fcbb9
v1.0,2025-11-14T13:00:00Z,400174582,campaign_snapshot,fixed_program,45_markets,45,active_borrowers,2103,2103,wallets,
v1.0,2025-11-14T13:00:00Z,400174582,campaign_snapshot,fixed_program,45_markets,45,active_borrowers_shares_only,2738,2738,wallets,
v1.0,2025-11-14T13:00:00Z,400174582,campaign_snapshot,archetype_market,early_shared_usdc,1,borrowed_assets,2068020974,2068.020974,USDC,0xaf88d065e77c8cc2239327c5edb3a432268e5831
v1.0,2025-11-14T13:00:00Z,400174582,campaign_snapshot,archetype_market,early_shared_usdc,1,collateral_assets,1336038108491283804,1.336038108491,weETH,0x35751007a407ca6feffe80b3cb397736d2cf4dbe
v1.0,2025-11-14T13:00:00Z,400174582,campaign_snapshot,archetype_market,dedicated_syrupusdc,1,borrowed_assets,30056152375576,30056152.375576,USDC,0xaf88d065e77c8cc2239327c5edb3a432268e5831
v1.0,2025-11-14T13:00:00Z,400174582,campaign_snapshot,archetype_market,dedicated_syrupusdc,1,collateral_assets,31672611110421,31672611.110421,syrupUSDC,0x41ca7586cc1311807b4605fbb748a3b8862b42b5
v1.0,2025-11-14T13:00:00Z,400174582,campaign_snapshot,archetype_market,late_usdt0,1,borrowed_assets,0,0,USD₮0,0xfd086bc7cd5c481dcc9c85ebe478a1c0b69fcbb9
v1.0,2025-11-14T13:00:00Z,400174582,campaign_snapshot,archetype_market,late_usdt0,1,collateral_assets,0,0,syrupUSDC,0x41ca7586cc1311807b4605fbb748a3b8862b42b5
v1.0,2025-11-15T13:00:00Z,400520278,campaign_snapshot,exact_loan_asset_group,0xaf88d065e77c8cc2239327c5edb3a432268e5831,32,borrowed_assets,82845856593657,82845856.593657,USDC,0xaf88d065e77c8cc2239327c5edb3a432268e5831
v1.0,2025-11-15T13:00:00Z,400520278,campaign_snapshot,exact_loan_asset_group,0xaf88d065e77c8cc2239327c5edb3a432268e5831,32,supplied_assets,94836753881014,94836753.881014,USDC,0xaf88d065e77c8cc2239327c5edb3a432268e5831
v1.0,2025-11-15T13:00:00Z,400520278,campaign_snapshot,exact_loan_asset_group,0xfd086bc7cd5c481dcc9c85ebe478a1c0b69fcbb9,13,borrowed_assets,662011016,662.011016,USD₮0,0xfd086bc7cd5c481dcc9c85ebe478a1c0b69fcbb9
v1.0,2025-11-15T13:00:00Z,400520278,campaign_snapshot,exact_loan_asset_group,0xfd086bc7cd5c481dcc9c85ebe478a1c0b69fcbb9,13,supplied_assets,1540870484,1540.870484,USD₮0,0xfd086bc7cd5c481dcc9c85ebe478a1c0b69fcbb9
v1.0,2025-11-15T13:00:00Z,400520278,campaign_snapshot,fixed_program,45_markets,45,active_borrowers,1974,1974,wallets,
v1.0,2025-11-15T13:00:00Z,400520278,campaign_snapshot,fixed_program,45_markets,45,active_borrowers_shares_only,2609,2609,wallets,
v1.0,2025-11-15T13:00:00Z,400520278,campaign_snapshot,archetype_market,early_shared_usdc,1,borrowed_assets,2068115612,2068.115612,USDC,0xaf88d065e77c8cc2239327c5edb3a432268e5831
v1.0,2025-11-15T13:00:00Z,400520278,campaign_snapshot,archetype_market,early_shared_usdc,1,collateral_assets,1336038108491283804,1.336038108491,weETH,0x35751007a407ca6feffe80b3cb397736d2cf4dbe
v1.0,2025-11-15T13:00:00Z,400520278,campaign_snapshot,archetype_market,dedicated_syrupusdc,1,borrowed_assets,30061089146467,30061089.146467,USDC,0xaf88d065e77c8cc2239327c5edb3a432268e5831
v1.0,2025-11-15T13:00:00Z,400520278,campaign_snapshot,archetype_market,dedicated_syrupusdc,1,collateral_assets,31672703541759,31672703.541759,syrupUSDC,0x41ca7586cc1311807b4605fbb748a3b8862b42b5
v1.0,2025-11-15T13:00:00Z,400520278,campaign_snapshot,archetype_market,late_usdt0,1,borrowed_assets,0,0,USD₮0,0xfd086bc7cd5c481dcc9c85ebe478a1c0b69fcbb9
v1.0,2025-11-15T13:00:00Z,400520278,campaign_snapshot,archetype_market,late_usdt0,1,collateral_assets,0,0,syrupUSDC,0x41ca7586cc1311807b4605fbb748a3b8862b42b5
v1.0,2025-11-16T13:00:00Z,400865069,campaign_snapshot,exact_loan_asset_group,0xaf88d065e77c8cc2239327c5edb3a432268e5831,32,borrowed_assets,81521178332997,81521178.332997,USDC,0xaf88d065e77c8cc2239327c5edb3a432268e5831
v1.0,2025-11-16T13:00:00Z,400865069,campaign_snapshot,exact_loan_asset_group,0xaf88d065e77c8cc2239327c5edb3a432268e5831,32,supplied_assets,94194870959400,94194870.9594,USDC,0xaf88d065e77c8cc2239327c5edb3a432268e5831
v1.0,2025-11-16T13:00:00Z,400865069,campaign_snapshot,exact_loan_asset_group,0xfd086bc7cd5c481dcc9c85ebe478a1c0b69fcbb9,13,borrowed_assets,662011016,662.011016,USD₮0,0xfd086bc7cd5c481dcc9c85ebe478a1c0b69fcbb9
v1.0,2025-11-16T13:00:00Z,400865069,campaign_snapshot,exact_loan_asset_group,0xfd086bc7cd5c481dcc9c85ebe478a1c0b69fcbb9,13,supplied_assets,1540870484,1540.870484,USD₮0,0xfd086bc7cd5c481dcc9c85ebe478a1c0b69fcbb9
v1.0,2025-11-16T13:00:00Z,400865069,campaign_snapshot,fixed_program,45_markets,45,active_borrowers,1868,1868,wallets,
v1.0,2025-11-16T13:00:00Z,400865069,campaign_snapshot,fixed_program,45_markets,45,active_borrowers_shares_only,2503,2503,wallets,
v1.0,2025-11-16T13:00:00Z,400865069,campaign_snapshot,archetype_market,early_shared_usdc,1,borrowed_assets,2068288903,2068.288903,USDC,0xaf88d065e77c8cc2239327c5edb3a432268e5831
v1.0,2025-11-16T13:00:00Z,400865069,campaign_snapshot,archetype_market,early_shared_usdc,1,collateral_assets,1336038108491283804,1.336038108491,weETH,0x35751007a407ca6feffe80b3cb397736d2cf4dbe
v1.0,2025-11-16T13:00:00Z,400865069,campaign_snapshot,archetype_market,dedicated_syrupusdc,1,borrowed_assets,29849839039601,29849839.039601,USDC,0xaf88d065e77c8cc2239327c5edb3a432268e5831
v1.0,2025-11-16T13:00:00Z,400865069,campaign_snapshot,archetype_market,dedicated_syrupusdc,1,collateral_assets,31460323728148,31460323.728148,syrupUSDC,0x41ca7586cc1311807b4605fbb748a3b8862b42b5
v1.0,2025-11-16T13:00:00Z,400865069,campaign_snapshot,archetype_market,late_usdt0,1,borrowed_assets,0,0,USD₮0,0xfd086bc7cd5c481dcc9c85ebe478a1c0b69fcbb9
v1.0,2025-11-16T13:00:00Z,400865069,campaign_snapshot,archetype_market,late_usdt0,1,collateral_assets,0,0,syrupUSDC,0x41ca7586cc1311807b4605fbb748a3b8862b42b5
v1.0,2025-11-17T13:00:00Z,401210612,campaign_snapshot,exact_loan_asset_group,0xaf88d065e77c8cc2239327c5edb3a432268e5831,32,borrowed_assets,81393703659850,81393703.65985,USDC,0xaf88d065e77c8cc2239327c5edb3a432268e5831
v1.0,2025-11-17T13:00:00Z,401210612,campaign_snapshot,exact_loan_asset_group,0xaf88d065e77c8cc2239327c5edb3a432268e5831,32,supplied_assets,95091542870850,95091542.87085,USDC,0xaf88d065e77c8cc2239327c5edb3a432268e5831
v1.0,2025-11-17T13:00:00Z,401210612,campaign_snapshot,exact_loan_asset_group,0xfd086bc7cd5c481dcc9c85ebe478a1c0b69fcbb9,13,borrowed_assets,662062792,662.062792,USD₮0,0xfd086bc7cd5c481dcc9c85ebe478a1c0b69fcbb9
v1.0,2025-11-17T13:00:00Z,401210612,campaign_snapshot,exact_loan_asset_group,0xfd086bc7cd5c481dcc9c85ebe478a1c0b69fcbb9,13,supplied_assets,662062792,662.062792,USD₮0,0xfd086bc7cd5c481dcc9c85ebe478a1c0b69fcbb9
v1.0,2025-11-17T13:00:00Z,401210612,campaign_snapshot,fixed_program,45_markets,45,active_borrowers,1817,1817,wallets,
v1.0,2025-11-17T13:00:00Z,401210612,campaign_snapshot,fixed_program,45_markets,45,active_borrowers_shares_only,2451,2451,wallets,
v1.0,2025-11-17T13:00:00Z,401210612,campaign_snapshot,archetype_market,early_shared_usdc,1,borrowed_assets,2074092737,2074.092737,USDC,0xaf88d065e77c8cc2239327c5edb3a432268e5831
v1.0,2025-11-17T13:00:00Z,401210612,campaign_snapshot,archetype_market,early_shared_usdc,1,collateral_assets,1336038108491283804,1.336038108491,weETH,0x35751007a407ca6feffe80b3cb397736d2cf4dbe
v1.0,2025-11-17T13:00:00Z,401210612,campaign_snapshot,archetype_market,dedicated_syrupusdc,1,borrowed_assets,29877175791522,29877175.791522,USDC,0xaf88d065e77c8cc2239327c5edb3a432268e5831
v1.0,2025-11-17T13:00:00Z,401210612,campaign_snapshot,archetype_market,dedicated_syrupusdc,1,collateral_assets,31487580142744,31487580.142744,syrupUSDC,0x41ca7586cc1311807b4605fbb748a3b8862b42b5
v1.0,2025-11-17T13:00:00Z,401210612,campaign_snapshot,archetype_market,late_usdt0,1,borrowed_assets,0,0,USD₮0,0xfd086bc7cd5c481dcc9c85ebe478a1c0b69fcbb9
v1.0,2025-11-17T13:00:00Z,401210612,campaign_snapshot,archetype_market,late_usdt0,1,collateral_assets,0,0,syrupUSDC,0x41ca7586cc1311807b4605fbb748a3b8862b42b5
v1.0,2025-11-18T13:00:00Z,401556562,campaign_snapshot,exact_loan_asset_group,0xaf88d065e77c8cc2239327c5edb3a432268e5831,32,borrowed_assets,78520447973949,78520447.973949,USDC,0xaf88d065e77c8cc2239327c5edb3a432268e5831
v1.0,2025-11-18T13:00:00Z,401556562,campaign_snapshot,exact_loan_asset_group,0xaf88d065e77c8cc2239327c5edb3a432268e5831,32,supplied_assets,89670202113872,89670202.113872,USDC,0xaf88d065e77c8cc2239327c5edb3a432268e5831
v1.0,2025-11-18T13:00:00Z,401556562,campaign_snapshot,exact_loan_asset_group,0xfd086bc7cd5c481dcc9c85ebe478a1c0b69fcbb9,13,borrowed_assets,662062792,662.062792,USD₮0,0xfd086bc7cd5c481dcc9c85ebe478a1c0b69fcbb9
v1.0,2025-11-18T13:00:00Z,401556562,campaign_snapshot,exact_loan_asset_group,0xfd086bc7cd5c481dcc9c85ebe478a1c0b69fcbb9,13,supplied_assets,662062792,662.062792,USD₮0,0xfd086bc7cd5c481dcc9c85ebe478a1c0b69fcbb9
v1.0,2025-11-18T13:00:00Z,401556562,campaign_snapshot,fixed_program,45_markets,45,active_borrowers,1778,1778,wallets,
v1.0,2025-11-18T13:00:00Z,401556562,campaign_snapshot,fixed_program,45_markets,45,active_borrowers_shares_only,2411,2411,wallets,
v1.0,2025-11-18T13:00:00Z,401556562,campaign_snapshot,archetype_market,early_shared_usdc,1,borrowed_assets,2032390651,2032.390651,USDC,0xaf88d065e77c8cc2239327c5edb3a432268e5831
v1.0,2025-11-18T13:00:00Z,401556562,campaign_snapshot,archetype_market,early_shared_usdc,1,collateral_assets,1339185934832908831,1.339185934833,weETH,0x35751007a407ca6feffe80b3cb397736d2cf4dbe
v1.0,2025-11-18T13:00:00Z,401556562,campaign_snapshot,archetype_market,dedicated_syrupusdc,1,borrowed_assets,29402715433307,29402715.433307,USDC,0xaf88d065e77c8cc2239327c5edb3a432268e5831
v1.0,2025-11-18T13:00:00Z,401556562,campaign_snapshot,archetype_market,dedicated_syrupusdc,1,collateral_assets,30424532220371,30424532.220371,syrupUSDC,0x41ca7586cc1311807b4605fbb748a3b8862b42b5
v1.0,2025-11-18T13:00:00Z,401556562,campaign_snapshot,archetype_market,late_usdt0,1,borrowed_assets,0,0,USD₮0,0xfd086bc7cd5c481dcc9c85ebe478a1c0b69fcbb9
v1.0,2025-11-18T13:00:00Z,401556562,campaign_snapshot,archetype_market,late_usdt0,1,collateral_assets,0,0,syrupUSDC,0x41ca7586cc1311807b4605fbb748a3b8862b42b5
v1.0,2025-11-19T13:00:00Z,401902246,campaign_snapshot,exact_loan_asset_group,0xaf88d065e77c8cc2239327c5edb3a432268e5831,32,borrowed_assets,75780204892526,75780204.892526,USDC,0xaf88d065e77c8cc2239327c5edb3a432268e5831
v1.0,2025-11-19T13:00:00Z,401902246,campaign_snapshot,exact_loan_asset_group,0xaf88d065e77c8cc2239327c5edb3a432268e5831,32,supplied_assets,93244873293714,93244873.293714,USDC,0xaf88d065e77c8cc2239327c5edb3a432268e5831
v1.0,2025-11-19T13:00:00Z,401902246,campaign_snapshot,exact_loan_asset_group,0xfd086bc7cd5c481dcc9c85ebe478a1c0b69fcbb9,13,borrowed_assets,662062792,662.062792,USD₮0,0xfd086bc7cd5c481dcc9c85ebe478a1c0b69fcbb9
v1.0,2025-11-19T13:00:00Z,401902246,campaign_snapshot,exact_loan_asset_group,0xfd086bc7cd5c481dcc9c85ebe478a1c0b69fcbb9,13,supplied_assets,662062792,662.062792,USD₮0,0xfd086bc7cd5c481dcc9c85ebe478a1c0b69fcbb9
v1.0,2025-11-19T13:00:00Z,401902246,campaign_snapshot,fixed_program,45_markets,45,active_borrowers,1636,1636,wallets,
v1.0,2025-11-19T13:00:00Z,401902246,campaign_snapshot,fixed_program,45_markets,45,active_borrowers_shares_only,2269,2269,wallets,
v1.0,2025-11-19T13:00:00Z,401902246,campaign_snapshot,archetype_market,early_shared_usdc,1,borrowed_assets,2032660721,2032.660721,USDC,0xaf88d065e77c8cc2239327c5edb3a432268e5831
v1.0,2025-11-19T13:00:00Z,401902246,campaign_snapshot,archetype_market,early_shared_usdc,1,collateral_assets,1339185934832908831,1.339185934833,weETH,0x35751007a407ca6feffe80b3cb397736d2cf4dbe
v1.0,2025-11-19T13:00:00Z,401902246,campaign_snapshot,archetype_market,dedicated_syrupusdc,1,borrowed_assets,27340864332829,27340864.332829,USDC,0xaf88d065e77c8cc2239327c5edb3a432268e5831
v1.0,2025-11-19T13:00:00Z,401902246,campaign_snapshot,archetype_market,dedicated_syrupusdc,1,collateral_assets,28333101481659,28333101.481659,syrupUSDC,0x41ca7586cc1311807b4605fbb748a3b8862b42b5
v1.0,2025-11-19T13:00:00Z,401902246,campaign_snapshot,archetype_market,late_usdt0,1,borrowed_assets,0,0,USD₮0,0xfd086bc7cd5c481dcc9c85ebe478a1c0b69fcbb9
v1.0,2025-11-19T13:00:00Z,401902246,campaign_snapshot,archetype_market,late_usdt0,1,collateral_assets,0,0,syrupUSDC,0x41ca7586cc1311807b4605fbb748a3b8862b42b5
v1.0,2025-11-20T13:00:00Z,402248060,campaign_snapshot,exact_loan_asset_group,0xaf88d065e77c8cc2239327c5edb3a432268e5831,32,borrowed_assets,57120534854676,57120534.854676,USDC,0xaf88d065e77c8cc2239327c5edb3a432268e5831
v1.0,2025-11-20T13:00:00Z,402248060,campaign_snapshot,exact_loan_asset_group,0xaf88d065e77c8cc2239327c5edb3a432268e5831,32,supplied_assets,85807865598276,85807865.598276,USDC,0xaf88d065e77c8cc2239327c5edb3a432268e5831
v1.0,2025-11-20T13:00:00Z,402248060,campaign_snapshot,exact_loan_asset_group,0xfd086bc7cd5c481dcc9c85ebe478a1c0b69fcbb9,13,borrowed_assets,642476190,642.47619,USD₮0,0xfd086bc7cd5c481dcc9c85ebe478a1c0b69fcbb9
v1.0,2025-11-20T13:00:00Z,402248060,campaign_snapshot,exact_loan_asset_group,0xfd086bc7cd5c481dcc9c85ebe478a1c0b69fcbb9,13,supplied_assets,642476190,642.47619,USD₮0,0xfd086bc7cd5c481dcc9c85ebe478a1c0b69fcbb9
v1.0,2025-11-20T13:00:00Z,402248060,campaign_snapshot,fixed_program,45_markets,45,active_borrowers,654,654,wallets,
v1.0,2025-11-20T13:00:00Z,402248060,campaign_snapshot,fixed_program,45_markets,45,active_borrowers_shares_only,1286,1286,wallets,
v1.0,2025-11-20T13:00:00Z,402248060,campaign_snapshot,archetype_market,early_shared_usdc,1,borrowed_assets,2026641424,2026.641424,USDC,0xaf88d065e77c8cc2239327c5edb3a432268e5831
v1.0,2025-11-20T13:00:00Z,402248060,campaign_snapshot,archetype_market,early_shared_usdc,1,collateral_assets,1337146611492616774,1.337146611493,weETH,0x35751007a407ca6feffe80b3cb397736d2cf4dbe
v1.0,2025-11-20T13:00:00Z,402248060,campaign_snapshot,archetype_market,dedicated_syrupusdc,1,borrowed_assets,20527365450746,20527365.450746,USDC,0xaf88d065e77c8cc2239327c5edb3a432268e5831
v1.0,2025-11-20T13:00:00Z,402248060,campaign_snapshot,archetype_market,dedicated_syrupusdc,1,collateral_assets,22031017223226,22031017.223226,syrupUSDC,0x41ca7586cc1311807b4605fbb748a3b8862b42b5
v1.0,2025-11-20T13:00:00Z,402248060,campaign_snapshot,archetype_market,late_usdt0,1,borrowed_assets,0,0,USD₮0,0xfd086bc7cd5c481dcc9c85ebe478a1c0b69fcbb9
v1.0,2025-11-20T13:00:00Z,402248060,campaign_snapshot,archetype_market,late_usdt0,1,collateral_assets,0,0,syrupUSDC,0x41ca7586cc1311807b4605fbb748a3b8862b42b5
v1.0,2025-11-21T13:00:00Z,402594218,campaign_snapshot,exact_loan_asset_group,0xaf88d065e77c8cc2239327c5edb3a432268e5831,32,borrowed_assets,44633883595680,44633883.59568,USDC,0xaf88d065e77c8cc2239327c5edb3a432268e5831
v1.0,2025-11-21T13:00:00Z,402594218,campaign_snapshot,exact_loan_asset_group,0xaf88d065e77c8cc2239327c5edb3a432268e5831,32,supplied_assets,74958012471551,74958012.471551,USDC,0xaf88d065e77c8cc2239327c5edb3a432268e5831
v1.0,2025-11-21T13:00:00Z,402594218,campaign_snapshot,exact_loan_asset_group,0xfd086bc7cd5c481dcc9c85ebe478a1c0b69fcbb9,13,borrowed_assets,642476190,642.47619,USD₮0,0xfd086bc7cd5c481dcc9c85ebe478a1c0b69fcbb9
v1.0,2025-11-21T13:00:00Z,402594218,campaign_snapshot,exact_loan_asset_group,0xfd086bc7cd5c481dcc9c85ebe478a1c0b69fcbb9,13,supplied_assets,642476190,642.47619,USD₮0,0xfd086bc7cd5c481dcc9c85ebe478a1c0b69fcbb9
v1.0,2025-11-21T13:00:00Z,402594218,campaign_snapshot,fixed_program,45_markets,45,active_borrowers,619,619,wallets,
v1.0,2025-11-21T13:00:00Z,402594218,campaign_snapshot,fixed_program,45_markets,45,active_borrowers_shares_only,1255,1255,wallets,
v1.0,2025-11-21T13:00:00Z,402594218,campaign_snapshot,archetype_market,early_shared_usdc,1,borrowed_assets,708952763,708.952763,USDC,0xaf88d065e77c8cc2239327c5edb3a432268e5831
v1.0,2025-11-21T13:00:00Z,402594218,campaign_snapshot,archetype_market,early_shared_usdc,1,collateral_assets,472067605633038645,0.472067605633,weETH,0x35751007a407ca6feffe80b3cb397736d2cf4dbe
v1.0,2025-11-21T13:00:00Z,402594218,campaign_snapshot,archetype_market,dedicated_syrupusdc,1,borrowed_assets,10206757298385,10206757.298385,USDC,0xaf88d065e77c8cc2239327c5edb3a432268e5831
v1.0,2025-11-21T13:00:00Z,402594218,campaign_snapshot,archetype_market,dedicated_syrupusdc,1,collateral_assets,11290780323084,11290780.323084,syrupUSDC,0x41ca7586cc1311807b4605fbb748a3b8862b42b5
v1.0,2025-11-21T13:00:00Z,402594218,campaign_snapshot,archetype_market,late_usdt0,1,borrowed_assets,0,0,USD₮0,0xfd086bc7cd5c481dcc9c85ebe478a1c0b69fcbb9
v1.0,2025-11-21T13:00:00Z,402594218,campaign_snapshot,archetype_market,late_usdt0,1,collateral_assets,0,0,syrupUSDC,0x41ca7586cc1311807b4605fbb748a3b8862b42b5
v1.0,2025-11-22T13:00:00Z,402939910,campaign_snapshot,exact_loan_asset_group,0xaf88d065e77c8cc2239327c5edb3a432268e5831,32,borrowed_assets,54609422069685,54609422.069685,USDC,0xaf88d065e77c8cc2239327c5edb3a432268e5831
v1.0,2025-11-22T13:00:00Z,402939910,campaign_snapshot,exact_loan_asset_group,0xaf88d065e77c8cc2239327c5edb3a432268e5831,32,supplied_assets,69863271132121,69863271.132121,USDC,0xaf88d065e77c8cc2239327c5edb3a432268e5831
v1.0,2025-11-22T13:00:00Z,402939910,campaign_snapshot,exact_loan_asset_group,0xfd086bc7cd5c481dcc9c85ebe478a1c0b69fcbb9,13,borrowed_assets,642476190,642.47619,USD₮0,0xfd086bc7cd5c481dcc9c85ebe478a1c0b69fcbb9
v1.0,2025-11-22T13:00:00Z,402939910,campaign_snapshot,exact_loan_asset_group,0xfd086bc7cd5c481dcc9c85ebe478a1c0b69fcbb9,13,supplied_assets,642476190,642.47619,USD₮0,0xfd086bc7cd5c481dcc9c85ebe478a1c0b69fcbb9
v1.0,2025-11-22T13:00:00Z,402939910,campaign_snapshot,fixed_program,45_markets,45,active_borrowers,616,616,wallets,
v1.0,2025-11-22T13:00:00Z,402939910,campaign_snapshot,fixed_program,45_markets,45,active_borrowers_shares_only,1253,1253,wallets,
v1.0,2025-11-22T13:00:00Z,402939910,campaign_snapshot,archetype_market,early_shared_usdc,1,borrowed_assets,708990420,708.99042,USDC,0xaf88d065e77c8cc2239327c5edb3a432268e5831
v1.0,2025-11-22T13:00:00Z,402939910,campaign_snapshot,archetype_market,early_shared_usdc,1,collateral_assets,472067605633038645,0.472067605633,weETH,0x35751007a407ca6feffe80b3cb397736d2cf4dbe
v1.0,2025-11-22T13:00:00Z,402939910,campaign_snapshot,archetype_market,dedicated_syrupusdc,1,borrowed_assets,10208017369643,10208017.369643,USDC,0xaf88d065e77c8cc2239327c5edb3a432268e5831
v1.0,2025-11-22T13:00:00Z,402939910,campaign_snapshot,archetype_market,dedicated_syrupusdc,1,collateral_assets,11290780323084,11290780.323084,syrupUSDC,0x41ca7586cc1311807b4605fbb748a3b8862b42b5
v1.0,2025-11-22T13:00:00Z,402939910,campaign_snapshot,archetype_market,late_usdt0,1,borrowed_assets,0,0,USD₮0,0xfd086bc7cd5c481dcc9c85ebe478a1c0b69fcbb9
v1.0,2025-11-22T13:00:00Z,402939910,campaign_snapshot,archetype_market,late_usdt0,1,collateral_assets,0,0,syrupUSDC,0x41ca7586cc1311807b4605fbb748a3b8862b42b5
v1.0,2025-11-23T13:00:00Z,403284443,campaign_snapshot,exact_loan_asset_group,0xaf88d065e77c8cc2239327c5edb3a432268e5831,32,borrowed_assets,58484813076923,58484813.076923,USDC,0xaf88d065e77c8cc2239327c5edb3a432268e5831
v1.0,2025-11-23T13:00:00Z,403284443,campaign_snapshot,exact_loan_asset_group,0xaf88d065e77c8cc2239327c5edb3a432268e5831,32,supplied_assets,69345115219252,69345115.219252,USDC,0xaf88d065e77c8cc2239327c5edb3a432268e5831
v1.0,2025-11-23T13:00:00Z,403284443,campaign_snapshot,exact_loan_asset_group,0xfd086bc7cd5c481dcc9c85ebe478a1c0b69fcbb9,13,borrowed_assets,643061291,643.061291,USD₮0,0xfd086bc7cd5c481dcc9c85ebe478a1c0b69fcbb9
v1.0,2025-11-23T13:00:00Z,403284443,campaign_snapshot,exact_loan_asset_group,0xfd086bc7cd5c481dcc9c85ebe478a1c0b69fcbb9,13,supplied_assets,676593345,676.593345,USD₮0,0xfd086bc7cd5c481dcc9c85ebe478a1c0b69fcbb9
v1.0,2025-11-23T13:00:00Z,403284443,campaign_snapshot,fixed_program,45_markets,45,active_borrowers,610,610,wallets,
v1.0,2025-11-23T13:00:00Z,403284443,campaign_snapshot,fixed_program,45_markets,45,active_borrowers_shares_only,1246,1246,wallets,
v1.0,2025-11-23T13:00:00Z,403284443,campaign_snapshot,archetype_market,early_shared_usdc,1,borrowed_assets,709032480,709.03248,USDC,0xaf88d065e77c8cc2239327c5edb3a432268e5831
v1.0,2025-11-23T13:00:00Z,403284443,campaign_snapshot,archetype_market,early_shared_usdc,1,collateral_assets,472067605633038645,0.472067605633,weETH,0x35751007a407ca6feffe80b3cb397736d2cf4dbe
v1.0,2025-11-23T13:00:00Z,403284443,campaign_snapshot,archetype_market,dedicated_syrupusdc,1,borrowed_assets,10209972465831,10209972.465831,USDC,0xaf88d065e77c8cc2239327c5edb3a432268e5831
v1.0,2025-11-23T13:00:00Z,403284443,campaign_snapshot,archetype_market,dedicated_syrupusdc,1,collateral_assets,11290780323084,11290780.323084,syrupUSDC,0x41ca7586cc1311807b4605fbb748a3b8862b42b5
v1.0,2025-11-23T13:00:00Z,403284443,campaign_snapshot,archetype_market,late_usdt0,1,borrowed_assets,0,0,USD₮0,0xfd086bc7cd5c481dcc9c85ebe478a1c0b69fcbb9
v1.0,2025-11-23T13:00:00Z,403284443,campaign_snapshot,archetype_market,late_usdt0,1,collateral_assets,0,0,syrupUSDC,0x41ca7586cc1311807b4605fbb748a3b8862b42b5
v1.0,2025-11-24T13:00:00Z,403628884,campaign_snapshot,exact_loan_asset_group,0xaf88d065e77c8cc2239327c5edb3a432268e5831,32,borrowed_assets,55096675774551,55096675.774551,USDC,0xaf88d065e77c8cc2239327c5edb3a432268e5831
v1.0,2025-11-24T13:00:00Z,403628884,campaign_snapshot,exact_loan_asset_group,0xaf88d065e77c8cc2239327c5edb3a432268e5831,32,supplied_assets,68677616402130,68677616.40213,USDC,0xaf88d065e77c8cc2239327c5edb3a432268e5831
v1.0,2025-11-24T13:00:00Z,403628884,campaign_snapshot,exact_loan_asset_group,0xfd086bc7cd5c481dcc9c85ebe478a1c0b69fcbb9,13,borrowed_assets,643082413,643.082413,USD₮0,0xfd086bc7cd5c481dcc9c85ebe478a1c0b69fcbb9
v1.0,2025-11-24T13:00:00Z,403628884,campaign_snapshot,exact_loan_asset_group,0xfd086bc7cd5c481dcc9c85ebe478a1c0b69fcbb9,13,supplied_assets,643082413,643.082413,USD₮0,0xfd086bc7cd5c481dcc9c85ebe478a1c0b69fcbb9
v1.0,2025-11-24T13:00:00Z,403628884,campaign_snapshot,fixed_program,45_markets,45,active_borrowers,610,610,wallets,
v1.0,2025-11-24T13:00:00Z,403628884,campaign_snapshot,fixed_program,45_markets,45,active_borrowers_shares_only,1246,1246,wallets,
v1.0,2025-11-24T13:00:00Z,403628884,campaign_snapshot,archetype_market,early_shared_usdc,1,borrowed_assets,709081885,709.081885,USDC,0xaf88d065e77c8cc2239327c5edb3a432268e5831
v1.0,2025-11-24T13:00:00Z,403628884,campaign_snapshot,archetype_market,early_shared_usdc,1,collateral_assets,472067605633038645,0.472067605633,weETH,0x35751007a407ca6feffe80b3cb397736d2cf4dbe
v1.0,2025-11-24T13:00:00Z,403628884,campaign_snapshot,archetype_market,dedicated_syrupusdc,1,borrowed_assets,6360136609430,6360136.60943,USDC,0xaf88d065e77c8cc2239327c5edb3a432268e5831
v1.0,2025-11-24T13:00:00Z,403628884,campaign_snapshot,archetype_market,dedicated_syrupusdc,1,collateral_assets,9011308725171,9011308.725171,syrupUSDC,0x41ca7586cc1311807b4605fbb748a3b8862b42b5
v1.0,2025-11-24T13:00:00Z,403628884,campaign_snapshot,archetype_market,late_usdt0,1,borrowed_assets,0,0,USD₮0,0xfd086bc7cd5c481dcc9c85ebe478a1c0b69fcbb9
v1.0,2025-11-24T13:00:00Z,403628884,campaign_snapshot,archetype_market,late_usdt0,1,collateral_assets,0,0,syrupUSDC,0x41ca7586cc1311807b4605fbb748a3b8862b42b5
v1.0,2025-11-25T13:00:00Z,403974975,campaign_snapshot,exact_loan_asset_group,0xaf88d065e77c8cc2239327c5edb3a432268e5831,32,borrowed_assets,53129580158380,53129580.15838,USDC,0xaf88d065e77c8cc2239327c5edb3a432268e5831
v1.0,2025-11-25T13:00:00Z,403974975,campaign_snapshot,exact_loan_asset_group,0xaf88d065e77c8cc2239327c5edb3a432268e5831,32,supplied_assets,66899705330224,66899705.330224,USDC,0xaf88d065e77c8cc2239327c5edb3a432268e5831
v1.0,2025-11-25T13:00:00Z,403974975,campaign_snapshot,exact_loan_asset_group,0xfd086bc7cd5c481dcc9c85ebe478a1c0b69fcbb9,13,borrowed_assets,643082413,643.082413,USD₮0,0xfd086bc7cd5c481dcc9c85ebe478a1c0b69fcbb9
v1.0,2025-11-25T13:00:00Z,403974975,campaign_snapshot,exact_loan_asset_group,0xfd086bc7cd5c481dcc9c85ebe478a1c0b69fcbb9,13,supplied_assets,643082413,643.082413,USD₮0,0xfd086bc7cd5c481dcc9c85ebe478a1c0b69fcbb9
v1.0,2025-11-25T13:00:00Z,403974975,campaign_snapshot,fixed_program,45_markets,45,active_borrowers,611,611,wallets,
v1.0,2025-11-25T13:00:00Z,403974975,campaign_snapshot,fixed_program,45_markets,45,active_borrowers_shares_only,1246,1246,wallets,
v1.0,2025-11-25T13:00:00Z,403974975,campaign_snapshot,archetype_market,early_shared_usdc,1,borrowed_assets,2709199016,2709.199016,USDC,0xaf88d065e77c8cc2239327c5edb3a432268e5831
v1.0,2025-11-25T13:00:00Z,403974975,campaign_snapshot,archetype_market,early_shared_usdc,1,collateral_assets,1839113130242087097,1.839113130242,weETH,0x35751007a407ca6feffe80b3cb397736d2cf4dbe
v1.0,2025-11-25T13:00:00Z,403974975,campaign_snapshot,archetype_market,dedicated_syrupusdc,1,borrowed_assets,5273550144831,5273550.144831,USDC,0xaf88d065e77c8cc2239327c5edb3a432268e5831
v1.0,2025-11-25T13:00:00Z,403974975,campaign_snapshot,archetype_market,dedicated_syrupusdc,1,collateral_assets,5930809931423,5930809.931423,syrupUSDC,0x41ca7586cc1311807b4605fbb748a3b8862b42b5
v1.0,2025-11-25T13:00:00Z,403974975,campaign_snapshot,archetype_market,late_usdt0,1,borrowed_assets,0,0,USD₮0,0xfd086bc7cd5c481dcc9c85ebe478a1c0b69fcbb9
v1.0,2025-11-25T13:00:00Z,403974975,campaign_snapshot,archetype_market,late_usdt0,1,collateral_assets,0,0,syrupUSDC,0x41ca7586cc1311807b4605fbb748a3b8862b42b5
v1.0,2025-11-26T13:00:00Z,404321080,campaign_snapshot,exact_loan_asset_group,0xaf88d065e77c8cc2239327c5edb3a432268e5831,32,borrowed_assets,56810028842003,56810028.842003,USDC,0xaf88d065e77c8cc2239327c5edb3a432268e5831
v1.0,2025-11-26T13:00:00Z,404321080,campaign_snapshot,exact_loan_asset_group,0xaf88d065e77c8cc2239327c5edb3a432268e5831,32,supplied_assets,71342263491344,71342263.491344,USDC,0xaf88d065e77c8cc2239327c5edb3a432268e5831
v1.0,2025-11-26T13:00:00Z,404321080,campaign_snapshot,exact_loan_asset_group,0xfd086bc7cd5c481dcc9c85ebe478a1c0b69fcbb9,13,borrowed_assets,643082413,643.082413,USD₮0,0xfd086bc7cd5c481dcc9c85ebe478a1c0b69fcbb9
v1.0,2025-11-26T13:00:00Z,404321080,campaign_snapshot,exact_loan_asset_group,0xfd086bc7cd5c481dcc9c85ebe478a1c0b69fcbb9,13,supplied_assets,643082413,643.082413,USD₮0,0xfd086bc7cd5c481dcc9c85ebe478a1c0b69fcbb9
v1.0,2025-11-26T13:00:00Z,404321080,campaign_snapshot,fixed_program,45_markets,45,active_borrowers,614,614,wallets,
v1.0,2025-11-26T13:00:00Z,404321080,campaign_snapshot,fixed_program,45_markets,45,active_borrowers_shares_only,1249,1249,wallets,
v1.0,2025-11-26T13:00:00Z,404321080,campaign_snapshot,archetype_market,early_shared_usdc,1,borrowed_assets,3209393265,3209.393265,USDC,0xaf88d065e77c8cc2239327c5edb3a432268e5831
v1.0,2025-11-26T13:00:00Z,404321080,campaign_snapshot,archetype_market,early_shared_usdc,1,collateral_assets,1839113130242087097,1.839113130242,weETH,0x35751007a407ca6feffe80b3cb397736d2cf4dbe
v1.0,2025-11-26T13:00:00Z,404321080,campaign_snapshot,archetype_market,dedicated_syrupusdc,1,borrowed_assets,5254176177268,5254176.177268,USDC,0xaf88d065e77c8cc2239327c5edb3a432268e5831
v1.0,2025-11-26T13:00:00Z,404321080,campaign_snapshot,archetype_market,dedicated_syrupusdc,1,collateral_assets,5908861213593,5908861.213593,syrupUSDC,0x41ca7586cc1311807b4605fbb748a3b8862b42b5
v1.0,2025-11-26T13:00:00Z,404321080,campaign_snapshot,archetype_market,late_usdt0,1,borrowed_assets,0,0,USD₮0,0xfd086bc7cd5c481dcc9c85ebe478a1c0b69fcbb9
v1.0,2025-11-26T13:00:00Z,404321080,campaign_snapshot,archetype_market,late_usdt0,1,collateral_assets,0,0,syrupUSDC,0x41ca7586cc1311807b4605fbb748a3b8862b42b5
v1.0,2025-11-27T13:00:00Z,404667407,campaign_snapshot,exact_loan_asset_group,0xaf88d065e77c8cc2239327c5edb3a432268e5831,32,borrowed_assets,59604950402789,59604950.402789,USDC,0xaf88d065e77c8cc2239327c5edb3a432268e5831
v1.0,2025-11-27T13:00:00Z,404667407,campaign_snapshot,exact_loan_asset_group,0xaf88d065e77c8cc2239327c5edb3a432268e5831,32,supplied_assets,80629548664383,80629548.664383,USDC,0xaf88d065e77c8cc2239327c5edb3a432268e5831
v1.0,2025-11-27T13:00:00Z,404667407,campaign_snapshot,exact_loan_asset_group,0xfd086bc7cd5c481dcc9c85ebe478a1c0b69fcbb9,13,borrowed_assets,643082413,643.082413,USD₮0,0xfd086bc7cd5c481dcc9c85ebe478a1c0b69fcbb9
v1.0,2025-11-27T13:00:00Z,404667407,campaign_snapshot,exact_loan_asset_group,0xfd086bc7cd5c481dcc9c85ebe478a1c0b69fcbb9,13,supplied_assets,643082413,643.082413,USD₮0,0xfd086bc7cd5c481dcc9c85ebe478a1c0b69fcbb9
v1.0,2025-11-27T13:00:00Z,404667407,campaign_snapshot,fixed_program,45_markets,45,active_borrowers,616,616,wallets,
v1.0,2025-11-27T13:00:00Z,404667407,campaign_snapshot,fixed_program,45_markets,45,active_borrowers_shares_only,1252,1252,wallets,
v1.0,2025-11-27T13:00:00Z,404667407,campaign_snapshot,archetype_market,early_shared_usdc,1,borrowed_assets,3209526418,3209.526418,USDC,0xaf88d065e77c8cc2239327c5edb3a432268e5831
v1.0,2025-11-27T13:00:00Z,404667407,campaign_snapshot,archetype_market,early_shared_usdc,1,collateral_assets,1839113130242087097,1.839113130242,weETH,0x35751007a407ca6feffe80b3cb397736d2cf4dbe
v1.0,2025-11-27T13:00:00Z,404667407,campaign_snapshot,archetype_market,dedicated_syrupusdc,1,borrowed_assets,6509433216949,6509433.216949,USDC,0xaf88d065e77c8cc2239327c5edb3a432268e5831
v1.0,2025-11-27T13:00:00Z,404667407,campaign_snapshot,archetype_market,dedicated_syrupusdc,1,collateral_assets,7140822876954,7140822.876954,syrupUSDC,0x41ca7586cc1311807b4605fbb748a3b8862b42b5
v1.0,2025-11-27T13:00:00Z,404667407,campaign_snapshot,archetype_market,late_usdt0,1,borrowed_assets,0,0,USD₮0,0xfd086bc7cd5c481dcc9c85ebe478a1c0b69fcbb9
v1.0,2025-11-27T13:00:00Z,404667407,campaign_snapshot,archetype_market,late_usdt0,1,collateral_assets,0,0,syrupUSDC,0x41ca7586cc1311807b4605fbb748a3b8862b42b5
v1.0,2025-11-28T13:00:00Z,405013348,campaign_snapshot,exact_loan_asset_group,0xaf88d065e77c8cc2239327c5edb3a432268e5831,32,borrowed_assets,65369252918632,65369252.918632,USDC,0xaf88d065e77c8cc2239327c5edb3a432268e5831
v1.0,2025-11-28T13:00:00Z,405013348,campaign_snapshot,exact_loan_asset_group,0xaf88d065e77c8cc2239327c5edb3a432268e5831,32,supplied_assets,79604564477973,79604564.477973,USDC,0xaf88d065e77c8cc2239327c5edb3a432268e5831
v1.0,2025-11-28T13:00:00Z,405013348,campaign_snapshot,exact_loan_asset_group,0xfd086bc7cd5c481dcc9c85ebe478a1c0b69fcbb9,13,borrowed_assets,643082413,643.082413,USD₮0,0xfd086bc7cd5c481dcc9c85ebe478a1c0b69fcbb9
v1.0,2025-11-28T13:00:00Z,405013348,campaign_snapshot,exact_loan_asset_group,0xfd086bc7cd5c481dcc9c85ebe478a1c0b69fcbb9,13,supplied_assets,643082413,643.082413,USD₮0,0xfd086bc7cd5c481dcc9c85ebe478a1c0b69fcbb9
v1.0,2025-11-28T13:00:00Z,405013348,campaign_snapshot,fixed_program,45_markets,45,active_borrowers,622,622,wallets,
v1.0,2025-11-28T13:00:00Z,405013348,campaign_snapshot,fixed_program,45_markets,45,active_borrowers_shares_only,1258,1258,wallets,
v1.0,2025-11-28T13:00:00Z,405013348,campaign_snapshot,archetype_market,early_shared_usdc,1,borrowed_assets,3209656161,3209.656161,USDC,0xaf88d065e77c8cc2239327c5edb3a432268e5831
v1.0,2025-11-28T13:00:00Z,405013348,campaign_snapshot,archetype_market,early_shared_usdc,1,collateral_assets,1839113130242087097,1.839113130242,weETH,0x35751007a407ca6feffe80b3cb397736d2cf4dbe
v1.0,2025-11-28T13:00:00Z,405013348,campaign_snapshot,archetype_market,dedicated_syrupusdc,1,borrowed_assets,6505978886410,6505978.88641,USDC,0xaf88d065e77c8cc2239327c5edb3a432268e5831
v1.0,2025-11-28T13:00:00Z,405013348,campaign_snapshot,archetype_market,dedicated_syrupusdc,1,collateral_assets,7136350210261,7136350.210261,syrupUSDC,0x41ca7586cc1311807b4605fbb748a3b8862b42b5
v1.0,2025-11-28T13:00:00Z,405013348,campaign_snapshot,archetype_market,late_usdt0,1,borrowed_assets,0,0,USD₮0,0xfd086bc7cd5c481dcc9c85ebe478a1c0b69fcbb9
v1.0,2025-11-28T13:00:00Z,405013348,campaign_snapshot,archetype_market,late_usdt0,1,collateral_assets,0,0,syrupUSDC,0x41ca7586cc1311807b4605fbb748a3b8862b42b5
v1.0,2025-11-29T13:00:00Z,405359090,campaign_snapshot,exact_loan_asset_group,0xaf88d065e77c8cc2239327c5edb3a432268e5831,32,borrowed_assets,69660936180777,69660936.180777,USDC,0xaf88d065e77c8cc2239327c5edb3a432268e5831
v1.0,2025-11-29T13:00:00Z,405359090,campaign_snapshot,exact_loan_asset_group,0xaf88d065e77c8cc2239327c5edb3a432268e5831,32,supplied_assets,83880057361786,83880057.361786,USDC,0xaf88d065e77c8cc2239327c5edb3a432268e5831
v1.0,2025-11-29T13:00:00Z,405359090,campaign_snapshot,exact_loan_asset_group,0xfd086bc7cd5c481dcc9c85ebe478a1c0b69fcbb9,13,borrowed_assets,643082413,643.082413,USD₮0,0xfd086bc7cd5c481dcc9c85ebe478a1c0b69fcbb9
v1.0,2025-11-29T13:00:00Z,405359090,campaign_snapshot,exact_loan_asset_group,0xfd086bc7cd5c481dcc9c85ebe478a1c0b69fcbb9,13,supplied_assets,643082413,643.082413,USD₮0,0xfd086bc7cd5c481dcc9c85ebe478a1c0b69fcbb9
v1.0,2025-11-29T13:00:00Z,405359090,campaign_snapshot,fixed_program,45_markets,45,active_borrowers,620,620,wallets,
v1.0,2025-11-29T13:00:00Z,405359090,campaign_snapshot,fixed_program,45_markets,45,active_borrowers_shares_only,1256,1256,wallets,
v1.0,2025-11-29T13:00:00Z,405359090,campaign_snapshot,archetype_market,early_shared_usdc,1,borrowed_assets,3209819788,3209.819788,USDC,0xaf88d065e77c8cc2239327c5edb3a432268e5831
v1.0,2025-11-29T13:00:00Z,405359090,campaign_snapshot,archetype_market,early_shared_usdc,1,collateral_assets,1839113130242087097,1.839113130242,weETH,0x35751007a407ca6feffe80b3cb397736d2cf4dbe
v1.0,2025-11-29T13:00:00Z,405359090,campaign_snapshot,archetype_market,dedicated_syrupusdc,1,borrowed_assets,6506855233311,6506855.233311,USDC,0xaf88d065e77c8cc2239327c5edb3a432268e5831
v1.0,2025-11-29T13:00:00Z,405359090,campaign_snapshot,archetype_market,dedicated_syrupusdc,1,collateral_assets,7136350210261,7136350.210261,syrupUSDC,0x41ca7586cc1311807b4605fbb748a3b8862b42b5
v1.0,2025-11-29T13:00:00Z,405359090,campaign_snapshot,archetype_market,late_usdt0,1,borrowed_assets,0,0,USD₮0,0xfd086bc7cd5c481dcc9c85ebe478a1c0b69fcbb9
v1.0,2025-11-29T13:00:00Z,405359090,campaign_snapshot,archetype_market,late_usdt0,1,collateral_assets,0,0,syrupUSDC,0x41ca7586cc1311807b4605fbb748a3b8862b42b5
v1.0,2025-11-30T13:00:00Z,405704828,campaign_snapshot,exact_loan_asset_group,0xaf88d065e77c8cc2239327c5edb3a432268e5831,32,borrowed_assets,68959796830421,68959796.830421,USDC,0xaf88d065e77c8cc2239327c5edb3a432268e5831
v1.0,2025-11-30T13:00:00Z,405704828,campaign_snapshot,exact_loan_asset_group,0xaf88d065e77c8cc2239327c5edb3a432268e5831,32,supplied_assets,83607548726309,83607548.726309,USDC,0xaf88d065e77c8cc2239327c5edb3a432268e5831
v1.0,2025-11-30T13:00:00Z,405704828,campaign_snapshot,exact_loan_asset_group,0xfd086bc7cd5c481dcc9c85ebe478a1c0b69fcbb9,13,borrowed_assets,643082413,643.082413,USD₮0,0xfd086bc7cd5c481dcc9c85ebe478a1c0b69fcbb9
v1.0,2025-11-30T13:00:00Z,405704828,campaign_snapshot,exact_loan_asset_group,0xfd086bc7cd5c481dcc9c85ebe478a1c0b69fcbb9,13,supplied_assets,643082413,643.082413,USD₮0,0xfd086bc7cd5c481dcc9c85ebe478a1c0b69fcbb9
v1.0,2025-11-30T13:00:00Z,405704828,campaign_snapshot,fixed_program,45_markets,45,active_borrowers,624,624,wallets,
v1.0,2025-11-30T13:00:00Z,405704828,campaign_snapshot,fixed_program,45_markets,45,active_borrowers_shares_only,1260,1260,wallets,
v1.0,2025-11-30T13:00:00Z,405704828,campaign_snapshot,archetype_market,early_shared_usdc,1,borrowed_assets,8210083868,8210.083868,USDC,0xaf88d065e77c8cc2239327c5edb3a432268e5831
v1.0,2025-11-30T13:00:00Z,405704828,campaign_snapshot,archetype_market,early_shared_usdc,1,collateral_assets,9363420849374700782,9.363420849375,weETH,0x35751007a407ca6feffe80b3cb397736d2cf4dbe
v1.0,2025-11-30T13:00:00Z,405704828,campaign_snapshot,archetype_market,dedicated_syrupusdc,1,borrowed_assets,6507698911986,6507698.911986,USDC,0xaf88d065e77c8cc2239327c5edb3a432268e5831
v1.0,2025-11-30T13:00:00Z,405704828,campaign_snapshot,archetype_market,dedicated_syrupusdc,1,collateral_assets,7136311791388,7136311.791388,syrupUSDC,0x41ca7586cc1311807b4605fbb748a3b8862b42b5
v1.0,2025-11-30T13:00:00Z,405704828,campaign_snapshot,archetype_market,late_usdt0,1,borrowed_assets,0,0,USD₮0,0xfd086bc7cd5c481dcc9c85ebe478a1c0b69fcbb9
v1.0,2025-11-30T13:00:00Z,405704828,campaign_snapshot,archetype_market,late_usdt0,1,collateral_assets,0,0,syrupUSDC,0x41ca7586cc1311807b4605fbb748a3b8862b42b5
v1.0,2025-12-01T13:00:00Z,406051447,campaign_snapshot,exact_loan_asset_group,0xaf88d065e77c8cc2239327c5edb3a432268e5831,32,borrowed_assets,67954685822374,67954685.822374,USDC,0xaf88d065e77c8cc2239327c5edb3a432268e5831
v1.0,2025-12-01T13:00:00Z,406051447,campaign_snapshot,exact_loan_asset_group,0xaf88d065e77c8cc2239327c5edb3a432268e5831,32,supplied_assets,78322080144169,78322080.144169,USDC,0xaf88d065e77c8cc2239327c5edb3a432268e5831
v1.0,2025-12-01T13:00:00Z,406051447,campaign_snapshot,exact_loan_asset_group,0xfd086bc7cd5c481dcc9c85ebe478a1c0b69fcbb9,13,borrowed_assets,646489242,646.489242,USD₮0,0xfd086bc7cd5c481dcc9c85ebe478a1c0b69fcbb9
v1.0,2025-12-01T13:00:00Z,406051447,campaign_snapshot,exact_loan_asset_group,0xfd086bc7cd5c481dcc9c85ebe478a1c0b69fcbb9,13,supplied_assets,650643804,650.643804,USD₮0,0xfd086bc7cd5c481dcc9c85ebe478a1c0b69fcbb9
v1.0,2025-12-01T13:00:00Z,406051447,campaign_snapshot,fixed_program,45_markets,45,active_borrowers,628,628,wallets,
v1.0,2025-12-01T13:00:00Z,406051447,campaign_snapshot,fixed_program,45_markets,45,active_borrowers_shares_only,1264,1264,wallets,
v1.0,2025-12-01T13:00:00Z,406051447,campaign_snapshot,archetype_market,early_shared_usdc,1,borrowed_assets,13211431505,13211.431505,USDC,0xaf88d065e77c8cc2239327c5edb3a432268e5831
v1.0,2025-12-01T13:00:00Z,406051447,campaign_snapshot,archetype_market,early_shared_usdc,1,collateral_assets,9363420849374700782,9.363420849375,weETH,0x35751007a407ca6feffe80b3cb397736d2cf4dbe
v1.0,2025-12-01T13:00:00Z,406051447,campaign_snapshot,archetype_market,dedicated_syrupusdc,1,borrowed_assets,5760898990992,5760898.990992,USDC,0xaf88d065e77c8cc2239327c5edb3a432268e5831
v1.0,2025-12-01T13:00:00Z,406051447,campaign_snapshot,archetype_market,dedicated_syrupusdc,1,collateral_assets,6350311791388,6350311.791388,syrupUSDC,0x41ca7586cc1311807b4605fbb748a3b8862b42b5
v1.0,2025-12-01T13:00:00Z,406051447,campaign_snapshot,archetype_market,late_usdt0,1,borrowed_assets,0,0,USD₮0,0xfd086bc7cd5c481dcc9c85ebe478a1c0b69fcbb9
v1.0,2025-12-01T13:00:00Z,406051447,campaign_snapshot,archetype_market,late_usdt0,1,collateral_assets,0,0,syrupUSDC,0x41ca7586cc1311807b4605fbb748a3b8862b42b5
v1.0,2025-12-02T13:00:00Z,406398165,campaign_snapshot,exact_loan_asset_group,0xaf88d065e77c8cc2239327c5edb3a432268e5831,32,borrowed_assets,67888655628785,67888655.628785,USDC,0xaf88d065e77c8cc2239327c5edb3a432268e5831
v1.0,2025-12-02T13:00:00Z,406398165,campaign_snapshot,exact_loan_asset_group,0xaf88d065e77c8cc2239327c5edb3a432268e5831,32,supplied_assets,78222064772559,78222064.772559,USDC,0xaf88d065e77c8cc2239327c5edb3a432268e5831
v1.0,2025-12-02T13:00:00Z,406398165,campaign_snapshot,exact_loan_asset_group,0xfd086bc7cd5c481dcc9c85ebe478a1c0b69fcbb9,13,borrowed_assets,646854264,646.854264,USD₮0,0xfd086bc7cd5c481dcc9c85ebe478a1c0b69fcbb9
v1.0,2025-12-02T13:00:00Z,406398165,campaign_snapshot,exact_loan_asset_group,0xfd086bc7cd5c481dcc9c85ebe478a1c0b69fcbb9,13,supplied_assets,646854264,646.854264,USD₮0,0xfd086bc7cd5c481dcc9c85ebe478a1c0b69fcbb9
v1.0,2025-12-02T13:00:00Z,406398165,campaign_snapshot,fixed_program,45_markets,45,active_borrowers,627,627,wallets,
v1.0,2025-12-02T13:00:00Z,406398165,campaign_snapshot,fixed_program,45_markets,45,active_borrowers_shares_only,1262,1262,wallets,
v1.0,2025-12-02T13:00:00Z,406398165,campaign_snapshot,archetype_market,early_shared_usdc,1,borrowed_assets,13194724144,13194.724144,USDC,0xaf88d065e77c8cc2239327c5edb3a432268e5831
v1.0,2025-12-02T13:00:00Z,406398165,campaign_snapshot,archetype_market,early_shared_usdc,1,collateral_assets,9363420849374700782,9.363420849375,weETH,0x35751007a407ca6feffe80b3cb397736d2cf4dbe
v1.0,2025-12-02T13:00:00Z,406398165,campaign_snapshot,archetype_market,dedicated_syrupusdc,1,borrowed_assets,5709871304028,5709871.304028,USDC,0xaf88d065e77c8cc2239327c5edb3a432268e5831
v1.0,2025-12-02T13:00:00Z,406398165,campaign_snapshot,archetype_market,dedicated_syrupusdc,1,collateral_assets,6249555074855,6249555.074855,syrupUSDC,0x41ca7586cc1311807b4605fbb748a3b8862b42b5
v1.0,2025-12-02T13:00:00Z,406398165,campaign_snapshot,archetype_market,late_usdt0,1,borrowed_assets,0,0,USD₮0,0xfd086bc7cd5c481dcc9c85ebe478a1c0b69fcbb9
v1.0,2025-12-02T13:00:00Z,406398165,campaign_snapshot,archetype_market,late_usdt0,1,collateral_assets,0,0,syrupUSDC,0x41ca7586cc1311807b4605fbb748a3b8862b42b5
v1.0,2025-12-03T13:00:00Z,406744676,campaign_snapshot,exact_loan_asset_group,0xaf88d065e77c8cc2239327c5edb3a432268e5831,32,borrowed_assets,70063955000361,70063955.000361,USDC,0xaf88d065e77c8cc2239327c5edb3a432268e5831
v1.0,2025-12-03T13:00:00Z,406744676,campaign_snapshot,exact_loan_asset_group,0xaf88d065e77c8cc2239327c5edb3a432268e5831,32,supplied_assets,82529862349558,82529862.349558,USDC,0xaf88d065e77c8cc2239327c5edb3a432268e5831
v1.0,2025-12-03T13:00:00Z,406744676,campaign_snapshot,exact_loan_asset_group,0xfd086bc7cd5c481dcc9c85ebe478a1c0b69fcbb9,13,borrowed_assets,646854264,646.854264,USD₮0,0xfd086bc7cd5c481dcc9c85ebe478a1c0b69fcbb9
v1.0,2025-12-03T13:00:00Z,406744676,campaign_snapshot,exact_loan_asset_group,0xfd086bc7cd5c481dcc9c85ebe478a1c0b69fcbb9,13,supplied_assets,646854264,646.854264,USD₮0,0xfd086bc7cd5c481dcc9c85ebe478a1c0b69fcbb9
v1.0,2025-12-03T13:00:00Z,406744676,campaign_snapshot,fixed_program,45_markets,45,active_borrowers,634,634,wallets,
v1.0,2025-12-03T13:00:00Z,406744676,campaign_snapshot,fixed_program,45_markets,45,active_borrowers_shares_only,1269,1269,wallets,
v1.0,2025-12-03T13:00:00Z,406744676,campaign_snapshot,archetype_market,early_shared_usdc,1,borrowed_assets,13193202980,13193.20298,USDC,0xaf88d065e77c8cc2239327c5edb3a432268e5831
v1.0,2025-12-03T13:00:00Z,406744676,campaign_snapshot,archetype_market,early_shared_usdc,1,collateral_assets,9363420849374700782,9.363420849375,weETH,0x35751007a407ca6feffe80b3cb397736d2cf4dbe
v1.0,2025-12-03T13:00:00Z,406744676,campaign_snapshot,archetype_market,dedicated_syrupusdc,1,borrowed_assets,5710539141062,5710539.141062,USDC,0xaf88d065e77c8cc2239327c5edb3a432268e5831
v1.0,2025-12-03T13:00:00Z,406744676,campaign_snapshot,archetype_market,dedicated_syrupusdc,1,collateral_assets,6249555074855,6249555.074855,syrupUSDC,0x41ca7586cc1311807b4605fbb748a3b8862b42b5
v1.0,2025-12-03T13:00:00Z,406744676,campaign_snapshot,archetype_market,late_usdt0,1,borrowed_assets,0,0,USD₮0,0xfd086bc7cd5c481dcc9c85ebe478a1c0b69fcbb9
v1.0,2025-12-03T13:00:00Z,406744676,campaign_snapshot,archetype_market,late_usdt0,1,collateral_assets,0,0,syrupUSDC,0x41ca7586cc1311807b4605fbb748a3b8862b42b5
v1.0,2025-12-04T13:00:00Z,407090577,campaign_snapshot,exact_loan_asset_group,0xaf88d065e77c8cc2239327c5edb3a432268e5831,32,borrowed_assets,71165809401809,71165809.401809,USDC,0xaf88d065e77c8cc2239327c5edb3a432268e5831
v1.0,2025-12-04T13:00:00Z,407090577,campaign_snapshot,exact_loan_asset_group,0xaf88d065e77c8cc2239327c5edb3a432268e5831,32,supplied_assets,82430980191479,82430980.191479,USDC,0xaf88d065e77c8cc2239327c5edb3a432268e5831
v1.0,2025-12-04T13:00:00Z,407090577,campaign_snapshot,exact_loan_asset_group,0xfd086bc7cd5c481dcc9c85ebe478a1c0b69fcbb9,13,borrowed_assets,646854264,646.854264,USD₮0,0xfd086bc7cd5c481dcc9c85ebe478a1c0b69fcbb9
v1.0,2025-12-04T13:00:00Z,407090577,campaign_snapshot,exact_loan_asset_group,0xfd086bc7cd5c481dcc9c85ebe478a1c0b69fcbb9,13,supplied_assets,646854264,646.854264,USD₮0,0xfd086bc7cd5c481dcc9c85ebe478a1c0b69fcbb9
v1.0,2025-12-04T13:00:00Z,407090577,campaign_snapshot,fixed_program,45_markets,45,active_borrowers,659,659,wallets,
v1.0,2025-12-04T13:00:00Z,407090577,campaign_snapshot,fixed_program,45_markets,45,active_borrowers_shares_only,1294,1294,wallets,
v1.0,2025-12-04T13:00:00Z,407090577,campaign_snapshot,archetype_market,early_shared_usdc,1,borrowed_assets,10692812965,10692.812965,USDC,0xaf88d065e77c8cc2239327c5edb3a432268e5831
v1.0,2025-12-04T13:00:00Z,407090577,campaign_snapshot,archetype_market,early_shared_usdc,1,collateral_assets,7996375324765652330,7.996375324766,weETH,0x35751007a407ca6feffe80b3cb397736d2cf4dbe
v1.0,2025-12-04T13:00:00Z,407090577,campaign_snapshot,archetype_market,dedicated_syrupusdc,1,borrowed_assets,5711427365972,5711427.365972,USDC,0xaf88d065e77c8cc2239327c5edb3a432268e5831
v1.0,2025-12-04T13:00:00Z,407090577,campaign_snapshot,archetype_market,dedicated_syrupusdc,1,collateral_assets,6249555074855,6249555.074855,syrupUSDC,0x41ca7586cc1311807b4605fbb748a3b8862b42b5
v1.0,2025-12-04T13:00:00Z,407090577,campaign_snapshot,archetype_market,late_usdt0,1,borrowed_assets,0,0,USD₮0,0xfd086bc7cd5c481dcc9c85ebe478a1c0b69fcbb9
v1.0,2025-12-04T13:00:00Z,407090577,campaign_snapshot,archetype_market,late_usdt0,1,collateral_assets,0,0,syrupUSDC,0x41ca7586cc1311807b4605fbb748a3b8862b42b5
v1.0,2025-12-05T13:00:00Z,407437242,campaign_snapshot,exact_loan_asset_group,0xaf88d065e77c8cc2239327c5edb3a432268e5831,32,borrowed_assets,72995007792221,72995007.792221,USDC,0xaf88d065e77c8cc2239327c5edb3a432268e5831
v1.0,2025-12-05T13:00:00Z,407437242,campaign_snapshot,exact_loan_asset_group,0xaf88d065e77c8cc2239327c5edb3a432268e5831,32,supplied_assets,84427108248844,84427108.248844,USDC,0xaf88d065e77c8cc2239327c5edb3a432268e5831
v1.0,2025-12-05T13:00:00Z,407437242,campaign_snapshot,exact_loan_asset_group,0xfd086bc7cd5c481dcc9c85ebe478a1c0b69fcbb9,13,borrowed_assets,646854264,646.854264,USD₮0,0xfd086bc7cd5c481dcc9c85ebe478a1c0b69fcbb9
v1.0,2025-12-05T13:00:00Z,407437242,campaign_snapshot,exact_loan_asset_group,0xfd086bc7cd5c481dcc9c85ebe478a1c0b69fcbb9,13,supplied_assets,646854264,646.854264,USD₮0,0xfd086bc7cd5c481dcc9c85ebe478a1c0b69fcbb9
v1.0,2025-12-05T13:00:00Z,407437242,campaign_snapshot,fixed_program,45_markets,45,active_borrowers,670,670,wallets,
v1.0,2025-12-05T13:00:00Z,407437242,campaign_snapshot,fixed_program,45_markets,45,active_borrowers_shares_only,1305,1305,wallets,
v1.0,2025-12-05T13:00:00Z,407437242,campaign_snapshot,archetype_market,early_shared_usdc,1,borrowed_assets,10693892986,10693.892986,USDC,0xaf88d065e77c8cc2239327c5edb3a432268e5831
v1.0,2025-12-05T13:00:00Z,407437242,campaign_snapshot,archetype_market,early_shared_usdc,1,collateral_assets,7996375324765652330,7.996375324766,weETH,0x35751007a407ca6feffe80b3cb397736d2cf4dbe
v1.0,2025-12-05T13:00:00Z,407437242,campaign_snapshot,archetype_market,dedicated_syrupusdc,1,borrowed_assets,5712183973826,5712183.973826,USDC,0xaf88d065e77c8cc2239327c5edb3a432268e5831
v1.0,2025-12-05T13:00:00Z,407437242,campaign_snapshot,archetype_market,dedicated_syrupusdc,1,collateral_assets,6249555074855,6249555.074855,syrupUSDC,0x41ca7586cc1311807b4605fbb748a3b8862b42b5
v1.0,2025-12-05T13:00:00Z,407437242,campaign_snapshot,archetype_market,late_usdt0,1,borrowed_assets,0,0,USD₮0,0xfd086bc7cd5c481dcc9c85ebe478a1c0b69fcbb9
v1.0,2025-12-05T13:00:00Z,407437242,campaign_snapshot,archetype_market,late_usdt0,1,collateral_assets,0,0,syrupUSDC,0x41ca7586cc1311807b4605fbb748a3b8862b42b5
v1.0,2025-12-06T13:00:00Z,407783909,campaign_snapshot,exact_loan_asset_group,0xaf88d065e77c8cc2239327c5edb3a432268e5831,32,borrowed_assets,75016389883241,75016389.883241,USDC,0xaf88d065e77c8cc2239327c5edb3a432268e5831
v1.0,2025-12-06T13:00:00Z,407783909,campaign_snapshot,exact_loan_asset_group,0xaf88d065e77c8cc2239327c5edb3a432268e5831,32,supplied_assets,86083325577645,86083325.577645,USDC,0xaf88d065e77c8cc2239327c5edb3a432268e5831
v1.0,2025-12-06T13:00:00Z,407783909,campaign_snapshot,exact_loan_asset_group,0xfd086bc7cd5c481dcc9c85ebe478a1c0b69fcbb9,13,borrowed_assets,646854264,646.854264,USD₮0,0xfd086bc7cd5c481dcc9c85ebe478a1c0b69fcbb9
v1.0,2025-12-06T13:00:00Z,407783909,campaign_snapshot,exact_loan_asset_group,0xfd086bc7cd5c481dcc9c85ebe478a1c0b69fcbb9,13,supplied_assets,646854264,646.854264,USD₮0,0xfd086bc7cd5c481dcc9c85ebe478a1c0b69fcbb9
v1.0,2025-12-06T13:00:00Z,407783909,campaign_snapshot,fixed_program,45_markets,45,active_borrowers,669,669,wallets,
v1.0,2025-12-06T13:00:00Z,407783909,campaign_snapshot,fixed_program,45_markets,45,active_borrowers_shares_only,1304,1304,wallets,
v1.0,2025-12-06T13:00:00Z,407783909,campaign_snapshot,archetype_market,early_shared_usdc,1,borrowed_assets,10702852907,10702.852907,USDC,0xaf88d065e77c8cc2239327c5edb3a432268e5831
v1.0,2025-12-06T13:00:00Z,407783909,campaign_snapshot,archetype_market,early_shared_usdc,1,collateral_assets,8007024452409376619,8.007024452409,weETH,0x35751007a407ca6feffe80b3cb397736d2cf4dbe
v1.0,2025-12-06T13:00:00Z,407783909,campaign_snapshot,archetype_market,dedicated_syrupusdc,1,borrowed_assets,5712866666833,5712866.666833,USDC,0xaf88d065e77c8cc2239327c5edb3a432268e5831
v1.0,2025-12-06T13:00:00Z,407783909,campaign_snapshot,archetype_market,dedicated_syrupusdc,1,collateral_assets,6249562843851,6249562.843851,syrupUSDC,0x41ca7586cc1311807b4605fbb748a3b8862b42b5
v1.0,2025-12-06T13:00:00Z,407783909,campaign_snapshot,archetype_market,late_usdt0,1,borrowed_assets,0,0,USD₮0,0xfd086bc7cd5c481dcc9c85ebe478a1c0b69fcbb9
v1.0,2025-12-06T13:00:00Z,407783909,campaign_snapshot,archetype_market,late_usdt0,1,collateral_assets,0,0,syrupUSDC,0x41ca7586cc1311807b4605fbb748a3b8862b42b5
v1.0,2025-12-07T13:00:00Z,408130477,campaign_snapshot,exact_loan_asset_group,0xaf88d065e77c8cc2239327c5edb3a432268e5831,32,borrowed_assets,75756587039984,75756587.039984,USDC,0xaf88d065e77c8cc2239327c5edb3a432268e5831
v1.0,2025-12-07T13:00:00Z,408130477,campaign_snapshot,exact_loan_asset_group,0xaf88d065e77c8cc2239327c5edb3a432268e5831,32,supplied_assets,87060181084829,87060181.084829,USDC,0xaf88d065e77c8cc2239327c5edb3a432268e5831
v1.0,2025-12-07T13:00:00Z,408130477,campaign_snapshot,exact_loan_asset_group,0xfd086bc7cd5c481dcc9c85ebe478a1c0b69fcbb9,13,borrowed_assets,646854264,646.854264,USD₮0,0xfd086bc7cd5c481dcc9c85ebe478a1c0b69fcbb9
v1.0,2025-12-07T13:00:00Z,408130477,campaign_snapshot,exact_loan_asset_group,0xfd086bc7cd5c481dcc9c85ebe478a1c0b69fcbb9,13,supplied_assets,646854264,646.854264,USD₮0,0xfd086bc7cd5c481dcc9c85ebe478a1c0b69fcbb9
v1.0,2025-12-07T13:00:00Z,408130477,campaign_snapshot,fixed_program,45_markets,45,active_borrowers,677,677,wallets,
v1.0,2025-12-07T13:00:00Z,408130477,campaign_snapshot,fixed_program,45_markets,45,active_borrowers_shares_only,1312,1312,wallets,
v1.0,2025-12-07T13:00:00Z,408130477,campaign_snapshot,archetype_market,early_shared_usdc,1,borrowed_assets,10703796625,10703.796625,USDC,0xaf88d065e77c8cc2239327c5edb3a432268e5831
v1.0,2025-12-07T13:00:00Z,408130477,campaign_snapshot,archetype_market,early_shared_usdc,1,collateral_assets,8007024452409376619,8.007024452409,weETH,0x35751007a407ca6feffe80b3cb397736d2cf4dbe
v1.0,2025-12-07T13:00:00Z,408130477,campaign_snapshot,archetype_market,dedicated_syrupusdc,1,borrowed_assets,5713563057494,5713563.057494,USDC,0xaf88d065e77c8cc2239327c5edb3a432268e5831
v1.0,2025-12-07T13:00:00Z,408130477,campaign_snapshot,archetype_market,dedicated_syrupusdc,1,collateral_assets,6249562843851,6249562.843851,syrupUSDC,0x41ca7586cc1311807b4605fbb748a3b8862b42b5
v1.0,2025-12-07T13:00:00Z,408130477,campaign_snapshot,archetype_market,late_usdt0,1,borrowed_assets,0,0,USD₮0,0xfd086bc7cd5c481dcc9c85ebe478a1c0b69fcbb9
v1.0,2025-12-07T13:00:00Z,408130477,campaign_snapshot,archetype_market,late_usdt0,1,collateral_assets,0,0,syrupUSDC,0x41ca7586cc1311807b4605fbb748a3b8862b42b5
v1.0,2025-12-08T13:00:00Z,408476895,campaign_snapshot,exact_loan_asset_group,0xaf88d065e77c8cc2239327c5edb3a432268e5831,32,borrowed_assets,76510467452019,76510467.452019,USDC,0xaf88d065e77c8cc2239327c5edb3a432268e5831
v1.0,2025-12-08T13:00:00Z,408476895,campaign_snapshot,exact_loan_asset_group,0xaf88d065e77c8cc2239327c5edb3a432268e5831,32,supplied_assets,88040831768574,88040831.768574,USDC,0xaf88d065e77c8cc2239327c5edb3a432268e5831
v1.0,2025-12-08T13:00:00Z,408476895,campaign_snapshot,exact_loan_asset_group,0xfd086bc7cd5c481dcc9c85ebe478a1c0b69fcbb9,13,borrowed_assets,646854264,646.854264,USD₮0,0xfd086bc7cd5c481dcc9c85ebe478a1c0b69fcbb9
v1.0,2025-12-08T13:00:00Z,408476895,campaign_snapshot,exact_loan_asset_group,0xfd086bc7cd5c481dcc9c85ebe478a1c0b69fcbb9,13,supplied_assets,646854264,646.854264,USD₮0,0xfd086bc7cd5c481dcc9c85ebe478a1c0b69fcbb9
v1.0,2025-12-08T13:00:00Z,408476895,campaign_snapshot,fixed_program,45_markets,45,active_borrowers,678,678,wallets,
v1.0,2025-12-08T13:00:00Z,408476895,campaign_snapshot,fixed_program,45_markets,45,active_borrowers_shares_only,1312,1312,wallets,
v1.0,2025-12-08T13:00:00Z,408476895,campaign_snapshot,archetype_market,early_shared_usdc,1,borrowed_assets,10705035599,10705.035599,USDC,0xaf88d065e77c8cc2239327c5edb3a432268e5831
v1.0,2025-12-08T13:00:00Z,408476895,campaign_snapshot,archetype_market,early_shared_usdc,1,collateral_assets,8007024452409376619,8.007024452409,weETH,0x35751007a407ca6feffe80b3cb397736d2cf4dbe
v1.0,2025-12-08T13:00:00Z,408476895,campaign_snapshot,archetype_market,dedicated_syrupusdc,1,borrowed_assets,5714251125296,5714251.125296,USDC,0xaf88d065e77c8cc2239327c5edb3a432268e5831
v1.0,2025-12-08T13:00:00Z,408476895,campaign_snapshot,archetype_market,dedicated_syrupusdc,1,collateral_assets,6249562843851,6249562.843851,syrupUSDC,0x41ca7586cc1311807b4605fbb748a3b8862b42b5
v1.0,2025-12-08T13:00:00Z,408476895,campaign_snapshot,archetype_market,late_usdt0,1,borrowed_assets,0,0,USD₮0,0xfd086bc7cd5c481dcc9c85ebe478a1c0b69fcbb9
v1.0,2025-12-08T13:00:00Z,408476895,campaign_snapshot,archetype_market,late_usdt0,1,collateral_assets,0,0,syrupUSDC,0x41ca7586cc1311807b4605fbb748a3b8862b42b5
v1.0,2025-12-09T13:00:00Z,408823316,campaign_snapshot,exact_loan_asset_group,0xaf88d065e77c8cc2239327c5edb3a432268e5831,32,borrowed_assets,77791820307533,77791820.307533,USDC,0xaf88d065e77c8cc2239327c5edb3a432268e5831
v1.0,2025-12-09T13:00:00Z,408823316,campaign_snapshot,exact_loan_asset_group,0xaf88d065e77c8cc2239327c5edb3a432268e5831,32,supplied_assets,88967126966304,88967126.966304,USDC,0xaf88d065e77c8cc2239327c5edb3a432268e5831
v1.0,2025-12-09T13:00:00Z,408823316,campaign_snapshot,exact_loan_asset_group,0xfd086bc7cd5c481dcc9c85ebe478a1c0b69fcbb9,13,borrowed_assets,646854264,646.854264,USD₮0,0xfd086bc7cd5c481dcc9c85ebe478a1c0b69fcbb9
v1.0,2025-12-09T13:00:00Z,408823316,campaign_snapshot,exact_loan_asset_group,0xfd086bc7cd5c481dcc9c85ebe478a1c0b69fcbb9,13,supplied_assets,646854264,646.854264,USD₮0,0xfd086bc7cd5c481dcc9c85ebe478a1c0b69fcbb9
v1.0,2025-12-09T13:00:00Z,408823316,campaign_snapshot,fixed_program,45_markets,45,active_borrowers,683,683,wallets,
v1.0,2025-12-09T13:00:00Z,408823316,campaign_snapshot,fixed_program,45_markets,45,active_borrowers_shares_only,1317,1317,wallets,
v1.0,2025-12-09T13:00:00Z,408823316,campaign_snapshot,archetype_market,early_shared_usdc,1,borrowed_assets,10697844055,10697.844055,USDC,0xaf88d065e77c8cc2239327c5edb3a432268e5831
v1.0,2025-12-09T13:00:00Z,408823316,campaign_snapshot,archetype_market,early_shared_usdc,1,collateral_assets,7997375324765652330,7.997375324766,weETH,0x35751007a407ca6feffe80b3cb397736d2cf4dbe
v1.0,2025-12-09T13:00:00Z,408823316,campaign_snapshot,archetype_market,dedicated_syrupusdc,1,borrowed_assets,5714943414784,5714943.414784,USDC,0xaf88d065e77c8cc2239327c5edb3a432268e5831
v1.0,2025-12-09T13:00:00Z,408823316,campaign_snapshot,archetype_market,dedicated_syrupusdc,1,collateral_assets,6249562843851,6249562.843851,syrupUSDC,0x41ca7586cc1311807b4605fbb748a3b8862b42b5
v1.0,2025-12-09T13:00:00Z,408823316,campaign_snapshot,archetype_market,late_usdt0,1,borrowed_assets,0,0,USD₮0,0xfd086bc7cd5c481dcc9c85ebe478a1c0b69fcbb9
v1.0,2025-12-09T13:00:00Z,408823316,campaign_snapshot,archetype_market,late_usdt0,1,collateral_assets,0,0,syrupUSDC,0x41ca7586cc1311807b4605fbb748a3b8862b42b5
v1.0,2025-12-10T13:00:00Z,409169720,campaign_snapshot,exact_loan_asset_group,0xaf88d065e77c8cc2239327c5edb3a432268e5831,32,borrowed_assets,80582917893467,80582917.893467,USDC,0xaf88d065e77c8cc2239327c5edb3a432268e5831
v1.0,2025-12-10T13:00:00Z,409169720,campaign_snapshot,exact_loan_asset_group,0xaf88d065e77c8cc2239327c5edb3a432268e5831,32,supplied_assets,89628889089000,89628889.089,USDC,0xaf88d065e77c8cc2239327c5edb3a432268e5831
v1.0,2025-12-10T13:00:00Z,409169720,campaign_snapshot,exact_loan_asset_group,0xfd086bc7cd5c481dcc9c85ebe478a1c0b69fcbb9,13,borrowed_assets,646854264,646.854264,USD₮0,0xfd086bc7cd5c481dcc9c85ebe478a1c0b69fcbb9
v1.0,2025-12-10T13:00:00Z,409169720,campaign_snapshot,exact_loan_asset_group,0xfd086bc7cd5c481dcc9c85ebe478a1c0b69fcbb9,13,supplied_assets,646854264,646.854264,USD₮0,0xfd086bc7cd5c481dcc9c85ebe478a1c0b69fcbb9
v1.0,2025-12-10T13:00:00Z,409169720,campaign_snapshot,fixed_program,45_markets,45,active_borrowers,689,689,wallets,
v1.0,2025-12-10T13:00:00Z,409169720,campaign_snapshot,fixed_program,45_markets,45,active_borrowers_shares_only,1323,1323,wallets,
v1.0,2025-12-10T13:00:00Z,409169720,campaign_snapshot,archetype_market,early_shared_usdc,1,borrowed_assets,10699026593,10699.026593,USDC,0xaf88d065e77c8cc2239327c5edb3a432268e5831
v1.0,2025-12-10T13:00:00Z,409169720,campaign_snapshot,archetype_market,early_shared_usdc,1,collateral_assets,7997375324765652330,7.997375324766,weETH,0x35751007a407ca6feffe80b3cb397736d2cf4dbe
v1.0,2025-12-10T13:00:00Z,409169720,campaign_snapshot,archetype_market,dedicated_syrupusdc,1,borrowed_assets,6435693003221,6435693.003221,USDC,0xaf88d065e77c8cc2239327c5edb3a432268e5831
v1.0,2025-12-10T13:00:00Z,409169720,campaign_snapshot,archetype_market,dedicated_syrupusdc,1,collateral_assets,6958026274797,6958026.274797,syrupUSDC,0x41ca7586cc1311807b4605fbb748a3b8862b42b5
v1.0,2025-12-10T13:00:00Z,409169720,campaign_snapshot,archetype_market,late_usdt0,1,borrowed_assets,0,0,USD₮0,0xfd086bc7cd5c481dcc9c85ebe478a1c0b69fcbb9
v1.0,2025-12-10T13:00:00Z,409169720,campaign_snapshot,archetype_market,late_usdt0,1,collateral_assets,0,0,syrupUSDC,0x41ca7586cc1311807b4605fbb748a3b8862b42b5
v1.0,2025-12-11T13:00:00Z,409516136,campaign_snapshot,exact_loan_asset_group,0xaf88d065e77c8cc2239327c5edb3a432268e5831,32,borrowed_assets,81732721599675,81732721.599675,USDC,0xaf88d065e77c8cc2239327c5edb3a432268e5831
v1.0,2025-12-11T13:00:00Z,409516136,campaign_snapshot,exact_loan_asset_group,0xaf88d065e77c8cc2239327c5edb3a432268e5831,32,supplied_assets,91931499683180,91931499.68318,USDC,0xaf88d065e77c8cc2239327c5edb3a432268e5831
v1.0,2025-12-11T13:00:00Z,409516136,campaign_snapshot,exact_loan_asset_group,0xfd086bc7cd5c481dcc9c85ebe478a1c0b69fcbb9,13,borrowed_assets,659429600,659.4296,USD₮0,0xfd086bc7cd5c481dcc9c85ebe478a1c0b69fcbb9
v1.0,2025-12-11T13:00:00Z,409516136,campaign_snapshot,exact_loan_asset_group,0xfd086bc7cd5c481dcc9c85ebe478a1c0b69fcbb9,13,supplied_assets,659432729,659.432729,USD₮0,0xfd086bc7cd5c481dcc9c85ebe478a1c0b69fcbb9
v1.0,2025-12-11T13:00:00Z,409516136,campaign_snapshot,fixed_program,45_markets,45,active_borrowers,683,683,wallets,
v1.0,2025-12-11T13:00:00Z,409516136,campaign_snapshot,fixed_program,45_markets,45,active_borrowers_shares_only,1318,1318,wallets,
v1.0,2025-12-11T13:00:00Z,409516136,campaign_snapshot,archetype_market,early_shared_usdc,1,borrowed_assets,10700320669,10700.320669,USDC,0xaf88d065e77c8cc2239327c5edb3a432268e5831
v1.0,2025-12-11T13:00:00Z,409516136,campaign_snapshot,archetype_market,early_shared_usdc,1,collateral_assets,7997375324765652330,7.997375324766,weETH,0x35751007a407ca6feffe80b3cb397736d2cf4dbe
v1.0,2025-12-11T13:00:00Z,409516136,campaign_snapshot,archetype_market,dedicated_syrupusdc,1,borrowed_assets,7987749168652,7987749.168652,USDC,0xaf88d065e77c8cc2239327c5edb3a432268e5831
v1.0,2025-12-11T13:00:00Z,409516136,campaign_snapshot,archetype_market,dedicated_syrupusdc,1,collateral_assets,8511335659848,8511335.659848,syrupUSDC,0x41ca7586cc1311807b4605fbb748a3b8862b42b5
v1.0,2025-12-11T13:00:00Z,409516136,campaign_snapshot,archetype_market,late_usdt0,1,borrowed_assets,0,0,USD₮0,0xfd086bc7cd5c481dcc9c85ebe478a1c0b69fcbb9
v1.0,2025-12-11T13:00:00Z,409516136,campaign_snapshot,archetype_market,late_usdt0,1,collateral_assets,0,0,syrupUSDC,0x41ca7586cc1311807b4605fbb748a3b8862b42b5
v1.0,2025-12-12T13:00:00Z,409862485,campaign_snapshot,exact_loan_asset_group,0xaf88d065e77c8cc2239327c5edb3a432268e5831,32,borrowed_assets,78693218019452,78693218.019452,USDC,0xaf88d065e77c8cc2239327c5edb3a432268e5831
v1.0,2025-12-12T13:00:00Z,409862485,campaign_snapshot,exact_loan_asset_group,0xaf88d065e77c8cc2239327c5edb3a432268e5831,32,supplied_assets,95881887120734,95881887.120734,USDC,0xaf88d065e77c8cc2239327c5edb3a432268e5831
v1.0,2025-12-12T13:00:00Z,409862485,campaign_snapshot,exact_loan_asset_group,0xfd086bc7cd5c481dcc9c85ebe478a1c0b69fcbb9,13,borrowed_assets,663686229,663.686229,USD₮0,0xfd086bc7cd5c481dcc9c85ebe478a1c0b69fcbb9
v1.0,2025-12-12T13:00:00Z,409862485,campaign_snapshot,exact_loan_asset_group,0xfd086bc7cd5c481dcc9c85ebe478a1c0b69fcbb9,13,supplied_assets,7109972278,7109.972278,USD₮0,0xfd086bc7cd5c481dcc9c85ebe478a1c0b69fcbb9
v1.0,2025-12-12T13:00:00Z,409862485,campaign_snapshot,fixed_program,45_markets,45,active_borrowers,685,685,wallets,
v1.0,2025-12-12T13:00:00Z,409862485,campaign_snapshot,fixed_program,45_markets,45,active_borrowers_shares_only,1319,1319,wallets,
v1.0,2025-12-12T13:00:00Z,409862485,campaign_snapshot,archetype_market,early_shared_usdc,1,borrowed_assets,10701326988,10701.326988,USDC,0xaf88d065e77c8cc2239327c5edb3a432268e5831
v1.0,2025-12-12T13:00:00Z,409862485,campaign_snapshot,archetype_market,early_shared_usdc,1,collateral_assets,7997375324765652330,7.997375324766,weETH,0x35751007a407ca6feffe80b3cb397736d2cf4dbe
v1.0,2025-12-12T13:00:00Z,409862485,campaign_snapshot,archetype_market,dedicated_syrupusdc,1,borrowed_assets,8344697550655,8344697.550655,USDC,0xaf88d065e77c8cc2239327c5edb3a432268e5831
v1.0,2025-12-12T13:00:00Z,409862485,campaign_snapshot,archetype_market,dedicated_syrupusdc,1,collateral_assets,8859335659848,8859335.659848,syrupUSDC,0x41ca7586cc1311807b4605fbb748a3b8862b42b5
v1.0,2025-12-12T13:00:00Z,409862485,campaign_snapshot,archetype_market,late_usdt0,1,borrowed_assets,0,0,USD₮0,0xfd086bc7cd5c481dcc9c85ebe478a1c0b69fcbb9
v1.0,2025-12-12T13:00:00Z,409862485,campaign_snapshot,archetype_market,late_usdt0,1,collateral_assets,0,0,syrupUSDC,0x41ca7586cc1311807b4605fbb748a3b8862b42b5
v1.0,2025-12-13T13:00:00Z,410208452,campaign_snapshot,exact_loan_asset_group,0xaf88d065e77c8cc2239327c5edb3a432268e5831,32,borrowed_assets,79501873422153,79501873.422153,USDC,0xaf88d065e77c8cc2239327c5edb3a432268e5831
v1.0,2025-12-13T13:00:00Z,410208452,campaign_snapshot,exact_loan_asset_group,0xaf88d065e77c8cc2239327c5edb3a432268e5831,32,supplied_assets,92015379006258,92015379.006258,USDC,0xaf88d065e77c8cc2239327c5edb3a432268e5831
v1.0,2025-12-13T13:00:00Z,410208452,campaign_snapshot,exact_loan_asset_group,0xfd086bc7cd5c481dcc9c85ebe478a1c0b69fcbb9,13,borrowed_assets,663686229,663.686229,USD₮0,0xfd086bc7cd5c481dcc9c85ebe478a1c0b69fcbb9
v1.0,2025-12-13T13:00:00Z,410208452,campaign_snapshot,exact_loan_asset_group,0xfd086bc7cd5c481dcc9c85ebe478a1c0b69fcbb9,13,supplied_assets,7109972278,7109.972278,USD₮0,0xfd086bc7cd5c481dcc9c85ebe478a1c0b69fcbb9
v1.0,2025-12-13T13:00:00Z,410208452,campaign_snapshot,fixed_program,45_markets,45,active_borrowers,689,689,wallets,
v1.0,2025-12-13T13:00:00Z,410208452,campaign_snapshot,fixed_program,45_markets,45,active_borrowers_shares_only,1321,1321,wallets,
v1.0,2025-12-13T13:00:00Z,410208452,campaign_snapshot,archetype_market,early_shared_usdc,1,borrowed_assets,10702680290,10702.68029,USDC,0xaf88d065e77c8cc2239327c5edb3a432268e5831
v1.0,2025-12-13T13:00:00Z,410208452,campaign_snapshot,archetype_market,early_shared_usdc,1,collateral_assets,7996475324765652330,7.996475324766,weETH,0x35751007a407ca6feffe80b3cb397736d2cf4dbe
v1.0,2025-12-13T13:00:00Z,410208452,campaign_snapshot,archetype_market,dedicated_syrupusdc,1,borrowed_assets,8345737229686,8345737.229686,USDC,0xaf88d065e77c8cc2239327c5edb3a432268e5831
v1.0,2025-12-13T13:00:00Z,410208452,campaign_snapshot,archetype_market,dedicated_syrupusdc,1,collateral_assets,8859320436701,8859320.436701,syrupUSDC,0x41ca7586cc1311807b4605fbb748a3b8862b42b5
v1.0,2025-12-13T13:00:00Z,410208452,campaign_snapshot,archetype_market,late_usdt0,1,borrowed_assets,0,0,USD₮0,0xfd086bc7cd5c481dcc9c85ebe478a1c0b69fcbb9
v1.0,2025-12-13T13:00:00Z,410208452,campaign_snapshot,archetype_market,late_usdt0,1,collateral_assets,0,0,syrupUSDC,0x41ca7586cc1311807b4605fbb748a3b8862b42b5
v1.0,2025-12-14T13:00:00Z,410554160,campaign_snapshot,exact_loan_asset_group,0xaf88d065e77c8cc2239327c5edb3a432268e5831,32,borrowed_assets,80458878817675,80458878.817675,USDC,0xaf88d065e77c8cc2239327c5edb3a432268e5831
v1.0,2025-12-14T13:00:00Z,410554160,campaign_snapshot,exact_loan_asset_group,0xaf88d065e77c8cc2239327c5edb3a432268e5831,32,supplied_assets,95365416612118,95365416.612118,USDC,0xaf88d065e77c8cc2239327c5edb3a432268e5831
v1.0,2025-12-14T13:00:00Z,410554160,campaign_snapshot,exact_loan_asset_group,0xfd086bc7cd5c481dcc9c85ebe478a1c0b69fcbb9,13,borrowed_assets,663686229,663.686229,USD₮0,0xfd086bc7cd5c481dcc9c85ebe478a1c0b69fcbb9
v1.0,2025-12-14T13:00:00Z,410554160,campaign_snapshot,exact_loan_asset_group,0xfd086bc7cd5c481dcc9c85ebe478a1c0b69fcbb9,13,supplied_assets,7109972278,7109.972278,USD₮0,0xfd086bc7cd5c481dcc9c85ebe478a1c0b69fcbb9
v1.0,2025-12-14T13:00:00Z,410554160,campaign_snapshot,fixed_program,45_markets,45,active_borrowers,690,690,wallets,
v1.0,2025-12-14T13:00:00Z,410554160,campaign_snapshot,fixed_program,45_markets,45,active_borrowers_shares_only,1322,1322,wallets,
v1.0,2025-12-14T13:00:00Z,410554160,campaign_snapshot,archetype_market,early_shared_usdc,1,borrowed_assets,10704088102,10704.088102,USDC,0xaf88d065e77c8cc2239327c5edb3a432268e5831
v1.0,2025-12-14T13:00:00Z,410554160,campaign_snapshot,archetype_market,early_shared_usdc,1,collateral_assets,7996475324765652330,7.996475324766,weETH,0x35751007a407ca6feffe80b3cb397736d2cf4dbe
v1.0,2025-12-14T13:00:00Z,410554160,campaign_snapshot,archetype_market,dedicated_syrupusdc,1,borrowed_assets,8346708103045,8346708.103045,USDC,0xaf88d065e77c8cc2239327c5edb3a432268e5831
v1.0,2025-12-14T13:00:00Z,410554160,campaign_snapshot,archetype_market,dedicated_syrupusdc,1,collateral_assets,8859320436701,8859320.436701,syrupUSDC,0x41ca7586cc1311807b4605fbb748a3b8862b42b5
v1.0,2025-12-14T13:00:00Z,410554160,campaign_snapshot,archetype_market,late_usdt0,1,borrowed_assets,0,0,USD₮0,0xfd086bc7cd5c481dcc9c85ebe478a1c0b69fcbb9
v1.0,2025-12-14T13:00:00Z,410554160,campaign_snapshot,archetype_market,late_usdt0,1,collateral_assets,0,0,syrupUSDC,0x41ca7586cc1311807b4605fbb748a3b8862b42b5
v1.0,2025-12-15T13:00:00Z,410899992,campaign_snapshot,exact_loan_asset_group,0xaf88d065e77c8cc2239327c5edb3a432268e5831,32,borrowed_assets,79843764124299,79843764.124299,USDC,0xaf88d065e77c8cc2239327c5edb3a432268e5831
v1.0,2025-12-15T13:00:00Z,410899992,campaign_snapshot,exact_loan_asset_group,0xaf88d065e77c8cc2239327c5edb3a432268e5831,32,supplied_assets,90464219042305,90464219.042305,USDC,0xaf88d065e77c8cc2239327c5edb3a432268e5831
v1.0,2025-12-15T13:00:00Z,410899992,campaign_snapshot,exact_loan_asset_group,0xfd086bc7cd5c481dcc9c85ebe478a1c0b69fcbb9,13,borrowed_assets,663686229,663.686229,USD₮0,0xfd086bc7cd5c481dcc9c85ebe478a1c0b69fcbb9
v1.0,2025-12-15T13:00:00Z,410899992,campaign_snapshot,exact_loan_asset_group,0xfd086bc7cd5c481dcc9c85ebe478a1c0b69fcbb9,13,supplied_assets,7109972278,7109.972278,USD₮0,0xfd086bc7cd5c481dcc9c85ebe478a1c0b69fcbb9
v1.0,2025-12-15T13:00:00Z,410899992,campaign_snapshot,fixed_program,45_markets,45,active_borrowers,702,702,wallets,
v1.0,2025-12-15T13:00:00Z,410899992,campaign_snapshot,fixed_program,45_markets,45,active_borrowers_shares_only,1336,1336,wallets,
v1.0,2025-12-15T13:00:00Z,410899992,campaign_snapshot,archetype_market,early_shared_usdc,1,borrowed_assets,10705432054,10705.432054,USDC,0xaf88d065e77c8cc2239327c5edb3a432268e5831
v1.0,2025-12-15T13:00:00Z,410899992,campaign_snapshot,archetype_market,early_shared_usdc,1,collateral_assets,7996475324765652330,7.996475324766,weETH,0x35751007a407ca6feffe80b3cb397736d2cf4dbe
v1.0,2025-12-15T13:00:00Z,410899992,campaign_snapshot,archetype_market,dedicated_syrupusdc,1,borrowed_assets,8347775065122,8347775.065122,USDC,0xaf88d065e77c8cc2239327c5edb3a432268e5831
v1.0,2025-12-15T13:00:00Z,410899992,campaign_snapshot,archetype_market,dedicated_syrupusdc,1,collateral_assets,8859320436701,8859320.436701,syrupUSDC,0x41ca7586cc1311807b4605fbb748a3b8862b42b5
v1.0,2025-12-15T13:00:00Z,410899992,campaign_snapshot,archetype_market,late_usdt0,1,borrowed_assets,0,0,USD₮0,0xfd086bc7cd5c481dcc9c85ebe478a1c0b69fcbb9
v1.0,2025-12-15T13:00:00Z,410899992,campaign_snapshot,archetype_market,late_usdt0,1,collateral_assets,0,0,syrupUSDC,0x41ca7586cc1311807b4605fbb748a3b8862b42b5
v1.0,2025-12-16T13:00:00Z,411246311,campaign_snapshot,exact_loan_asset_group,0xaf88d065e77c8cc2239327c5edb3a432268e5831,32,borrowed_assets,79053065746387,79053065.746387,USDC,0xaf88d065e77c8cc2239327c5edb3a432268e5831
v1.0,2025-12-16T13:00:00Z,411246311,campaign_snapshot,exact_loan_asset_group,0xaf88d065e77c8cc2239327c5edb3a432268e5831,32,supplied_assets,96494270170568,96494270.170568,USDC,0xaf88d065e77c8cc2239327c5edb3a432268e5831
v1.0,2025-12-16T13:00:00Z,411246311,campaign_snapshot,exact_loan_asset_group,0xfd086bc7cd5c481dcc9c85ebe478a1c0b69fcbb9,13,borrowed_assets,664422814,664.422814,USD₮0,0xfd086bc7cd5c481dcc9c85ebe478a1c0b69fcbb9
v1.0,2025-12-16T13:00:00Z,411246311,campaign_snapshot,exact_loan_asset_group,0xfd086bc7cd5c481dcc9c85ebe478a1c0b69fcbb9,13,supplied_assets,7110718864,7110.718864,USD₮0,0xfd086bc7cd5c481dcc9c85ebe478a1c0b69fcbb9
v1.0,2025-12-16T13:00:00Z,411246311,campaign_snapshot,fixed_program,45_markets,45,active_borrowers,704,704,wallets,
v1.0,2025-12-16T13:00:00Z,411246311,campaign_snapshot,fixed_program,45_markets,45,active_borrowers_shares_only,1337,1337,wallets,
v1.0,2025-12-16T13:00:00Z,411246311,campaign_snapshot,archetype_market,early_shared_usdc,1,borrowed_assets,10706916935,10706.916935,USDC,0xaf88d065e77c8cc2239327c5edb3a432268e5831
v1.0,2025-12-16T13:00:00Z,411246311,campaign_snapshot,archetype_market,early_shared_usdc,1,collateral_assets,7996475324765652330,7.996475324766,weETH,0x35751007a407ca6feffe80b3cb397736d2cf4dbe
v1.0,2025-12-16T13:00:00Z,411246311,campaign_snapshot,archetype_market,dedicated_syrupusdc,1,borrowed_assets,8348973747910,8348973.74791,USDC,0xaf88d065e77c8cc2239327c5edb3a432268e5831
v1.0,2025-12-16T13:00:00Z,411246311,campaign_snapshot,archetype_market,dedicated_syrupusdc,1,collateral_assets,8859319021999,8859319.021999,syrupUSDC,0x41ca7586cc1311807b4605fbb748a3b8862b42b5
v1.0,2025-12-16T13:00:00Z,411246311,campaign_snapshot,archetype_market,late_usdt0,1,borrowed_assets,0,0,USD₮0,0xfd086bc7cd5c481dcc9c85ebe478a1c0b69fcbb9
v1.0,2025-12-16T13:00:00Z,411246311,campaign_snapshot,archetype_market,late_usdt0,1,collateral_assets,0,0,syrupUSDC,0x41ca7586cc1311807b4605fbb748a3b8862b42b5
v1.0,2025-12-17T13:00:00Z,411592472,campaign_snapshot,exact_loan_asset_group,0xaf88d065e77c8cc2239327c5edb3a432268e5831,32,borrowed_assets,78870871728432,78870871.728432,USDC,0xaf88d065e77c8cc2239327c5edb3a432268e5831
v1.0,2025-12-17T13:00:00Z,411592472,campaign_snapshot,exact_loan_asset_group,0xaf88d065e77c8cc2239327c5edb3a432268e5831,32,supplied_assets,96163635449953,96163635.449953,USDC,0xaf88d065e77c8cc2239327c5edb3a432268e5831
v1.0,2025-12-17T13:00:00Z,411592472,campaign_snapshot,exact_loan_asset_group,0xfd086bc7cd5c481dcc9c85ebe478a1c0b69fcbb9,13,borrowed_assets,666663420,666.66342,USD₮0,0xfd086bc7cd5c481dcc9c85ebe478a1c0b69fcbb9
v1.0,2025-12-17T13:00:00Z,411592472,campaign_snapshot,exact_loan_asset_group,0xfd086bc7cd5c481dcc9c85ebe478a1c0b69fcbb9,13,supplied_assets,7212199722,7212.199722,USD₮0,0xfd086bc7cd5c481dcc9c85ebe478a1c0b69fcbb9
v1.0,2025-12-17T13:00:00Z,411592472,campaign_snapshot,fixed_program,45_markets,45,active_borrowers,699,699,wallets,
v1.0,2025-12-17T13:00:00Z,411592472,campaign_snapshot,fixed_program,45_markets,45,active_borrowers_shares_only,1332,1332,wallets,
v1.0,2025-12-17T13:00:00Z,411592472,campaign_snapshot,archetype_market,early_shared_usdc,1,borrowed_assets,10708130189,10708.130189,USDC,0xaf88d065e77c8cc2239327c5edb3a432268e5831
v1.0,2025-12-17T13:00:00Z,411592472,campaign_snapshot,archetype_market,early_shared_usdc,1,collateral_assets,7996475324765652330,7.996475324766,weETH,0x35751007a407ca6feffe80b3cb397736d2cf4dbe
v1.0,2025-12-17T13:00:00Z,411592472,campaign_snapshot,archetype_market,dedicated_syrupusdc,1,borrowed_assets,8348986432259,8348986.432259,USDC,0xaf88d065e77c8cc2239327c5edb3a432268e5831
v1.0,2025-12-17T13:00:00Z,411592472,campaign_snapshot,archetype_market,dedicated_syrupusdc,1,collateral_assets,8859319011899,8859319.011899,syrupUSDC,0x41ca7586cc1311807b4605fbb748a3b8862b42b5
v1.0,2025-12-17T13:00:00Z,411592472,campaign_snapshot,archetype_market,late_usdt0,1,borrowed_assets,0,0,USD₮0,0xfd086bc7cd5c481dcc9c85ebe478a1c0b69fcbb9
v1.0,2025-12-17T13:00:00Z,411592472,campaign_snapshot,archetype_market,late_usdt0,1,collateral_assets,0,0,syrupUSDC,0x41ca7586cc1311807b4605fbb748a3b8862b42b5
v1.0,2025-12-18T13:00:00Z,411938612,campaign_snapshot,exact_loan_asset_group,0xaf88d065e77c8cc2239327c5edb3a432268e5831,32,borrowed_assets,84302307789662,84302307.789662,USDC,0xaf88d065e77c8cc2239327c5edb3a432268e5831
v1.0,2025-12-18T13:00:00Z,411938612,campaign_snapshot,exact_loan_asset_group,0xaf88d065e77c8cc2239327c5edb3a432268e5831,32,supplied_assets,95204833989823,95204833.989823,USDC,0xaf88d065e77c8cc2239327c5edb3a432268e5831
v1.0,2025-12-18T13:00:00Z,411938612,campaign_snapshot,exact_loan_asset_group,0xfd086bc7cd5c481dcc9c85ebe478a1c0b69fcbb9,13,borrowed_assets,666663420,666.66342,USD₮0,0xfd086bc7cd5c481dcc9c85ebe478a1c0b69fcbb9
v1.0,2025-12-18T13:00:00Z,411938612,campaign_snapshot,exact_loan_asset_group,0xfd086bc7cd5c481dcc9c85ebe478a1c0b69fcbb9,13,supplied_assets,7212199722,7212.199722,USD₮0,0xfd086bc7cd5c481dcc9c85ebe478a1c0b69fcbb9
v1.0,2025-12-18T13:00:00Z,411938612,campaign_snapshot,fixed_program,45_markets,45,active_borrowers,702,702,wallets,
v1.0,2025-12-18T13:00:00Z,411938612,campaign_snapshot,fixed_program,45_markets,45,active_borrowers_shares_only,1334,1334,wallets,
v1.0,2025-12-18T13:00:00Z,411938612,campaign_snapshot,archetype_market,early_shared_usdc,1,borrowed_assets,692427934,692.427934,USDC,0xaf88d065e77c8cc2239327c5edb3a432268e5831
v1.0,2025-12-18T13:00:00Z,411938612,campaign_snapshot,archetype_market,early_shared_usdc,1,collateral_assets,472077605633038645,0.472077605633,weETH,0x35751007a407ca6feffe80b3cb397736d2cf4dbe
v1.0,2025-12-18T13:00:00Z,411938612,campaign_snapshot,archetype_market,dedicated_syrupusdc,1,borrowed_assets,8349986728641,8349986.728641,USDC,0xaf88d065e77c8cc2239327c5edb3a432268e5831
v1.0,2025-12-18T13:00:00Z,411938612,campaign_snapshot,archetype_market,dedicated_syrupusdc,1,collateral_assets,8859318593961,8859318.593961,syrupUSDC,0x41ca7586cc1311807b4605fbb748a3b8862b42b5
v1.0,2025-12-18T13:00:00Z,411938612,campaign_snapshot,archetype_market,late_usdt0,1,borrowed_assets,0,0,USD₮0,0xfd086bc7cd5c481dcc9c85ebe478a1c0b69fcbb9
v1.0,2025-12-18T13:00:00Z,411938612,campaign_snapshot,archetype_market,late_usdt0,1,collateral_assets,0,0,syrupUSDC,0x41ca7586cc1311807b4605fbb748a3b8862b42b5
v1.0,2025-12-19T13:00:00Z,412284839,campaign_snapshot,exact_loan_asset_group,0xaf88d065e77c8cc2239327c5edb3a432268e5831,32,borrowed_assets,83201205996616,83201205.996616,USDC,0xaf88d065e77c8cc2239327c5edb3a432268e5831
v1.0,2025-12-19T13:00:00Z,412284839,campaign_snapshot,exact_loan_asset_group,0xaf88d065e77c8cc2239327c5edb3a432268e5831,32,supplied_assets,96323041498390,96323041.49839,USDC,0xaf88d065e77c8cc2239327c5edb3a432268e5831
v1.0,2025-12-19T13:00:00Z,412284839,campaign_snapshot,exact_loan_asset_group,0xfd086bc7cd5c481dcc9c85ebe478a1c0b69fcbb9,13,borrowed_assets,666834781,666.834781,USD₮0,0xfd086bc7cd5c481dcc9c85ebe478a1c0b69fcbb9
v1.0,2025-12-19T13:00:00Z,412284839,campaign_snapshot,exact_loan_asset_group,0xfd086bc7cd5c481dcc9c85ebe478a1c0b69fcbb9,13,supplied_assets,7212371083,7212.371083,USD₮0,0xfd086bc7cd5c481dcc9c85ebe478a1c0b69fcbb9
v1.0,2025-12-19T13:00:00Z,412284839,campaign_snapshot,fixed_program,45_markets,45,active_borrowers,702,702,wallets,
v1.0,2025-12-19T13:00:00Z,412284839,campaign_snapshot,fixed_program,45_markets,45,active_borrowers_shares_only,1335,1335,wallets,
v1.0,2025-12-19T13:00:00Z,412284839,campaign_snapshot,archetype_market,early_shared_usdc,1,borrowed_assets,692490085,692.490085,USDC,0xaf88d065e77c8cc2239327c5edb3a432268e5831
v1.0,2025-12-19T13:00:00Z,412284839,campaign_snapshot,archetype_market,early_shared_usdc,1,collateral_assets,472077605633038645,0.472077605633,weETH,0x35751007a407ca6feffe80b3cb397736d2cf4dbe
v1.0,2025-12-19T13:00:00Z,412284839,campaign_snapshot,archetype_market,dedicated_syrupusdc,1,borrowed_assets,7009138633664,7009138.633664,USDC,0xaf88d065e77c8cc2239327c5edb3a432268e5831
v1.0,2025-12-19T13:00:00Z,412284839,campaign_snapshot,archetype_market,dedicated_syrupusdc,1,collateral_assets,7547353873539,7547353.873539,syrupUSDC,0x41ca7586cc1311807b4605fbb748a3b8862b42b5
v1.0,2025-12-19T13:00:00Z,412284839,campaign_snapshot,archetype_market,late_usdt0,1,borrowed_assets,0,0,USD₮0,0xfd086bc7cd5c481dcc9c85ebe478a1c0b69fcbb9
v1.0,2025-12-19T13:00:00Z,412284839,campaign_snapshot,archetype_market,late_usdt0,1,collateral_assets,0,0,syrupUSDC,0x41ca7586cc1311807b4605fbb748a3b8862b42b5
v1.0,2025-12-20T13:00:00Z,412630489,campaign_snapshot,exact_loan_asset_group,0xaf88d065e77c8cc2239327c5edb3a432268e5831,32,borrowed_assets,83068908289233,83068908.289233,USDC,0xaf88d065e77c8cc2239327c5edb3a432268e5831
v1.0,2025-12-20T13:00:00Z,412630489,campaign_snapshot,exact_loan_asset_group,0xaf88d065e77c8cc2239327c5edb3a432268e5831,32,supplied_assets,97050693617823,97050693.617823,USDC,0xaf88d065e77c8cc2239327c5edb3a432268e5831
v1.0,2025-12-20T13:00:00Z,412630489,campaign_snapshot,exact_loan_asset_group,0xfd086bc7cd5c481dcc9c85ebe478a1c0b69fcbb9,13,borrowed_assets,667040172,667.040172,USD₮0,0xfd086bc7cd5c481dcc9c85ebe478a1c0b69fcbb9
v1.0,2025-12-20T13:00:00Z,412630489,campaign_snapshot,exact_loan_asset_group,0xfd086bc7cd5c481dcc9c85ebe478a1c0b69fcbb9,13,supplied_assets,6605467993,6605.467993,USD₮0,0xfd086bc7cd5c481dcc9c85ebe478a1c0b69fcbb9
v1.0,2025-12-20T13:00:00Z,412630489,campaign_snapshot,fixed_program,45_markets,45,active_borrowers,704,704,wallets,
v1.0,2025-12-20T13:00:00Z,412630489,campaign_snapshot,fixed_program,45_markets,45,active_borrowers_shares_only,1337,1337,wallets,
v1.0,2025-12-20T13:00:00Z,412630489,campaign_snapshot,archetype_market,early_shared_usdc,1,borrowed_assets,692566166,692.566166,USDC,0xaf88d065e77c8cc2239327c5edb3a432268e5831
v1.0,2025-12-20T13:00:00Z,412630489,campaign_snapshot,archetype_market,early_shared_usdc,1,collateral_assets,472077605633038645,0.472077605633,weETH,0x35751007a407ca6feffe80b3cb397736d2cf4dbe
v1.0,2025-12-20T13:00:00Z,412630489,campaign_snapshot,archetype_market,dedicated_syrupusdc,1,borrowed_assets,7009997553337,7009997.553337,USDC,0xaf88d065e77c8cc2239327c5edb3a432268e5831
v1.0,2025-12-20T13:00:00Z,412630489,campaign_snapshot,archetype_market,dedicated_syrupusdc,1,collateral_assets,7547353873539,7547353.873539,syrupUSDC,0x41ca7586cc1311807b4605fbb748a3b8862b42b5
v1.0,2025-12-20T13:00:00Z,412630489,campaign_snapshot,archetype_market,late_usdt0,1,borrowed_assets,0,0,USD₮0,0xfd086bc7cd5c481dcc9c85ebe478a1c0b69fcbb9
v1.0,2025-12-20T13:00:00Z,412630489,campaign_snapshot,archetype_market,late_usdt0,1,collateral_assets,0,0,syrupUSDC,0x41ca7586cc1311807b4605fbb748a3b8862b42b5
v1.0,2025-12-21T13:00:00Z,412976212,campaign_snapshot,exact_loan_asset_group,0xaf88d065e77c8cc2239327c5edb3a432268e5831,32,borrowed_assets,82473454988337,82473454.988337,USDC,0xaf88d065e77c8cc2239327c5edb3a432268e5831
v1.0,2025-12-21T13:00:00Z,412976212,campaign_snapshot,exact_loan_asset_group,0xaf88d065e77c8cc2239327c5edb3a432268e5831,32,supplied_assets,94584835777443,94584835.777443,USDC,0xaf88d065e77c8cc2239327c5edb3a432268e5831
v1.0,2025-12-21T13:00:00Z,412976212,campaign_snapshot,exact_loan_asset_group,0xfd086bc7cd5c481dcc9c85ebe478a1c0b69fcbb9,13,borrowed_assets,667131717,667.131717,USD₮0,0xfd086bc7cd5c481dcc9c85ebe478a1c0b69fcbb9
v1.0,2025-12-21T13:00:00Z,412976212,campaign_snapshot,exact_loan_asset_group,0xfd086bc7cd5c481dcc9c85ebe478a1c0b69fcbb9,13,supplied_assets,6603384014,6603.384014,USD₮0,0xfd086bc7cd5c481dcc9c85ebe478a1c0b69fcbb9
v1.0,2025-12-21T13:00:00Z,412976212,campaign_snapshot,fixed_program,45_markets,45,active_borrowers,706,706,wallets,
v1.0,2025-12-21T13:00:00Z,412976212,campaign_snapshot,fixed_program,45_markets,45,active_borrowers_shares_only,1339,1339,wallets,
v1.0,2025-12-21T13:00:00Z,412976212,campaign_snapshot,archetype_market,early_shared_usdc,1,borrowed_assets,692644372,692.644372,USDC,0xaf88d065e77c8cc2239327c5edb3a432268e5831
v1.0,2025-12-21T13:00:00Z,412976212,campaign_snapshot,archetype_market,early_shared_usdc,1,collateral_assets,472077605633038645,0.472077605633,weETH,0x35751007a407ca6feffe80b3cb397736d2cf4dbe
v1.0,2025-12-21T13:00:00Z,412976212,campaign_snapshot,archetype_market,dedicated_syrupusdc,1,borrowed_assets,7010857018753,7010857.018753,USDC,0xaf88d065e77c8cc2239327c5edb3a432268e5831
v1.0,2025-12-21T13:00:00Z,412976212,campaign_snapshot,archetype_market,dedicated_syrupusdc,1,collateral_assets,7547353873539,7547353.873539,syrupUSDC,0x41ca7586cc1311807b4605fbb748a3b8862b42b5
v1.0,2025-12-21T13:00:00Z,412976212,campaign_snapshot,archetype_market,late_usdt0,1,borrowed_assets,0,0,USD₮0,0xfd086bc7cd5c481dcc9c85ebe478a1c0b69fcbb9
v1.0,2025-12-21T13:00:00Z,412976212,campaign_snapshot,archetype_market,late_usdt0,1,collateral_assets,0,0,syrupUSDC,0x41ca7586cc1311807b4605fbb748a3b8862b42b5
v1.0,2025-12-22T13:00:00Z,413322132,campaign_snapshot,exact_loan_asset_group,0xaf88d065e77c8cc2239327c5edb3a432268e5831,32,borrowed_assets,82213008930636,82213008.930636,USDC,0xaf88d065e77c8cc2239327c5edb3a432268e5831
v1.0,2025-12-22T13:00:00Z,413322132,campaign_snapshot,exact_loan_asset_group,0xaf88d065e77c8cc2239327c5edb3a432268e5831,32,supplied_assets,96577671918237,96577671.918237,USDC,0xaf88d065e77c8cc2239327c5edb3a432268e5831
v1.0,2025-12-22T13:00:00Z,413322132,campaign_snapshot,exact_loan_asset_group,0xfd086bc7cd5c481dcc9c85ebe478a1c0b69fcbb9,13,borrowed_assets,667214169,667.214169,USD₮0,0xfd086bc7cd5c481dcc9c85ebe478a1c0b69fcbb9
v1.0,2025-12-22T13:00:00Z,413322132,campaign_snapshot,exact_loan_asset_group,0xfd086bc7cd5c481dcc9c85ebe478a1c0b69fcbb9,13,supplied_assets,6505958468,6505.958468,USD₮0,0xfd086bc7cd5c481dcc9c85ebe478a1c0b69fcbb9
v1.0,2025-12-22T13:00:00Z,413322132,campaign_snapshot,fixed_program,45_markets,45,active_borrowers,702,702,wallets,
v1.0,2025-12-22T13:00:00Z,413322132,campaign_snapshot,fixed_program,45_markets,45,active_borrowers_shares_only,1335,1335,wallets,
v1.0,2025-12-22T13:00:00Z,413322132,campaign_snapshot,archetype_market,early_shared_usdc,1,borrowed_assets,692715618,692.715618,USDC,0xaf88d065e77c8cc2239327c5edb3a432268e5831
v1.0,2025-12-22T13:00:00Z,413322132,campaign_snapshot,archetype_market,early_shared_usdc,1,collateral_assets,472077605633038645,0.472077605633,weETH,0x35751007a407ca6feffe80b3cb397736d2cf4dbe
v1.0,2025-12-22T13:00:00Z,413322132,campaign_snapshot,archetype_market,dedicated_syrupusdc,1,borrowed_assets,7011667171761,7011667.171761,USDC,0xaf88d065e77c8cc2239327c5edb3a432268e5831
v1.0,2025-12-22T13:00:00Z,413322132,campaign_snapshot,archetype_market,dedicated_syrupusdc,1,collateral_assets,7547353873539,7547353.873539,syrupUSDC,0x41ca7586cc1311807b4605fbb748a3b8862b42b5
v1.0,2025-12-22T13:00:00Z,413322132,campaign_snapshot,archetype_market,late_usdt0,1,borrowed_assets,0,0,USD₮0,0xfd086bc7cd5c481dcc9c85ebe478a1c0b69fcbb9
v1.0,2025-12-22T13:00:00Z,413322132,campaign_snapshot,archetype_market,late_usdt0,1,collateral_assets,0,0,syrupUSDC,0x41ca7586cc1311807b4605fbb748a3b8862b42b5
v1.0,2025-12-23T13:00:00Z,413668686,campaign_snapshot,exact_loan_asset_group,0xaf88d065e77c8cc2239327c5edb3a432268e5831,32,borrowed_assets,81632029661330,81632029.66133,USDC,0xaf88d065e77c8cc2239327c5edb3a432268e5831
v1.0,2025-12-23T13:00:00Z,413668686,campaign_snapshot,exact_loan_asset_group,0xaf88d065e77c8cc2239327c5edb3a432268e5831,32,supplied_assets,94859007529454,94859007.529454,USDC,0xaf88d065e77c8cc2239327c5edb3a432268e5831
v1.0,2025-12-23T13:00:00Z,413668686,campaign_snapshot,exact_loan_asset_group,0xfd086bc7cd5c481dcc9c85ebe478a1c0b69fcbb9,13,borrowed_assets,669261712,669.261712,USD₮0,0xfd086bc7cd5c481dcc9c85ebe478a1c0b69fcbb9
v1.0,2025-12-23T13:00:00Z,413668686,campaign_snapshot,exact_loan_asset_group,0xfd086bc7cd5c481dcc9c85ebe478a1c0b69fcbb9,13,supplied_assets,6505507993,6505.507993,USD₮0,0xfd086bc7cd5c481dcc9c85ebe478a1c0b69fcbb9
v1.0,2025-12-23T13:00:00Z,413668686,campaign_snapshot,fixed_program,45_markets,45,active_borrowers,705,705,wallets,
v1.0,2025-12-23T13:00:00Z,413668686,campaign_snapshot,fixed_program,45_markets,45,active_borrowers_shares_only,1337,1337,wallets,
v1.0,2025-12-23T13:00:00Z,413668686,campaign_snapshot,archetype_market,early_shared_usdc,1,borrowed_assets,692781751,692.781751,USDC,0xaf88d065e77c8cc2239327c5edb3a432268e5831
v1.0,2025-12-23T13:00:00Z,413668686,campaign_snapshot,archetype_market,early_shared_usdc,1,collateral_assets,472077605633038645,0.472077605633,weETH,0x35751007a407ca6feffe80b3cb397736d2cf4dbe
v1.0,2025-12-23T13:00:00Z,413668686,campaign_snapshot,archetype_market,dedicated_syrupusdc,1,borrowed_assets,5559123611139,5559123.611139,USDC,0xaf88d065e77c8cc2239327c5edb3a432268e5831
v1.0,2025-12-23T13:00:00Z,413668686,campaign_snapshot,archetype_market,dedicated_syrupusdc,1,collateral_assets,5830061329385,5830061.329385,syrupUSDC,0x41ca7586cc1311807b4605fbb748a3b8862b42b5
v1.0,2025-12-23T13:00:00Z,413668686,campaign_snapshot,archetype_market,late_usdt0,1,borrowed_assets,1000000,1,USD₮0,0xfd086bc7cd5c481dcc9c85ebe478a1c0b69fcbb9
v1.0,2025-12-23T13:00:00Z,413668686,campaign_snapshot,archetype_market,late_usdt0,1,collateral_assets,3499228,3.499228,syrupUSDC,0x41ca7586cc1311807b4605fbb748a3b8862b42b5
v1.0,2025-12-24T13:00:00Z,414015132,campaign_snapshot,exact_loan_asset_group,0xaf88d065e77c8cc2239327c5edb3a432268e5831,32,borrowed_assets,80318312801604,80318312.801604,USDC,0xaf88d065e77c8cc2239327c5edb3a432268e5831
v1.0,2025-12-24T13:00:00Z,414015132,campaign_snapshot,exact_loan_asset_group,0xaf88d065e77c8cc2239327c5edb3a432268e5831,32,supplied_assets,93702821169617,93702821.169617,USDC,0xaf88d065e77c8cc2239327c5edb3a432268e5831
v1.0,2025-12-24T13:00:00Z,414015132,campaign_snapshot,exact_loan_asset_group,0xfd086bc7cd5c481dcc9c85ebe478a1c0b69fcbb9,13,borrowed_assets,989374725,989.374725,USD₮0,0xfd086bc7cd5c481dcc9c85ebe478a1c0b69fcbb9
v1.0,2025-12-24T13:00:00Z,414015132,campaign_snapshot,exact_loan_asset_group,0xfd086bc7cd5c481dcc9c85ebe478a1c0b69fcbb9,13,supplied_assets,8002999997,8002.999997,USD₮0,0xfd086bc7cd5c481dcc9c85ebe478a1c0b69fcbb9
v1.0,2025-12-24T13:00:00Z,414015132,campaign_snapshot,fixed_program,45_markets,45,active_borrowers,709,709,wallets,
v1.0,2025-12-24T13:00:00Z,414015132,campaign_snapshot,fixed_program,45_markets,45,active_borrowers_shares_only,1341,1341,wallets,
v1.0,2025-12-24T13:00:00Z,414015132,campaign_snapshot,archetype_market,early_shared_usdc,1,borrowed_assets,692864933,692.864933,USDC,0xaf88d065e77c8cc2239327c5edb3a432268e5831
v1.0,2025-12-24T13:00:00Z,414015132,campaign_snapshot,archetype_market,early_shared_usdc,1,collateral_assets,472077605633038645,0.472077605633,weETH,0x35751007a407ca6feffe80b3cb397736d2cf4dbe
v1.0,2025-12-24T13:00:00Z,414015132,campaign_snapshot,archetype_market,dedicated_syrupusdc,1,borrowed_assets,5559790298381,5559790.298381,USDC,0xaf88d065e77c8cc2239327c5edb3a432268e5831
v1.0,2025-12-24T13:00:00Z,414015132,campaign_snapshot,archetype_market,dedicated_syrupusdc,1,collateral_assets,5830061329385,5830061.329385,syrupUSDC,0x41ca7586cc1311807b4605fbb748a3b8862b42b5
v1.0,2025-12-24T13:00:00Z,414015132,campaign_snapshot,archetype_market,late_usdt0,1,borrowed_assets,1000000,1,USD₮0,0xfd086bc7cd5c481dcc9c85ebe478a1c0b69fcbb9
v1.0,2025-12-24T13:00:00Z,414015132,campaign_snapshot,archetype_market,late_usdt0,1,collateral_assets,3499228,3.499228,syrupUSDC,0x41ca7586cc1311807b4605fbb748a3b8862b42b5
v1.0,2025-12-25T13:00:00Z,414361559,campaign_snapshot,exact_loan_asset_group,0xaf88d065e77c8cc2239327c5edb3a432268e5831,32,borrowed_assets,80643983995232,80643983.995232,USDC,0xaf88d065e77c8cc2239327c5edb3a432268e5831
v1.0,2025-12-25T13:00:00Z,414361559,campaign_snapshot,exact_loan_asset_group,0xaf88d065e77c8cc2239327c5edb3a432268e5831,32,supplied_assets,97957760746323,97957760.746323,USDC,0xaf88d065e77c8cc2239327c5edb3a432268e5831
v1.0,2025-12-25T13:00:00Z,414361559,campaign_snapshot,exact_loan_asset_group,0xfd086bc7cd5c481dcc9c85ebe478a1c0b69fcbb9,13,borrowed_assets,1801422483184,1801422.483184,USD₮0,0xfd086bc7cd5c481dcc9c85ebe478a1c0b69fcbb9
v1.0,2025-12-25T13:00:00Z,414361559,campaign_snapshot,exact_loan_asset_group,0xfd086bc7cd5c481dcc9c85ebe478a1c0b69fcbb9,13,supplied_assets,4166664442669,4166664.442669,USD₮0,0xfd086bc7cd5c481dcc9c85ebe478a1c0b69fcbb9
v1.0,2025-12-25T13:00:00Z,414361559,campaign_snapshot,fixed_program,45_markets,45,active_borrowers,720,720,wallets,
v1.0,2025-12-25T13:00:00Z,414361559,campaign_snapshot,fixed_program,45_markets,45,active_borrowers_shares_only,1353,1353,wallets,
v1.0,2025-12-25T13:00:00Z,414361559,campaign_snapshot,archetype_market,early_shared_usdc,1,borrowed_assets,10693483871,10693.483871,USDC,0xaf88d065e77c8cc2239327c5edb3a432268e5831
v1.0,2025-12-25T13:00:00Z,414361559,campaign_snapshot,archetype_market,early_shared_usdc,1,collateral_assets,6972077605633038645,6.972077605633,weETH,0x35751007a407ca6feffe80b3cb397736d2cf4dbe
v1.0,2025-12-25T13:00:00Z,414361559,campaign_snapshot,archetype_market,dedicated_syrupusdc,1,borrowed_assets,5560371266177,5560371.266177,USDC,0xaf88d065e77c8cc2239327c5edb3a432268e5831
v1.0,2025-12-25T13:00:00Z,414361559,campaign_snapshot,archetype_market,dedicated_syrupusdc,1,collateral_assets,5830059645707,5830059.645707,syrupUSDC,0x41ca7586cc1311807b4605fbb748a3b8862b42b5
v1.0,2025-12-25T13:00:00Z,414361559,campaign_snapshot,archetype_market,late_usdt0,1,borrowed_assets,1000000,1,USD₮0,0xfd086bc7cd5c481dcc9c85ebe478a1c0b69fcbb9
v1.0,2025-12-25T13:00:00Z,414361559,campaign_snapshot,archetype_market,late_usdt0,1,collateral_assets,3499228,3.499228,syrupUSDC,0x41ca7586cc1311807b4605fbb748a3b8862b42b5
v1.0,2025-12-26T13:00:00Z,414706793,campaign_snapshot,exact_loan_asset_group,0xaf88d065e77c8cc2239327c5edb3a432268e5831,32,borrowed_assets,83520858336367,83520858.336367,USDC,0xaf88d065e77c8cc2239327c5edb3a432268e5831
v1.0,2025-12-26T13:00:00Z,414706793,campaign_snapshot,exact_loan_asset_group,0xaf88d065e77c8cc2239327c5edb3a432268e5831,32,supplied_assets,97888501064047,97888501.064047,USDC,0xaf88d065e77c8cc2239327c5edb3a432268e5831
v1.0,2025-12-26T13:00:00Z,414706793,campaign_snapshot,exact_loan_asset_group,0xfd086bc7cd5c481dcc9c85ebe478a1c0b69fcbb9,13,borrowed_assets,2390992969393,2390992.969393,USD₮0,0xfd086bc7cd5c481dcc9c85ebe478a1c0b69fcbb9
v1.0,2025-12-26T13:00:00Z,414706793,campaign_snapshot,exact_loan_asset_group,0xfd086bc7cd5c481dcc9c85ebe478a1c0b69fcbb9,13,supplied_assets,5761794864594,5761794.864594,USD₮0,0xfd086bc7cd5c481dcc9c85ebe478a1c0b69fcbb9
v1.0,2025-12-26T13:00:00Z,414706793,campaign_snapshot,fixed_program,45_markets,45,active_borrowers,721,721,wallets,
v1.0,2025-12-26T13:00:00Z,414706793,campaign_snapshot,fixed_program,45_markets,45,active_borrowers_shares_only,1357,1357,wallets,
v1.0,2025-12-26T13:00:00Z,414706793,campaign_snapshot,archetype_market,early_shared_usdc,1,borrowed_assets,10694258623,10694.258623,USDC,0xaf88d065e77c8cc2239327c5edb3a432268e5831
v1.0,2025-12-26T13:00:00Z,414706793,campaign_snapshot,archetype_market,early_shared_usdc,1,collateral_assets,6972077605633038645,6.972077605633,weETH,0x35751007a407ca6feffe80b3cb397736d2cf4dbe
v1.0,2025-12-26T13:00:00Z,414706793,campaign_snapshot,archetype_market,dedicated_syrupusdc,1,borrowed_assets,6075023556122,6075023.556122,USDC,0xaf88d065e77c8cc2239327c5edb3a432268e5831
v1.0,2025-12-26T13:00:00Z,414706793,campaign_snapshot,archetype_market,dedicated_syrupusdc,1,collateral_assets,6330059645707,6330059.645707,syrupUSDC,0x41ca7586cc1311807b4605fbb748a3b8862b42b5
v1.0,2025-12-26T13:00:00Z,414706793,campaign_snapshot,archetype_market,late_usdt0,1,borrowed_assets,1000000,1,USD₮0,0xfd086bc7cd5c481dcc9c85ebe478a1c0b69fcbb9
v1.0,2025-12-26T13:00:00Z,414706793,campaign_snapshot,archetype_market,late_usdt0,1,collateral_assets,3499228,3.499228,syrupUSDC,0x41ca7586cc1311807b4605fbb748a3b8862b42b5
v1.0,2025-12-27T13:00:00Z,415052366,campaign_snapshot,exact_loan_asset_group,0xaf88d065e77c8cc2239327c5edb3a432268e5831,32,borrowed_assets,87888645190700,87888645.1907,USDC,0xaf88d065e77c8cc2239327c5edb3a432268e5831
v1.0,2025-12-27T13:00:00Z,415052366,campaign_snapshot,exact_loan_asset_group,0xaf88d065e77c8cc2239327c5edb3a432268e5831,32,supplied_assets,98891342490105,98891342.490105,USDC,0xaf88d065e77c8cc2239327c5edb3a432268e5831
v1.0,2025-12-27T13:00:00Z,415052366,campaign_snapshot,exact_loan_asset_group,0xfd086bc7cd5c481dcc9c85ebe478a1c0b69fcbb9,13,borrowed_assets,2376208183144,2376208.183144,USD₮0,0xfd086bc7cd5c481dcc9c85ebe478a1c0b69fcbb9
v1.0,2025-12-27T13:00:00Z,415052366,campaign_snapshot,exact_loan_asset_group,0xfd086bc7cd5c481dcc9c85ebe478a1c0b69fcbb9,13,supplied_assets,5990340520222,5990340.520222,USD₮0,0xfd086bc7cd5c481dcc9c85ebe478a1c0b69fcbb9
v1.0,2025-12-27T13:00:00Z,415052366,campaign_snapshot,fixed_program,45_markets,45,active_borrowers,725,725,wallets,
v1.0,2025-12-27T13:00:00Z,415052366,campaign_snapshot,fixed_program,45_markets,45,active_borrowers_shares_only,1361,1361,wallets,
v1.0,2025-12-27T13:00:00Z,415052366,campaign_snapshot,archetype_market,early_shared_usdc,1,borrowed_assets,10695144309,10695.144309,USDC,0xaf88d065e77c8cc2239327c5edb3a432268e5831
v1.0,2025-12-27T13:00:00Z,415052366,campaign_snapshot,archetype_market,early_shared_usdc,1,collateral_assets,6972077605633038645,6.972077605633,weETH,0x35751007a407ca6feffe80b3cb397736d2cf4dbe
v1.0,2025-12-27T13:00:00Z,415052366,campaign_snapshot,archetype_market,dedicated_syrupusdc,1,borrowed_assets,6075721701465,6075721.701465,USDC,0xaf88d065e77c8cc2239327c5edb3a432268e5831
v1.0,2025-12-27T13:00:00Z,415052366,campaign_snapshot,archetype_market,dedicated_syrupusdc,1,collateral_assets,6330059645707,6330059.645707,syrupUSDC,0x41ca7586cc1311807b4605fbb748a3b8862b42b5
v1.0,2025-12-27T13:00:00Z,415052366,campaign_snapshot,archetype_market,late_usdt0,1,borrowed_assets,1002155,1.002155,USD₮0,0xfd086bc7cd5c481dcc9c85ebe478a1c0b69fcbb9
v1.0,2025-12-27T13:00:00Z,415052366,campaign_snapshot,archetype_market,late_usdt0,1,collateral_assets,3499228,3.499228,syrupUSDC,0x41ca7586cc1311807b4605fbb748a3b8862b42b5
v1.0,2025-12-28T13:00:00Z,415397493,campaign_snapshot,exact_loan_asset_group,0xaf88d065e77c8cc2239327c5edb3a432268e5831,32,borrowed_assets,89020845067088,89020845.067088,USDC,0xaf88d065e77c8cc2239327c5edb3a432268e5831
v1.0,2025-12-28T13:00:00Z,415397493,campaign_snapshot,exact_loan_asset_group,0xaf88d065e77c8cc2239327c5edb3a432268e5831,32,supplied_assets,100175912199343,100175912.199343,USDC,0xaf88d065e77c8cc2239327c5edb3a432268e5831
v1.0,2025-12-28T13:00:00Z,415397493,campaign_snapshot,exact_loan_asset_group,0xfd086bc7cd5c481dcc9c85ebe478a1c0b69fcbb9,13,borrowed_assets,2212747970178,2212747.970178,USD₮0,0xfd086bc7cd5c481dcc9c85ebe478a1c0b69fcbb9
v1.0,2025-12-28T13:00:00Z,415397493,campaign_snapshot,exact_loan_asset_group,0xfd086bc7cd5c481dcc9c85ebe478a1c0b69fcbb9,13,supplied_assets,6663464664319,6663464.664319,USD₮0,0xfd086bc7cd5c481dcc9c85ebe478a1c0b69fcbb9
v1.0,2025-12-28T13:00:00Z,415397493,campaign_snapshot,fixed_program,45_markets,45,active_borrowers,734,734,wallets,
v1.0,2025-12-28T13:00:00Z,415397493,campaign_snapshot,fixed_program,45_markets,45,active_borrowers_shares_only,1370,1370,wallets,
v1.0,2025-12-28T13:00:00Z,415397493,campaign_snapshot,archetype_market,early_shared_usdc,1,borrowed_assets,10695737169,10695.737169,USDC,0xaf88d065e77c8cc2239327c5edb3a432268e5831
v1.0,2025-12-28T13:00:00Z,415397493,campaign_snapshot,archetype_market,early_shared_usdc,1,collateral_assets,6972077605633038645,6.972077605633,weETH,0x35751007a407ca6feffe80b3cb397736d2cf4dbe
v1.0,2025-12-28T13:00:00Z,415397493,campaign_snapshot,archetype_market,dedicated_syrupusdc,1,borrowed_assets,6076391656821,6076391.656821,USDC,0xaf88d065e77c8cc2239327c5edb3a432268e5831
v1.0,2025-12-28T13:00:00Z,415397493,campaign_snapshot,archetype_market,dedicated_syrupusdc,1,collateral_assets,6330059645707,6330059.645707,syrupUSDC,0x41ca7586cc1311807b4605fbb748a3b8862b42b5
v1.0,2025-12-28T13:00:00Z,415397493,campaign_snapshot,archetype_market,late_usdt0,1,borrowed_assets,1002278,1.002278,USD₮0,0xfd086bc7cd5c481dcc9c85ebe478a1c0b69fcbb9
v1.0,2025-12-28T13:00:00Z,415397493,campaign_snapshot,archetype_market,late_usdt0,1,collateral_assets,3499228,3.499228,syrupUSDC,0x41ca7586cc1311807b4605fbb748a3b8862b42b5
v1.0,2025-12-29T13:00:00Z,415743326,campaign_snapshot,exact_loan_asset_group,0xaf88d065e77c8cc2239327c5edb3a432268e5831,32,borrowed_assets,90236038788058,90236038.788058,USDC,0xaf88d065e77c8cc2239327c5edb3a432268e5831
v1.0,2025-12-29T13:00:00Z,415743326,campaign_snapshot,exact_loan_asset_group,0xaf88d065e77c8cc2239327c5edb3a432268e5831,32,supplied_assets,101222425423766,101222425.423766,USDC,0xaf88d065e77c8cc2239327c5edb3a432268e5831
v1.0,2025-12-29T13:00:00Z,415743326,campaign_snapshot,exact_loan_asset_group,0xfd086bc7cd5c481dcc9c85ebe478a1c0b69fcbb9,13,borrowed_assets,2144477579086,2144477.579086,USD₮0,0xfd086bc7cd5c481dcc9c85ebe478a1c0b69fcbb9
v1.0,2025-12-29T13:00:00Z,415743326,campaign_snapshot,exact_loan_asset_group,0xfd086bc7cd5c481dcc9c85ebe478a1c0b69fcbb9,13,supplied_assets,8781140374413,8781140.374413,USD₮0,0xfd086bc7cd5c481dcc9c85ebe478a1c0b69fcbb9
v1.0,2025-12-29T13:00:00Z,415743326,campaign_snapshot,fixed_program,45_markets,45,active_borrowers,737,737,wallets,
v1.0,2025-12-29T13:00:00Z,415743326,campaign_snapshot,fixed_program,45_markets,45,active_borrowers_shares_only,1373,1373,wallets,
v1.0,2025-12-29T13:00:00Z,415743326,campaign_snapshot,archetype_market,early_shared_usdc,1,borrowed_assets,10696875669,10696.875669,USDC,0xaf88d065e77c8cc2239327c5edb3a432268e5831
v1.0,2025-12-29T13:00:00Z,415743326,campaign_snapshot,archetype_market,early_shared_usdc,1,collateral_assets,6972077605633038645,6.972077605633,weETH,0x35751007a407ca6feffe80b3cb397736d2cf4dbe
v1.0,2025-12-29T13:00:00Z,415743326,campaign_snapshot,archetype_market,dedicated_syrupusdc,1,borrowed_assets,6077083378547,6077083.378547,USDC,0xaf88d065e77c8cc2239327c5edb3a432268e5831
v1.0,2025-12-29T13:00:00Z,415743326,campaign_snapshot,archetype_market,dedicated_syrupusdc,1,collateral_assets,6330059605348,6330059.605348,syrupUSDC,0x41ca7586cc1311807b4605fbb748a3b8862b42b5
v1.0,2025-12-29T13:00:00Z,415743326,campaign_snapshot,archetype_market,late_usdt0,1,borrowed_assets,1002278,1.002278,USD₮0,0xfd086bc7cd5c481dcc9c85ebe478a1c0b69fcbb9
v1.0,2025-12-29T13:00:00Z,415743326,campaign_snapshot,archetype_market,late_usdt0,1,collateral_assets,3499228,3.499228,syrupUSDC,0x41ca7586cc1311807b4605fbb748a3b8862b42b5
v1.0,2025-12-30T13:00:00Z,416089262,campaign_snapshot,exact_loan_asset_group,0xaf88d065e77c8cc2239327c5edb3a432268e5831,32,borrowed_assets,90969150979656,90969150.979656,USDC,0xaf88d065e77c8cc2239327c5edb3a432268e5831
v1.0,2025-12-30T13:00:00Z,416089262,campaign_snapshot,exact_loan_asset_group,0xaf88d065e77c8cc2239327c5edb3a432268e5831,32,supplied_assets,119354881155022,119354881.155022,USDC,0xaf88d065e77c8cc2239327c5edb3a432268e5831
v1.0,2025-12-30T13:00:00Z,416089262,campaign_snapshot,exact_loan_asset_group,0xfd086bc7cd5c481dcc9c85ebe478a1c0b69fcbb9,13,borrowed_assets,2608742209512,2608742.209512,USD₮0,0xfd086bc7cd5c481dcc9c85ebe478a1c0b69fcbb9
v1.0,2025-12-30T13:00:00Z,416089262,campaign_snapshot,exact_loan_asset_group,0xfd086bc7cd5c481dcc9c85ebe478a1c0b69fcbb9,13,supplied_assets,30712529183806,30712529.183806,USD₮0,0xfd086bc7cd5c481dcc9c85ebe478a1c0b69fcbb9
v1.0,2025-12-30T13:00:00Z,416089262,campaign_snapshot,fixed_program,45_markets,45,active_borrowers,740,740,wallets,
v1.0,2025-12-30T13:00:00Z,416089262,campaign_snapshot,fixed_program,45_markets,45,active_borrowers_shares_only,1375,1375,wallets,
v1.0,2025-12-30T13:00:00Z,416089262,campaign_snapshot,archetype_market,early_shared_usdc,1,borrowed_assets,10697501661,10697.501661,USDC,0xaf88d065e77c8cc2239327c5edb3a432268e5831
v1.0,2025-12-30T13:00:00Z,416089262,campaign_snapshot,archetype_market,early_shared_usdc,1,collateral_assets,6972077605633038645,6.972077605633,weETH,0x35751007a407ca6feffe80b3cb397736d2cf4dbe
v1.0,2025-12-30T13:00:00Z,416089262,campaign_snapshot,archetype_market,dedicated_syrupusdc,1,borrowed_assets,6077659918832,6077659.918832,USDC,0xaf88d065e77c8cc2239327c5edb3a432268e5831
v1.0,2025-12-30T13:00:00Z,416089262,campaign_snapshot,archetype_market,dedicated_syrupusdc,1,collateral_assets,6330059605348,6330059.605348,syrupUSDC,0x41ca7586cc1311807b4605fbb748a3b8862b42b5
v1.0,2025-12-30T13:00:00Z,416089262,campaign_snapshot,archetype_market,late_usdt0,1,borrowed_assets,6002556,6.002556,USD₮0,0xfd086bc7cd5c481dcc9c85ebe478a1c0b69fcbb9
v1.0,2025-12-30T13:00:00Z,416089262,campaign_snapshot,archetype_market,late_usdt0,1,collateral_assets,8949172,8.949172,syrupUSDC,0x41ca7586cc1311807b4605fbb748a3b8862b42b5
v1.0,2025-12-31T13:00:00Z,416435358,campaign_snapshot,exact_loan_asset_group,0xaf88d065e77c8cc2239327c5edb3a432268e5831,32,borrowed_assets,98147352117677,98147352.117677,USDC,0xaf88d065e77c8cc2239327c5edb3a432268e5831
v1.0,2025-12-31T13:00:00Z,416435358,campaign_snapshot,exact_loan_asset_group,0xaf88d065e77c8cc2239327c5edb3a432268e5831,32,supplied_assets,120769164245470,120769164.24547,USDC,0xaf88d065e77c8cc2239327c5edb3a432268e5831
v1.0,2025-12-31T13:00:00Z,416435358,campaign_snapshot,exact_loan_asset_group,0xfd086bc7cd5c481dcc9c85ebe478a1c0b69fcbb9,13,borrowed_assets,7398343710413,7398343.710413,USD₮0,0xfd086bc7cd5c481dcc9c85ebe478a1c0b69fcbb9
v1.0,2025-12-31T13:00:00Z,416435358,campaign_snapshot,exact_loan_asset_group,0xfd086bc7cd5c481dcc9c85ebe478a1c0b69fcbb9,13,supplied_assets,46278796156759,46278796.156759,USD₮0,0xfd086bc7cd5c481dcc9c85ebe478a1c0b69fcbb9
v1.0,2025-12-31T13:00:00Z,416435358,campaign_snapshot,fixed_program,45_markets,45,active_borrowers,766,766,wallets,
v1.0,2025-12-31T13:00:00Z,416435358,campaign_snapshot,fixed_program,45_markets,45,active_borrowers_shares_only,1401,1401,wallets,
v1.0,2025-12-31T13:00:00Z,416435358,campaign_snapshot,archetype_market,early_shared_usdc,1,borrowed_assets,10698417165,10698.417165,USDC,0xaf88d065e77c8cc2239327c5edb3a432268e5831
v1.0,2025-12-31T13:00:00Z,416435358,campaign_snapshot,archetype_market,early_shared_usdc,1,collateral_assets,6972077605633038645,6.972077605633,weETH,0x35751007a407ca6feffe80b3cb397736d2cf4dbe
v1.0,2025-12-31T13:00:00Z,416435358,campaign_snapshot,archetype_market,dedicated_syrupusdc,1,borrowed_assets,10398710772912,10398710.772912,USDC,0xaf88d065e77c8cc2239327c5edb3a432268e5831
v1.0,2025-12-31T13:00:00Z,416435358,campaign_snapshot,archetype_market,dedicated_syrupusdc,1,collateral_assets,10616860584597,10616860.584597,syrupUSDC,0x41ca7586cc1311807b4605fbb748a3b8862b42b5
v1.0,2025-12-31T13:00:00Z,416435358,campaign_snapshot,archetype_market,late_usdt0,1,borrowed_assets,49395396301,49395.396301,USD₮0,0xfd086bc7cd5c481dcc9c85ebe478a1c0b69fcbb9
v1.0,2025-12-31T13:00:00Z,416435358,campaign_snapshot,archetype_market,late_usdt0,1,collateral_assets,49623447487,49623.447487,syrupUSDC,0x41ca7586cc1311807b4605fbb748a3b8862b42b5
v1.0,2026-01-01T13:00:00Z,416781177,campaign_snapshot,exact_loan_asset_group,0xaf88d065e77c8cc2239327c5edb3a432268e5831,32,borrowed_assets,118110617110935,118110617.110935,USDC,0xaf88d065e77c8cc2239327c5edb3a432268e5831
v1.0,2026-01-01T13:00:00Z,416781177,campaign_snapshot,exact_loan_asset_group,0xaf88d065e77c8cc2239327c5edb3a432268e5831,32,supplied_assets,132335185305150,132335185.30515,USDC,0xaf88d065e77c8cc2239327c5edb3a432268e5831
v1.0,2026-01-01T13:00:00Z,416781177,campaign_snapshot,exact_loan_asset_group,0xfd086bc7cd5c481dcc9c85ebe478a1c0b69fcbb9,13,borrowed_assets,8231127085068,8231127.085068,USD₮0,0xfd086bc7cd5c481dcc9c85ebe478a1c0b69fcbb9
v1.0,2026-01-01T13:00:00Z,416781177,campaign_snapshot,exact_loan_asset_group,0xfd086bc7cd5c481dcc9c85ebe478a1c0b69fcbb9,13,supplied_assets,47758001160559,47758001.160559,USD₮0,0xfd086bc7cd5c481dcc9c85ebe478a1c0b69fcbb9
v1.0,2026-01-01T13:00:00Z,416781177,campaign_snapshot,fixed_program,45_markets,45,active_borrowers,768,768,wallets,
v1.0,2026-01-01T13:00:00Z,416781177,campaign_snapshot,fixed_program,45_markets,45,active_borrowers_shares_only,1403,1403,wallets,
v1.0,2026-01-01T13:00:00Z,416781177,campaign_snapshot,archetype_market,early_shared_usdc,1,borrowed_assets,10699350048,10699.350048,USDC,0xaf88d065e77c8cc2239327c5edb3a432268e5831
v1.0,2026-01-01T13:00:00Z,416781177,campaign_snapshot,archetype_market,early_shared_usdc,1,collateral_assets,6972077605633038645,6.972077605633,weETH,0x35751007a407ca6feffe80b3cb397736d2cf4dbe
v1.0,2026-01-01T13:00:00Z,416781177,campaign_snapshot,archetype_market,dedicated_syrupusdc,1,borrowed_assets,28690472470599,28690472.470599,USDC,0xaf88d065e77c8cc2239327c5edb3a432268e5831
v1.0,2026-01-01T13:00:00Z,416781177,campaign_snapshot,archetype_market,dedicated_syrupusdc,1,collateral_assets,28824173327728,28824173.327728,syrupUSDC,0x41ca7586cc1311807b4605fbb748a3b8862b42b5
v1.0,2026-01-01T13:00:00Z,416781177,campaign_snapshot,archetype_market,late_usdt0,1,borrowed_assets,49422087422,49422.087422,USD₮0,0xfd086bc7cd5c481dcc9c85ebe478a1c0b69fcbb9
v1.0,2026-01-01T13:00:00Z,416781177,campaign_snapshot,archetype_market,late_usdt0,1,collateral_assets,49649614045,49649.614045,syrupUSDC,0x41ca7586cc1311807b4605fbb748a3b8862b42b5
v1.0,2026-01-02T13:00:00Z,417126867,campaign_snapshot,exact_loan_asset_group,0xaf88d065e77c8cc2239327c5edb3a432268e5831,32,borrowed_assets,122921888279146,122921888.279146,USDC,0xaf88d065e77c8cc2239327c5edb3a432268e5831
v1.0,2026-01-02T13:00:00Z,417126867,campaign_snapshot,exact_loan_asset_group,0xaf88d065e77c8cc2239327c5edb3a432268e5831,32,supplied_assets,141205795440237,141205795.440237,USDC,0xaf88d065e77c8cc2239327c5edb3a432268e5831
v1.0,2026-01-02T13:00:00Z,417126867,campaign_snapshot,exact_loan_asset_group,0xfd086bc7cd5c481dcc9c85ebe478a1c0b69fcbb9,13,borrowed_assets,11061238873083,11061238.873083,USD₮0,0xfd086bc7cd5c481dcc9c85ebe478a1c0b69fcbb9
v1.0,2026-01-02T13:00:00Z,417126867,campaign_snapshot,exact_loan_asset_group,0xfd086bc7cd5c481dcc9c85ebe478a1c0b69fcbb9,13,supplied_assets,47719742360951,47719742.360951,USD₮0,0xfd086bc7cd5c481dcc9c85ebe478a1c0b69fcbb9
v1.0,2026-01-02T13:00:00Z,417126867,campaign_snapshot,fixed_program,45_markets,45,active_borrowers,777,777,wallets,
v1.0,2026-01-02T13:00:00Z,417126867,campaign_snapshot,fixed_program,45_markets,45,active_borrowers_shares_only,1412,1412,wallets,
v1.0,2026-01-02T13:00:00Z,417126867,campaign_snapshot,archetype_market,early_shared_usdc,1,borrowed_assets,10696601068,10696.601068,USDC,0xaf88d065e77c8cc2239327c5edb3a432268e5831
v1.0,2026-01-02T13:00:00Z,417126867,campaign_snapshot,archetype_market,early_shared_usdc,1,collateral_assets,6972077605633038645,6.972077605633,weETH,0x35751007a407ca6feffe80b3cb397736d2cf4dbe
v1.0,2026-01-02T13:00:00Z,417126867,campaign_snapshot,archetype_market,dedicated_syrupusdc,1,borrowed_assets,32803362049987,32803362.049987,USDC,0xaf88d065e77c8cc2239327c5edb3a432268e5831
v1.0,2026-01-02T13:00:00Z,417126867,campaign_snapshot,archetype_market,dedicated_syrupusdc,1,collateral_assets,32864198011152,32864198.011152,syrupUSDC,0x41ca7586cc1311807b4605fbb748a3b8862b42b5
v1.0,2026-01-02T13:00:00Z,417126867,campaign_snapshot,archetype_market,late_usdt0,1,borrowed_assets,340635684176,340635.684176,USD₮0,0xfd086bc7cd5c481dcc9c85ebe478a1c0b69fcbb9
v1.0,2026-01-02T13:00:00Z,417126867,campaign_snapshot,archetype_market,late_usdt0,1,collateral_assets,331738648570,331738.64857,syrupUSDC,0x41ca7586cc1311807b4605fbb748a3b8862b42b5
v1.0,2026-01-03T13:00:00Z,417472637,campaign_snapshot,exact_loan_asset_group,0xaf88d065e77c8cc2239327c5edb3a432268e5831,32,borrowed_assets,128354526801281,128354526.801281,USDC,0xaf88d065e77c8cc2239327c5edb3a432268e5831
v1.0,2026-01-03T13:00:00Z,417472637,campaign_snapshot,exact_loan_asset_group,0xaf88d065e77c8cc2239327c5edb3a432268e5831,32,supplied_assets,142285558837578,142285558.837578,USDC,0xaf88d065e77c8cc2239327c5edb3a432268e5831
v1.0,2026-01-03T13:00:00Z,417472637,campaign_snapshot,exact_loan_asset_group,0xfd086bc7cd5c481dcc9c85ebe478a1c0b69fcbb9,13,borrowed_assets,15435120189987,15435120.189987,USD₮0,0xfd086bc7cd5c481dcc9c85ebe478a1c0b69fcbb9
v1.0,2026-01-03T13:00:00Z,417472637,campaign_snapshot,exact_loan_asset_group,0xfd086bc7cd5c481dcc9c85ebe478a1c0b69fcbb9,13,supplied_assets,45180810759259,45180810.759259,USD₮0,0xfd086bc7cd5c481dcc9c85ebe478a1c0b69fcbb9
v1.0,2026-01-03T13:00:00Z,417472637,campaign_snapshot,fixed_program,45_markets,45,active_borrowers,789,789,wallets,
v1.0,2026-01-03T13:00:00Z,417472637,campaign_snapshot,fixed_program,45_markets,45,active_borrowers_shares_only,1425,1425,wallets,
v1.0,2026-01-03T13:00:00Z,417472637,campaign_snapshot,archetype_market,early_shared_usdc,1,borrowed_assets,10694164805,10694.164805,USDC,0xaf88d065e77c8cc2239327c5edb3a432268e5831
v1.0,2026-01-03T13:00:00Z,417472637,campaign_snapshot,archetype_market,early_shared_usdc,1,collateral_assets,7450815127591038644,7.450815127591,weETH,0x35751007a407ca6feffe80b3cb397736d2cf4dbe
v1.0,2026-01-03T13:00:00Z,417472637,campaign_snapshot,archetype_market,dedicated_syrupusdc,1,borrowed_assets,43224157672825,43224157.672825,USDC,0xaf88d065e77c8cc2239327c5edb3a432268e5831
v1.0,2026-01-03T13:00:00Z,417472637,campaign_snapshot,archetype_market,dedicated_syrupusdc,1,collateral_assets,43081348805742,43081348.805742,syrupUSDC,0x41ca7586cc1311807b4605fbb748a3b8862b42b5
v1.0,2026-01-03T13:00:00Z,417472637,campaign_snapshot,archetype_market,late_usdt0,1,borrowed_assets,340635684176,340635.684176,USD₮0,0xfd086bc7cd5c481dcc9c85ebe478a1c0b69fcbb9
v1.0,2026-01-03T13:00:00Z,417472637,campaign_snapshot,archetype_market,late_usdt0,1,collateral_assets,331738648570,331738.64857,syrupUSDC,0x41ca7586cc1311807b4605fbb748a3b8862b42b5
v1.0,2026-01-04T13:00:00Z,417818344,campaign_snapshot,exact_loan_asset_group,0xaf88d065e77c8cc2239327c5edb3a432268e5831,32,borrowed_assets,129240550379980,129240550.37998,USDC,0xaf88d065e77c8cc2239327c5edb3a432268e5831
v1.0,2026-01-04T13:00:00Z,417818344,campaign_snapshot,exact_loan_asset_group,0xaf88d065e77c8cc2239327c5edb3a432268e5831,32,supplied_assets,143104858262927,143104858.262927,USDC,0xaf88d065e77c8cc2239327c5edb3a432268e5831
v1.0,2026-01-04T13:00:00Z,417818344,campaign_snapshot,exact_loan_asset_group,0xfd086bc7cd5c481dcc9c85ebe478a1c0b69fcbb9,13,borrowed_assets,20497944050749,20497944.050749,USD₮0,0xfd086bc7cd5c481dcc9c85ebe478a1c0b69fcbb9
v1.0,2026-01-04T13:00:00Z,417818344,campaign_snapshot,exact_loan_asset_group,0xfd086bc7cd5c481dcc9c85ebe478a1c0b69fcbb9,13,supplied_assets,49275959154037,49275959.154037,USD₮0,0xfd086bc7cd5c481dcc9c85ebe478a1c0b69fcbb9
v1.0,2026-01-04T13:00:00Z,417818344,campaign_snapshot,fixed_program,45_markets,45,active_borrowers,794,794,wallets,
v1.0,2026-01-04T13:00:00Z,417818344,campaign_snapshot,fixed_program,45_markets,45,active_borrowers_shares_only,1429,1429,wallets,
v1.0,2026-01-04T13:00:00Z,417818344,campaign_snapshot,archetype_market,early_shared_usdc,1,borrowed_assets,693520585,693.520585,USDC,0xaf88d065e77c8cc2239327c5edb3a432268e5831
v1.0,2026-01-04T13:00:00Z,417818344,campaign_snapshot,archetype_market,early_shared_usdc,1,collateral_assets,472077605633038645,0.472077605633,weETH,0x35751007a407ca6feffe80b3cb397736d2cf4dbe
v1.0,2026-01-04T13:00:00Z,417818344,campaign_snapshot,archetype_market,dedicated_syrupusdc,1,borrowed_assets,43478476753895,43478476.753895,USDC,0xaf88d065e77c8cc2239327c5edb3a432268e5831
v1.0,2026-01-04T13:00:00Z,417818344,campaign_snapshot,archetype_market,dedicated_syrupusdc,1,collateral_assets,43392885922679,43392885.922679,syrupUSDC,0x41ca7586cc1311807b4605fbb748a3b8862b42b5
v1.0,2026-01-04T13:00:00Z,417818344,campaign_snapshot,archetype_market,late_usdt0,1,borrowed_assets,340719762580,340719.76258,USD₮0,0xfd086bc7cd5c481dcc9c85ebe478a1c0b69fcbb9
v1.0,2026-01-04T13:00:00Z,417818344,campaign_snapshot,archetype_market,late_usdt0,1,collateral_assets,331802282582,331802.282582,syrupUSDC,0x41ca7586cc1311807b4605fbb748a3b8862b42b5
v1.0,2026-01-05T13:00:00Z,418164117,campaign_snapshot,exact_loan_asset_group,0xaf88d065e77c8cc2239327c5edb3a432268e5831,32,borrowed_assets,131344132673859,131344132.673859,USDC,0xaf88d065e77c8cc2239327c5edb3a432268e5831
v1.0,2026-01-05T13:00:00Z,418164117,campaign_snapshot,exact_loan_asset_group,0xaf88d065e77c8cc2239327c5edb3a432268e5831,32,supplied_assets,150319796671999,150319796.671999,USDC,0xaf88d065e77c8cc2239327c5edb3a432268e5831
v1.0,2026-01-05T13:00:00Z,418164117,campaign_snapshot,exact_loan_asset_group,0xfd086bc7cd5c481dcc9c85ebe478a1c0b69fcbb9,13,borrowed_assets,21371841590594,21371841.590594,USD₮0,0xfd086bc7cd5c481dcc9c85ebe478a1c0b69fcbb9
v1.0,2026-01-05T13:00:00Z,418164117,campaign_snapshot,exact_loan_asset_group,0xfd086bc7cd5c481dcc9c85ebe478a1c0b69fcbb9,13,supplied_assets,50137665483799,50137665.483799,USD₮0,0xfd086bc7cd5c481dcc9c85ebe478a1c0b69fcbb9
v1.0,2026-01-05T13:00:00Z,418164117,campaign_snapshot,fixed_program,45_markets,45,active_borrowers,802,802,wallets,
v1.0,2026-01-05T13:00:00Z,418164117,campaign_snapshot,fixed_program,45_markets,45,active_borrowers_shares_only,1437,1437,wallets,
v1.0,2026-01-05T13:00:00Z,418164117,campaign_snapshot,archetype_market,early_shared_usdc,1,borrowed_assets,693597132,693.597132,USDC,0xaf88d065e77c8cc2239327c5edb3a432268e5831
v1.0,2026-01-05T13:00:00Z,418164117,campaign_snapshot,archetype_market,early_shared_usdc,1,collateral_assets,472077605633038645,0.472077605633,weETH,0x35751007a407ca6feffe80b3cb397736d2cf4dbe
v1.0,2026-01-05T13:00:00Z,418164117,campaign_snapshot,archetype_market,dedicated_syrupusdc,1,borrowed_assets,44897018715252,44897018.715252,USDC,0xaf88d065e77c8cc2239327c5edb3a432268e5831
v1.0,2026-01-05T13:00:00Z,418164117,campaign_snapshot,archetype_market,dedicated_syrupusdc,1,collateral_assets,44777704330688,44777704.330688,syrupUSDC,0x41ca7586cc1311807b4605fbb748a3b8862b42b5
v1.0,2026-01-05T13:00:00Z,418164117,campaign_snapshot,archetype_market,late_usdt0,1,borrowed_assets,1079270226084,1079270.226084,USD₮0,0xfd086bc7cd5c481dcc9c85ebe478a1c0b69fcbb9
v1.0,2026-01-05T13:00:00Z,418164117,campaign_snapshot,archetype_market,late_usdt0,1,collateral_assets,1064843821172,1064843.821172,syrupUSDC,0x41ca7586cc1311807b4605fbb748a3b8862b42b5
v1.0,2026-01-06T13:00:00Z,418510315,campaign_snapshot,exact_loan_asset_group,0xaf88d065e77c8cc2239327c5edb3a432268e5831,32,borrowed_assets,128103148362892,128103148.362892,USDC,0xaf88d065e77c8cc2239327c5edb3a432268e5831
v1.0,2026-01-06T13:00:00Z,418510315,campaign_snapshot,exact_loan_asset_group,0xaf88d065e77c8cc2239327c5edb3a432268e5831,32,supplied_assets,147491947195531,147491947.195531,USDC,0xaf88d065e77c8cc2239327c5edb3a432268e5831
v1.0,2026-01-06T13:00:00Z,418510315,campaign_snapshot,exact_loan_asset_group,0xfd086bc7cd5c481dcc9c85ebe478a1c0b69fcbb9,13,borrowed_assets,26621415688871,26621415.688871,USD₮0,0xfd086bc7cd5c481dcc9c85ebe478a1c0b69fcbb9
v1.0,2026-01-06T13:00:00Z,418510315,campaign_snapshot,exact_loan_asset_group,0xfd086bc7cd5c481dcc9c85ebe478a1c0b69fcbb9,13,supplied_assets,50110255375675,50110255.375675,USD₮0,0xfd086bc7cd5c481dcc9c85ebe478a1c0b69fcbb9
v1.0,2026-01-06T13:00:00Z,418510315,campaign_snapshot,fixed_program,45_markets,45,active_borrowers,812,812,wallets,
v1.0,2026-01-06T13:00:00Z,418510315,campaign_snapshot,fixed_program,45_markets,45,active_borrowers_shares_only,1447,1447,wallets,
v1.0,2026-01-06T13:00:00Z,418510315,campaign_snapshot,archetype_market,early_shared_usdc,1,borrowed_assets,693673524,693.673524,USDC,0xaf88d065e77c8cc2239327c5edb3a432268e5831
v1.0,2026-01-06T13:00:00Z,418510315,campaign_snapshot,archetype_market,early_shared_usdc,1,collateral_assets,472077605633038645,0.472077605633,weETH,0x35751007a407ca6feffe80b3cb397736d2cf4dbe
v1.0,2026-01-06T13:00:00Z,418510315,campaign_snapshot,archetype_market,dedicated_syrupusdc,1,borrowed_assets,44972254735691,44972254.735691,USDC,0xaf88d065e77c8cc2239327c5edb3a432268e5831
v1.0,2026-01-06T13:00:00Z,418510315,campaign_snapshot,archetype_market,dedicated_syrupusdc,1,collateral_assets,44860706819072,44860706.819072,syrupUSDC,0x41ca7586cc1311807b4605fbb748a3b8862b42b5
v1.0,2026-01-06T13:00:00Z,418510315,campaign_snapshot,archetype_market,late_usdt0,1,borrowed_assets,2857366385160,2857366.38516,USD₮0,0xfd086bc7cd5c481dcc9c85ebe478a1c0b69fcbb9
v1.0,2026-01-06T13:00:00Z,418510315,campaign_snapshot,archetype_market,late_usdt0,1,collateral_assets,3001115587460,3001115.58746,syrupUSDC,0x41ca7586cc1311807b4605fbb748a3b8862b42b5
v1.0,2026-01-07T13:00:00Z,418856475,campaign_snapshot,exact_loan_asset_group,0xaf88d065e77c8cc2239327c5edb3a432268e5831,32,borrowed_assets,131072237193426,131072237.193426,USDC,0xaf88d065e77c8cc2239327c5edb3a432268e5831
v1.0,2026-01-07T13:00:00Z,418856475,campaign_snapshot,exact_loan_asset_group,0xaf88d065e77c8cc2239327c5edb3a432268e5831,32,supplied_assets,154469225212107,154469225.212107,USDC,0xaf88d065e77c8cc2239327c5edb3a432268e5831
v1.0,2026-01-07T13:00:00Z,418856475,campaign_snapshot,exact_loan_asset_group,0xfd086bc7cd5c481dcc9c85ebe478a1c0b69fcbb9,13,borrowed_assets,32539011332652,32539011.332652,USD₮0,0xfd086bc7cd5c481dcc9c85ebe478a1c0b69fcbb9
v1.0,2026-01-07T13:00:00Z,418856475,campaign_snapshot,exact_loan_asset_group,0xfd086bc7cd5c481dcc9c85ebe478a1c0b69fcbb9,13,supplied_assets,49104581585626,49104581.585626,USD₮0,0xfd086bc7cd5c481dcc9c85ebe478a1c0b69fcbb9
v1.0,2026-01-07T13:00:00Z,418856475,campaign_snapshot,fixed_program,45_markets,45,active_borrowers,820,820,wallets,
v1.0,2026-01-07T13:00:00Z,418856475,campaign_snapshot,fixed_program,45_markets,45,active_borrowers_shares_only,1456,1456,wallets,
v1.0,2026-01-07T13:00:00Z,418856475,campaign_snapshot,archetype_market,early_shared_usdc,1,borrowed_assets,693744039,693.744039,USDC,0xaf88d065e77c8cc2239327c5edb3a432268e5831
v1.0,2026-01-07T13:00:00Z,418856475,campaign_snapshot,archetype_market,early_shared_usdc,1,collateral_assets,472077605633038645,0.472077605633,weETH,0x35751007a407ca6feffe80b3cb397736d2cf4dbe
v1.0,2026-01-07T13:00:00Z,418856475,campaign_snapshot,archetype_market,dedicated_syrupusdc,1,borrowed_assets,45986468060212,45986468.060212,USDC,0xaf88d065e77c8cc2239327c5edb3a432268e5831
v1.0,2026-01-07T13:00:00Z,418856475,campaign_snapshot,archetype_market,dedicated_syrupusdc,1,collateral_assets,45949428350621,45949428.350621,syrupUSDC,0x41ca7586cc1311807b4605fbb748a3b8862b42b5
v1.0,2026-01-07T13:00:00Z,418856475,campaign_snapshot,archetype_market,late_usdt0,1,borrowed_assets,4714334427523,4714334.427523,USD₮0,0xfd086bc7cd5c481dcc9c85ebe478a1c0b69fcbb9
v1.0,2026-01-07T13:00:00Z,418856475,campaign_snapshot,archetype_market,late_usdt0,1,collateral_assets,5037762171551,5037762.171551,syrupUSDC,0x41ca7586cc1311807b4605fbb748a3b8862b42b5
v1.0,2026-01-08T13:00:00Z,419202891,campaign_snapshot,exact_loan_asset_group,0xaf88d065e77c8cc2239327c5edb3a432268e5831,32,borrowed_assets,135819246179579,135819246.179579,USDC,0xaf88d065e77c8cc2239327c5edb3a432268e5831
v1.0,2026-01-08T13:00:00Z,419202891,campaign_snapshot,exact_loan_asset_group,0xaf88d065e77c8cc2239327c5edb3a432268e5831,32,supplied_assets,151125247901400,151125247.9014,USDC,0xaf88d065e77c8cc2239327c5edb3a432268e5831
v1.0,2026-01-08T13:00:00Z,419202891,campaign_snapshot,exact_loan_asset_group,0xfd086bc7cd5c481dcc9c85ebe478a1c0b69fcbb9,13,borrowed_assets,40305321503373,40305321.503373,USD₮0,0xfd086bc7cd5c481dcc9c85ebe478a1c0b69fcbb9
v1.0,2026-01-08T13:00:00Z,419202891,campaign_snapshot,exact_loan_asset_group,0xfd086bc7cd5c481dcc9c85ebe478a1c0b69fcbb9,13,supplied_assets,50878753096553,50878753.096553,USD₮0,0xfd086bc7cd5c481dcc9c85ebe478a1c0b69fcbb9
v1.0,2026-01-08T13:00:00Z,419202891,campaign_snapshot,fixed_program,45_markets,45,active_borrowers,832,832,wallets,
v1.0,2026-01-08T13:00:00Z,419202891,campaign_snapshot,fixed_program,45_markets,45,active_borrowers_shares_only,1468,1468,wallets,
v1.0,2026-01-08T13:00:00Z,419202891,campaign_snapshot,archetype_market,early_shared_usdc,1,borrowed_assets,693813065,693.813065,USDC,0xaf88d065e77c8cc2239327c5edb3a432268e5831
v1.0,2026-01-08T13:00:00Z,419202891,campaign_snapshot,archetype_market,early_shared_usdc,1,collateral_assets,472077605633038645,0.472077605633,weETH,0x35751007a407ca6feffe80b3cb397736d2cf4dbe
v1.0,2026-01-08T13:00:00Z,419202891,campaign_snapshot,archetype_market,dedicated_syrupusdc,1,borrowed_assets,50900061765260,50900061.76526,USDC,0xaf88d065e77c8cc2239327c5edb3a432268e5831
v1.0,2026-01-08T13:00:00Z,419202891,campaign_snapshot,archetype_market,dedicated_syrupusdc,1,collateral_assets,50799839050621,50799839.050621,syrupUSDC,0x41ca7586cc1311807b4605fbb748a3b8862b42b5
v1.0,2026-01-08T13:00:00Z,419202891,campaign_snapshot,archetype_market,late_usdt0,1,borrowed_assets,11762678024445,11762678.024445,USD₮0,0xfd086bc7cd5c481dcc9c85ebe478a1c0b69fcbb9
v1.0,2026-01-08T13:00:00Z,419202891,campaign_snapshot,archetype_market,late_usdt0,1,collateral_assets,12094684473928,12094684.473928,syrupUSDC,0x41ca7586cc1311807b4605fbb748a3b8862b42b5
v1.0,2026-01-09T13:00:00Z,419548913,campaign_snapshot,exact_loan_asset_group,0xaf88d065e77c8cc2239327c5edb3a432268e5831,32,borrowed_assets,135100184957413,135100184.957413,USDC,0xaf88d065e77c8cc2239327c5edb3a432268e5831
v1.0,2026-01-09T13:00:00Z,419548913,campaign_snapshot,exact_loan_asset_group,0xaf88d065e77c8cc2239327c5edb3a432268e5831,32,supplied_assets,150468020361641,150468020.361641,USDC,0xaf88d065e77c8cc2239327c5edb3a432268e5831
v1.0,2026-01-09T13:00:00Z,419548913,campaign_snapshot,exact_loan_asset_group,0xfd086bc7cd5c481dcc9c85ebe478a1c0b69fcbb9,13,borrowed_assets,45241061188812,45241061.188812,USD₮0,0xfd086bc7cd5c481dcc9c85ebe478a1c0b69fcbb9
v1.0,2026-01-09T13:00:00Z,419548913,campaign_snapshot,exact_loan_asset_group,0xfd086bc7cd5c481dcc9c85ebe478a1c0b69fcbb9,13,supplied_assets,52064825644973,52064825.644973,USD₮0,0xfd086bc7cd5c481dcc9c85ebe478a1c0b69fcbb9
v1.0,2026-01-09T13:00:00Z,419548913,campaign_snapshot,fixed_program,45_markets,45,active_borrowers,844,844,wallets,
v1.0,2026-01-09T13:00:00Z,419548913,campaign_snapshot,fixed_program,45_markets,45,active_borrowers_shares_only,1480,1480,wallets,
v1.0,2026-01-09T13:00:00Z,419548913,campaign_snapshot,archetype_market,early_shared_usdc,1,borrowed_assets,693886186,693.886186,USDC,0xaf88d065e77c8cc2239327c5edb3a432268e5831
v1.0,2026-01-09T13:00:00Z,419548913,campaign_snapshot,archetype_market,early_shared_usdc,1,collateral_assets,472077605633038645,0.472077605633,weETH,0x35751007a407ca6feffe80b3cb397736d2cf4dbe
v1.0,2026-01-09T13:00:00Z,419548913,campaign_snapshot,archetype_market,dedicated_syrupusdc,1,borrowed_assets,49547079187218,49547079.187218,USDC,0xaf88d065e77c8cc2239327c5edb3a432268e5831
v1.0,2026-01-09T13:00:00Z,419548913,campaign_snapshot,archetype_market,dedicated_syrupusdc,1,collateral_assets,49277461886685,49277461.886685,syrupUSDC,0x41ca7586cc1311807b4605fbb748a3b8862b42b5
v1.0,2026-01-09T13:00:00Z,419548913,campaign_snapshot,archetype_market,late_usdt0,1,borrowed_assets,15940560281363,15940560.281363,USD₮0,0xfd086bc7cd5c481dcc9c85ebe478a1c0b69fcbb9
v1.0,2026-01-09T13:00:00Z,419548913,campaign_snapshot,archetype_market,late_usdt0,1,collateral_assets,16444070892376,16444070.892376,syrupUSDC,0x41ca7586cc1311807b4605fbb748a3b8862b42b5
v1.0,2026-01-10T13:00:00Z,419894419,campaign_snapshot,exact_loan_asset_group,0xaf88d065e77c8cc2239327c5edb3a432268e5831,32,borrowed_assets,135473950832772,135473950.832772,USDC,0xaf88d065e77c8cc2239327c5edb3a432268e5831
v1.0,2026-01-10T13:00:00Z,419894419,campaign_snapshot,exact_loan_asset_group,0xaf88d065e77c8cc2239327c5edb3a432268e5831,32,supplied_assets,152626833306975,152626833.306975,USDC,0xaf88d065e77c8cc2239327c5edb3a432268e5831
v1.0,2026-01-10T13:00:00Z,419894419,campaign_snapshot,exact_loan_asset_group,0xfd086bc7cd5c481dcc9c85ebe478a1c0b69fcbb9,13,borrowed_assets,48505221948180,48505221.94818,USD₮0,0xfd086bc7cd5c481dcc9c85ebe478a1c0b69fcbb9
v1.0,2026-01-10T13:00:00Z,419894419,campaign_snapshot,exact_loan_asset_group,0xfd086bc7cd5c481dcc9c85ebe478a1c0b69fcbb9,13,supplied_assets,54577840997633,54577840.997633,USD₮0,0xfd086bc7cd5c481dcc9c85ebe478a1c0b69fcbb9
v1.0,2026-01-10T13:00:00Z,419894419,campaign_snapshot,fixed_program,45_markets,45,active_borrowers,850,850,wallets,
v1.0,2026-01-10T13:00:00Z,419894419,campaign_snapshot,fixed_program,45_markets,45,active_borrowers_shares_only,1486,1486,wallets,
v1.0,2026-01-10T13:00:00Z,419894419,campaign_snapshot,archetype_market,early_shared_usdc,1,borrowed_assets,693953390,693.95339,USDC,0xaf88d065e77c8cc2239327c5edb3a432268e5831
v1.0,2026-01-10T13:00:00Z,419894419,campaign_snapshot,archetype_market,early_shared_usdc,1,collateral_assets,472077605633038645,0.472077605633,weETH,0x35751007a407ca6feffe80b3cb397736d2cf4dbe
v1.0,2026-01-10T13:00:00Z,419894419,campaign_snapshot,archetype_market,dedicated_syrupusdc,1,borrowed_assets,50342241699016,50342241.699016,USDC,0xaf88d065e77c8cc2239327c5edb3a432268e5831
v1.0,2026-01-10T13:00:00Z,419894419,campaign_snapshot,archetype_market,dedicated_syrupusdc,1,collateral_assets,50080276312284,50080276.312284,syrupUSDC,0x41ca7586cc1311807b4605fbb748a3b8862b42b5
v1.0,2026-01-10T13:00:00Z,419894419,campaign_snapshot,archetype_market,late_usdt0,1,borrowed_assets,17690615341167,17690615.341167,USD₮0,0xfd086bc7cd5c481dcc9c85ebe478a1c0b69fcbb9
v1.0,2026-01-10T13:00:00Z,419894419,campaign_snapshot,archetype_market,late_usdt0,1,collateral_assets,18355780536037,18355780.536037,syrupUSDC,0x41ca7586cc1311807b4605fbb748a3b8862b42b5
v1.0,2026-01-11T13:00:00Z,420239011,campaign_snapshot,exact_loan_asset_group,0xaf88d065e77c8cc2239327c5edb3a432268e5831,32,borrowed_assets,136011501680584,136011501.680584,USDC,0xaf88d065e77c8cc2239327c5edb3a432268e5831
v1.0,2026-01-11T13:00:00Z,420239011,campaign_snapshot,exact_loan_asset_group,0xaf88d065e77c8cc2239327c5edb3a432268e5831,32,supplied_assets,152262117554410,152262117.55441,USDC,0xaf88d065e77c8cc2239327c5edb3a432268e5831
v1.0,2026-01-11T13:00:00Z,420239011,campaign_snapshot,exact_loan_asset_group,0xfd086bc7cd5c481dcc9c85ebe478a1c0b69fcbb9,13,borrowed_assets,50472761612226,50472761.612226,USD₮0,0xfd086bc7cd5c481dcc9c85ebe478a1c0b69fcbb9
v1.0,2026-01-11T13:00:00Z,420239011,campaign_snapshot,exact_loan_asset_group,0xfd086bc7cd5c481dcc9c85ebe478a1c0b69fcbb9,13,supplied_assets,59005449999556,59005449.999556,USD₮0,0xfd086bc7cd5c481dcc9c85ebe478a1c0b69fcbb9
v1.0,2026-01-11T13:00:00Z,420239011,campaign_snapshot,fixed_program,45_markets,45,active_borrowers,858,858,wallets,
v1.0,2026-01-11T13:00:00Z,420239011,campaign_snapshot,fixed_program,45_markets,45,active_borrowers_shares_only,1495,1495,wallets,
v1.0,2026-01-11T13:00:00Z,420239011,campaign_snapshot,archetype_market,early_shared_usdc,1,borrowed_assets,694005279,694.005279,USDC,0xaf88d065e77c8cc2239327c5edb3a432268e5831
v1.0,2026-01-11T13:00:00Z,420239011,campaign_snapshot,archetype_market,early_shared_usdc,1,collateral_assets,472077605633038645,0.472077605633,weETH,0x35751007a407ca6feffe80b3cb397736d2cf4dbe
v1.0,2026-01-11T13:00:00Z,420239011,campaign_snapshot,archetype_market,dedicated_syrupusdc,1,borrowed_assets,50347363973308,50347363.973308,USDC,0xaf88d065e77c8cc2239327c5edb3a432268e5831
v1.0,2026-01-11T13:00:00Z,420239011,campaign_snapshot,archetype_market,dedicated_syrupusdc,1,collateral_assets,50076297560406,50076297.560406,syrupUSDC,0x41ca7586cc1311807b4605fbb748a3b8862b42b5
v1.0,2026-01-11T13:00:00Z,420239011,campaign_snapshot,archetype_market,late_usdt0,1,borrowed_assets,18360623799696,18360623.799696,USD₮0,0xfd086bc7cd5c481dcc9c85ebe478a1c0b69fcbb9
v1.0,2026-01-11T13:00:00Z,420239011,campaign_snapshot,archetype_market,late_usdt0,1,collateral_assets,19027689521078,19027689.521078,syrupUSDC,0x41ca7586cc1311807b4605fbb748a3b8862b42b5
v1.0,2026-01-12T13:00:00Z,420584731,campaign_snapshot,exact_loan_asset_group,0xaf88d065e77c8cc2239327c5edb3a432268e5831,32,borrowed_assets,137955051227586,137955051.227586,USDC,0xaf88d065e77c8cc2239327c5edb3a432268e5831
v1.0,2026-01-12T13:00:00Z,420584731,campaign_snapshot,exact_loan_asset_group,0xaf88d065e77c8cc2239327c5edb3a432268e5831,32,supplied_assets,158146283287923,158146283.287923,USDC,0xaf88d065e77c8cc2239327c5edb3a432268e5831
v1.0,2026-01-12T13:00:00Z,420584731,campaign_snapshot,exact_loan_asset_group,0xfd086bc7cd5c481dcc9c85ebe478a1c0b69fcbb9,13,borrowed_assets,50730084386063,50730084.386063,USD₮0,0xfd086bc7cd5c481dcc9c85ebe478a1c0b69fcbb9
v1.0,2026-01-12T13:00:00Z,420584731,campaign_snapshot,exact_loan_asset_group,0xfd086bc7cd5c481dcc9c85ebe478a1c0b69fcbb9,13,supplied_assets,62062562165181,62062562.165181,USD₮0,0xfd086bc7cd5c481dcc9c85ebe478a1c0b69fcbb9
v1.0,2026-01-12T13:00:00Z,420584731,campaign_snapshot,fixed_program,45_markets,45,active_borrowers,863,863,wallets,
v1.0,2026-01-12T13:00:00Z,420584731,campaign_snapshot,fixed_program,45_markets,45,active_borrowers_shares_only,1499,1499,wallets,
v1.0,2026-01-12T13:00:00Z,420584731,campaign_snapshot,archetype_market,early_shared_usdc,1,borrowed_assets,694053157,694.053157,USDC,0xaf88d065e77c8cc2239327c5edb3a432268e5831
v1.0,2026-01-12T13:00:00Z,420584731,campaign_snapshot,archetype_market,early_shared_usdc,1,collateral_assets,538660146404921764,0.538660146405,weETH,0x35751007a407ca6feffe80b3cb397736d2cf4dbe
v1.0,2026-01-12T13:00:00Z,420584731,campaign_snapshot,archetype_market,dedicated_syrupusdc,1,borrowed_assets,51234062759138,51234062.759138,USDC,0xaf88d065e77c8cc2239327c5edb3a432268e5831
v1.0,2026-01-12T13:00:00Z,420584731,campaign_snapshot,archetype_market,dedicated_syrupusdc,1,collateral_assets,50949163690126,50949163.690126,syrupUSDC,0x41ca7586cc1311807b4605fbb748a3b8862b42b5
v1.0,2026-01-12T13:00:00Z,420584731,campaign_snapshot,archetype_market,late_usdt0,1,borrowed_assets,18109306611995,18109306.611995,USD₮0,0xfd086bc7cd5c481dcc9c85ebe478a1c0b69fcbb9
v1.0,2026-01-12T13:00:00Z,420584731,campaign_snapshot,archetype_market,late_usdt0,1,collateral_assets,18782778252686,18782778.252686,syrupUSDC,0x41ca7586cc1311807b4605fbb748a3b8862b42b5
v1.0,2026-01-13T13:00:00Z,420930391,campaign_snapshot,exact_loan_asset_group,0xaf88d065e77c8cc2239327c5edb3a432268e5831,32,borrowed_assets,143447980909945,143447980.909945,USDC,0xaf88d065e77c8cc2239327c5edb3a432268e5831
v1.0,2026-01-13T13:00:00Z,420930391,campaign_snapshot,exact_loan_asset_group,0xaf88d065e77c8cc2239327c5edb3a432268e5831,32,supplied_assets,162972822508381,162972822.508381,USDC,0xaf88d065e77c8cc2239327c5edb3a432268e5831
v1.0,2026-01-13T13:00:00Z,420930391,campaign_snapshot,exact_loan_asset_group,0xfd086bc7cd5c481dcc9c85ebe478a1c0b69fcbb9,13,borrowed_assets,54559092976489,54559092.976489,USD₮0,0xfd086bc7cd5c481dcc9c85ebe478a1c0b69fcbb9
v1.0,2026-01-13T13:00:00Z,420930391,campaign_snapshot,exact_loan_asset_group,0xfd086bc7cd5c481dcc9c85ebe478a1c0b69fcbb9,13,supplied_assets,61188822544721,61188822.544721,USD₮0,0xfd086bc7cd5c481dcc9c85ebe478a1c0b69fcbb9
v1.0,2026-01-13T13:00:00Z,420930391,campaign_snapshot,fixed_program,45_markets,45,active_borrowers,867,867,wallets,
v1.0,2026-01-13T13:00:00Z,420930391,campaign_snapshot,fixed_program,45_markets,45,active_borrowers_shares_only,1504,1504,wallets,
v1.0,2026-01-13T13:00:00Z,420930391,campaign_snapshot,archetype_market,early_shared_usdc,1,borrowed_assets,694094425,694.094425,USDC,0xaf88d065e77c8cc2239327c5edb3a432268e5831
v1.0,2026-01-13T13:00:00Z,420930391,campaign_snapshot,archetype_market,early_shared_usdc,1,collateral_assets,538660146404921764,0.538660146405,weETH,0x35751007a407ca6feffe80b3cb397736d2cf4dbe
v1.0,2026-01-13T13:00:00Z,420930391,campaign_snapshot,archetype_market,dedicated_syrupusdc,1,borrowed_assets,55312409369237,55312409.369237,USDC,0xaf88d065e77c8cc2239327c5edb3a432268e5831
v1.0,2026-01-13T13:00:00Z,420930391,campaign_snapshot,archetype_market,dedicated_syrupusdc,1,collateral_assets,54747133350811,54747133.350811,syrupUSDC,0x41ca7586cc1311807b4605fbb748a3b8862b42b5
v1.0,2026-01-13T13:00:00Z,420930391,campaign_snapshot,archetype_market,late_usdt0,1,borrowed_assets,19549795331254,19549795.331254,USD₮0,0xfd086bc7cd5c481dcc9c85ebe478a1c0b69fcbb9
v1.0,2026-01-13T13:00:00Z,420930391,campaign_snapshot,archetype_market,late_usdt0,1,collateral_assets,20165788273825,20165788.273825,syrupUSDC,0x41ca7586cc1311807b4605fbb748a3b8862b42b5
v1.0,2026-01-14T13:00:00Z,421276237,campaign_snapshot,exact_loan_asset_group,0xaf88d065e77c8cc2239327c5edb3a432268e5831,32,borrowed_assets,147867957355373,147867957.355373,USDC,0xaf88d065e77c8cc2239327c5edb3a432268e5831
v1.0,2026-01-14T13:00:00Z,421276237,campaign_snapshot,exact_loan_asset_group,0xaf88d065e77c8cc2239327c5edb3a432268e5831,32,supplied_assets,168232202469943,168232202.469943,USDC,0xaf88d065e77c8cc2239327c5edb3a432268e5831
v1.0,2026-01-14T13:00:00Z,421276237,campaign_snapshot,exact_loan_asset_group,0xfd086bc7cd5c481dcc9c85ebe478a1c0b69fcbb9,13,borrowed_assets,56349980013690,56349980.01369,USD₮0,0xfd086bc7cd5c481dcc9c85ebe478a1c0b69fcbb9
v1.0,2026-01-14T13:00:00Z,421276237,campaign_snapshot,exact_loan_asset_group,0xfd086bc7cd5c481dcc9c85ebe478a1c0b69fcbb9,13,supplied_assets,62400280554938,62400280.554938,USD₮0,0xfd086bc7cd5c481dcc9c85ebe478a1c0b69fcbb9
v1.0,2026-01-14T13:00:00Z,421276237,campaign_snapshot,fixed_program,45_markets,45,active_borrowers,876,876,wallets,
v1.0,2026-01-14T13:00:00Z,421276237,campaign_snapshot,fixed_program,45_markets,45,active_borrowers_shares_only,1512,1512,wallets,
v1.0,2026-01-14T13:00:00Z,421276237,campaign_snapshot,archetype_market,early_shared_usdc,1,borrowed_assets,694160041,694.160041,USDC,0xaf88d065e77c8cc2239327c5edb3a432268e5831
v1.0,2026-01-14T13:00:00Z,421276237,campaign_snapshot,archetype_market,early_shared_usdc,1,collateral_assets,538660146404921764,0.538660146405,weETH,0x35751007a407ca6feffe80b3cb397736d2cf4dbe
v1.0,2026-01-14T13:00:00Z,421276237,campaign_snapshot,archetype_market,dedicated_syrupusdc,1,borrowed_assets,58552606201800,58552606.2018,USDC,0xaf88d065e77c8cc2239327c5edb3a432268e5831
v1.0,2026-01-14T13:00:00Z,421276237,campaign_snapshot,archetype_market,dedicated_syrupusdc,1,collateral_assets,57695039675223,57695039.675223,syrupUSDC,0x41ca7586cc1311807b4605fbb748a3b8862b42b5
v1.0,2026-01-14T13:00:00Z,421276237,campaign_snapshot,archetype_market,late_usdt0,1,borrowed_assets,20624860701714,20624860.701714,USD₮0,0xfd086bc7cd5c481dcc9c85ebe478a1c0b69fcbb9
v1.0,2026-01-14T13:00:00Z,421276237,campaign_snapshot,archetype_market,late_usdt0,1,collateral_assets,21187065918412,21187065.918412,syrupUSDC,0x41ca7586cc1311807b4605fbb748a3b8862b42b5
v1.0,2026-01-15T13:00:00Z,421622145,campaign_snapshot,exact_loan_asset_group,0xaf88d065e77c8cc2239327c5edb3a432268e5831,32,borrowed_assets,144690580292597,144690580.292597,USDC,0xaf88d065e77c8cc2239327c5edb3a432268e5831
v1.0,2026-01-15T13:00:00Z,421622145,campaign_snapshot,exact_loan_asset_group,0xaf88d065e77c8cc2239327c5edb3a432268e5831,32,supplied_assets,161195780613883,161195780.613883,USDC,0xaf88d065e77c8cc2239327c5edb3a432268e5831
v1.0,2026-01-15T13:00:00Z,421622145,campaign_snapshot,exact_loan_asset_group,0xfd086bc7cd5c481dcc9c85ebe478a1c0b69fcbb9,13,borrowed_assets,58207533785571,58207533.785571,USD₮0,0xfd086bc7cd5c481dcc9c85ebe478a1c0b69fcbb9
v1.0,2026-01-15T13:00:00Z,421622145,campaign_snapshot,exact_loan_asset_group,0xfd086bc7cd5c481dcc9c85ebe478a1c0b69fcbb9,13,supplied_assets,62623997266301,62623997.266301,USD₮0,0xfd086bc7cd5c481dcc9c85ebe478a1c0b69fcbb9
v1.0,2026-01-15T13:00:00Z,421622145,campaign_snapshot,fixed_program,45_markets,45,active_borrowers,875,875,wallets,
v1.0,2026-01-15T13:00:00Z,421622145,campaign_snapshot,fixed_program,45_markets,45,active_borrowers_shares_only,1510,1510,wallets,
v1.0,2026-01-15T13:00:00Z,421622145,campaign_snapshot,archetype_market,early_shared_usdc,1,borrowed_assets,694232385,694.232385,USDC,0xaf88d065e77c8cc2239327c5edb3a432268e5831
v1.0,2026-01-15T13:00:00Z,421622145,campaign_snapshot,archetype_market,early_shared_usdc,1,collateral_assets,538660146404921764,0.538660146405,weETH,0x35751007a407ca6feffe80b3cb397736d2cf4dbe
v1.0,2026-01-15T13:00:00Z,421622145,campaign_snapshot,archetype_market,dedicated_syrupusdc,1,borrowed_assets,58559807166989,58559807.166989,USDC,0xaf88d065e77c8cc2239327c5edb3a432268e5831
v1.0,2026-01-15T13:00:00Z,421622145,campaign_snapshot,archetype_market,dedicated_syrupusdc,1,collateral_assets,57695039675223,57695039.675223,syrupUSDC,0x41ca7586cc1311807b4605fbb748a3b8862b42b5
v1.0,2026-01-15T13:00:00Z,421622145,campaign_snapshot,archetype_market,late_usdt0,1,borrowed_assets,19660754483394,19660754.483394,USD₮0,0xfd086bc7cd5c481dcc9c85ebe478a1c0b69fcbb9
v1.0,2026-01-15T13:00:00Z,421622145,campaign_snapshot,archetype_market,late_usdt0,1,collateral_assets,20332426872265,20332426.872265,syrupUSDC,0x41ca7586cc1311807b4605fbb748a3b8862b42b5
v1.0,2026-01-16T13:00:00Z,421967626,campaign_snapshot,exact_loan_asset_group,0xaf88d065e77c8cc2239327c5edb3a432268e5831,32,borrowed_assets,143728166821834,143728166.821834,USDC,0xaf88d065e77c8cc2239327c5edb3a432268e5831
v1.0,2026-01-16T13:00:00Z,421967626,campaign_snapshot,exact_loan_asset_group,0xaf88d065e77c8cc2239327c5edb3a432268e5831,32,supplied_assets,162888824549616,162888824.549616,USDC,0xaf88d065e77c8cc2239327c5edb3a432268e5831
v1.0,2026-01-16T13:00:00Z,421967626,campaign_snapshot,exact_loan_asset_group,0xfd086bc7cd5c481dcc9c85ebe478a1c0b69fcbb9,13,borrowed_assets,56291924111919,56291924.111919,USD₮0,0xfd086bc7cd5c481dcc9c85ebe478a1c0b69fcbb9
v1.0,2026-01-16T13:00:00Z,421967626,campaign_snapshot,exact_loan_asset_group,0xfd086bc7cd5c481dcc9c85ebe478a1c0b69fcbb9,13,supplied_assets,61776031195559,61776031.195559,USD₮0,0xfd086bc7cd5c481dcc9c85ebe478a1c0b69fcbb9
v1.0,2026-01-16T13:00:00Z,421967626,campaign_snapshot,fixed_program,45_markets,45,active_borrowers,872,872,wallets,
v1.0,2026-01-16T13:00:00Z,421967626,campaign_snapshot,fixed_program,45_markets,45,active_borrowers_shares_only,1509,1509,wallets,
v1.0,2026-01-16T13:00:00Z,421967626,campaign_snapshot,archetype_market,early_shared_usdc,1,borrowed_assets,694303089,694.303089,USDC,0xaf88d065e77c8cc2239327c5edb3a432268e5831
v1.0,2026-01-16T13:00:00Z,421967626,campaign_snapshot,archetype_market,early_shared_usdc,1,collateral_assets,538660146404921764,0.538660146405,weETH,0x35751007a407ca6feffe80b3cb397736d2cf4dbe
v1.0,2026-01-16T13:00:00Z,421967626,campaign_snapshot,archetype_market,dedicated_syrupusdc,1,borrowed_assets,58257130116414,58257130.116414,USDC,0xaf88d065e77c8cc2239327c5edb3a432268e5831
v1.0,2026-01-16T13:00:00Z,421967626,campaign_snapshot,archetype_market,dedicated_syrupusdc,1,collateral_assets,57395040653318,57395040.653318,syrupUSDC,0x41ca7586cc1311807b4605fbb748a3b8862b42b5
v1.0,2026-01-16T13:00:00Z,421967626,campaign_snapshot,archetype_market,late_usdt0,1,borrowed_assets,19387292822439,19387292.822439,USD₮0,0xfd086bc7cd5c481dcc9c85ebe478a1c0b69fcbb9
v1.0,2026-01-16T13:00:00Z,421967626,campaign_snapshot,archetype_market,late_usdt0,1,collateral_assets,20068795421175,20068795.421175,syrupUSDC,0x41ca7586cc1311807b4605fbb748a3b8862b42b5
v1.0,2026-01-17T13:00:00Z,422313080,campaign_snapshot,exact_loan_asset_group,0xaf88d065e77c8cc2239327c5edb3a432268e5831,32,borrowed_assets,142407910823205,142407910.823205,USDC,0xaf88d065e77c8cc2239327c5edb3a432268e5831
v1.0,2026-01-17T13:00:00Z,422313080,campaign_snapshot,exact_loan_asset_group,0xaf88d065e77c8cc2239327c5edb3a432268e5831,32,supplied_assets,160626311570143,160626311.570143,USDC,0xaf88d065e77c8cc2239327c5edb3a432268e5831
v1.0,2026-01-17T13:00:00Z,422313080,campaign_snapshot,exact_loan_asset_group,0xfd086bc7cd5c481dcc9c85ebe478a1c0b69fcbb9,13,borrowed_assets,55523109940947,55523109.940947,USD₮0,0xfd086bc7cd5c481dcc9c85ebe478a1c0b69fcbb9
v1.0,2026-01-17T13:00:00Z,422313080,campaign_snapshot,exact_loan_asset_group,0xfd086bc7cd5c481dcc9c85ebe478a1c0b69fcbb9,13,supplied_assets,60249649194850,60249649.19485,USD₮0,0xfd086bc7cd5c481dcc9c85ebe478a1c0b69fcbb9
v1.0,2026-01-17T13:00:00Z,422313080,campaign_snapshot,fixed_program,45_markets,45,active_borrowers,871,871,wallets,
v1.0,2026-01-17T13:00:00Z,422313080,campaign_snapshot,fixed_program,45_markets,45,active_borrowers_shares_only,1507,1507,wallets,
v1.0,2026-01-17T13:00:00Z,422313080,campaign_snapshot,archetype_market,early_shared_usdc,1,borrowed_assets,694352512,694.352512,USDC,0xaf88d065e77c8cc2239327c5edb3a432268e5831
v1.0,2026-01-17T13:00:00Z,422313080,campaign_snapshot,archetype_market,early_shared_usdc,1,collateral_assets,538660146404921764,0.538660146405,weETH,0x35751007a407ca6feffe80b3cb397736d2cf4dbe
v1.0,2026-01-17T13:00:00Z,422313080,campaign_snapshot,archetype_market,dedicated_syrupusdc,1,borrowed_assets,58263430192844,58263430.192844,USDC,0xaf88d065e77c8cc2239327c5edb3a432268e5831
v1.0,2026-01-17T13:00:00Z,422313080,campaign_snapshot,archetype_market,dedicated_syrupusdc,1,collateral_assets,57395040653318,57395040.653318,syrupUSDC,0x41ca7586cc1311807b4605fbb748a3b8862b42b5
v1.0,2026-01-17T13:00:00Z,422313080,campaign_snapshot,archetype_market,late_usdt0,1,borrowed_assets,19404796356287,19404796.356287,USD₮0,0xfd086bc7cd5c481dcc9c85ebe478a1c0b69fcbb9
v1.0,2026-01-17T13:00:00Z,422313080,campaign_snapshot,archetype_market,late_usdt0,1,collateral_assets,20098082388070,20098082.38807,syrupUSDC,0x41ca7586cc1311807b4605fbb748a3b8862b42b5
v1.0,2026-01-18T13:00:00Z,422658076,campaign_snapshot,exact_loan_asset_group,0xaf88d065e77c8cc2239327c5edb3a432268e5831,32,borrowed_assets,143524427861420,143524427.86142,USDC,0xaf88d065e77c8cc2239327c5edb3a432268e5831
v1.0,2026-01-18T13:00:00Z,422658076,campaign_snapshot,exact_loan_asset_group,0xaf88d065e77c8cc2239327c5edb3a432268e5831,32,supplied_assets,164743158570640,164743158.57064,USDC,0xaf88d065e77c8cc2239327c5edb3a432268e5831
v1.0,2026-01-18T13:00:00Z,422658076,campaign_snapshot,exact_loan_asset_group,0xfd086bc7cd5c481dcc9c85ebe478a1c0b69fcbb9,13,borrowed_assets,55727981075328,55727981.075328,USD₮0,0xfd086bc7cd5c481dcc9c85ebe478a1c0b69fcbb9
v1.0,2026-01-18T13:00:00Z,422658076,campaign_snapshot,exact_loan_asset_group,0xfd086bc7cd5c481dcc9c85ebe478a1c0b69fcbb9,13,supplied_assets,60813045353534,60813045.353534,USD₮0,0xfd086bc7cd5c481dcc9c85ebe478a1c0b69fcbb9
v1.0,2026-01-18T13:00:00Z,422658076,campaign_snapshot,fixed_program,45_markets,45,active_borrowers,876,876,wallets,
v1.0,2026-01-18T13:00:00Z,422658076,campaign_snapshot,fixed_program,45_markets,45,active_borrowers_shares_only,1513,1513,wallets,
v1.0,2026-01-18T13:00:00Z,422658076,campaign_snapshot,archetype_market,early_shared_usdc,1,borrowed_assets,694395116,694.395116,USDC,0xaf88d065e77c8cc2239327c5edb3a432268e5831
v1.0,2026-01-18T13:00:00Z,422658076,campaign_snapshot,archetype_market,early_shared_usdc,1,collateral_assets,538660146404921764,0.538660146405,weETH,0x35751007a407ca6feffe80b3cb397736d2cf4dbe
v1.0,2026-01-18T13:00:00Z,422658076,campaign_snapshot,archetype_market,dedicated_syrupusdc,1,borrowed_assets,58269571818242,58269571.818242,USDC,0xaf88d065e77c8cc2239327c5edb3a432268e5831
v1.0,2026-01-18T13:00:00Z,422658076,campaign_snapshot,archetype_market,dedicated_syrupusdc,1,collateral_assets,57395040653318,57395040.653318,syrupUSDC,0x41ca7586cc1311807b4605fbb748a3b8862b42b5
v1.0,2026-01-18T13:00:00Z,422658076,campaign_snapshot,archetype_market,late_usdt0,1,borrowed_assets,19328013304190,19328013.30419,USD₮0,0xfd086bc7cd5c481dcc9c85ebe478a1c0b69fcbb9
v1.0,2026-01-18T13:00:00Z,422658076,campaign_snapshot,archetype_market,late_usdt0,1,collateral_assets,20098082388070,20098082.38807,syrupUSDC,0x41ca7586cc1311807b4605fbb748a3b8862b42b5
v1.0,2026-01-19T13:00:00Z,423003632,campaign_snapshot,exact_loan_asset_group,0xaf88d065e77c8cc2239327c5edb3a432268e5831,32,borrowed_assets,146618661840776,146618661.840776,USDC,0xaf88d065e77c8cc2239327c5edb3a432268e5831
v1.0,2026-01-19T13:00:00Z,423003632,campaign_snapshot,exact_loan_asset_group,0xaf88d065e77c8cc2239327c5edb3a432268e5831,32,supplied_assets,162296546656790,162296546.65679,USDC,0xaf88d065e77c8cc2239327c5edb3a432268e5831
v1.0,2026-01-19T13:00:00Z,423003632,campaign_snapshot,exact_loan_asset_group,0xfd086bc7cd5c481dcc9c85ebe478a1c0b69fcbb9,13,borrowed_assets,55342051835955,55342051.835955,USD₮0,0xfd086bc7cd5c481dcc9c85ebe478a1c0b69fcbb9
v1.0,2026-01-19T13:00:00Z,423003632,campaign_snapshot,exact_loan_asset_group,0xfd086bc7cd5c481dcc9c85ebe478a1c0b69fcbb9,13,supplied_assets,60171360094920,60171360.09492,USD₮0,0xfd086bc7cd5c481dcc9c85ebe478a1c0b69fcbb9
v1.0,2026-01-19T13:00:00Z,423003632,campaign_snapshot,fixed_program,45_markets,45,active_borrowers,874,874,wallets,
v1.0,2026-01-19T13:00:00Z,423003632,campaign_snapshot,fixed_program,45_markets,45,active_borrowers_shares_only,1512,1512,wallets,
v1.0,2026-01-19T13:00:00Z,423003632,campaign_snapshot,archetype_market,early_shared_usdc,1,borrowed_assets,819496676,819.496676,USDC,0xaf88d065e77c8cc2239327c5edb3a432268e5831
v1.0,2026-01-19T13:00:00Z,423003632,campaign_snapshot,archetype_market,early_shared_usdc,1,collateral_assets,538660146404921764,0.538660146405,weETH,0x35751007a407ca6feffe80b3cb397736d2cf4dbe
v1.0,2026-01-19T13:00:00Z,423003632,campaign_snapshot,archetype_market,dedicated_syrupusdc,1,borrowed_assets,58330933408230,58330933.40823,USDC,0xaf88d065e77c8cc2239327c5edb3a432268e5831
v1.0,2026-01-19T13:00:00Z,423003632,campaign_snapshot,archetype_market,dedicated_syrupusdc,1,collateral_assets,57449049655361,57449049.655361,syrupUSDC,0x41ca7586cc1311807b4605fbb748a3b8862b42b5
v1.0,2026-01-19T13:00:00Z,423003632,campaign_snapshot,archetype_market,late_usdt0,1,borrowed_assets,18007061160894,18007061.160894,USD₮0,0xfd086bc7cd5c481dcc9c85ebe478a1c0b69fcbb9
v1.0,2026-01-19T13:00:00Z,423003632,campaign_snapshot,archetype_market,late_usdt0,1,collateral_assets,18749591181707,18749591.181707,syrupUSDC,0x41ca7586cc1311807b4605fbb748a3b8862b42b5
v1.0,2026-01-20T13:00:00Z,423349357,campaign_snapshot,exact_loan_asset_group,0xaf88d065e77c8cc2239327c5edb3a432268e5831,32,borrowed_assets,146012817429687,146012817.429687,USDC,0xaf88d065e77c8cc2239327c5edb3a432268e5831
v1.0,2026-01-20T13:00:00Z,423349357,campaign_snapshot,exact_loan_asset_group,0xaf88d065e77c8cc2239327c5edb3a432268e5831,32,supplied_assets,161324922898273,161324922.898273,USDC,0xaf88d065e77c8cc2239327c5edb3a432268e5831
v1.0,2026-01-20T13:00:00Z,423349357,campaign_snapshot,exact_loan_asset_group,0xfd086bc7cd5c481dcc9c85ebe478a1c0b69fcbb9,13,borrowed_assets,47128110431417,47128110.431417,USD₮0,0xfd086bc7cd5c481dcc9c85ebe478a1c0b69fcbb9
v1.0,2026-01-20T13:00:00Z,423349357,campaign_snapshot,exact_loan_asset_group,0xfd086bc7cd5c481dcc9c85ebe478a1c0b69fcbb9,13,supplied_assets,50926419598957,50926419.598957,USD₮0,0xfd086bc7cd5c481dcc9c85ebe478a1c0b69fcbb9
v1.0,2026-01-20T13:00:00Z,423349357,campaign_snapshot,fixed_program,45_markets,45,active_borrowers,866,866,wallets,
v1.0,2026-01-20T13:00:00Z,423349357,campaign_snapshot,fixed_program,45_markets,45,active_borrowers_shares_only,1504,1504,wallets,
v1.0,2026-01-20T13:00:00Z,423349357,campaign_snapshot,archetype_market,early_shared_usdc,1,borrowed_assets,808814798,808.814798,USDC,0xaf88d065e77c8cc2239327c5edb3a432268e5831
v1.0,2026-01-20T13:00:00Z,423349357,campaign_snapshot,archetype_market,early_shared_usdc,1,collateral_assets,538660146404921764,0.538660146405,weETH,0x35751007a407ca6feffe80b3cb397736d2cf4dbe
v1.0,2026-01-20T13:00:00Z,423349357,campaign_snapshot,archetype_market,dedicated_syrupusdc,1,borrowed_assets,58857649455020,58857649.45502,USDC,0xaf88d065e77c8cc2239327c5edb3a432268e5831
v1.0,2026-01-20T13:00:00Z,423349357,campaign_snapshot,archetype_market,dedicated_syrupusdc,1,collateral_assets,57946052805582,57946052.805582,syrupUSDC,0x41ca7586cc1311807b4605fbb748a3b8862b42b5
v1.0,2026-01-20T13:00:00Z,423349357,campaign_snapshot,archetype_market,late_usdt0,1,borrowed_assets,14290516582248,14290516.582248,USD₮0,0xfd086bc7cd5c481dcc9c85ebe478a1c0b69fcbb9
v1.0,2026-01-20T13:00:00Z,423349357,campaign_snapshot,archetype_market,late_usdt0,1,collateral_assets,15145867167022,15145867.167022,syrupUSDC,0x41ca7586cc1311807b4605fbb748a3b8862b42b5
v1.0,2026-01-21T13:00:00Z,423695539,campaign_snapshot,exact_loan_asset_group,0xaf88d065e77c8cc2239327c5edb3a432268e5831,32,borrowed_assets,138790313473680,138790313.47368,USDC,0xaf88d065e77c8cc2239327c5edb3a432268e5831
v1.0,2026-01-21T13:00:00Z,423695539,campaign_snapshot,exact_loan_asset_group,0xaf88d065e77c8cc2239327c5edb3a432268e5831,32,supplied_assets,155290189011429,155290189.011429,USDC,0xaf88d065e77c8cc2239327c5edb3a432268e5831
v1.0,2026-01-21T13:00:00Z,423695539,campaign_snapshot,exact_loan_asset_group,0xfd086bc7cd5c481dcc9c85ebe478a1c0b69fcbb9,13,borrowed_assets,41915613589383,41915613.589383,USD₮0,0xfd086bc7cd5c481dcc9c85ebe478a1c0b69fcbb9
v1.0,2026-01-21T13:00:00Z,423695539,campaign_snapshot,exact_loan_asset_group,0xfd086bc7cd5c481dcc9c85ebe478a1c0b69fcbb9,13,supplied_assets,45233421243131,45233421.243131,USD₮0,0xfd086bc7cd5c481dcc9c85ebe478a1c0b69fcbb9
v1.0,2026-01-21T13:00:00Z,423695539,campaign_snapshot,fixed_program,45_markets,45,active_borrowers,861,861,wallets,
v1.0,2026-01-21T13:00:00Z,423695539,campaign_snapshot,fixed_program,45_markets,45,active_borrowers_shares_only,1499,1499,wallets,
v1.0,2026-01-21T13:00:00Z,423695539,campaign_snapshot,archetype_market,early_shared_usdc,1,borrowed_assets,808947049,808.947049,USDC,0xaf88d065e77c8cc2239327c5edb3a432268e5831
v1.0,2026-01-21T13:00:00Z,423695539,campaign_snapshot,archetype_market,early_shared_usdc,1,collateral_assets,538660146404921764,0.538660146405,weETH,0x35751007a407ca6feffe80b3cb397736d2cf4dbe
v1.0,2026-01-21T13:00:00Z,423695539,campaign_snapshot,archetype_market,dedicated_syrupusdc,1,borrowed_assets,50994097356461,50994097.356461,USDC,0xaf88d065e77c8cc2239327c5edb3a432268e5831
v1.0,2026-01-21T13:00:00Z,423695539,campaign_snapshot,archetype_market,dedicated_syrupusdc,1,collateral_assets,50173610780497,50173610.780497,syrupUSDC,0x41ca7586cc1311807b4605fbb748a3b8862b42b5
v1.0,2026-01-21T13:00:00Z,423695539,campaign_snapshot,archetype_market,late_usdt0,1,borrowed_assets,12743587788305,12743587.788305,USD₮0,0xfd086bc7cd5c481dcc9c85ebe478a1c0b69fcbb9
v1.0,2026-01-21T13:00:00Z,423695539,campaign_snapshot,archetype_market,late_usdt0,1,collateral_assets,13647674740339,13647674.740339,syrupUSDC,0x41ca7586cc1311807b4605fbb748a3b8862b42b5
v1.0,2026-01-22T13:00:00Z,424041326,campaign_snapshot,exact_loan_asset_group,0xaf88d065e77c8cc2239327c5edb3a432268e5831,32,borrowed_assets,128448343470480,128448343.47048,USDC,0xaf88d065e77c8cc2239327c5edb3a432268e5831
v1.0,2026-01-22T13:00:00Z,424041326,campaign_snapshot,exact_loan_asset_group,0xaf88d065e77c8cc2239327c5edb3a432268e5831,32,supplied_assets,142279059460679,142279059.460679,USDC,0xaf88d065e77c8cc2239327c5edb3a432268e5831
v1.0,2026-01-22T13:00:00Z,424041326,campaign_snapshot,exact_loan_asset_group,0xfd086bc7cd5c481dcc9c85ebe478a1c0b69fcbb9,13,borrowed_assets,41182186946004,41182186.946004,USD₮0,0xfd086bc7cd5c481dcc9c85ebe478a1c0b69fcbb9
v1.0,2026-01-22T13:00:00Z,424041326,campaign_snapshot,exact_loan_asset_group,0xfd086bc7cd5c481dcc9c85ebe478a1c0b69fcbb9,13,supplied_assets,47240470192299,47240470.192299,USD₮0,0xfd086bc7cd5c481dcc9c85ebe478a1c0b69fcbb9
v1.0,2026-01-22T13:00:00Z,424041326,campaign_snapshot,fixed_program,45_markets,45,active_borrowers,859,859,wallets,
v1.0,2026-01-22T13:00:00Z,424041326,campaign_snapshot,fixed_program,45_markets,45,active_borrowers_shares_only,1497,1497,wallets,
v1.0,2026-01-22T13:00:00Z,424041326,campaign_snapshot,archetype_market,early_shared_usdc,1,borrowed_assets,809080833,809.080833,USDC,0xaf88d065e77c8cc2239327c5edb3a432268e5831
v1.0,2026-01-22T13:00:00Z,424041326,campaign_snapshot,archetype_market,early_shared_usdc,1,collateral_assets,538660146404921764,0.538660146405,weETH,0x35751007a407ca6feffe80b3cb397736d2cf4dbe
v1.0,2026-01-22T13:00:00Z,424041326,campaign_snapshot,archetype_market,dedicated_syrupusdc,1,borrowed_assets,41903207004558,41903207.004558,USDC,0xaf88d065e77c8cc2239327c5edb3a432268e5831
v1.0,2026-01-22T13:00:00Z,424041326,campaign_snapshot,archetype_market,dedicated_syrupusdc,1,collateral_assets,41870064286027,41870064.286027,syrupUSDC,0x41ca7586cc1311807b4605fbb748a3b8862b42b5
v1.0,2026-01-22T13:00:00Z,424041326,campaign_snapshot,archetype_market,late_usdt0,1,borrowed_assets,12576016067732,12576016.067732,USD₮0,0xfd086bc7cd5c481dcc9c85ebe478a1c0b69fcbb9
v1.0,2026-01-22T13:00:00Z,424041326,campaign_snapshot,archetype_market,late_usdt0,1,collateral_assets,13482012363513,13482012.363513,syrupUSDC,0x41ca7586cc1311807b4605fbb748a3b8862b42b5
v1.0,2026-01-23T13:00:00Z,424386907,campaign_snapshot,exact_loan_asset_group,0xaf88d065e77c8cc2239327c5edb3a432268e5831,32,borrowed_assets,124473139917613,124473139.917613,USDC,0xaf88d065e77c8cc2239327c5edb3a432268e5831
v1.0,2026-01-23T13:00:00Z,424386907,campaign_snapshot,exact_loan_asset_group,0xaf88d065e77c8cc2239327c5edb3a432268e5831,32,supplied_assets,138501979360695,138501979.360695,USDC,0xaf88d065e77c8cc2239327c5edb3a432268e5831
v1.0,2026-01-23T13:00:00Z,424386907,campaign_snapshot,exact_loan_asset_group,0xfd086bc7cd5c481dcc9c85ebe478a1c0b69fcbb9,13,borrowed_assets,39234414389969,39234414.389969,USD₮0,0xfd086bc7cd5c481dcc9c85ebe478a1c0b69fcbb9
v1.0,2026-01-23T13:00:00Z,424386907,campaign_snapshot,exact_loan_asset_group,0xfd086bc7cd5c481dcc9c85ebe478a1c0b69fcbb9,13,supplied_assets,43957687369562,43957687.369562,USD₮0,0xfd086bc7cd5c481dcc9c85ebe478a1c0b69fcbb9
v1.0,2026-01-23T13:00:00Z,424386907,campaign_snapshot,fixed_program,45_markets,45,active_borrowers,853,853,wallets,
v1.0,2026-01-23T13:00:00Z,424386907,campaign_snapshot,fixed_program,45_markets,45,active_borrowers_shares_only,1491,1491,wallets,
v1.0,2026-01-23T13:00:00Z,424386907,campaign_snapshot,archetype_market,early_shared_usdc,1,borrowed_assets,809187755,809.187755,USDC,0xaf88d065e77c8cc2239327c5edb3a432268e5831
v1.0,2026-01-23T13:00:00Z,424386907,campaign_snapshot,archetype_market,early_shared_usdc,1,collateral_assets,538660146404921764,0.538660146405,weETH,0x35751007a407ca6feffe80b3cb397736d2cf4dbe
v1.0,2026-01-23T13:00:00Z,424386907,campaign_snapshot,archetype_market,dedicated_syrupusdc,1,borrowed_assets,37939882589289,37939882.589289,USDC,0xaf88d065e77c8cc2239327c5edb3a432268e5831
v1.0,2026-01-23T13:00:00Z,424386907,campaign_snapshot,archetype_market,dedicated_syrupusdc,1,collateral_assets,37701156580644,37701156.580644,syrupUSDC,0x41ca7586cc1311807b4605fbb748a3b8862b42b5
v1.0,2026-01-23T13:00:00Z,424386907,campaign_snapshot,archetype_market,late_usdt0,1,borrowed_assets,12566679724337,12566679.724337,USD₮0,0xfd086bc7cd5c481dcc9c85ebe478a1c0b69fcbb9
v1.0,2026-01-23T13:00:00Z,424386907,campaign_snapshot,archetype_market,late_usdt0,1,collateral_assets,13471292169982,13471292.169982,syrupUSDC,0x41ca7586cc1311807b4605fbb748a3b8862b42b5
v1.0,2026-01-24T13:00:00Z,424732345,campaign_snapshot,exact_loan_asset_group,0xaf88d065e77c8cc2239327c5edb3a432268e5831,32,borrowed_assets,122816545551039,122816545.551039,USDC,0xaf88d065e77c8cc2239327c5edb3a432268e5831
v1.0,2026-01-24T13:00:00Z,424732345,campaign_snapshot,exact_loan_asset_group,0xaf88d065e77c8cc2239327c5edb3a432268e5831,32,supplied_assets,136786743000144,136786743.000144,USDC,0xaf88d065e77c8cc2239327c5edb3a432268e5831
v1.0,2026-01-24T13:00:00Z,424732345,campaign_snapshot,exact_loan_asset_group,0xfd086bc7cd5c481dcc9c85ebe478a1c0b69fcbb9,13,borrowed_assets,38615860005675,38615860.005675,USD₮0,0xfd086bc7cd5c481dcc9c85ebe478a1c0b69fcbb9
v1.0,2026-01-24T13:00:00Z,424732345,campaign_snapshot,exact_loan_asset_group,0xfd086bc7cd5c481dcc9c85ebe478a1c0b69fcbb9,13,supplied_assets,46768981909121,46768981.909121,USD₮0,0xfd086bc7cd5c481dcc9c85ebe478a1c0b69fcbb9
v1.0,2026-01-24T13:00:00Z,424732345,campaign_snapshot,fixed_program,45_markets,45,active_borrowers,857,857,wallets,
v1.0,2026-01-24T13:00:00Z,424732345,campaign_snapshot,fixed_program,45_markets,45,active_borrowers_shares_only,1494,1494,wallets,
v1.0,2026-01-24T13:00:00Z,424732345,campaign_snapshot,archetype_market,early_shared_usdc,1,borrowed_assets,809274323,809.274323,USDC,0xaf88d065e77c8cc2239327c5edb3a432268e5831
v1.0,2026-01-24T13:00:00Z,424732345,campaign_snapshot,archetype_market,early_shared_usdc,1,collateral_assets,538660146404921764,0.538660146405,weETH,0x35751007a407ca6feffe80b3cb397736d2cf4dbe
v1.0,2026-01-24T13:00:00Z,424732345,campaign_snapshot,archetype_market,dedicated_syrupusdc,1,borrowed_assets,36256307324945,36256307.324945,USDC,0xaf88d065e77c8cc2239327c5edb3a432268e5831
v1.0,2026-01-24T13:00:00Z,424732345,campaign_snapshot,archetype_market,dedicated_syrupusdc,1,collateral_assets,36085783112855,36085783.112855,syrupUSDC,0x41ca7586cc1311807b4605fbb748a3b8862b42b5
v1.0,2026-01-24T13:00:00Z,424732345,campaign_snapshot,archetype_market,late_usdt0,1,borrowed_assets,12568183354951,12568183.354951,USD₮0,0xfd086bc7cd5c481dcc9c85ebe478a1c0b69fcbb9
v1.0,2026-01-24T13:00:00Z,424732345,campaign_snapshot,archetype_market,late_usdt0,1,collateral_assets,13471328940398,13471328.940398,syrupUSDC,0x41ca7586cc1311807b4605fbb748a3b8862b42b5
v1.0,2026-01-25T13:00:00Z,425076316,campaign_snapshot,exact_loan_asset_group,0xaf88d065e77c8cc2239327c5edb3a432268e5831,32,borrowed_assets,122444082226890,122444082.22689,USDC,0xaf88d065e77c8cc2239327c5edb3a432268e5831
v1.0,2026-01-25T13:00:00Z,425076316,campaign_snapshot,exact_loan_asset_group,0xaf88d065e77c8cc2239327c5edb3a432268e5831,32,supplied_assets,134740366312797,134740366.312797,USDC,0xaf88d065e77c8cc2239327c5edb3a432268e5831
v1.0,2026-01-25T13:00:00Z,425076316,campaign_snapshot,exact_loan_asset_group,0xfd086bc7cd5c481dcc9c85ebe478a1c0b69fcbb9,13,borrowed_assets,39269110552946,39269110.552946,USD₮0,0xfd086bc7cd5c481dcc9c85ebe478a1c0b69fcbb9
v1.0,2026-01-25T13:00:00Z,425076316,campaign_snapshot,exact_loan_asset_group,0xfd086bc7cd5c481dcc9c85ebe478a1c0b69fcbb9,13,supplied_assets,48827315391290,48827315.39129,USD₮0,0xfd086bc7cd5c481dcc9c85ebe478a1c0b69fcbb9
v1.0,2026-01-25T13:00:00Z,425076316,campaign_snapshot,fixed_program,45_markets,45,active_borrowers,860,860,wallets,
v1.0,2026-01-25T13:00:00Z,425076316,campaign_snapshot,fixed_program,45_markets,45,active_borrowers_shares_only,1496,1496,wallets,
v1.0,2026-01-25T13:00:00Z,425076316,campaign_snapshot,archetype_market,early_shared_usdc,1,borrowed_assets,809364395,809.364395,USDC,0xaf88d065e77c8cc2239327c5edb3a432268e5831
v1.0,2026-01-25T13:00:00Z,425076316,campaign_snapshot,archetype_market,early_shared_usdc,1,collateral_assets,538660146404921764,0.538660146405,weETH,0x35751007a407ca6feffe80b3cb397736d2cf4dbe
v1.0,2026-01-25T13:00:00Z,425076316,campaign_snapshot,archetype_market,dedicated_syrupusdc,1,borrowed_assets,36260398316103,36260398.316103,USDC,0xaf88d065e77c8cc2239327c5edb3a432268e5831
v1.0,2026-01-25T13:00:00Z,425076316,campaign_snapshot,archetype_market,dedicated_syrupusdc,1,collateral_assets,36085783112855,36085783.112855,syrupUSDC,0x41ca7586cc1311807b4605fbb748a3b8862b42b5
v1.0,2026-01-25T13:00:00Z,425076316,campaign_snapshot,archetype_market,late_usdt0,1,borrowed_assets,12733309977623,12733309.977623,USD₮0,0xfd086bc7cd5c481dcc9c85ebe478a1c0b69fcbb9
v1.0,2026-01-25T13:00:00Z,425076316,campaign_snapshot,archetype_market,late_usdt0,1,collateral_assets,13628530894320,13628530.89432,syrupUSDC,0x41ca7586cc1311807b4605fbb748a3b8862b42b5
v1.0,2026-01-26T13:00:00Z,425422311,campaign_snapshot,exact_loan_asset_group,0xaf88d065e77c8cc2239327c5edb3a432268e5831,32,borrowed_assets,120216031253639,120216031.253639,USDC,0xaf88d065e77c8cc2239327c5edb3a432268e5831
v1.0,2026-01-26T13:00:00Z,425422311,campaign_snapshot,exact_loan_asset_group,0xaf88d065e77c8cc2239327c5edb3a432268e5831,32,supplied_assets,133433608748059,133433608.748059,USDC,0xaf88d065e77c8cc2239327c5edb3a432268e5831
v1.0,2026-01-26T13:00:00Z,425422311,campaign_snapshot,exact_loan_asset_group,0xfd086bc7cd5c481dcc9c85ebe478a1c0b69fcbb9,13,borrowed_assets,40181037679107,40181037.679107,USD₮0,0xfd086bc7cd5c481dcc9c85ebe478a1c0b69fcbb9
v1.0,2026-01-26T13:00:00Z,425422311,campaign_snapshot,exact_loan_asset_group,0xfd086bc7cd5c481dcc9c85ebe478a1c0b69fcbb9,13,supplied_assets,50432538424204,50432538.424204,USD₮0,0xfd086bc7cd5c481dcc9c85ebe478a1c0b69fcbb9
v1.0,2026-01-26T13:00:00Z,425422311,campaign_snapshot,fixed_program,45_markets,45,active_borrowers,861,861,wallets,
v1.0,2026-01-26T13:00:00Z,425422311,campaign_snapshot,fixed_program,45_markets,45,active_borrowers_shares_only,1498,1498,wallets,
v1.0,2026-01-26T13:00:00Z,425422311,campaign_snapshot,archetype_market,early_shared_usdc,1,borrowed_assets,809458106,809.458106,USDC,0xaf88d065e77c8cc2239327c5edb3a432268e5831
v1.0,2026-01-26T13:00:00Z,425422311,campaign_snapshot,archetype_market,early_shared_usdc,1,collateral_assets,538660146404921764,0.538660146405,weETH,0x35751007a407ca6feffe80b3cb397736d2cf4dbe
v1.0,2026-01-26T13:00:00Z,425422311,campaign_snapshot,archetype_market,dedicated_syrupusdc,1,borrowed_assets,35226723202812,35226723.202812,USDC,0xaf88d065e77c8cc2239327c5edb3a432268e5831
v1.0,2026-01-26T13:00:00Z,425422311,campaign_snapshot,archetype_market,dedicated_syrupusdc,1,collateral_assets,35076755656530,35076755.65653,syrupUSDC,0x41ca7586cc1311807b4605fbb748a3b8862b42b5
v1.0,2026-01-26T13:00:00Z,425422311,campaign_snapshot,archetype_market,late_usdt0,1,borrowed_assets,13525007485835,13525007.485835,USD₮0,0xfd086bc7cd5c481dcc9c85ebe478a1c0b69fcbb9
v1.0,2026-01-26T13:00:00Z,425422311,campaign_snapshot,archetype_market,late_usdt0,1,collateral_assets,14399290650170,14399290.65017,syrupUSDC,0x41ca7586cc1311807b4605fbb748a3b8862b42b5
v1.0,2026-01-27T13:00:00Z,425768809,campaign_snapshot,exact_loan_asset_group,0xaf88d065e77c8cc2239327c5edb3a432268e5831,32,borrowed_assets,122715516154312,122715516.154312,USDC,0xaf88d065e77c8cc2239327c5edb3a432268e5831
v1.0,2026-01-27T13:00:00Z,425768809,campaign_snapshot,exact_loan_asset_group,0xaf88d065e77c8cc2239327c5edb3a432268e5831,32,supplied_assets,136738536799460,136738536.79946,USDC,0xaf88d065e77c8cc2239327c5edb3a432268e5831
v1.0,2026-01-27T13:00:00Z,425768809,campaign_snapshot,exact_loan_asset_group,0xfd086bc7cd5c481dcc9c85ebe478a1c0b69fcbb9,13,borrowed_assets,46544448610778,46544448.610778,USD₮0,0xfd086bc7cd5c481dcc9c85ebe478a1c0b69fcbb9
v1.0,2026-01-27T13:00:00Z,425768809,campaign_snapshot,exact_loan_asset_group,0xfd086bc7cd5c481dcc9c85ebe478a1c0b69fcbb9,13,supplied_assets,56044040299004,56044040.299004,USD₮0,0xfd086bc7cd5c481dcc9c85ebe478a1c0b69fcbb9
v1.0,2026-01-27T13:00:00Z,425768809,campaign_snapshot,fixed_program,45_markets,45,active_borrowers,869,869,wallets,
v1.0,2026-01-27T13:00:00Z,425768809,campaign_snapshot,fixed_program,45_markets,45,active_borrowers_shares_only,1508,1508,wallets,
v1.0,2026-01-27T13:00:00Z,425768809,campaign_snapshot,archetype_market,early_shared_usdc,1,borrowed_assets,809544380,809.54438,USDC,0xaf88d065e77c8cc2239327c5edb3a432268e5831
v1.0,2026-01-27T13:00:00Z,425768809,campaign_snapshot,archetype_market,early_shared_usdc,1,collateral_assets,538660146404921764,0.538660146405,weETH,0x35751007a407ca6feffe80b3cb397736d2cf4dbe
v1.0,2026-01-27T13:00:00Z,425768809,campaign_snapshot,archetype_market,dedicated_syrupusdc,1,borrowed_assets,36711642780132,36711642.780132,USDC,0xaf88d065e77c8cc2239327c5edb3a432268e5831
v1.0,2026-01-27T13:00:00Z,425768809,campaign_snapshot,archetype_market,dedicated_syrupusdc,1,collateral_assets,36473854504968,36473854.504968,syrupUSDC,0x41ca7586cc1311807b4605fbb748a3b8862b42b5
v1.0,2026-01-27T13:00:00Z,425768809,campaign_snapshot,archetype_market,late_usdt0,1,borrowed_assets,17051448333972,17051448.333972,USD₮0,0xfd086bc7cd5c481dcc9c85ebe478a1c0b69fcbb9
v1.0,2026-01-27T13:00:00Z,425768809,campaign_snapshot,archetype_market,late_usdt0,1,collateral_assets,17923672735328,17923672.735328,syrupUSDC,0x41ca7586cc1311807b4605fbb748a3b8862b42b5
v1.0,2026-01-28T13:00:00Z,426115246,campaign_snapshot,exact_loan_asset_group,0xaf88d065e77c8cc2239327c5edb3a432268e5831,32,borrowed_assets,125273167994093,125273167.994093,USDC,0xaf88d065e77c8cc2239327c5edb3a432268e5831
v1.0,2026-01-28T13:00:00Z,426115246,campaign_snapshot,exact_loan_asset_group,0xaf88d065e77c8cc2239327c5edb3a432268e5831,32,supplied_assets,137946612386768,137946612.386768,USDC,0xaf88d065e77c8cc2239327c5edb3a432268e5831
v1.0,2026-01-28T13:00:00Z,426115246,campaign_snapshot,exact_loan_asset_group,0xfd086bc7cd5c481dcc9c85ebe478a1c0b69fcbb9,13,borrowed_assets,49179614286280,49179614.28628,USD₮0,0xfd086bc7cd5c481dcc9c85ebe478a1c0b69fcbb9
v1.0,2026-01-28T13:00:00Z,426115246,campaign_snapshot,exact_loan_asset_group,0xfd086bc7cd5c481dcc9c85ebe478a1c0b69fcbb9,13,supplied_assets,59732948904789,59732948.904789,USD₮0,0xfd086bc7cd5c481dcc9c85ebe478a1c0b69fcbb9
v1.0,2026-01-28T13:00:00Z,426115246,campaign_snapshot,fixed_program,45_markets,45,active_borrowers,876,876,wallets,
v1.0,2026-01-28T13:00:00Z,426115246,campaign_snapshot,fixed_program,45_markets,45,active_borrowers_shares_only,1515,1515,wallets,
v1.0,2026-01-28T13:00:00Z,426115246,campaign_snapshot,archetype_market,early_shared_usdc,1,borrowed_assets,809637428,809.637428,USDC,0xaf88d065e77c8cc2239327c5edb3a432268e5831
v1.0,2026-01-28T13:00:00Z,426115246,campaign_snapshot,archetype_market,early_shared_usdc,1,collateral_assets,538660146404921764,0.538660146405,weETH,0x35751007a407ca6feffe80b3cb397736d2cf4dbe
v1.0,2026-01-28T13:00:00Z,426115246,campaign_snapshot,archetype_market,dedicated_syrupusdc,1,borrowed_assets,38437197686431,38437197.686431,USDC,0xaf88d065e77c8cc2239327c5edb3a432268e5831
v1.0,2026-01-28T13:00:00Z,426115246,campaign_snapshot,archetype_market,dedicated_syrupusdc,1,collateral_assets,37926830993642,37926830.993642,syrupUSDC,0x41ca7586cc1311807b4605fbb748a3b8862b42b5
v1.0,2026-01-28T13:00:00Z,426115246,campaign_snapshot,archetype_market,late_usdt0,1,borrowed_assets,17808649184986,17808649.184986,USD₮0,0xfd086bc7cd5c481dcc9c85ebe478a1c0b69fcbb9
v1.0,2026-01-28T13:00:00Z,426115246,campaign_snapshot,archetype_market,late_usdt0,1,collateral_assets,18798978204767,18798978.204767,syrupUSDC,0x41ca7586cc1311807b4605fbb748a3b8862b42b5
v1.0,2026-01-29T13:00:00Z,426461706,campaign_snapshot,exact_loan_asset_group,0xaf88d065e77c8cc2239327c5edb3a432268e5831,32,borrowed_assets,123856752946976,123856752.946976,USDC,0xaf88d065e77c8cc2239327c5edb3a432268e5831
v1.0,2026-01-29T13:00:00Z,426461706,campaign_snapshot,exact_loan_asset_group,0xaf88d065e77c8cc2239327c5edb3a432268e5831,32,supplied_assets,140042553227216,140042553.227216,USDC,0xaf88d065e77c8cc2239327c5edb3a432268e5831
v1.0,2026-01-29T13:00:00Z,426461706,campaign_snapshot,exact_loan_asset_group,0xfd086bc7cd5c481dcc9c85ebe478a1c0b69fcbb9,13,borrowed_assets,56925648896300,56925648.8963,USD₮0,0xfd086bc7cd5c481dcc9c85ebe478a1c0b69fcbb9
v1.0,2026-01-29T13:00:00Z,426461706,campaign_snapshot,exact_loan_asset_group,0xfd086bc7cd5c481dcc9c85ebe478a1c0b69fcbb9,13,supplied_assets,65144965493890,65144965.49389,USD₮0,0xfd086bc7cd5c481dcc9c85ebe478a1c0b69fcbb9
v1.0,2026-01-29T13:00:00Z,426461706,campaign_snapshot,fixed_program,45_markets,45,active_borrowers,878,878,wallets,
v1.0,2026-01-29T13:00:00Z,426461706,campaign_snapshot,fixed_program,45_markets,45,active_borrowers_shares_only,1517,1517,wallets,
v1.0,2026-01-29T13:00:00Z,426461706,campaign_snapshot,archetype_market,early_shared_usdc,1,borrowed_assets,809750450,809.75045,USDC,0xaf88d065e77c8cc2239327c5edb3a432268e5831
v1.0,2026-01-29T13:00:00Z,426461706,campaign_snapshot,archetype_market,early_shared_usdc,1,collateral_assets,538660146404921764,0.538660146405,weETH,0x35751007a407ca6feffe80b3cb397736d2cf4dbe
v1.0,2026-01-29T13:00:00Z,426461706,campaign_snapshot,archetype_market,dedicated_syrupusdc,1,borrowed_assets,36611226879965,36611226.879965,USDC,0xaf88d065e77c8cc2239327c5edb3a432268e5831
v1.0,2026-01-29T13:00:00Z,426461706,campaign_snapshot,archetype_market,dedicated_syrupusdc,1,collateral_assets,36572843734577,36572843.734577,syrupUSDC,0x41ca7586cc1311807b4605fbb748a3b8862b42b5
v1.0,2026-01-29T13:00:00Z,426461706,campaign_snapshot,archetype_market,late_usdt0,1,borrowed_assets,20974151722934,20974151.722934,USD₮0,0xfd086bc7cd5c481dcc9c85ebe478a1c0b69fcbb9
v1.0,2026-01-29T13:00:00Z,426461706,campaign_snapshot,archetype_market,late_usdt0,1,collateral_assets,21897904183534,21897904.183534,syrupUSDC,0x41ca7586cc1311807b4605fbb748a3b8862b42b5
v1.0,2026-01-30T13:00:00Z,426808746,campaign_snapshot,exact_loan_asset_group,0xaf88d065e77c8cc2239327c5edb3a432268e5831,32,borrowed_assets,118196449727936,118196449.727936,USDC,0xaf88d065e77c8cc2239327c5edb3a432268e5831
v1.0,2026-01-30T13:00:00Z,426808746,campaign_snapshot,exact_loan_asset_group,0xaf88d065e77c8cc2239327c5edb3a432268e5831,32,supplied_assets,135812238674441,135812238.674441,USDC,0xaf88d065e77c8cc2239327c5edb3a432268e5831
v1.0,2026-01-30T13:00:00Z,426808746,campaign_snapshot,exact_loan_asset_group,0xfd086bc7cd5c481dcc9c85ebe478a1c0b69fcbb9,13,borrowed_assets,57791403900477,57791403.900477,USD₮0,0xfd086bc7cd5c481dcc9c85ebe478a1c0b69fcbb9
v1.0,2026-01-30T13:00:00Z,426808746,campaign_snapshot,exact_loan_asset_group,0xfd086bc7cd5c481dcc9c85ebe478a1c0b69fcbb9,13,supplied_assets,63232896735210,63232896.73521,USD₮0,0xfd086bc7cd5c481dcc9c85ebe478a1c0b69fcbb9
v1.0,2026-01-30T13:00:00Z,426808746,campaign_snapshot,fixed_program,45_markets,45,active_borrowers,877,877,wallets,
v1.0,2026-01-30T13:00:00Z,426808746,campaign_snapshot,fixed_program,45_markets,45,active_borrowers_shares_only,1516,1516,wallets,
v1.0,2026-01-30T13:00:00Z,426808746,campaign_snapshot,archetype_market,early_shared_usdc,1,borrowed_assets,796647185,796.647185,USDC,0xaf88d065e77c8cc2239327c5edb3a432268e5831
v1.0,2026-01-30T13:00:00Z,426808746,campaign_snapshot,archetype_market,early_shared_usdc,1,collateral_assets,538660146404921764,0.538660146405,weETH,0x35751007a407ca6feffe80b3cb397736d2cf4dbe
v1.0,2026-01-30T13:00:00Z,426808746,campaign_snapshot,archetype_market,dedicated_syrupusdc,1,borrowed_assets,43454260549535,43454260.549535,USDC,0xaf88d065e77c8cc2239327c5edb3a432268e5831
v1.0,2026-01-30T13:00:00Z,426808746,campaign_snapshot,archetype_market,dedicated_syrupusdc,1,collateral_assets,42812030548406,42812030.548406,syrupUSDC,0x41ca7586cc1311807b4605fbb748a3b8862b42b5
v1.0,2026-01-30T13:00:00Z,426808746,campaign_snapshot,archetype_market,late_usdt0,1,borrowed_assets,20584515865830,20584515.86583,USD₮0,0xfd086bc7cd5c481dcc9c85ebe478a1c0b69fcbb9
v1.0,2026-01-30T13:00:00Z,426808746,campaign_snapshot,archetype_market,late_usdt0,1,collateral_assets,21365286963991,21365286.963991,syrupUSDC,0x41ca7586cc1311807b4605fbb748a3b8862b42b5
v1.0,2026-01-31T13:00:00Z,427155839,campaign_snapshot,exact_loan_asset_group,0xaf88d065e77c8cc2239327c5edb3a432268e5831,32,borrowed_assets,119180653120327,119180653.120327,USDC,0xaf88d065e77c8cc2239327c5edb3a432268e5831
v1.0,2026-01-31T13:00:00Z,427155839,campaign_snapshot,exact_loan_asset_group,0xaf88d065e77c8cc2239327c5edb3a432268e5831,32,supplied_assets,134582263871387,134582263.871387,USDC,0xaf88d065e77c8cc2239327c5edb3a432268e5831
v1.0,2026-01-31T13:00:00Z,427155839,campaign_snapshot,exact_loan_asset_group,0xfd086bc7cd5c481dcc9c85ebe478a1c0b69fcbb9,13,borrowed_assets,59368918000304,59368918.000304,USD₮0,0xfd086bc7cd5c481dcc9c85ebe478a1c0b69fcbb9
v1.0,2026-01-31T13:00:00Z,427155839,campaign_snapshot,exact_loan_asset_group,0xfd086bc7cd5c481dcc9c85ebe478a1c0b69fcbb9,13,supplied_assets,65151567422592,65151567.422592,USD₮0,0xfd086bc7cd5c481dcc9c85ebe478a1c0b69fcbb9
v1.0,2026-01-31T13:00:00Z,427155839,campaign_snapshot,fixed_program,45_markets,45,active_borrowers,875,875,wallets,
v1.0,2026-01-31T13:00:00Z,427155839,campaign_snapshot,fixed_program,45_markets,45,active_borrowers_shares_only,1515,1515,wallets,
v1.0,2026-01-31T13:00:00Z,427155839,campaign_snapshot,archetype_market,early_shared_usdc,1,borrowed_assets,270831871697,270831.871697,USDC,0xaf88d065e77c8cc2239327c5edb3a432268e5831
v1.0,2026-01-31T13:00:00Z,427155839,campaign_snapshot,archetype_market,early_shared_usdc,1,collateral_assets,169891234739539684606,169.89123473954,weETH,0x35751007a407ca6feffe80b3cb397736d2cf4dbe
v1.0,2026-01-31T13:00:00Z,427155839,campaign_snapshot,archetype_market,dedicated_syrupusdc,1,borrowed_assets,49829198007426,49829198.007426,USDC,0xaf88d065e77c8cc2239327c5edb3a432268e5831
v1.0,2026-01-31T13:00:00Z,427155839,campaign_snapshot,archetype_market,dedicated_syrupusdc,1,collateral_assets,50294947255259,50294947.255259,syrupUSDC,0x41ca7586cc1311807b4605fbb748a3b8862b42b5
v1.0,2026-01-31T13:00:00Z,427155839,campaign_snapshot,archetype_market,late_usdt0,1,borrowed_assets,22486794340180,22486794.34018,USD₮0,0xfd086bc7cd5c481dcc9c85ebe478a1c0b69fcbb9
v1.0,2026-01-31T13:00:00Z,427155839,campaign_snapshot,archetype_market,late_usdt0,1,collateral_assets,23295326504590,23295326.50459,syrupUSDC,0x41ca7586cc1311807b4605fbb748a3b8862b42b5
v1.0,2026-02-01T13:00:00Z,427502704,campaign_snapshot,exact_loan_asset_group,0xaf88d065e77c8cc2239327c5edb3a432268e5831,32,borrowed_assets,118218920890893,118218920.890893,USDC,0xaf88d065e77c8cc2239327c5edb3a432268e5831
v1.0,2026-02-01T13:00:00Z,427502704,campaign_snapshot,exact_loan_asset_group,0xaf88d065e77c8cc2239327c5edb3a432268e5831,32,supplied_assets,129459589857575,129459589.857575,USDC,0xaf88d065e77c8cc2239327c5edb3a432268e5831
v1.0,2026-02-01T13:00:00Z,427502704,campaign_snapshot,exact_loan_asset_group,0xfd086bc7cd5c481dcc9c85ebe478a1c0b69fcbb9,13,borrowed_assets,58099550722436,58099550.722436,USD₮0,0xfd086bc7cd5c481dcc9c85ebe478a1c0b69fcbb9
v1.0,2026-02-01T13:00:00Z,427502704,campaign_snapshot,exact_loan_asset_group,0xfd086bc7cd5c481dcc9c85ebe478a1c0b69fcbb9,13,supplied_assets,63624486350310,63624486.35031,USD₮0,0xfd086bc7cd5c481dcc9c85ebe478a1c0b69fcbb9
v1.0,2026-02-01T13:00:00Z,427502704,campaign_snapshot,fixed_program,45_markets,45,active_borrowers,857,857,wallets,
v1.0,2026-02-01T13:00:00Z,427502704,campaign_snapshot,fixed_program,45_markets,45,active_borrowers_shares_only,1499,1499,wallets,
v1.0,2026-02-01T13:00:00Z,427502704,campaign_snapshot,archetype_market,early_shared_usdc,1,borrowed_assets,270735062515,270735.062515,USDC,0xaf88d065e77c8cc2239327c5edb3a432268e5831
v1.0,2026-02-01T13:00:00Z,427502704,campaign_snapshot,archetype_market,early_shared_usdc,1,collateral_assets,169793215033989847704,169.79321503399,weETH,0x35751007a407ca6feffe80b3cb397736d2cf4dbe
v1.0,2026-02-01T13:00:00Z,427502704,campaign_snapshot,archetype_market,dedicated_syrupusdc,1,borrowed_assets,47488421305972,47488421.305972,USDC,0xaf88d065e77c8cc2239327c5edb3a432268e5831
v1.0,2026-02-01T13:00:00Z,427502704,campaign_snapshot,archetype_market,dedicated_syrupusdc,1,collateral_assets,48131323714138,48131323.714138,syrupUSDC,0x41ca7586cc1311807b4605fbb748a3b8862b42b5
v1.0,2026-02-01T13:00:00Z,427502704,campaign_snapshot,archetype_market,late_usdt0,1,borrowed_assets,22658451860970,22658451.86097,USD₮0,0xfd086bc7cd5c481dcc9c85ebe478a1c0b69fcbb9
v1.0,2026-02-01T13:00:00Z,427502704,campaign_snapshot,archetype_market,late_usdt0,1,collateral_assets,23480137335966,23480137.335966,syrupUSDC,0x41ca7586cc1311807b4605fbb748a3b8862b42b5
v1.0,2026-02-02T13:00:00Z,427849710,campaign_snapshot,exact_loan_asset_group,0xaf88d065e77c8cc2239327c5edb3a432268e5831,32,borrowed_assets,116057640427116,116057640.427116,USDC,0xaf88d065e77c8cc2239327c5edb3a432268e5831
v1.0,2026-02-02T13:00:00Z,427849710,campaign_snapshot,exact_loan_asset_group,0xaf88d065e77c8cc2239327c5edb3a432268e5831,32,supplied_assets,128512677771863,128512677.771863,USDC,0xaf88d065e77c8cc2239327c5edb3a432268e5831
v1.0,2026-02-02T13:00:00Z,427849710,campaign_snapshot,exact_loan_asset_group,0xfd086bc7cd5c481dcc9c85ebe478a1c0b69fcbb9,13,borrowed_assets,57387035532598,57387035.532598,USD₮0,0xfd086bc7cd5c481dcc9c85ebe478a1c0b69fcbb9
v1.0,2026-02-02T13:00:00Z,427849710,campaign_snapshot,exact_loan_asset_group,0xfd086bc7cd5c481dcc9c85ebe478a1c0b69fcbb9,13,supplied_assets,64077419446713,64077419.446713,USD₮0,0xfd086bc7cd5c481dcc9c85ebe478a1c0b69fcbb9
v1.0,2026-02-02T13:00:00Z,427849710,campaign_snapshot,fixed_program,45_markets,45,active_borrowers,849,849,wallets,
v1.0,2026-02-02T13:00:00Z,427849710,campaign_snapshot,fixed_program,45_markets,45,active_borrowers_shares_only,1491,1491,wallets,
v1.0,2026-02-02T13:00:00Z,427849710,campaign_snapshot,archetype_market,early_shared_usdc,1,borrowed_assets,244599095677,244599.095677,USDC,0xaf88d065e77c8cc2239327c5edb3a432268e5831
v1.0,2026-02-02T13:00:00Z,427849710,campaign_snapshot,archetype_market,early_shared_usdc,1,collateral_assets,169783215033989847704,169.78321503399,weETH,0x35751007a407ca6feffe80b3cb397736d2cf4dbe
v1.0,2026-02-02T13:00:00Z,427849710,campaign_snapshot,archetype_market,dedicated_syrupusdc,1,borrowed_assets,43865349472093,43865349.472093,USDC,0xaf88d065e77c8cc2239327c5edb3a432268e5831
v1.0,2026-02-02T13:00:00Z,427849710,campaign_snapshot,archetype_market,dedicated_syrupusdc,1,collateral_assets,44691382834157,44691382.834157,syrupUSDC,0x41ca7586cc1311807b4605fbb748a3b8862b42b5
v1.0,2026-02-02T13:00:00Z,427849710,campaign_snapshot,archetype_market,late_usdt0,1,borrowed_assets,24107311980158,24107311.980158,USD₮0,0xfd086bc7cd5c481dcc9c85ebe478a1c0b69fcbb9
v1.0,2026-02-02T13:00:00Z,427849710,campaign_snapshot,archetype_market,late_usdt0,1,collateral_assets,24951946216800,24951946.2168,syrupUSDC,0x41ca7586cc1311807b4605fbb748a3b8862b42b5
v1.0,2026-02-03T13:00:00Z,428196429,campaign_snapshot,exact_loan_asset_group,0xaf88d065e77c8cc2239327c5edb3a432268e5831,32,borrowed_assets,112882495847596,112882495.847596,USDC,0xaf88d065e77c8cc2239327c5edb3a432268e5831
v1.0,2026-02-03T13:00:00Z,428196429,campaign_snapshot,exact_loan_asset_group,0xaf88d065e77c8cc2239327c5edb3a432268e5831,32,supplied_assets,133635780655072,133635780.655072,USDC,0xaf88d065e77c8cc2239327c5edb3a432268e5831
v1.0,2026-02-03T13:00:00Z,428196429,campaign_snapshot,exact_loan_asset_group,0xfd086bc7cd5c481dcc9c85ebe478a1c0b69fcbb9,13,borrowed_assets,58225292424811,58225292.424811,USD₮0,0xfd086bc7cd5c481dcc9c85ebe478a1c0b69fcbb9
v1.0,2026-02-03T13:00:00Z,428196429,campaign_snapshot,exact_loan_asset_group,0xfd086bc7cd5c481dcc9c85ebe478a1c0b69fcbb9,13,supplied_assets,64182613217401,64182613.217401,USD₮0,0xfd086bc7cd5c481dcc9c85ebe478a1c0b69fcbb9
v1.0,2026-02-03T13:00:00Z,428196429,campaign_snapshot,fixed_program,45_markets,45,active_borrowers,840,840,wallets,
v1.0,2026-02-03T13:00:00Z,428196429,campaign_snapshot,fixed_program,45_markets,45,active_borrowers_shares_only,1486,1486,wallets,
v1.0,2026-02-03T13:00:00Z,428196429,campaign_snapshot,archetype_market,early_shared_usdc,1,borrowed_assets,244627307223,244627.307223,USDC,0xaf88d065e77c8cc2239327c5edb3a432268e5831
v1.0,2026-02-03T13:00:00Z,428196429,campaign_snapshot,archetype_market,early_shared_usdc,1,collateral_assets,169783215033989847704,169.78321503399,weETH,0x35751007a407ca6feffe80b3cb397736d2cf4dbe
v1.0,2026-02-03T13:00:00Z,428196429,campaign_snapshot,archetype_market,dedicated_syrupusdc,1,borrowed_assets,43969104600455,43969104.600455,USDC,0xaf88d065e77c8cc2239327c5edb3a432268e5831
v1.0,2026-02-03T13:00:00Z,428196429,campaign_snapshot,archetype_market,dedicated_syrupusdc,1,collateral_assets,43689187560581,43689187.560581,syrupUSDC,0x41ca7586cc1311807b4605fbb748a3b8862b42b5
v1.0,2026-02-03T13:00:00Z,428196429,campaign_snapshot,archetype_market,late_usdt0,1,borrowed_assets,24675101670239,24675101.670239,USD₮0,0xfd086bc7cd5c481dcc9c85ebe478a1c0b69fcbb9
v1.0,2026-02-03T13:00:00Z,428196429,campaign_snapshot,archetype_market,late_usdt0,1,collateral_assets,25474861519302,25474861.519302,syrupUSDC,0x41ca7586cc1311807b4605fbb748a3b8862b42b5
v1.0,2026-02-04T13:00:00Z,428543788,campaign_snapshot,exact_loan_asset_group,0xaf88d065e77c8cc2239327c5edb3a432268e5831,32,borrowed_assets,109868114156167,109868114.156167,USDC,0xaf88d065e77c8cc2239327c5edb3a432268e5831
v1.0,2026-02-04T13:00:00Z,428543788,campaign_snapshot,exact_loan_asset_group,0xaf88d065e77c8cc2239327c5edb3a432268e5831,32,supplied_assets,123173063835355,123173063.835355,USDC,0xaf88d065e77c8cc2239327c5edb3a432268e5831
v1.0,2026-02-04T13:00:00Z,428543788,campaign_snapshot,exact_loan_asset_group,0xfd086bc7cd5c481dcc9c85ebe478a1c0b69fcbb9,13,borrowed_assets,55450732676270,55450732.67627,USD₮0,0xfd086bc7cd5c481dcc9c85ebe478a1c0b69fcbb9
v1.0,2026-02-04T13:00:00Z,428543788,campaign_snapshot,exact_loan_asset_group,0xfd086bc7cd5c481dcc9c85ebe478a1c0b69fcbb9,13,supplied_assets,62469030484270,62469030.48427,USD₮0,0xfd086bc7cd5c481dcc9c85ebe478a1c0b69fcbb9
v1.0,2026-02-04T13:00:00Z,428543788,campaign_snapshot,fixed_program,45_markets,45,active_borrowers,840,840,wallets,
v1.0,2026-02-04T13:00:00Z,428543788,campaign_snapshot,fixed_program,45_markets,45,active_borrowers_shares_only,1486,1486,wallets,
v1.0,2026-02-04T13:00:00Z,428543788,campaign_snapshot,archetype_market,early_shared_usdc,1,borrowed_assets,244655953687,244655.953687,USDC,0xaf88d065e77c8cc2239327c5edb3a432268e5831
v1.0,2026-02-04T13:00:00Z,428543788,campaign_snapshot,archetype_market,early_shared_usdc,1,collateral_assets,169783215033989847704,169.78321503399,weETH,0x35751007a407ca6feffe80b3cb397736d2cf4dbe
v1.0,2026-02-04T13:00:00Z,428543788,campaign_snapshot,archetype_market,dedicated_syrupusdc,1,borrowed_assets,39005444778176,39005444.778176,USDC,0xaf88d065e77c8cc2239327c5edb3a432268e5831
v1.0,2026-02-04T13:00:00Z,428543788,campaign_snapshot,archetype_market,dedicated_syrupusdc,1,collateral_assets,38958381194590,38958381.19459,syrupUSDC,0x41ca7586cc1311807b4605fbb748a3b8862b42b5
v1.0,2026-02-04T13:00:00Z,428543788,campaign_snapshot,archetype_market,late_usdt0,1,borrowed_assets,24701506525393,24701506.525393,USD₮0,0xfd086bc7cd5c481dcc9c85ebe478a1c0b69fcbb9
v1.0,2026-02-04T13:00:00Z,428543788,campaign_snapshot,archetype_market,late_usdt0,1,collateral_assets,25498948469909,25498948.469909,syrupUSDC,0x41ca7586cc1311807b4605fbb748a3b8862b42b5
v1.0,2026-02-05T13:00:00Z,428891573,campaign_snapshot,exact_loan_asset_group,0xaf88d065e77c8cc2239327c5edb3a432268e5831,32,borrowed_assets,102870843668090,102870843.66809,USDC,0xaf88d065e77c8cc2239327c5edb3a432268e5831
v1.0,2026-02-05T13:00:00Z,428891573,campaign_snapshot,exact_loan_asset_group,0xaf88d065e77c8cc2239327c5edb3a432268e5831,32,supplied_assets,113750763615995,113750763.615995,USDC,0xaf88d065e77c8cc2239327c5edb3a432268e5831
v1.0,2026-02-05T13:00:00Z,428891573,campaign_snapshot,exact_loan_asset_group,0xfd086bc7cd5c481dcc9c85ebe478a1c0b69fcbb9,13,borrowed_assets,51995430251505,51995430.251505,USD₮0,0xfd086bc7cd5c481dcc9c85ebe478a1c0b69fcbb9
v1.0,2026-02-05T13:00:00Z,428891573,campaign_snapshot,exact_loan_asset_group,0xfd086bc7cd5c481dcc9c85ebe478a1c0b69fcbb9,13,supplied_assets,56389078047005,56389078.047005,USD₮0,0xfd086bc7cd5c481dcc9c85ebe478a1c0b69fcbb9
v1.0,2026-02-05T13:00:00Z,428891573,campaign_snapshot,fixed_program,45_markets,45,active_borrowers,836,836,wallets,
v1.0,2026-02-05T13:00:00Z,428891573,campaign_snapshot,fixed_program,45_markets,45,active_borrowers_shares_only,1482,1482,wallets,
v1.0,2026-02-05T13:00:00Z,428891573,campaign_snapshot,archetype_market,early_shared_usdc,1,borrowed_assets,244683956890,244683.95689,USDC,0xaf88d065e77c8cc2239327c5edb3a432268e5831
v1.0,2026-02-05T13:00:00Z,428891573,campaign_snapshot,archetype_market,early_shared_usdc,1,collateral_assets,169782587559174830352,169.782587559175,weETH,0x35751007a407ca6feffe80b3cb397736d2cf4dbe
v1.0,2026-02-05T13:00:00Z,428891573,campaign_snapshot,archetype_market,dedicated_syrupusdc,1,borrowed_assets,33337843992499,33337843.992499,USDC,0xaf88d065e77c8cc2239327c5edb3a432268e5831
v1.0,2026-02-05T13:00:00Z,428891573,campaign_snapshot,archetype_market,dedicated_syrupusdc,1,collateral_assets,33215013022729,33215013.022729,syrupUSDC,0x41ca7586cc1311807b4605fbb748a3b8862b42b5
v1.0,2026-02-05T13:00:00Z,428891573,campaign_snapshot,archetype_market,late_usdt0,1,borrowed_assets,24702732537078,24702732.537078,USD₮0,0xfd086bc7cd5c481dcc9c85ebe478a1c0b69fcbb9
v1.0,2026-02-05T13:00:00Z,428891573,campaign_snapshot,archetype_market,late_usdt0,1,collateral_assets,25498948469909,25498948.469909,syrupUSDC,0x41ca7586cc1311807b4605fbb748a3b8862b42b5
v1.0,2026-02-06T13:00:00Z,429239676,campaign_snapshot,exact_loan_asset_group,0xaf88d065e77c8cc2239327c5edb3a432268e5831,32,borrowed_assets,90888006638214,90888006.638214,USDC,0xaf88d065e77c8cc2239327c5edb3a432268e5831
v1.0,2026-02-06T13:00:00Z,429239676,campaign_snapshot,exact_loan_asset_group,0xaf88d065e77c8cc2239327c5edb3a432268e5831,32,supplied_assets,104353535624698,104353535.624698,USDC,0xaf88d065e77c8cc2239327c5edb3a432268e5831
v1.0,2026-02-06T13:00:00Z,429239676,campaign_snapshot,exact_loan_asset_group,0xfd086bc7cd5c481dcc9c85ebe478a1c0b69fcbb9,13,borrowed_assets,46626657417655,46626657.417655,USD₮0,0xfd086bc7cd5c481dcc9c85ebe478a1c0b69fcbb9
v1.0,2026-02-06T13:00:00Z,429239676,campaign_snapshot,exact_loan_asset_group,0xfd086bc7cd5c481dcc9c85ebe478a1c0b69fcbb9,13,supplied_assets,52026162248292,52026162.248292,USD₮0,0xfd086bc7cd5c481dcc9c85ebe478a1c0b69fcbb9
v1.0,2026-02-06T13:00:00Z,429239676,campaign_snapshot,fixed_program,45_markets,45,active_borrowers,818,818,wallets,
v1.0,2026-02-06T13:00:00Z,429239676,campaign_snapshot,fixed_program,45_markets,45,active_borrowers_shares_only,1466,1466,wallets,
v1.0,2026-02-06T13:00:00Z,429239676,campaign_snapshot,archetype_market,early_shared_usdc,1,borrowed_assets,213659516279,213659.516279,USDC,0xaf88d065e77c8cc2239327c5edb3a432268e5831
v1.0,2026-02-06T13:00:00Z,429239676,campaign_snapshot,archetype_market,early_shared_usdc,1,collateral_assets,169812587559174830352,169.812587559175,weETH,0x35751007a407ca6feffe80b3cb397736d2cf4dbe
v1.0,2026-02-06T13:00:00Z,429239676,campaign_snapshot,archetype_market,dedicated_syrupusdc,1,borrowed_assets,24632599974508,24632599.974508,USDC,0xaf88d065e77c8cc2239327c5edb3a432268e5831
v1.0,2026-02-06T13:00:00Z,429239676,campaign_snapshot,archetype_market,dedicated_syrupusdc,1,collateral_assets,24555788541397,24555788.541397,syrupUSDC,0x41ca7586cc1311807b4605fbb748a3b8862b42b5
v1.0,2026-02-06T13:00:00Z,429239676,campaign_snapshot,archetype_market,late_usdt0,1,borrowed_assets,20903700731072,20903700.731072,USD₮0,0xfd086bc7cd5c481dcc9c85ebe478a1c0b69fcbb9
v1.0,2026-02-06T13:00:00Z,429239676,campaign_snapshot,archetype_market,late_usdt0,1,collateral_assets,21665183236869,21665183.236869,syrupUSDC,0x41ca7586cc1311807b4605fbb748a3b8862b42b5
v1.0,2026-02-07T13:00:00Z,429586720,campaign_snapshot,exact_loan_asset_group,0xaf88d065e77c8cc2239327c5edb3a432268e5831,32,borrowed_assets,85630439049756,85630439.049756,USDC,0xaf88d065e77c8cc2239327c5edb3a432268e5831
v1.0,2026-02-07T13:00:00Z,429586720,campaign_snapshot,exact_loan_asset_group,0xaf88d065e77c8cc2239327c5edb3a432268e5831,32,supplied_assets,102071600191163,102071600.191163,USDC,0xaf88d065e77c8cc2239327c5edb3a432268e5831
v1.0,2026-02-07T13:00:00Z,429586720,campaign_snapshot,exact_loan_asset_group,0xfd086bc7cd5c481dcc9c85ebe478a1c0b69fcbb9,13,borrowed_assets,44438822242648,44438822.242648,USD₮0,0xfd086bc7cd5c481dcc9c85ebe478a1c0b69fcbb9
v1.0,2026-02-07T13:00:00Z,429586720,campaign_snapshot,exact_loan_asset_group,0xfd086bc7cd5c481dcc9c85ebe478a1c0b69fcbb9,13,supplied_assets,48076808624607,48076808.624607,USD₮0,0xfd086bc7cd5c481dcc9c85ebe478a1c0b69fcbb9
v1.0,2026-02-07T13:00:00Z,429586720,campaign_snapshot,fixed_program,45_markets,45,active_borrowers,813,813,wallets,
v1.0,2026-02-07T13:00:00Z,429586720,campaign_snapshot,fixed_program,45_markets,45,active_borrowers_shares_only,1462,1462,wallets,
v1.0,2026-02-07T13:00:00Z,429586720,campaign_snapshot,archetype_market,early_shared_usdc,1,borrowed_assets,213700649410,213700.64941,USDC,0xaf88d065e77c8cc2239327c5edb3a432268e5831
v1.0,2026-02-07T13:00:00Z,429586720,campaign_snapshot,archetype_market,early_shared_usdc,1,collateral_assets,169812347695706806291,169.812347695707,weETH,0x35751007a407ca6feffe80b3cb397736d2cf4dbe
v1.0,2026-02-07T13:00:00Z,429586720,campaign_snapshot,archetype_market,dedicated_syrupusdc,1,borrowed_assets,21725152945030,21725152.94503,USDC,0xaf88d065e77c8cc2239327c5edb3a432268e5831
v1.0,2026-02-07T13:00:00Z,429586720,campaign_snapshot,archetype_market,dedicated_syrupusdc,1,collateral_assets,21655788541397,21655788.541397,syrupUSDC,0x41ca7586cc1311807b4605fbb748a3b8862b42b5
v1.0,2026-02-07T13:00:00Z,429586720,campaign_snapshot,archetype_market,late_usdt0,1,borrowed_assets,17212284582786,17212284.582786,USD₮0,0xfd086bc7cd5c481dcc9c85ebe478a1c0b69fcbb9
v1.0,2026-02-07T13:00:00Z,429586720,campaign_snapshot,archetype_market,late_usdt0,1,collateral_assets,18096864720795,18096864.720795,syrupUSDC,0x41ca7586cc1311807b4605fbb748a3b8862b42b5
v1.0,2026-02-08T13:00:00Z,429933206,campaign_snapshot,exact_loan_asset_group,0xaf88d065e77c8cc2239327c5edb3a432268e5831,32,borrowed_assets,85969162292399,85969162.292399,USDC,0xaf88d065e77c8cc2239327c5edb3a432268e5831
v1.0,2026-02-08T13:00:00Z,429933206,campaign_snapshot,exact_loan_asset_group,0xaf88d065e77c8cc2239327c5edb3a432268e5831,32,supplied_assets,101175975578877,101175975.578877,USDC,0xaf88d065e77c8cc2239327c5edb3a432268e5831
v1.0,2026-02-08T13:00:00Z,429933206,campaign_snapshot,exact_loan_asset_group,0xfd086bc7cd5c481dcc9c85ebe478a1c0b69fcbb9,13,borrowed_assets,43675495021175,43675495.021175,USD₮0,0xfd086bc7cd5c481dcc9c85ebe478a1c0b69fcbb9
v1.0,2026-02-08T13:00:00Z,429933206,campaign_snapshot,exact_loan_asset_group,0xfd086bc7cd5c481dcc9c85ebe478a1c0b69fcbb9,13,supplied_assets,47940785737584,47940785.737584,USD₮0,0xfd086bc7cd5c481dcc9c85ebe478a1c0b69fcbb9
v1.0,2026-02-08T13:00:00Z,429933206,campaign_snapshot,fixed_program,45_markets,45,active_borrowers,808,808,wallets,
v1.0,2026-02-08T13:00:00Z,429933206,campaign_snapshot,fixed_program,45_markets,45,active_borrowers_shares_only,1457,1457,wallets,
v1.0,2026-02-08T13:00:00Z,429933206,campaign_snapshot,archetype_market,early_shared_usdc,1,borrowed_assets,213731665944,213731.665944,USDC,0xaf88d065e77c8cc2239327c5edb3a432268e5831
v1.0,2026-02-08T13:00:00Z,429933206,campaign_snapshot,archetype_market,early_shared_usdc,1,collateral_assets,169812347695706806291,169.812347695707,weETH,0x35751007a407ca6feffe80b3cb397736d2cf4dbe
v1.0,2026-02-08T13:00:00Z,429933206,campaign_snapshot,archetype_market,dedicated_syrupusdc,1,borrowed_assets,20571176402953,20571176.402953,USDC,0xaf88d065e77c8cc2239327c5edb3a432268e5831
v1.0,2026-02-08T13:00:00Z,429933206,campaign_snapshot,archetype_market,dedicated_syrupusdc,1,collateral_assets,20447005250617,20447005.250617,syrupUSDC,0x41ca7586cc1311807b4605fbb748a3b8862b42b5
v1.0,2026-02-08T13:00:00Z,429933206,campaign_snapshot,archetype_market,late_usdt0,1,borrowed_assets,17212675503276,17212675.503276,USD₮0,0xfd086bc7cd5c481dcc9c85ebe478a1c0b69fcbb9
v1.0,2026-02-08T13:00:00Z,429933206,campaign_snapshot,archetype_market,late_usdt0,1,collateral_assets,18096864720795,18096864.720795,syrupUSDC,0x41ca7586cc1311807b4605fbb748a3b8862b42b5
v1.0,2026-02-09T13:00:00Z,430280024,campaign_snapshot,exact_loan_asset_group,0xaf88d065e77c8cc2239327c5edb3a432268e5831,32,borrowed_assets,86233373348098,86233373.348098,USDC,0xaf88d065e77c8cc2239327c5edb3a432268e5831
v1.0,2026-02-09T13:00:00Z,430280024,campaign_snapshot,exact_loan_asset_group,0xaf88d065e77c8cc2239327c5edb3a432268e5831,32,supplied_assets,99785224420772,99785224.420772,USDC,0xaf88d065e77c8cc2239327c5edb3a432268e5831
v1.0,2026-02-09T13:00:00Z,430280024,campaign_snapshot,exact_loan_asset_group,0xfd086bc7cd5c481dcc9c85ebe478a1c0b69fcbb9,13,borrowed_assets,42893564012354,42893564.012354,USD₮0,0xfd086bc7cd5c481dcc9c85ebe478a1c0b69fcbb9
v1.0,2026-02-09T13:00:00Z,430280024,campaign_snapshot,exact_loan_asset_group,0xfd086bc7cd5c481dcc9c85ebe478a1c0b69fcbb9,13,supplied_assets,47053327047419,47053327.047419,USD₮0,0xfd086bc7cd5c481dcc9c85ebe478a1c0b69fcbb9
v1.0,2026-02-09T13:00:00Z,430280024,campaign_snapshot,fixed_program,45_markets,45,active_borrowers,812,812,wallets,
v1.0,2026-02-09T13:00:00Z,430280024,campaign_snapshot,fixed_program,45_markets,45,active_borrowers_shares_only,1460,1460,wallets,
v1.0,2026-02-09T13:00:00Z,430280024,campaign_snapshot,archetype_market,early_shared_usdc,1,borrowed_assets,213769559779,213769.559779,USDC,0xaf88d065e77c8cc2239327c5edb3a432268e5831
v1.0,2026-02-09T13:00:00Z,430280024,campaign_snapshot,archetype_market,early_shared_usdc,1,collateral_assets,169812347695706806291,169.812347695707,weETH,0x35751007a407ca6feffe80b3cb397736d2cf4dbe
v1.0,2026-02-09T13:00:00Z,430280024,campaign_snapshot,archetype_market,dedicated_syrupusdc,1,borrowed_assets,20573721927899,20573721.927899,USDC,0xaf88d065e77c8cc2239327c5edb3a432268e5831
v1.0,2026-02-09T13:00:00Z,430280024,campaign_snapshot,archetype_market,dedicated_syrupusdc,1,collateral_assets,20447004779020,20447004.77902,syrupUSDC,0x41ca7586cc1311807b4605fbb748a3b8862b42b5
v1.0,2026-02-09T13:00:00Z,430280024,campaign_snapshot,archetype_market,late_usdt0,1,borrowed_assets,17215902057950,17215902.05795,USD₮0,0xfd086bc7cd5c481dcc9c85ebe478a1c0b69fcbb9
v1.0,2026-02-09T13:00:00Z,430280024,campaign_snapshot,archetype_market,late_usdt0,1,collateral_assets,18098164720795,18098164.720795,syrupUSDC,0x41ca7586cc1311807b4605fbb748a3b8862b42b5
v1.0,2026-02-10T13:00:00Z,430626875,campaign_snapshot,exact_loan_asset_group,0xaf88d065e77c8cc2239327c5edb3a432268e5831,32,borrowed_assets,87530899798953,87530899.798953,USDC,0xaf88d065e77c8cc2239327c5edb3a432268e5831
v1.0,2026-02-10T13:00:00Z,430626875,campaign_snapshot,exact_loan_asset_group,0xaf88d065e77c8cc2239327c5edb3a432268e5831,32,supplied_assets,99589258007054,99589258.007054,USDC,0xaf88d065e77c8cc2239327c5edb3a432268e5831
v1.0,2026-02-10T13:00:00Z,430626875,campaign_snapshot,exact_loan_asset_group,0xfd086bc7cd5c481dcc9c85ebe478a1c0b69fcbb9,13,borrowed_assets,42924988489146,42924988.489146,USD₮0,0xfd086bc7cd5c481dcc9c85ebe478a1c0b69fcbb9
v1.0,2026-02-10T13:00:00Z,430626875,campaign_snapshot,exact_loan_asset_group,0xfd086bc7cd5c481dcc9c85ebe478a1c0b69fcbb9,13,supplied_assets,47560297241245,47560297.241245,USD₮0,0xfd086bc7cd5c481dcc9c85ebe478a1c0b69fcbb9
v1.0,2026-02-10T13:00:00Z,430626875,campaign_snapshot,fixed_program,45_markets,45,active_borrowers,803,803,wallets,
v1.0,2026-02-10T13:00:00Z,430626875,campaign_snapshot,fixed_program,45_markets,45,active_borrowers_shares_only,1450,1450,wallets,
v1.0,2026-02-10T13:00:00Z,430626875,campaign_snapshot,archetype_market,early_shared_usdc,1,borrowed_assets,213803606576,213803.606576,USDC,0xaf88d065e77c8cc2239327c5edb3a432268e5831
v1.0,2026-02-10T13:00:00Z,430626875,campaign_snapshot,archetype_market,early_shared_usdc,1,collateral_assets,169812347695706806291,169.812347695707,weETH,0x35751007a407ca6feffe80b3cb397736d2cf4dbe
v1.0,2026-02-10T13:00:00Z,430626875,campaign_snapshot,archetype_market,dedicated_syrupusdc,1,borrowed_assets,20576275443310,20576275.44331,USDC,0xaf88d065e77c8cc2239327c5edb3a432268e5831
v1.0,2026-02-10T13:00:00Z,430626875,campaign_snapshot,archetype_market,dedicated_syrupusdc,1,collateral_assets,20446996721113,20446996.721113,syrupUSDC,0x41ca7586cc1311807b4605fbb748a3b8862b42b5
v1.0,2026-02-10T13:00:00Z,430626875,campaign_snapshot,archetype_market,late_usdt0,1,borrowed_assets,17468677099988,17468677.099988,USD₮0,0xfd086bc7cd5c481dcc9c85ebe478a1c0b69fcbb9
v1.0,2026-02-10T13:00:00Z,430626875,campaign_snapshot,archetype_market,late_usdt0,1,collateral_assets,18367639708308,18367639.708308,syrupUSDC,0x41ca7586cc1311807b4605fbb748a3b8862b42b5
v1.0,2026-02-11T13:00:00Z,430973759,campaign_snapshot,exact_loan_asset_group,0xaf88d065e77c8cc2239327c5edb3a432268e5831,32,borrowed_assets,83183849658742,83183849.658742,USDC,0xaf88d065e77c8cc2239327c5edb3a432268e5831
v1.0,2026-02-11T13:00:00Z,430973759,campaign_snapshot,exact_loan_asset_group,0xaf88d065e77c8cc2239327c5edb3a432268e5831,32,supplied_assets,100278250585511,100278250.585511,USDC,0xaf88d065e77c8cc2239327c5edb3a432268e5831
v1.0,2026-02-11T13:00:00Z,430973759,campaign_snapshot,exact_loan_asset_group,0xfd086bc7cd5c481dcc9c85ebe478a1c0b69fcbb9,13,borrowed_assets,41909417118598,41909417.118598,USD₮0,0xfd086bc7cd5c481dcc9c85ebe478a1c0b69fcbb9
v1.0,2026-02-11T13:00:00Z,430973759,campaign_snapshot,exact_loan_asset_group,0xfd086bc7cd5c481dcc9c85ebe478a1c0b69fcbb9,13,supplied_assets,46857905062967,46857905.062967,USD₮0,0xfd086bc7cd5c481dcc9c85ebe478a1c0b69fcbb9
v1.0,2026-02-11T13:00:00Z,430973759,campaign_snapshot,fixed_program,45_markets,45,active_borrowers,798,798,wallets,
v1.0,2026-02-11T13:00:00Z,430973759,campaign_snapshot,fixed_program,45_markets,45,active_borrowers_shares_only,1445,1445,wallets,
v1.0,2026-02-11T13:00:00Z,430973759,campaign_snapshot,archetype_market,early_shared_usdc,1,borrowed_assets,213855859695,213855.859695,USDC,0xaf88d065e77c8cc2239327c5edb3a432268e5831
v1.0,2026-02-11T13:00:00Z,430973759,campaign_snapshot,archetype_market,early_shared_usdc,1,collateral_assets,169812347695706806291,169.812347695707,weETH,0x35751007a407ca6feffe80b3cb397736d2cf4dbe
v1.0,2026-02-11T13:00:00Z,430973759,campaign_snapshot,archetype_market,dedicated_syrupusdc,1,borrowed_assets,20195170931725,20195170.931725,USDC,0xaf88d065e77c8cc2239327c5edb3a432268e5831
v1.0,2026-02-11T13:00:00Z,430973759,campaign_snapshot,archetype_market,dedicated_syrupusdc,1,collateral_assets,20056996721113,20056996.721113,syrupUSDC,0x41ca7586cc1311807b4605fbb748a3b8862b42b5
v1.0,2026-02-11T13:00:00Z,430973759,campaign_snapshot,archetype_market,late_usdt0,1,borrowed_assets,17219853531974,17219853.531974,USD₮0,0xfd086bc7cd5c481dcc9c85ebe478a1c0b69fcbb9
v1.0,2026-02-11T13:00:00Z,430973759,campaign_snapshot,archetype_market,late_usdt0,1,collateral_assets,18097915538932,18097915.538932,syrupUSDC,0x41ca7586cc1311807b4605fbb748a3b8862b42b5
v1.0,2026-02-12T13:00:00Z,431320859,campaign_snapshot,exact_loan_asset_group,0xaf88d065e77c8cc2239327c5edb3a432268e5831,32,borrowed_assets,81825789594176,81825789.594176,USDC,0xaf88d065e77c8cc2239327c5edb3a432268e5831
v1.0,2026-02-12T13:00:00Z,431320859,campaign_snapshot,exact_loan_asset_group,0xaf88d065e77c8cc2239327c5edb3a432268e5831,32,supplied_assets,94317223916335,94317223.916335,USDC,0xaf88d065e77c8cc2239327c5edb3a432268e5831
v1.0,2026-02-12T13:00:00Z,431320859,campaign_snapshot,exact_loan_asset_group,0xfd086bc7cd5c481dcc9c85ebe478a1c0b69fcbb9,13,borrowed_assets,41303790364909,41303790.364909,USD₮0,0xfd086bc7cd5c481dcc9c85ebe478a1c0b69fcbb9
v1.0,2026-02-12T13:00:00Z,431320859,campaign_snapshot,exact_loan_asset_group,0xfd086bc7cd5c481dcc9c85ebe478a1c0b69fcbb9,13,supplied_assets,45820661458826,45820661.458826,USD₮0,0xfd086bc7cd5c481dcc9c85ebe478a1c0b69fcbb9
v1.0,2026-02-12T13:00:00Z,431320859,campaign_snapshot,fixed_program,45_markets,45,active_borrowers,798,798,wallets,
v1.0,2026-02-12T13:00:00Z,431320859,campaign_snapshot,fixed_program,45_markets,45,active_borrowers_shares_only,1445,1445,wallets,
v1.0,2026-02-12T13:00:00Z,431320859,campaign_snapshot,archetype_market,early_shared_usdc,1,borrowed_assets,253892360149,253892.360149,USDC,0xaf88d065e77c8cc2239327c5edb3a432268e5831
v1.0,2026-02-12T13:00:00Z,431320859,campaign_snapshot,archetype_market,early_shared_usdc,1,collateral_assets,169812347695706806291,169.812347695707,weETH,0x35751007a407ca6feffe80b3cb397736d2cf4dbe
v1.0,2026-02-12T13:00:00Z,431320859,campaign_snapshot,archetype_market,dedicated_syrupusdc,1,borrowed_assets,17575333486259,17575333.486259,USDC,0xaf88d065e77c8cc2239327c5edb3a432268e5831
v1.0,2026-02-12T13:00:00Z,431320859,campaign_snapshot,archetype_market,dedicated_syrupusdc,1,collateral_assets,17516996721113,17516996.721113,syrupUSDC,0x41ca7586cc1311807b4605fbb748a3b8862b42b5
v1.0,2026-02-12T13:00:00Z,431320859,campaign_snapshot,archetype_market,late_usdt0,1,borrowed_assets,17221256252035,17221256.252035,USD₮0,0xfd086bc7cd5c481dcc9c85ebe478a1c0b69fcbb9
v1.0,2026-02-12T13:00:00Z,431320859,campaign_snapshot,archetype_market,late_usdt0,1,collateral_assets,18097915538932,18097915.538932,syrupUSDC,0x41ca7586cc1311807b4605fbb748a3b8862b42b5
v1.0,2026-02-13T13:00:00Z,431667997,campaign_snapshot,exact_loan_asset_group,0xaf88d065e77c8cc2239327c5edb3a432268e5831,32,borrowed_assets,78187040389840,78187040.38984,USDC,0xaf88d065e77c8cc2239327c5edb3a432268e5831
v1.0,2026-02-13T13:00:00Z,431667997,campaign_snapshot,exact_loan_asset_group,0xaf88d065e77c8cc2239327c5edb3a432268e5831,32,supplied_assets,91605823009000,91605823.009,USDC,0xaf88d065e77c8cc2239327c5edb3a432268e5831
v1.0,2026-02-13T13:00:00Z,431667997,campaign_snapshot,exact_loan_asset_group,0xfd086bc7cd5c481dcc9c85ebe478a1c0b69fcbb9,13,borrowed_assets,39677762691519,39677762.691519,USD₮0,0xfd086bc7cd5c481dcc9c85ebe478a1c0b69fcbb9
v1.0,2026-02-13T13:00:00Z,431667997,campaign_snapshot,exact_loan_asset_group,0xfd086bc7cd5c481dcc9c85ebe478a1c0b69fcbb9,13,supplied_assets,45532276709006,45532276.709006,USD₮0,0xfd086bc7cd5c481dcc9c85ebe478a1c0b69fcbb9
v1.0,2026-02-13T13:00:00Z,431667997,campaign_snapshot,fixed_program,45_markets,45,active_borrowers,794,794,wallets,
v1.0,2026-02-13T13:00:00Z,431667997,campaign_snapshot,fixed_program,45_markets,45,active_borrowers_shares_only,1445,1445,wallets,
v1.0,2026-02-13T13:00:00Z,431667997,campaign_snapshot,archetype_market,early_shared_usdc,1,borrowed_assets,253922607635,253922.607635,USDC,0xaf88d065e77c8cc2239327c5edb3a432268e5831
v1.0,2026-02-13T13:00:00Z,431667997,campaign_snapshot,archetype_market,early_shared_usdc,1,collateral_assets,169812347695706806291,169.812347695707,weETH,0x35751007a407ca6feffe80b3cb397736d2cf4dbe
v1.0,2026-02-13T13:00:00Z,431667997,campaign_snapshot,archetype_market,dedicated_syrupusdc,1,borrowed_assets,13568326151833,13568326.151833,USDC,0xaf88d065e77c8cc2239327c5edb3a432268e5831
v1.0,2026-02-13T13:00:00Z,431667997,campaign_snapshot,archetype_market,dedicated_syrupusdc,1,collateral_assets,13593105410207,13593105.410207,syrupUSDC,0x41ca7586cc1311807b4605fbb748a3b8862b42b5
v1.0,2026-02-13T13:00:00Z,431667997,campaign_snapshot,archetype_market,late_usdt0,1,borrowed_assets,17210972635744,17210972.635744,USD₮0,0xfd086bc7cd5c481dcc9c85ebe478a1c0b69fcbb9
v1.0,2026-02-13T13:00:00Z,431667997,campaign_snapshot,archetype_market,late_usdt0,1,collateral_assets,18085583790309,18085583.790309,syrupUSDC,0x41ca7586cc1311807b4605fbb748a3b8862b42b5
v1.0,2026-02-14T13:00:00Z,432014444,campaign_snapshot,exact_loan_asset_group,0xaf88d065e77c8cc2239327c5edb3a432268e5831,32,borrowed_assets,78597372668689,78597372.668689,USDC,0xaf88d065e77c8cc2239327c5edb3a432268e5831
v1.0,2026-02-14T13:00:00Z,432014444,campaign_snapshot,exact_loan_asset_group,0xaf88d065e77c8cc2239327c5edb3a432268e5831,32,supplied_assets,90705461723025,90705461.723025,USDC,0xaf88d065e77c8cc2239327c5edb3a432268e5831
v1.0,2026-02-14T13:00:00Z,432014444,campaign_snapshot,exact_loan_asset_group,0xfd086bc7cd5c481dcc9c85ebe478a1c0b69fcbb9,13,borrowed_assets,40547619283548,40547619.283548,USD₮0,0xfd086bc7cd5c481dcc9c85ebe478a1c0b69fcbb9
v1.0,2026-02-14T13:00:00Z,432014444,campaign_snapshot,exact_loan_asset_group,0xfd086bc7cd5c481dcc9c85ebe478a1c0b69fcbb9,13,supplied_assets,44436453190191,44436453.190191,USD₮0,0xfd086bc7cd5c481dcc9c85ebe478a1c0b69fcbb9
v1.0,2026-02-14T13:00:00Z,432014444,campaign_snapshot,fixed_program,45_markets,45,active_borrowers,792,792,wallets,
v1.0,2026-02-14T13:00:00Z,432014444,campaign_snapshot,fixed_program,45_markets,45,active_borrowers_shares_only,1443,1443,wallets,
v1.0,2026-02-14T13:00:00Z,432014444,campaign_snapshot,archetype_market,early_shared_usdc,1,borrowed_assets,257954483111,257954.483111,USDC,0xaf88d065e77c8cc2239327c5edb3a432268e5831
v1.0,2026-02-14T13:00:00Z,432014444,campaign_snapshot,archetype_market,early_shared_usdc,1,collateral_assets,179512300873410446980,179.51230087341,weETH,0x35751007a407ca6feffe80b3cb397736d2cf4dbe
v1.0,2026-02-14T13:00:00Z,432014444,campaign_snapshot,archetype_market,dedicated_syrupusdc,1,borrowed_assets,13569917187187,13569917.187187,USDC,0xaf88d065e77c8cc2239327c5edb3a432268e5831
v1.0,2026-02-14T13:00:00Z,432014444,campaign_snapshot,archetype_market,dedicated_syrupusdc,1,collateral_assets,13593105410207,13593105.410207,syrupUSDC,0x41ca7586cc1311807b4605fbb748a3b8862b42b5
v1.0,2026-02-14T13:00:00Z,432014444,campaign_snapshot,archetype_market,late_usdt0,1,borrowed_assets,17213861665373,17213861.665373,USD₮0,0xfd086bc7cd5c481dcc9c85ebe478a1c0b69fcbb9
v1.0,2026-02-14T13:00:00Z,432014444,campaign_snapshot,archetype_market,late_usdt0,1,collateral_assets,18085583790309,18085583.790309,syrupUSDC,0x41ca7586cc1311807b4605fbb748a3b8862b42b5
v1.0,2026-02-15T13:00:00Z,432361034,campaign_snapshot,exact_loan_asset_group,0xaf88d065e77c8cc2239327c5edb3a432268e5831,32,borrowed_assets,79093113360291,79093113.360291,USDC,0xaf88d065e77c8cc2239327c5edb3a432268e5831
v1.0,2026-02-15T13:00:00Z,432361034,campaign_snapshot,exact_loan_asset_group,0xaf88d065e77c8cc2239327c5edb3a432268e5831,32,supplied_assets,91856676147471,91856676.147471,USDC,0xaf88d065e77c8cc2239327c5edb3a432268e5831
v1.0,2026-02-15T13:00:00Z,432361034,campaign_snapshot,exact_loan_asset_group,0xfd086bc7cd5c481dcc9c85ebe478a1c0b69fcbb9,13,borrowed_assets,38108722599934,38108722.599934,USD₮0,0xfd086bc7cd5c481dcc9c85ebe478a1c0b69fcbb9
v1.0,2026-02-15T13:00:00Z,432361034,campaign_snapshot,exact_loan_asset_group,0xfd086bc7cd5c481dcc9c85ebe478a1c0b69fcbb9,13,supplied_assets,42667738378077,42667738.378077,USD₮0,0xfd086bc7cd5c481dcc9c85ebe478a1c0b69fcbb9
v1.0,2026-02-15T13:00:00Z,432361034,campaign_snapshot,fixed_program,45_markets,45,active_borrowers,788,788,wallets,
v1.0,2026-02-15T13:00:00Z,432361034,campaign_snapshot,fixed_program,45_markets,45,active_borrowers_shares_only,1439,1439,wallets,
v1.0,2026-02-15T13:00:00Z,432361034,campaign_snapshot,archetype_market,early_shared_usdc,1,borrowed_assets,257988733039,257988.733039,USDC,0xaf88d065e77c8cc2239327c5edb3a432268e5831
v1.0,2026-02-15T13:00:00Z,432361034,campaign_snapshot,archetype_market,early_shared_usdc,1,collateral_assets,179512300873410446980,179.51230087341,weETH,0x35751007a407ca6feffe80b3cb397736d2cf4dbe
v1.0,2026-02-15T13:00:00Z,432361034,campaign_snapshot,archetype_market,dedicated_syrupusdc,1,borrowed_assets,13571652435607,13571652.435607,USDC,0xaf88d065e77c8cc2239327c5edb3a432268e5831
v1.0,2026-02-15T13:00:00Z,432361034,campaign_snapshot,archetype_market,dedicated_syrupusdc,1,collateral_assets,13593105410207,13593105.410207,syrupUSDC,0x41ca7586cc1311807b4605fbb748a3b8862b42b5
v1.0,2026-02-15T13:00:00Z,432361034,campaign_snapshot,archetype_market,late_usdt0,1,borrowed_assets,17165997647985,17165997.647985,USD₮0,0xfd086bc7cd5c481dcc9c85ebe478a1c0b69fcbb9
v1.0,2026-02-15T13:00:00Z,432361034,campaign_snapshot,archetype_market,late_usdt0,1,collateral_assets,18035969291994,18035969.291994,syrupUSDC,0x41ca7586cc1311807b4605fbb748a3b8862b42b5
v1.0,2026-02-16T13:00:00Z,432707864,campaign_snapshot,exact_loan_asset_group,0xaf88d065e77c8cc2239327c5edb3a432268e5831,32,borrowed_assets,77610370779940,77610370.77994,USDC,0xaf88d065e77c8cc2239327c5edb3a432268e5831
v1.0,2026-02-16T13:00:00Z,432707864,campaign_snapshot,exact_loan_asset_group,0xaf88d065e77c8cc2239327c5edb3a432268e5831,32,supplied_assets,87695680320904,87695680.320904,USDC,0xaf88d065e77c8cc2239327c5edb3a432268e5831
v1.0,2026-02-16T13:00:00Z,432707864,campaign_snapshot,exact_loan_asset_group,0xfd086bc7cd5c481dcc9c85ebe478a1c0b69fcbb9,13,borrowed_assets,38584709020048,38584709.020048,USD₮0,0xfd086bc7cd5c481dcc9c85ebe478a1c0b69fcbb9
v1.0,2026-02-16T13:00:00Z,432707864,campaign_snapshot,exact_loan_asset_group,0xfd086bc7cd5c481dcc9c85ebe478a1c0b69fcbb9,13,supplied_assets,42626675728052,42626675.728052,USD₮0,0xfd086bc7cd5c481dcc9c85ebe478a1c0b69fcbb9
v1.0,2026-02-16T13:00:00Z,432707864,campaign_snapshot,fixed_program,45_markets,45,active_borrowers,783,783,wallets,
v1.0,2026-02-16T13:00:00Z,432707864,campaign_snapshot,fixed_program,45_markets,45,active_borrowers_shares_only,1434,1434,wallets,
v1.0,2026-02-16T13:00:00Z,432707864,campaign_snapshot,archetype_market,early_shared_usdc,1,borrowed_assets,258022270940,258022.27094,USDC,0xaf88d065e77c8cc2239327c5edb3a432268e5831
v1.0,2026-02-16T13:00:00Z,432707864,campaign_snapshot,archetype_market,early_shared_usdc,1,collateral_assets,179512300873410446980,179.51230087341,weETH,0x35751007a407ca6feffe80b3cb397736d2cf4dbe
v1.0,2026-02-16T13:00:00Z,432707864,campaign_snapshot,archetype_market,dedicated_syrupusdc,1,borrowed_assets,13573455080110,13573455.08011,USDC,0xaf88d065e77c8cc2239327c5edb3a432268e5831
v1.0,2026-02-16T13:00:00Z,432707864,campaign_snapshot,archetype_market,dedicated_syrupusdc,1,collateral_assets,13593105410207,13593105.410207,syrupUSDC,0x41ca7586cc1311807b4605fbb748a3b8862b42b5
v1.0,2026-02-16T13:00:00Z,432707864,campaign_snapshot,archetype_market,late_usdt0,1,borrowed_assets,17168871083202,17168871.083202,USD₮0,0xfd086bc7cd5c481dcc9c85ebe478a1c0b69fcbb9
v1.0,2026-02-16T13:00:00Z,432707864,campaign_snapshot,archetype_market,late_usdt0,1,collateral_assets,18035969291994,18035969.291994,syrupUSDC,0x41ca7586cc1311807b4605fbb748a3b8862b42b5
v1.0,2026-02-17T13:00:00Z,433054343,campaign_snapshot,exact_loan_asset_group,0xaf88d065e77c8cc2239327c5edb3a432268e5831,32,borrowed_assets,74620698515617,74620698.515617,USDC,0xaf88d065e77c8cc2239327c5edb3a432268e5831
v1.0,2026-02-17T13:00:00Z,433054343,campaign_snapshot,exact_loan_asset_group,0xaf88d065e77c8cc2239327c5edb3a432268e5831,32,supplied_assets,87664769042629,87664769.042629,USDC,0xaf88d065e77c8cc2239327c5edb3a432268e5831
v1.0,2026-02-17T13:00:00Z,433054343,campaign_snapshot,exact_loan_asset_group,0xfd086bc7cd5c481dcc9c85ebe478a1c0b69fcbb9,13,borrowed_assets,37412353102751,37412353.102751,USD₮0,0xfd086bc7cd5c481dcc9c85ebe478a1c0b69fcbb9
v1.0,2026-02-17T13:00:00Z,433054343,campaign_snapshot,exact_loan_asset_group,0xfd086bc7cd5c481dcc9c85ebe478a1c0b69fcbb9,13,supplied_assets,42286139685861,42286139.685861,USD₮0,0xfd086bc7cd5c481dcc9c85ebe478a1c0b69fcbb9
v1.0,2026-02-17T13:00:00Z,433054343,campaign_snapshot,fixed_program,45_markets,45,active_borrowers,775,775,wallets,
v1.0,2026-02-17T13:00:00Z,433054343,campaign_snapshot,fixed_program,45_markets,45,active_borrowers_shares_only,1426,1426,wallets,
v1.0,2026-02-17T13:00:00Z,433054343,campaign_snapshot,archetype_market,early_shared_usdc,1,borrowed_assets,238050651052,238050.651052,USDC,0xaf88d065e77c8cc2239327c5edb3a432268e5831
v1.0,2026-02-17T13:00:00Z,433054343,campaign_snapshot,archetype_market,early_shared_usdc,1,collateral_assets,179512300873410446980,179.51230087341,weETH,0x35751007a407ca6feffe80b3cb397736d2cf4dbe
v1.0,2026-02-17T13:00:00Z,433054343,campaign_snapshot,archetype_market,dedicated_syrupusdc,1,borrowed_assets,13549312291481,13549312.291481,USDC,0xaf88d065e77c8cc2239327c5edb3a432268e5831
v1.0,2026-02-17T13:00:00Z,433054343,campaign_snapshot,archetype_market,dedicated_syrupusdc,1,collateral_assets,13563732083432,13563732.083432,syrupUSDC,0x41ca7586cc1311807b4605fbb748a3b8862b42b5
v1.0,2026-02-17T13:00:00Z,433054343,campaign_snapshot,archetype_market,late_usdt0,1,borrowed_assets,16655449878446,16655449.878446,USD₮0,0xfd086bc7cd5c481dcc9c85ebe478a1c0b69fcbb9
v1.0,2026-02-17T13:00:00Z,433054343,campaign_snapshot,archetype_market,late_usdt0,1,collateral_assets,17540814929928,17540814.929928,syrupUSDC,0x41ca7586cc1311807b4605fbb748a3b8862b42b5
v1.0,2026-02-18T13:00:00Z,433400939,campaign_snapshot,exact_loan_asset_group,0xaf88d065e77c8cc2239327c5edb3a432268e5831,32,borrowed_assets,70647245378463,70647245.378463,USDC,0xaf88d065e77c8cc2239327c5edb3a432268e5831
v1.0,2026-02-18T13:00:00Z,433400939,campaign_snapshot,exact_loan_asset_group,0xaf88d065e77c8cc2239327c5edb3a432268e5831,32,supplied_assets,83524538252938,83524538.252938,USDC,0xaf88d065e77c8cc2239327c5edb3a432268e5831
v1.0,2026-02-18T13:00:00Z,433400939,campaign_snapshot,exact_loan_asset_group,0xfd086bc7cd5c481dcc9c85ebe478a1c0b69fcbb9,13,borrowed_assets,36750499253479,36750499.253479,USD₮0,0xfd086bc7cd5c481dcc9c85ebe478a1c0b69fcbb9
v1.0,2026-02-18T13:00:00Z,433400939,campaign_snapshot,exact_loan_asset_group,0xfd086bc7cd5c481dcc9c85ebe478a1c0b69fcbb9,13,supplied_assets,39702544458991,39702544.458991,USD₮0,0xfd086bc7cd5c481dcc9c85ebe478a1c0b69fcbb9
v1.0,2026-02-18T13:00:00Z,433400939,campaign_snapshot,fixed_program,45_markets,45,active_borrowers,765,765,wallets,
v1.0,2026-02-18T13:00:00Z,433400939,campaign_snapshot,fixed_program,45_markets,45,active_borrowers_shares_only,1416,1416,wallets,
v1.0,2026-02-18T13:00:00Z,433400939,campaign_snapshot,archetype_market,early_shared_usdc,1,borrowed_assets,238082266863,238082.266863,USDC,0xaf88d065e77c8cc2239327c5edb3a432268e5831
v1.0,2026-02-18T13:00:00Z,433400939,campaign_snapshot,archetype_market,early_shared_usdc,1,collateral_assets,179512300873410446980,179.51230087341,weETH,0x35751007a407ca6feffe80b3cb397736d2cf4dbe
v1.0,2026-02-18T13:00:00Z,433400939,campaign_snapshot,archetype_market,dedicated_syrupusdc,1,borrowed_assets,9575307714444,9575307.714444,USDC,0xaf88d065e77c8cc2239327c5edb3a432268e5831
v1.0,2026-02-18T13:00:00Z,433400939,campaign_snapshot,archetype_market,dedicated_syrupusdc,1,collateral_assets,9708939026436,9708939.026436,syrupUSDC,0x41ca7586cc1311807b4605fbb748a3b8862b42b5
v1.0,2026-02-18T13:00:00Z,433400939,campaign_snapshot,archetype_market,late_usdt0,1,borrowed_assets,16357636033723,16357636.033723,USD₮0,0xfd086bc7cd5c481dcc9c85ebe478a1c0b69fcbb9
v1.0,2026-02-18T13:00:00Z,433400939,campaign_snapshot,archetype_market,late_usdt0,1,collateral_assets,17229814929928,17229814.929928,syrupUSDC,0x41ca7586cc1311807b4605fbb748a3b8862b42b5
v1.0,2026-03-20T13:00:00Z,443779655,p30,exact_loan_asset_group,0xaf88d065e77c8cc2239327c5edb3a432268e5831,32,borrowed_assets,48068435591953,48068435.591953,USDC,0xaf88d065e77c8cc2239327c5edb3a432268e5831
v1.0,2026-03-20T13:00:00Z,443779655,p30,exact_loan_asset_group,0xaf88d065e77c8cc2239327c5edb3a432268e5831,32,supplied_assets,59501972926497,59501972.926497,USDC,0xaf88d065e77c8cc2239327c5edb3a432268e5831
v1.0,2026-03-20T13:00:00Z,443779655,p30,exact_loan_asset_group,0xfd086bc7cd5c481dcc9c85ebe478a1c0b69fcbb9,13,borrowed_assets,37113025937306,37113025.937306,USD₮0,0xfd086bc7cd5c481dcc9c85ebe478a1c0b69fcbb9
v1.0,2026-03-20T13:00:00Z,443779655,p30,exact_loan_asset_group,0xfd086bc7cd5c481dcc9c85ebe478a1c0b69fcbb9,13,supplied_assets,46346126823820,46346126.82382,USD₮0,0xfd086bc7cd5c481dcc9c85ebe478a1c0b69fcbb9
v1.0,2026-03-20T13:00:00Z,443779655,p30,fixed_program,45_markets,45,active_borrowers,578,578,wallets,
v1.0,2026-03-20T13:00:00Z,443779655,p30,fixed_program,45_markets,45,active_borrowers_shares_only,1301,1301,wallets,
v1.0,2026-03-20T13:00:00Z,443779655,p30,archetype_market,early_shared_usdc,1,borrowed_assets,283845105114,283845.105114,USDC,0xaf88d065e77c8cc2239327c5edb3a432268e5831
v1.0,2026-03-20T13:00:00Z,443779655,p30,archetype_market,early_shared_usdc,1,collateral_assets,179517006911061633125,179.517006911062,weETH,0x35751007a407ca6feffe80b3cb397736d2cf4dbe
v1.0,2026-03-20T13:00:00Z,443779655,p30,archetype_market,dedicated_syrupusdc,1,borrowed_assets,16485270945780,16485270.94578,USDC,0xaf88d065e77c8cc2239327c5edb3a432268e5831
v1.0,2026-03-20T13:00:00Z,443779655,p30,archetype_market,dedicated_syrupusdc,1,collateral_assets,16527284069710,16527284.06971,syrupUSDC,0x41ca7586cc1311807b4605fbb748a3b8862b42b5
v1.0,2026-03-20T13:00:00Z,443779655,p30,archetype_market,late_usdt0,1,borrowed_assets,34824563030461,34824563.030461,USD₮0,0xfd086bc7cd5c481dcc9c85ebe478a1c0b69fcbb9
v1.0,2026-03-20T13:00:00Z,443779655,p30,archetype_market,late_usdt0,1,collateral_assets,35040826842446,35040826.842446,syrupUSDC,0x41ca7586cc1311807b4605fbb748a3b8862b42b5
v1.0,2026-05-19T13:00:00Z,464466986,p90,exact_loan_asset_group,0xaf88d065e77c8cc2239327c5edb3a432268e5831,32,borrowed_assets,14172733907336,14172733.907336,USDC,0xaf88d065e77c8cc2239327c5edb3a432268e5831
v1.0,2026-05-19T13:00:00Z,464466986,p90,exact_loan_asset_group,0xaf88d065e77c8cc2239327c5edb3a432268e5831,32,supplied_assets,15869281127907,15869281.127907,USDC,0xaf88d065e77c8cc2239327c5edb3a432268e5831
v1.0,2026-05-19T13:00:00Z,464466986,p90,exact_loan_asset_group,0xfd086bc7cd5c481dcc9c85ebe478a1c0b69fcbb9,13,borrowed_assets,14081478694084,14081478.694084,USD₮0,0xfd086bc7cd5c481dcc9c85ebe478a1c0b69fcbb9
v1.0,2026-05-19T13:00:00Z,464466986,p90,exact_loan_asset_group,0xfd086bc7cd5c481dcc9c85ebe478a1c0b69fcbb9,13,supplied_assets,16078297321101,16078297.321101,USD₮0,0xfd086bc7cd5c481dcc9c85ebe478a1c0b69fcbb9
v1.0,2026-05-19T13:00:00Z,464466986,p90,fixed_program,45_markets,45,active_borrowers,608,608,wallets,
v1.0,2026-05-19T13:00:00Z,464466986,p90,fixed_program,45_markets,45,active_borrowers_shares_only,1348,1348,wallets,
v1.0,2026-05-19T13:00:00Z,464466986,p90,archetype_market,early_shared_usdc,1,borrowed_assets,2286780080463,2286780.080463,USDC,0xaf88d065e77c8cc2239327c5edb3a432268e5831
v1.0,2026-05-19T13:00:00Z,464466986,p90,archetype_market,early_shared_usdc,1,collateral_assets,1319020786790474620048,1319.020786790475,weETH,0x35751007a407ca6feffe80b3cb397736d2cf4dbe
v1.0,2026-05-19T13:00:00Z,464466986,p90,archetype_market,dedicated_syrupusdc,1,borrowed_assets,94707957892,94707.957892,USDC,0xaf88d065e77c8cc2239327c5edb3a432268e5831
v1.0,2026-05-19T13:00:00Z,464466986,p90,archetype_market,dedicated_syrupusdc,1,collateral_assets,440644344563,440644.344563,syrupUSDC,0x41ca7586cc1311807b4605fbb748a3b8862b42b5
v1.0,2026-05-19T13:00:00Z,464466986,p90,archetype_market,late_usdt0,1,borrowed_assets,2335116505664,2335116.505664,USD₮0,0xfd086bc7cd5c481dcc9c85ebe478a1c0b69fcbb9
v1.0,2026-05-19T13:00:00Z,464466986,p90,archetype_market,late_usdt0,1,collateral_assets,2341079534035,2341079.534035,syrupUSDC,0x41ca7586cc1311807b4605fbb748a3b8862b42b5
v1.0,2026-08-17T13:00:00Z,495489315,p180,exact_loan_asset_group,0xaf88d065e77c8cc2239327c5edb3a432268e5831,32,borrowed_assets,5645592527445,5645592.527445,USDC,0xaf88d065e77c8cc2239327c5edb3a432268e5831
v1.0,2026-08-17T13:00:00Z,495489315,p180,exact_loan_asset_group,0xaf88d065e77c8cc2239327c5edb3a432268e5831,32,supplied_assets,6155697743418,6155697.743418,USDC,0xaf88d065e77c8cc2239327c5edb3a432268e5831
v1.0,2026-08-17T13:00:00Z,495489315,p180,exact_loan_asset_group,0xfd086bc7cd5c481dcc9c85ebe478a1c0b69fcbb9,13,borrowed_assets,4135334073899,4135334.073899,USD₮0,0xfd086bc7cd5c481dcc9c85ebe478a1c0b69fcbb9
v1.0,2026-08-17T13:00:00Z,495489315,p180,exact_loan_asset_group,0xfd086bc7cd5c481dcc9c85ebe478a1c0b69fcbb9,13,supplied_assets,4851264503661,4851264.503661,USD₮0,0xfd086bc7cd5c481dcc9c85ebe478a1c0b69fcbb9
v1.0,2026-08-17T13:00:00Z,495489315,p180,fixed_program,45_markets,45,active_borrowers,495,495,wallets,
v1.0,2026-08-17T13:00:00Z,495489315,p180,fixed_program,45_markets,45,active_borrowers_shares_only,1172,1172,wallets,
v1.0,2026-08-17T13:00:00Z,495489315,p180,archetype_market,early_shared_usdc,1,borrowed_assets,1412705954688,1412705.954688,USDC,0xaf88d065e77c8cc2239327c5edb3a432268e5831
v1.0,2026-08-17T13:00:00Z,495489315,p180,archetype_market,early_shared_usdc,1,collateral_assets,1089899748253057582038,1089.899748253058,weETH,0x35751007a407ca6feffe80b3cb397736d2cf4dbe
v1.0,2026-08-17T13:00:00Z,495489315,p180,archetype_market,dedicated_syrupusdc,1,borrowed_assets,43456249315,43456.249315,USDC,0xaf88d065e77c8cc2239327c5edb3a432268e5831
v1.0,2026-08-17T13:00:00Z,495489315,p180,archetype_market,dedicated_syrupusdc,1,collateral_assets,48253219869,48253.219869,syrupUSDC,0x41ca7586cc1311807b4605fbb748a3b8862b42b5
v1.0,2026-08-17T13:00:00Z,495489315,p180,archetype_market,late_usdt0,1,borrowed_assets,42740965473,42740.965473,USD₮0,0xfd086bc7cd5c481dcc9c85ebe478a1c0b69fcbb9
v1.0,2026-08-17T13:00:00Z,495489315,p180,archetype_market,late_usdt0,1,collateral_assets,42506854113,42506.854113,syrupUSDC,0x41ca7586cc1311807b4605fbb748a3b8862b42b5
